section,method,seed,reference_ari,reference_nmi,n_spots,n_clusters,section_display,n_cells,n_genes
151507,GraphST,1,0.2616425405,0.4382333494,4226.0,7,151507,,
151507,GraphST,2,0.2486786151,0.4486992595,4226.0,7,151507,,
151507,GraphST,3,0.258770213,0.4377382118,4226.0,7,151507,,
151507,GraphST,4,0.2820304604,0.4561624345,4226.0,7,151507,,
151507,GraphST,5,0.3042338951,0.4852676553,4226.0,7,151507,,
151507,GraphST,6,0.2588153126,0.4434742497,4226.0,7,151507,,
151507,GraphST,7,0.273256454,0.4540639817,4226.0,7,151507,,
151507,GraphST,8,0.2715787728,0.4589298187,4226.0,7,151507,,
151507,GraphST,9,0.2585390237,0.4444104297,4226.0,7,151507,,
151507,GraphST,10,0.2449556832,0.4166877799,4226.0,7,151507,,
151507,GraphST,11,0.2744082524,0.424368574,4226.0,7,151507,,
151507,GraphST,12,0.2359170649,0.5040466471,4226.0,7,151507,,
151507,GraphST,13,0.2262248319,0.4093643292,4226.0,7,151507,,
151507,GraphST,14,0.2609970017,0.472811623,4226.0,7,151507,,
151507,GraphST,15,0.2589666695,0.4451577248,4226.0,7,151507,,
151507,GraphST,16,0.2641300999,0.4282778931,4226.0,7,151507,,
151507,GraphST,17,0.2524234943,0.4341524042,4226.0,7,151507,,
151507,GraphST,18,0.2505084057,0.448303781,4226.0,7,151507,,
151507,GraphST,19,0.2388843565,0.4398020299,4226.0,7,151507,,
151507,GraphST,20,0.2619226734,0.4279021011,4226.0,7,151507,,
151507,STAGATE,1,0.2512988965,0.4693484669,4226.0,7,151507,,
151507,STAGATE,2,0.2383313522,0.5325344689,4226.0,7,151507,,
151507,STAGATE,3,0.2480230559,0.475267275,4226.0,7,151507,,
151507,STAGATE,4,0.2250664111,0.4041000164,4226.0,7,151507,,
151507,STAGATE,5,0.2414256277,0.4741051746,4226.0,7,151507,,
151507,STAGATE,6,0.252721638,0.478950121,4226.0,7,151507,,
151507,STAGATE,7,0.4048739996,0.5660143312,4226.0,7,151507,,
151507,STAGATE,8,0.3926048364,0.5886165151,4226.0,7,151507,,
151507,STAGATE,9,0.242950889,0.4683854744,4226.0,7,151507,,
151507,STAGATE,10,0.3765858316,0.5855701355,4226.0,7,151507,,
151507,STAGATE,11,0.4170051092,0.580406915,4226.0,7,151507,,
151507,STAGATE,12,0.2524899087,0.4710797986,4226.0,7,151507,,
151507,STAGATE,13,0.2681429087,0.4871207689,4226.0,7,151507,,
151507,STAGATE,14,0.2448406731,0.5409396708,4226.0,7,151507,,
151507,STAGATE,15,0.2375497612,0.4597551331,4226.0,7,151507,,
151507,STAGATE,16,0.244493334,0.4692313003,4226.0,7,151507,,
151507,STAGATE,17,0.242500329,0.4680422088,4226.0,7,151507,,
151507,STAGATE,18,0.3163330896,0.4911590369,4226.0,7,151507,,
151507,STAGATE,19,0.250086085,0.4700646522,4226.0,7,151507,,
151507,STAGATE,20,0.3415403768,0.5713240879,4226.0,7,151507,,
151507,SpaGCN,1,0.3632867545,0.4781931646,4226.0,6,151507,,
151507,SpaGCN,2,0.3685778293,0.4932969004,4226.0,7,151507,,
151507,SpaGCN,3,0.4189789695,0.520489648,4226.0,7,151507,,
151507,SpaGCN,4,0.3233227839,0.4688545662,4226.0,7,151507,,
151507,SpaGCN,5,0.3921468974,0.5169903719,4226.0,7,151507,,
151507,SpaGCN,6,0.3054046577,0.4574155325,4226.0,7,151507,,
151507,SpaGCN,7,0.2703780632,0.4529707549,4226.0,7,151507,,
151507,SpaGCN,8,0.2909195392,0.4485216351,4226.0,7,151507,,
151507,SpaGCN,9,0.2985877537,0.4552673027,4226.0,7,151507,,
151507,SpaGCN,10,0.3617221527,0.4928169987,4226.0,7,151507,,
151507,SpaGCN,11,0.3786058484,0.5238155401,4226.0,7,151507,,
151507,SpaGCN,12,0.3869610927,0.5015164593,4226.0,6,151507,,
151507,SpaGCN,13,0.3105328954,0.4725572867,4226.0,7,151507,,
151507,SpaGCN,14,0.4044803982,0.5137931739,4226.0,7,151507,,
151507,SpaGCN,15,0.3535688977,0.4671300903,4226.0,7,151507,,
151507,SpaGCN,16,0.4619630376,0.567712577,4226.0,7,151507,,
151507,SpaGCN,17,0.297623073,0.4467240302,4226.0,7,151507,,
151507,SpaGCN,18,0.289271216,0.4827349751,4226.0,6,151507,,
151507,SpaGCN,19,0.3791888992,0.5023923402,4226.0,7,151507,,
151507,SpaGCN,20,0.2925858015,0.471376225,4226.0,6,151507,,
151507,BANKSY,1,0.24463751,0.5525612229,4226.0,7,151507,,
151507,BANKSY,2,0.2826629233,0.4885528731,4226.0,7,151507,,
151507,BANKSY,3,0.209606543,0.4032240699,4226.0,7,151507,,
151507,BANKSY,4,0.2451209175,0.4760407249,4226.0,7,151507,,
151507,BANKSY,5,0.2460558298,0.4764666733,4226.0,7,151507,,
151507,BANKSY,6,0.2077447576,0.4017896927,4226.0,7,151507,,
151507,BANKSY,7,0.2457833257,0.4763432718,4226.0,7,151507,,
151507,BANKSY,8,0.2455151314,0.4762212327,4226.0,7,151507,,
151507,BANKSY,9,0.2445578385,0.5437293588,4226.0,7,151507,,
151507,BANKSY,10,0.2078154474,0.4108524189,4226.0,7,151507,,
151507,BANKSY,11,0.2445196607,0.4756123075,4226.0,7,151507,,
151507,BANKSY,12,0.3070017507,0.490687927,4226.0,7,151507,,
151507,BANKSY,13,0.3076839187,0.4917093284,4226.0,7,151507,,
151507,BANKSY,14,0.2457833257,0.4763432718,4226.0,7,151507,,
151507,BANKSY,15,0.3322585124,0.5313996022,4226.0,7,151507,,
151507,BANKSY,16,0.2078154474,0.4108524189,4226.0,7,151507,,
151507,BANKSY,17,0.2460558298,0.4764666733,4226.0,7,151507,,
151507,BANKSY,18,0.2445196607,0.4756123075,4226.0,7,151507,,
151507,BANKSY,19,0.326154738,0.5410687424,4226.0,7,151507,,
151507,BANKSY,20,0.3076839187,0.4917093284,4226.0,7,151507,,
151507,SEDR,1,0.535641578409,0.6889681609879998,4226.0,7,151507,4226.0,18430.0
151507,SEDR,2,0.512734825681,0.681886871853,4226.0,7,151507,4226.0,18430.0
151507,SEDR,3,0.4841615158579999,0.6353729868499999,4226.0,7,151507,4226.0,18430.0
151507,SEDR,4,0.5470754240359998,0.6865280851249999,4226.0,7,151507,4226.0,18430.0
151507,SEDR,5,0.530051938141,0.689470325127,4226.0,7,151507,4226.0,18430.0
151507,SEDR,6,0.5751956631929999,0.695110728083,4226.0,7,151507,4226.0,18430.0
151507,SEDR,7,0.548447744293,0.6981283387779998,4226.0,7,151507,4226.0,18430.0
151507,SEDR,8,0.540369798413,0.6971365645039999,4226.0,7,151507,4226.0,18430.0
151507,SEDR,9,0.545958780004,0.705429143693,4226.0,7,151507,4226.0,18430.0
151507,SEDR,10,0.501363571457,0.6645031829559999,4226.0,7,151507,4226.0,18430.0
151507,SEDR,11,0.5746814696509999,0.7052399641919999,4226.0,7,151507,4226.0,18430.0
151507,SEDR,12,0.540135494086,0.6831544286459998,4226.0,7,151507,4226.0,18430.0
151507,SEDR,13,0.5243244784749999,0.6519396842169999,4226.0,7,151507,4226.0,18430.0
151507,SEDR,14,0.528923315731,0.6727870781929999,4226.0,7,151507,4226.0,18430.0
151507,SEDR,15,0.5153255506039999,0.6703367994929998,4226.0,7,151507,4226.0,18430.0
151507,SEDR,16,0.5125800722069999,0.664900409236,4226.0,7,151507,4226.0,18430.0
151507,SEDR,17,0.499251451118,0.652259924135,4226.0,7,151507,4226.0,18430.0
151507,SEDR,18,0.524274400206,0.68162295224,4226.0,7,151507,4226.0,18430.0
151507,SEDR,19,0.512600613903,0.6693544458279999,4226.0,7,151507,4226.0,18430.0
151507,SEDR,20,0.4339164870669999,0.64181142294,4226.0,7,151507,4226.0,18430.0
151508,GraphST,1,0.2911936195,0.4192146932,4384.0,7,151508,,
151508,GraphST,2,0.2790949192,0.3938707367,4384.0,7,151508,,
151508,GraphST,3,0.2252024206,0.3616111673,4384.0,7,151508,,
151508,GraphST,4,0.2507815971,0.3856360404,4384.0,7,151508,,
151508,GraphST,5,0.2149562632,0.3618527841,4384.0,7,151508,,
151508,GraphST,6,0.2881862041,0.4006649737,4384.0,7,151508,,
151508,GraphST,7,0.2401343341,0.368695793,4384.0,7,151508,,
151508,GraphST,8,0.263413608,0.3895359386,4384.0,7,151508,,
151508,GraphST,9,0.2291519523,0.3648603551,4384.0,7,151508,,
151508,GraphST,10,0.2849632402,0.403614169,4384.0,7,151508,,
151508,GraphST,11,0.3070816781,0.4057164814,4384.0,7,151508,,
151508,GraphST,12,0.2952258136,0.4018366216,4384.0,7,151508,,
151508,GraphST,13,0.2287761428,0.3754533544,4384.0,7,151508,,
151508,GraphST,14,0.3154080547,0.435623694,4384.0,7,151508,,
151508,GraphST,15,0.2953946884,0.4035455071,4384.0,7,151508,,
151508,GraphST,16,0.2629150801,0.3846088519,4384.0,7,151508,,
151508,GraphST,17,0.2009406192,0.3981262105,4384.0,7,151508,,
151508,GraphST,18,0.2712461153,0.3959695946,4384.0,7,151508,,
151508,GraphST,19,0.3238860157,0.4190883573,4384.0,7,151508,,
151508,GraphST,20,0.2319177699,0.368954739,4384.0,7,151508,,
151508,STAGATE,1,0.2061796873,0.4057709416,4384.0,7,151508,,
151508,STAGATE,2,0.4107281587,0.5301332824,4384.0,7,151508,,
151508,STAGATE,3,0.2080242141,0.407197607,4384.0,7,151508,,
151508,STAGATE,4,0.2848153437,0.4594687042,4384.0,7,151508,,
151508,STAGATE,5,0.2530199545,0.4969868583,4384.0,7,151508,,
151508,STAGATE,6,0.2740016391,0.4778256119,4384.0,7,151508,,
151508,STAGATE,7,0.2084034595,0.4010680763,4384.0,7,151508,,
151508,STAGATE,8,0.2020511904,0.4091969581,4384.0,7,151508,,
151508,STAGATE,9,0.295229936,0.488603718,4384.0,7,151508,,
151508,STAGATE,10,0.3313631644,0.4677192957,4384.0,7,151508,,
151508,STAGATE,11,0.3304517983,0.4867935609,4384.0,7,151508,,
151508,STAGATE,12,0.2815948711,0.4502435893,4384.0,7,151508,,
151508,STAGATE,13,0.2129530104,0.4060404719,4384.0,7,151508,,
151508,STAGATE,14,0.2015480986,0.4033865886,4384.0,7,151508,,
151508,STAGATE,15,0.2823466292,0.4582041329,4384.0,7,151508,,
151508,STAGATE,16,0.281239365,0.4771021214,4384.0,7,151508,,
151508,STAGATE,17,0.2817678412,0.4811004676,4384.0,7,151508,,
151508,STAGATE,18,0.2098988613,0.4106521189,4384.0,7,151508,,
151508,STAGATE,19,0.3250999853,0.4607146713,4384.0,7,151508,,
151508,STAGATE,20,0.285688158,0.468107691,4384.0,7,151508,,
151508,SpaGCN,1,0.3032506767,0.4171099518,4384.0,7,151508,,
151508,SpaGCN,2,0.2759445827,0.4129931358,4384.0,7,151508,,
151508,SpaGCN,3,0.3382476956,0.4072507441,4384.0,7,151508,,
151508,SpaGCN,4,0.2671792064,0.3863964086,4384.0,7,151508,,
151508,SpaGCN,5,0.3430059952,0.4261993659,4384.0,7,151508,,
151508,SpaGCN,6,0.2623602714,0.4003586424,4384.0,7,151508,,
151508,SpaGCN,7,0.3238421801,0.4399933491,4384.0,7,151508,,
151508,SpaGCN,8,0.2849218243,0.3993103196,4384.0,7,151508,,
151508,SpaGCN,9,0.2897414999,0.3797884402,4384.0,7,151508,,
151508,SpaGCN,10,0.2581071835,0.3853566917,4384.0,7,151508,,
151508,SpaGCN,11,0.2608731151,0.3999418624,4384.0,7,151508,,
151508,SpaGCN,12,0.2203792071,0.3647650745,4384.0,7,151508,,
151508,SpaGCN,13,0.2704867846,0.3855623534,4384.0,7,151508,,
151508,SpaGCN,14,0.3010691044,0.4343428024,4384.0,7,151508,,
151508,SpaGCN,15,0.3540000287,0.4445897723,4384.0,7,151508,,
151508,SpaGCN,16,0.3604845814,0.4724635734,4384.0,7,151508,,
151508,SpaGCN,17,0.2826134161,0.4025330187,4384.0,7,151508,,
151508,SpaGCN,18,0.312070773,0.4352892536,4384.0,7,151508,,
151508,SpaGCN,19,0.2533595669,0.3562247687,4384.0,7,151508,,
151508,SpaGCN,20,0.2862520008,0.3815917409,4384.0,7,151508,,
151508,BANKSY,1,0.198384651,0.4064224804,4384.0,7,151508,,
151508,BANKSY,2,0.2667049185,0.5128383621,4384.0,7,151508,,
151508,BANKSY,3,0.3635581517,0.538875399,4384.0,7,151508,,
151508,BANKSY,4,0.1914122047,0.3933337529,4384.0,7,151508,,
151508,BANKSY,5,0.2019494285,0.4087562946,4384.0,7,151508,,
151508,BANKSY,6,0.3708336262,0.5387124079,4384.0,7,151508,,
151508,BANKSY,7,0.3035007604,0.4682801439,4384.0,7,151508,,
151508,BANKSY,8,0.3011665422,0.5122341688,4384.0,7,151508,,
151508,BANKSY,9,0.1921731064,0.3848393569,4384.0,7,151508,,
151508,BANKSY,10,0.2426443554,0.4283597641,4384.0,7,151508,,
151508,BANKSY,11,0.2719636723,0.389727241,4384.0,7,151508,,
151508,BANKSY,12,0.1898970008,0.3926580041,4384.0,7,151508,,
151508,BANKSY,13,0.3664011011,0.5335102568,4384.0,7,151508,,
151508,BANKSY,14,0.2096542267,0.4150793712,4384.0,7,151508,,
151508,BANKSY,15,0.2028802782,0.4094698455,4384.0,7,151508,,
151508,BANKSY,16,0.2042482072,0.4111514349,4384.0,7,151508,,
151508,BANKSY,17,0.2582256429,0.5054899546,4384.0,7,151508,,
151508,BANKSY,18,0.3020337457,0.4666178504,4384.0,7,151508,,
151508,BANKSY,19,0.2096542267,0.4150793712,4384.0,7,151508,,
151508,BANKSY,20,0.2610261903,0.4119439626,4384.0,7,151508,,
151508,SEDR,1,0.482834257237,0.6444461781579999,4384.0,7,151508,4384.0,18067.0
151508,SEDR,2,0.514769888601,0.657543985064,4384.0,7,151508,4384.0,18067.0
151508,SEDR,3,0.485372891495,0.649057185224,4384.0,7,151508,4384.0,18067.0
151508,SEDR,4,0.522594592627,0.657585432589,4384.0,7,151508,4384.0,18067.0
151508,SEDR,5,0.52205551941,0.6529294956119999,4384.0,7,151508,4384.0,18067.0
151508,SEDR,6,0.5222735665919999,0.662227814283,4384.0,7,151508,4384.0,18067.0
151508,SEDR,7,0.466219888477,0.6277473085879999,4384.0,7,151508,4384.0,18067.0
151508,SEDR,8,0.514298942333,0.654387672185,4384.0,7,151508,4384.0,18067.0
151508,SEDR,9,0.5092567335169998,0.660181728764,4384.0,7,151508,4384.0,18067.0
151508,SEDR,10,0.523214305289,0.6639269400339999,4384.0,7,151508,4384.0,18067.0
151508,SEDR,11,0.4785365253839999,0.634312417369,4384.0,7,151508,4384.0,18067.0
151508,SEDR,12,0.484223089378,0.646969094602,4384.0,7,151508,4384.0,18067.0
151508,SEDR,13,0.4457257673539999,0.6305391312529999,4384.0,7,151508,4384.0,18067.0
151508,SEDR,14,0.5136637476659999,0.651313398134,4384.0,7,151508,4384.0,18067.0
151508,SEDR,15,0.497232220339,0.6351727887429999,4384.0,7,151508,4384.0,18067.0
151508,SEDR,16,0.5068349201499999,0.652800946481,4384.0,7,151508,4384.0,18067.0
151508,SEDR,17,0.5321088514499999,0.665979856972,4384.0,7,151508,4384.0,18067.0
151508,SEDR,18,0.497278763913,0.633998675007,4384.0,7,151508,4384.0,18067.0
151508,SEDR,19,0.48277281955,0.6185216757939999,4384.0,7,151508,4384.0,18067.0
151508,SEDR,20,0.511070817611,0.6560115008679999,4384.0,7,151508,4384.0,18067.0
151509,GraphST,1,0.2907168635,0.4592628019,4789.0,7,151509,,
151509,GraphST,2,0.3687092961,0.4862875105,4789.0,7,151509,,
151509,GraphST,3,0.2783704387,0.4519105875,4789.0,7,151509,,
151509,GraphST,4,0.3217261645,0.4760399502,4789.0,7,151509,,
151509,GraphST,5,0.4251023277,0.5409905676,4789.0,7,151509,,
151509,GraphST,6,0.3060963281,0.4732676477,4789.0,7,151509,,
151509,GraphST,7,0.3684402545,0.4887269926,4789.0,7,151509,,
151509,GraphST,8,0.3186327014,0.4694029109,4789.0,7,151509,,
151509,GraphST,9,0.2942831962,0.4713858441,4789.0,7,151509,,
151509,GraphST,10,0.3811446534,0.4995628096,4789.0,7,151509,,
151509,GraphST,11,0.3245414104,0.4766799695,4789.0,7,151509,,
151509,GraphST,12,0.3085922284,0.4744846761,4789.0,7,151509,,
151509,GraphST,13,0.2974109604,0.4604221477,4789.0,7,151509,,
151509,GraphST,14,0.2669029118,0.4320076254,4789.0,7,151509,,
151509,GraphST,15,0.3076068876,0.475394828,4789.0,7,151509,,
151509,GraphST,16,0.4072410815,0.5252560793,4789.0,7,151509,,
151509,GraphST,17,0.2953378993,0.4340215803,4789.0,7,151509,,
151509,GraphST,18,0.273373528,0.4378616031,4789.0,7,151509,,
151509,GraphST,19,0.2661394937,0.4471189953,4789.0,7,151509,,
151509,GraphST,20,0.2857396088,0.4479116786,4789.0,7,151509,,
151509,STAGATE,1,0.4208934989,0.5497948165,4789.0,7,151509,,
151509,STAGATE,2,0.4064519366,0.536873693,4789.0,7,151509,,
151509,STAGATE,3,0.3872012264,0.5404504974,4789.0,7,151509,,
151509,STAGATE,4,0.4164218101,0.5546766383,4789.0,7,151509,,
151509,STAGATE,5,0.3614756561,0.5336216604,4789.0,7,151509,,
151509,STAGATE,6,0.4214458633,0.5509993165,4789.0,7,151509,,
151509,STAGATE,7,0.4141135991,0.5411370179,4789.0,7,151509,,
151509,STAGATE,8,0.4152677798,0.538058952,4789.0,7,151509,,
151509,STAGATE,9,0.4923665193,0.6023327397,4789.0,7,151509,,
151509,STAGATE,10,0.4124366011,0.5354314774,4789.0,7,151509,,
151509,STAGATE,11,0.414128475,0.5409793162,4789.0,7,151509,,
151509,STAGATE,12,0.3953555366,0.5409756354,4789.0,7,151509,,
151509,STAGATE,13,0.499627496,0.5858996033,4789.0,7,151509,,
151509,STAGATE,14,0.4924059165,0.6090593755,4789.0,7,151509,,
151509,STAGATE,15,0.4011195855,0.5357634849,4789.0,7,151509,,
151509,STAGATE,16,0.4136745566,0.5507378291,4789.0,7,151509,,
151509,STAGATE,17,0.3216535539,0.4963003069,4789.0,7,151509,,
151509,STAGATE,18,0.3998924868,0.5380707205,4789.0,7,151509,,
151509,STAGATE,19,0.4114006138,0.5395991392,4789.0,7,151509,,
151509,STAGATE,20,0.4251571698,0.5551002444,4789.0,7,151509,,
151509,SpaGCN,1,0.3783027507,0.5027812026,4789.0,7,151509,,
151509,SpaGCN,2,0.3607210452,0.4905014409,4789.0,7,151509,,
151509,SpaGCN,3,0.3443572258,0.507366364,4789.0,7,151509,,
151509,SpaGCN,4,0.3672029493,0.5129504508,4789.0,7,151509,,
151509,SpaGCN,5,0.3109981118,0.4671549824,4789.0,7,151509,,
151509,SpaGCN,6,0.2042837475,0.3404200118,4789.0,7,151509,,
151509,SpaGCN,7,0.3668415622,0.5432472291,4789.0,7,151509,,
151509,SpaGCN,8,0.331257637,0.4951298146,4789.0,7,151509,,
151509,SpaGCN,9,0.298886284,0.4544419984,4789.0,7,151509,,
151509,SpaGCN,10,0.3311459387,0.4971852309,4789.0,7,151509,,
151509,SpaGCN,11,0.3442650965,0.4968006759,4789.0,7,151509,,
151509,SpaGCN,12,0.3650768274,0.5016003156,4789.0,7,151509,,
151509,SpaGCN,13,0.3180594915,0.4775647986,4789.0,7,151509,,
151509,SpaGCN,14,0.3183967915,0.4780447782,4789.0,7,151509,,
151509,SpaGCN,15,0.3266732131,0.4870423276,4789.0,7,151509,,
151509,SpaGCN,16,0.379367343,0.5387611521,4789.0,7,151509,,
151509,SpaGCN,17,0.3099919382,0.454410353,4789.0,7,151509,,
151509,SpaGCN,18,0.3410039808,0.506186106,4789.0,7,151509,,
151509,SpaGCN,19,0.3263787378,0.4867141439,4789.0,7,151509,,
151509,SpaGCN,20,0.3469975594,0.4810384049,4789.0,7,151509,,
151509,BANKSY,1,0.4811860441,0.5930011561,4789.0,7,151509,,
151509,BANKSY,2,0.4204109744,0.5544314995,4789.0,7,151509,,
151509,BANKSY,3,0.35677052,0.569622972,4789.0,7,151509,,
151509,BANKSY,4,0.3878120711,0.5655302601,4789.0,7,151509,,
151509,BANKSY,5,0.3874844159,0.5639700583,4789.0,7,151509,,
151509,BANKSY,6,0.3643048808,0.5724789803,4789.0,7,151509,,
151509,BANKSY,7,0.3643048808,0.5724789803,4789.0,7,151509,,
151509,BANKSY,8,0.3581386577,0.5699291836,4789.0,7,151509,,
151509,BANKSY,9,0.3875077688,0.564865324,4789.0,7,151509,,
151509,BANKSY,10,0.3576786524,0.5692102316,4789.0,7,151509,,
151509,BANKSY,11,0.2846992309,0.4706647079,4789.0,7,151509,,
151509,BANKSY,12,0.3576726826,0.5695664388,4789.0,7,151509,,
151509,BANKSY,13,0.2882351706,0.4813394812,4789.0,7,151509,,
151509,BANKSY,14,0.3564045062,0.5697892024,4789.0,7,151509,,
151509,BANKSY,15,0.4204109744,0.5544314995,4789.0,7,151509,,
151509,BANKSY,16,0.2591342597,0.4582145334,4789.0,7,151509,,
151509,BANKSY,17,0.3558026763,0.5672374397,4789.0,7,151509,,
151509,BANKSY,18,0.3404548319,0.5609897733,4789.0,7,151509,,
151509,BANKSY,19,0.2882351706,0.4813394812,4789.0,7,151509,,
151509,BANKSY,20,0.4204109744,0.5544314995,4789.0,7,151509,,
151509,SEDR,1,0.5496558355999999,0.689181842531,4789.0,7,151509,4789.0,18688.0
151509,SEDR,2,0.530037797415,0.6762571246249999,4789.0,7,151509,4789.0,18688.0
151509,SEDR,3,0.3779966625069999,0.592718791483,4789.0,7,151509,4789.0,18688.0
151509,SEDR,4,0.4512783923209999,0.650743199858,4789.0,7,151509,4789.0,18688.0
151509,SEDR,5,0.516147468926,0.6675577965,4789.0,7,151509,4789.0,18688.0
151509,SEDR,6,0.436206231755,0.624197952413,4789.0,7,151509,4789.0,18688.0
151509,SEDR,7,0.381318077006,0.571857859254,4789.0,7,151509,4789.0,18688.0
151509,SEDR,8,0.506684081292,0.6465339458209999,4789.0,7,151509,4789.0,18688.0
151509,SEDR,9,0.562412460114,0.700985627477,4789.0,7,151509,4789.0,18688.0
151509,SEDR,10,0.528691141154,0.6698161854799999,4789.0,7,151509,4789.0,18688.0
151509,SEDR,11,0.4750947781409999,0.6381388254569998,4789.0,7,151509,4789.0,18688.0
151509,SEDR,12,0.5095994949609999,0.6572018677669998,4789.0,7,151509,4789.0,18688.0
151509,SEDR,13,0.659670150623,0.712632856638,4789.0,7,151509,4789.0,18688.0
151509,SEDR,14,0.464190407472,0.6375932882529999,4789.0,7,151509,4789.0,18688.0
151509,SEDR,15,0.755876800431,0.747705930675,4789.0,7,151509,4789.0,18688.0
151509,SEDR,16,0.511389102571,0.6604509215349998,4789.0,7,151509,4789.0,18688.0
151509,SEDR,17,0.458332181058,0.641741796934,4789.0,7,151509,4789.0,18688.0
151509,SEDR,18,0.545052190537,0.680945119319,4789.0,7,151509,4789.0,18688.0
151509,SEDR,19,0.4318217639649999,0.638627445005,4789.0,7,151509,4789.0,18688.0
151509,SEDR,20,0.4352727641899999,0.622571606358,4789.0,7,151509,4789.0,18688.0
151510,GraphST,1,0.23400616,0.4176575117,4634.0,7,151510,,
151510,GraphST,2,0.3124064584,0.4766977976,4634.0,7,151510,,
151510,GraphST,3,0.3308363284,0.4690188093,4634.0,7,151510,,
151510,GraphST,4,0.2651782385,0.4326364661,4634.0,7,151510,,
151510,GraphST,5,0.3125111959,0.4595867721,4634.0,7,151510,,
151510,GraphST,6,0.2653034669,0.4194907313,4634.0,7,151510,,
151510,GraphST,7,0.2873601092,0.4453821572,4634.0,7,151510,,
151510,GraphST,8,0.2672788555,0.4499853877,4634.0,7,151510,,
151510,GraphST,9,0.2963642989,0.443967536,4634.0,7,151510,,
151510,GraphST,10,0.3034970768,0.4665751132,4634.0,7,151510,,
151510,GraphST,11,0.2896645335,0.442553979,4634.0,7,151510,,
151510,GraphST,12,0.2032774566,0.399860753,4634.0,7,151510,,
151510,GraphST,13,0.3541822656,0.4631831757,4634.0,7,151510,,
151510,GraphST,14,0.3577202511,0.4666022179,4634.0,7,151510,,
151510,GraphST,15,0.3269796718,0.4899929763,4634.0,7,151510,,
151510,GraphST,16,0.3288600076,0.4634575693,4634.0,7,151510,,
151510,GraphST,17,0.3358528019,0.4802087846,4634.0,7,151510,,
151510,GraphST,18,0.3296778417,0.4797287442,4634.0,7,151510,,
151510,GraphST,19,0.3128359553,0.4559552863,4634.0,7,151510,,
151510,GraphST,20,0.3331079958,0.4700016538,4634.0,7,151510,,
151510,STAGATE,1,0.2358034927,0.4379143464,4634.0,7,151510,,
151510,STAGATE,2,0.3013266499,0.444416613,4634.0,7,151510,,
151510,STAGATE,3,0.2757352526,0.4796216777,4634.0,7,151510,,
151510,STAGATE,4,0.3222270705,0.5305378374,4634.0,7,151510,,
151510,STAGATE,5,0.3158579804,0.4534690246,4634.0,7,151510,,
151510,STAGATE,6,0.2627160865,0.470785823,4634.0,7,151510,,
151510,STAGATE,7,0.2726592398,0.4745680162,4634.0,7,151510,,
151510,STAGATE,8,0.3537497159,0.5232674896,4634.0,7,151510,,
151510,STAGATE,9,0.290141545,0.4880513989,4634.0,7,151510,,
151510,STAGATE,10,0.3319247251,0.4842799238,4634.0,7,151510,,
151510,STAGATE,11,0.2916028556,0.4872092625,4634.0,7,151510,,
151510,STAGATE,12,0.3649225498,0.5352688476,4634.0,7,151510,,
151510,STAGATE,13,0.2769777826,0.4835514652,4634.0,7,151510,,
151510,STAGATE,14,0.3627221255,0.5428239925,4634.0,7,151510,,
151510,STAGATE,15,0.2431391611,0.4297691312,4634.0,7,151510,,
151510,STAGATE,16,0.350923735,0.5135993625,4634.0,7,151510,,
151510,STAGATE,17,0.2836121597,0.477684708,4634.0,7,151510,,
151510,STAGATE,18,0.2900157927,0.45120772,4634.0,7,151510,,
151510,STAGATE,19,0.3791734792,0.5229602056,4634.0,7,151510,,
151510,STAGATE,20,0.3692198162,0.566536677,4634.0,7,151510,,
151510,SpaGCN,1,0.2716354559,0.4043407545,4634.0,7,151510,,
151510,SpaGCN,2,0.2901299763,0.4517290111,4634.0,7,151510,,
151510,SpaGCN,3,0.319675234,0.4696200787,4634.0,7,151510,,
151510,SpaGCN,4,0.3206199204,0.4801713325,4634.0,7,151510,,
151510,SpaGCN,5,0.3240248192,0.4711230584,4634.0,7,151510,,
151510,SpaGCN,6,0.1705624332,0.3329785442,4634.0,7,151510,,
151510,SpaGCN,7,0.3376609575,0.4738308449,4634.0,7,151510,,
151510,SpaGCN,8,0.3521853403,0.4952003607,4634.0,7,151510,,
151510,SpaGCN,9,0.2631950565,0.4079423795,4634.0,7,151510,,
151510,SpaGCN,10,0.210051097,0.3827937484,4634.0,7,151510,,
151510,SpaGCN,11,0.3659755379,0.4962088013,4634.0,7,151510,,
151510,SpaGCN,12,0.3053932259,0.4198672666,4634.0,7,151510,,
151510,SpaGCN,13,0.2567843705,0.3730726411,4634.0,7,151510,,
151510,SpaGCN,14,0.3147600201,0.4676380129,4634.0,7,151510,,
151510,SpaGCN,15,0.3067006363,0.4722294901,4634.0,7,151510,,
151510,SpaGCN,16,0.2955091387,0.4396063704,4634.0,7,151510,,
151510,SpaGCN,17,0.2988647038,0.4513353113,4634.0,7,151510,,
151510,SpaGCN,18,0.2796785519,0.4108028365,4634.0,7,151510,,
151510,SpaGCN,19,0.31043148,0.4516233028,4634.0,7,151510,,
151510,SpaGCN,20,0.3018102686,0.4483758362,4634.0,7,151510,,
151510,BANKSY,1,0.3322127771,0.5290927188,4634.0,7,151510,,
151510,BANKSY,2,0.3590352142,0.5214672229,4634.0,7,151510,,
151510,BANKSY,3,0.2877209571,0.4548055696,4634.0,7,151510,,
151510,BANKSY,4,0.3377977259,0.5365329055,4634.0,7,151510,,
151510,BANKSY,5,0.2808582479,0.4475420122,4634.0,7,151510,,
151510,BANKSY,6,0.352156316,0.513591643,4634.0,7,151510,,
151510,BANKSY,7,0.3314254077,0.5404804626,4634.0,7,151510,,
151510,BANKSY,8,0.3587193865,0.5199759806,4634.0,7,151510,,
151510,BANKSY,9,0.3528541493,0.4709448946,4634.0,7,151510,,
151510,BANKSY,10,0.2775809357,0.4434446775,4634.0,7,151510,,
151510,BANKSY,11,0.3541876352,0.4787293106,4634.0,7,151510,,
151510,BANKSY,12,0.338373363,0.5366321918,4634.0,7,151510,,
151510,BANKSY,13,0.3168228791,0.533527536,4634.0,7,151510,,
151510,BANKSY,14,0.3158026567,0.5323488392,4634.0,7,151510,,
151510,BANKSY,15,0.3611453984,0.5380861757,4634.0,7,151510,,
151510,BANKSY,16,0.3379498735,0.5365743317,4634.0,7,151510,,
151510,BANKSY,17,0.3726699119,0.5232098522,4634.0,7,151510,,
151510,BANKSY,18,0.2781503643,0.4226601805,4634.0,7,151510,,
151510,BANKSY,19,0.3370538328,0.5483483213,4634.0,7,151510,,
151510,BANKSY,20,0.3370795222,0.5283036616,4634.0,7,151510,,
151510,SEDR,1,0.4364867939439999,0.6161285191769998,4634.0,7,151510,4634.0,18466.0
151510,SEDR,2,0.4537036847659999,0.6195365403239999,4634.0,7,151510,4634.0,18466.0
151510,SEDR,3,0.5390616380789999,0.6482193849499999,4634.0,7,151510,4634.0,18466.0
151510,SEDR,4,0.4266515342419999,0.6376438246869999,4634.0,7,151510,4634.0,18466.0
151510,SEDR,5,0.5061218963229999,0.652206347751,4634.0,7,151510,4634.0,18466.0
151510,SEDR,6,0.4372670749009999,0.6013980266139999,4634.0,7,151510,4634.0,18466.0
151510,SEDR,7,0.4890836363389999,0.6509307728069998,4634.0,7,151510,4634.0,18466.0
151510,SEDR,8,0.465700391995,0.624129644356,4634.0,7,151510,4634.0,18466.0
151510,SEDR,9,0.4689604281409999,0.631643367934,4634.0,7,151510,4634.0,18466.0
151510,SEDR,10,0.420671676411,0.588752945368,4634.0,7,151510,4634.0,18466.0
151510,SEDR,11,0.4754990453419999,0.647787372341,4634.0,7,151510,4634.0,18466.0
151510,SEDR,12,0.4516882317179999,0.63771091141,4634.0,7,151510,4634.0,18466.0
151510,SEDR,13,0.511417514059,0.636027755054,4634.0,7,151510,4634.0,18466.0
151510,SEDR,14,0.401726744046,0.6098129999639998,4634.0,7,151510,4634.0,18466.0
151510,SEDR,15,0.51766876521,0.6600554233509999,4634.0,7,151510,4634.0,18466.0
151510,SEDR,16,0.39380100076,0.5948712648339999,4634.0,7,151510,4634.0,18466.0
151510,SEDR,17,0.512988680207,0.653522950507,4634.0,7,151510,4634.0,18466.0
151510,SEDR,18,0.503225137978,0.6493639904929999,4634.0,7,151510,4634.0,18466.0
151510,SEDR,19,0.526563510209,0.6470652252259999,4634.0,7,151510,4634.0,18466.0
151510,SEDR,20,0.430656616624,0.5969109334,4634.0,7,151510,4634.0,18466.0
151669,GraphST,1,0.2798841753,0.3476735568,3661.0,7,151669,,
151669,GraphST,2,0.1850320678,0.3308241829,3661.0,7,151669,,
151669,GraphST,3,0.1735567707,0.3234439698,3661.0,7,151669,,
151669,GraphST,4,0.2377659387,0.3523999722,3661.0,7,151669,,
151669,GraphST,5,0.139318103,0.3304205678,3661.0,7,151669,,
151669,GraphST,6,0.2256797719,0.3742464159,3661.0,7,151669,,
151669,GraphST,7,0.1738749821,0.3280974475,3661.0,7,151669,,
151669,GraphST,8,0.2780065035,0.3527255437,3661.0,7,151669,,
151669,GraphST,9,0.2667890836,0.3595106245,3661.0,7,151669,,
151669,GraphST,10,0.3005136928,0.3619402365,3661.0,7,151669,,
151669,GraphST,11,0.2765459846,0.3765584586,3661.0,7,151669,,
151669,GraphST,12,0.2338469688,0.3592600017,3661.0,7,151669,,
151669,GraphST,13,0.1607801953,0.3243639914,3661.0,7,151669,,
151669,GraphST,14,0.2631899258,0.3710219511,3661.0,7,151669,,
151669,GraphST,15,0.2212652619,0.3761770992,3661.0,7,151669,,
151669,GraphST,16,0.2273600492,0.3679786622,3661.0,7,151669,,
151669,GraphST,17,0.1610595591,0.3302357373,3661.0,7,151669,,
151669,GraphST,18,0.267489048,0.3778893007,3661.0,7,151669,,
151669,GraphST,19,0.2545007443,0.3433407225,3661.0,7,151669,,
151669,GraphST,20,0.2446927792,0.3522796186,3661.0,7,151669,,
151669,STAGATE,1,0.2718653654,0.466257338,3661.0,7,151669,,
151669,STAGATE,2,0.2957617334,0.4789179438,3661.0,7,151669,,
151669,STAGATE,3,0.2666152725,0.4597492228,3661.0,7,151669,,
151669,STAGATE,4,0.260117496,0.4888170992,3661.0,7,151669,,
151669,STAGATE,5,0.241837072,0.4473488032,3661.0,7,151669,,
151669,STAGATE,6,0.2374760442,0.4738632319,3661.0,7,151669,,
151669,STAGATE,7,0.2565523673,0.4767386958,3661.0,7,151669,,
151669,STAGATE,8,0.2636520936,0.4854141848,3661.0,7,151669,,
151669,STAGATE,9,0.2523012554,0.4797021498,3661.0,7,151669,,
151669,STAGATE,10,0.2472190475,0.4401806996,3661.0,7,151669,,
151669,STAGATE,11,0.2496211416,0.4603979421,3661.0,7,151669,,
151669,STAGATE,12,0.2365132488,0.4538665572,3661.0,7,151669,,
151669,STAGATE,13,0.2434361097,0.4559233098,3661.0,7,151669,,
151669,STAGATE,14,0.2187226719,0.4404405166,3661.0,7,151669,,
151669,STAGATE,15,0.2456800433,0.4652290741,3661.0,7,151669,,
151669,STAGATE,16,0.2465032659,0.4646532365,3661.0,7,151669,,
151669,STAGATE,17,0.2400656106,0.446586514,3661.0,7,151669,,
151669,STAGATE,18,0.2442967439,0.4680023123,3661.0,7,151669,,
151669,STAGATE,19,0.2554003988,0.4578800312,3661.0,7,151669,,
151669,STAGATE,20,0.2560481583,0.4555735773,3661.0,7,151669,,
151669,SpaGCN,1,0.2050286039,0.4203936332,3661.0,7,151669,,
151669,SpaGCN,2,0.1824219827,0.3765019009,3661.0,7,151669,,
151669,SpaGCN,3,0.1226986544,0.2889880137,3661.0,7,151669,,
151669,SpaGCN,4,0.2004535151,0.3450635406,3661.0,7,151669,,
151669,SpaGCN,5,0.1522442083,0.3403123742,3661.0,7,151669,,
151669,SpaGCN,6,0.2139027467,0.4077135822,3661.0,7,151669,,
151669,SpaGCN,7,0.1891031872,0.4131798412,3661.0,7,151669,,
151669,SpaGCN,8,0.2230755673,0.4426152984,3661.0,7,151669,,
151669,SpaGCN,9,0.2279551285,0.4395470623,3661.0,7,151669,,
151669,SpaGCN,10,0.1655954856,0.3125549133,3661.0,7,151669,,
151669,SpaGCN,11,0.2056481065,0.4175816778,3661.0,7,151669,,
151669,SpaGCN,12,0.2405296267,0.4661828216,3661.0,7,151669,,
151669,SpaGCN,13,0.1339803123,0.303855396,3661.0,7,151669,,
151669,SpaGCN,14,0.1989989866,0.3773628916,3661.0,7,151669,,
151669,SpaGCN,15,0.1698160683,0.3840697183,3661.0,7,151669,,
151669,SpaGCN,16,0.217041253,0.3807486886,3661.0,7,151669,,
151669,SpaGCN,17,0.1821146879,0.3571373327,3661.0,7,151669,,
151669,SpaGCN,18,0.2387635193,0.4656791766,3661.0,7,151669,,
151669,SpaGCN,19,0.2060249151,0.3811220636,3661.0,7,151669,,
151669,SpaGCN,20,0.1806268824,0.3864559894,3661.0,7,151669,,
151669,BANKSY,1,0.2556902742,0.4770447304,3661.0,7,151669,,
151669,BANKSY,2,0.2969505386,0.5246649868,3661.0,7,151669,,
151669,BANKSY,3,0.2969505386,0.5246649868,3661.0,7,151669,,
151669,BANKSY,4,0.2926891873,0.5210349004,3661.0,7,151669,,
151669,BANKSY,5,0.2996185448,0.5299262723,3661.0,7,151669,,
151669,BANKSY,6,0.2914341811,0.5199563327,3661.0,7,151669,,
151669,BANKSY,7,0.3076992866,0.5282765054,3661.0,7,151669,,
151669,BANKSY,8,0.2914527304,0.5197094828,3661.0,7,151669,,
151669,BANKSY,9,0.2918394024,0.5206757502,3661.0,7,151669,,
151669,BANKSY,10,0.2914687168,0.5200144394,3661.0,7,151669,,
151669,BANKSY,11,0.2914341811,0.5199563327,3661.0,7,151669,,
151669,BANKSY,12,0.2918394024,0.5206757502,3661.0,7,151669,,
151669,BANKSY,13,0.2920828548,0.5200800279,3661.0,7,151669,,
151669,BANKSY,14,0.2914341811,0.5199563327,3661.0,7,151669,,
151669,BANKSY,15,0.2914341811,0.5199563327,3661.0,7,151669,,
151669,BANKSY,16,0.2966254526,0.5249584296,3661.0,7,151669,,
151669,BANKSY,17,0.2916396507,0.5199977577,3661.0,7,151669,,
151669,BANKSY,18,0.2912673819,0.5197792449,3661.0,7,151669,,
151669,BANKSY,19,0.2918394024,0.5206757502,3661.0,7,151669,,
151669,BANKSY,20,0.2918394024,0.5206757502,3661.0,7,151669,,
151669,SEDR,1,0.504504521717,0.6301966768569999,3661.0,7,151669,3661.0,18583.0
151669,SEDR,2,0.3146559629699999,0.573067566615,3661.0,7,151669,3661.0,18583.0
151669,SEDR,3,0.3053586961829999,0.568282162854,3661.0,7,151669,3661.0,18583.0
151669,SEDR,4,0.361792459218,0.579475344787,3661.0,7,151669,3661.0,18583.0
151669,SEDR,5,0.6192949053449999,0.672375628062,3661.0,7,151669,3661.0,18583.0
151669,SEDR,6,0.368542104154,0.58374250388,3661.0,7,151669,3661.0,18583.0
151669,SEDR,7,0.3611203590009999,0.608307978395,3661.0,7,151669,3661.0,18583.0
151669,SEDR,8,0.4416278143799999,0.642085607146,3661.0,7,151669,3661.0,18583.0
151669,SEDR,9,0.3663953553839999,0.5948958411929999,3661.0,7,151669,3661.0,18583.0
151669,SEDR,10,0.362054307778,0.587402985059,3661.0,7,151669,3661.0,18583.0
151669,SEDR,11,0.367894896768,0.575993866703,3661.0,7,151669,3661.0,18583.0
151669,SEDR,12,0.423918292646,0.6390447201769999,3661.0,7,151669,3661.0,18583.0
151669,SEDR,13,0.418094683146,0.626543131803,3661.0,7,151669,3661.0,18583.0
151669,SEDR,14,0.3892690061019999,0.593662559182,3661.0,7,151669,3661.0,18583.0
151669,SEDR,15,0.400998137314,0.5936217016639999,3661.0,7,151669,3661.0,18583.0
151669,SEDR,16,0.398361291793,0.6146008501159999,3661.0,7,151669,3661.0,18583.0
151669,SEDR,17,0.412028310442,0.6229077892459999,3661.0,7,151669,3661.0,18583.0
151669,SEDR,18,0.402700792006,0.62691636137,3661.0,7,151669,3661.0,18583.0
151669,SEDR,19,0.365950558688,0.590917287607,3661.0,7,151669,3661.0,18583.0
151669,SEDR,20,0.396359853207,0.605559828563,3661.0,7,151669,3661.0,18583.0
151670,GraphST,1,0.2029149576,0.3718118906,3498.0,7,151670,,
151670,GraphST,2,0.1904695354,0.3402299715,3498.0,7,151670,,
151670,GraphST,3,0.2540149054,0.3285143762,3498.0,7,151670,,
151670,GraphST,4,0.2563461465,0.354607171,3498.0,7,151670,,
151670,GraphST,5,0.2184385101,0.3318637676,3498.0,7,151670,,
151670,GraphST,6,0.2640783683,0.3680472532,3498.0,7,151670,,
151670,GraphST,7,0.2477195592,0.3757702579,3498.0,7,151670,,
151670,GraphST,8,0.2126563278,0.3332072924,3498.0,7,151670,,
151670,GraphST,9,0.2059347605,0.3100513328,3498.0,7,151670,,
151670,GraphST,10,0.1658064771,0.3458576997,3498.0,7,151670,,
151670,GraphST,11,0.2706940766,0.3317137951,3498.0,7,151670,,
151670,GraphST,12,0.21841206,0.3350714768,3498.0,7,151670,,
151670,GraphST,13,0.2194699243,0.3349844313,3498.0,7,151670,,
151670,GraphST,14,0.2219840096,0.3536878705,3498.0,7,151670,,
151670,GraphST,15,0.2379221239,0.3601647583,3498.0,7,151670,,
151670,GraphST,16,0.2814442894,0.3518918382,3498.0,7,151670,,
151670,GraphST,17,0.3745605584,0.3678493935,3498.0,7,151670,,
151670,GraphST,18,0.2092871685,0.351013976,3498.0,7,151670,,
151670,GraphST,19,0.2694718581,0.343154958,3498.0,7,151670,,
151670,GraphST,20,0.2012019499,0.3155603229,3498.0,7,151670,,
151670,STAGATE,1,0.2296994443,0.445381147,3498.0,7,151670,,
151670,STAGATE,2,0.115353701,0.3834681083,3498.0,7,151670,,
151670,STAGATE,3,0.352359398,0.4674695869,3498.0,7,151670,,
151670,STAGATE,4,0.210022594,0.4209324818,3498.0,7,151670,,
151670,STAGATE,5,0.2654101018,0.4415065254,3498.0,7,151670,,
151670,STAGATE,6,0.2068387864,0.4407401842,3498.0,7,151670,,
151670,STAGATE,7,0.1982552476,0.407040439,3498.0,7,151670,,
151670,STAGATE,8,0.3288369724,0.4452282621,3498.0,7,151670,,
151670,STAGATE,9,0.1412053517,0.4092158281,3498.0,7,151670,,
151670,STAGATE,10,0.2071920382,0.4292023934,3498.0,7,151670,,
151670,STAGATE,11,0.1682222972,0.4256562018,3498.0,7,151670,,
151670,STAGATE,12,0.3181191553,0.4610700541,3498.0,7,151670,,
151670,STAGATE,13,0.265032224,0.4530164562,3498.0,7,151670,,
151670,STAGATE,14,0.1567882371,0.4204479108,3498.0,7,151670,,
151670,STAGATE,15,0.2454660025,0.4350346889,3498.0,7,151670,,
151670,STAGATE,16,0.1940727345,0.4147594908,3498.0,7,151670,,
151670,STAGATE,17,0.1920958127,0.436279242,3498.0,7,151670,,
151670,STAGATE,18,0.1347349131,0.4006967171,3498.0,7,151670,,
151670,STAGATE,19,0.2401505094,0.4499475346,3498.0,7,151670,,
151670,STAGATE,20,0.1654381146,0.4335377433,3498.0,7,151670,,
151670,SpaGCN,1,0.1351996014,0.2832629541,3498.0,7,151670,,
151670,SpaGCN,2,0.2365262758,0.4073721941,3498.0,7,151670,,
151670,SpaGCN,3,0.1903246572,0.3332954653,3498.0,6,151670,,
151670,SpaGCN,4,0.1272609528,0.2546870812,3498.0,7,151670,,
151670,SpaGCN,5,0.2085841335,0.3445118057,3498.0,7,151670,,
151670,SpaGCN,6,0.1682911118,0.332895391,3498.0,7,151670,,
151670,SpaGCN,7,0.1456609556,0.3310988726,3498.0,7,151670,,
151670,SpaGCN,8,0.1399692663,0.2915299222,3498.0,7,151670,,
151670,SpaGCN,9,0.1295560505,0.267342597,3498.0,7,151670,,
151670,SpaGCN,10,0.1581107006,0.2994194984,3498.0,7,151670,,
151670,SpaGCN,11,0.2058100158,0.4028204073,3498.0,7,151670,,
151670,SpaGCN,12,0.1691705208,0.3713911118,3498.0,7,151670,,
151670,SpaGCN,13,0.1534882837,0.3198200315,3498.0,7,151670,,
151670,SpaGCN,14,0.1827316942,0.3427180365,3498.0,7,151670,,
151670,SpaGCN,15,0.1525075903,0.3497714938,3498.0,7,151670,,
151670,SpaGCN,16,0.1660828781,0.3443712636,3498.0,7,151670,,
151670,SpaGCN,17,0.1581381835,0.3102883426,3498.0,7,151670,,
151670,SpaGCN,18,0.1383654867,0.3730566113,3498.0,7,151670,,
151670,SpaGCN,19,0.1752689493,0.3635892946,3498.0,7,151670,,
151670,SpaGCN,20,0.1617861789,0.3142455255,3498.0,7,151670,,
151670,BANKSY,1,0.2093976762,0.4395195596,3498.0,7,151670,,
151670,BANKSY,2,0.6745597221,0.612690155,3498.0,7,151670,,
151670,BANKSY,3,0.6527199873,0.6013569356,3498.0,7,151670,,
151670,BANKSY,4,0.2533441967,0.4779781285,3498.0,7,151670,,
151670,BANKSY,5,0.4154807082,0.5643629005,3498.0,7,151670,,
151670,BANKSY,6,0.4350262525,0.5509308873,3498.0,7,151670,,
151670,BANKSY,7,0.4206150955,0.4695082881,3498.0,7,151670,,
151670,BANKSY,8,0.3085043587,0.4908311362,3498.0,7,151670,,
151670,BANKSY,9,0.4881398776,0.5492774891,3498.0,7,151670,,
151670,BANKSY,10,0.2484749177,0.470529669,3498.0,7,151670,,
151670,BANKSY,11,0.3823882923,0.5497756873,3498.0,7,151670,,
151670,BANKSY,12,0.4342302983,0.5489826308,3498.0,7,151670,,
151670,BANKSY,13,0.2803535263,0.4811384439,3498.0,7,151670,,
151670,BANKSY,14,0.2489353725,0.4762144429,3498.0,7,151670,,
151670,BANKSY,15,0.2226896022,0.4473099536,3498.0,7,151670,,
151670,BANKSY,16,0.2487059887,0.4756118395,3498.0,7,151670,,
151670,BANKSY,17,0.4378239336,0.5514497191,3498.0,7,151670,,
151670,BANKSY,18,0.3823882923,0.5497756873,3498.0,7,151670,,
151670,BANKSY,19,0.2822658872,0.4794678262,3498.0,7,151670,,
151670,BANKSY,20,0.3150337354,0.4792732819,3498.0,7,151670,,
151670,SEDR,1,0.325436193383,0.5401097456569999,3498.0,7,151670,3498.0,18332.0
151670,SEDR,2,0.256421579544,0.4983083029329999,3498.0,7,151670,3498.0,18332.0
151670,SEDR,3,0.348360683497,0.5242865335959999,3498.0,7,151670,3498.0,18332.0
151670,SEDR,4,0.241976544965,0.4645492772559999,3498.0,7,151670,3498.0,18332.0
151670,SEDR,5,0.3183681364409999,0.5044717076129999,3498.0,7,151670,3498.0,18332.0
151670,SEDR,6,0.388944931626,0.548075535793,3498.0,7,151670,3498.0,18332.0
151670,SEDR,7,0.258454264689,0.4914154124849999,3498.0,7,151670,3498.0,18332.0
151670,SEDR,8,0.3198610004079999,0.527915173214,3498.0,7,151670,3498.0,18332.0
151670,SEDR,9,0.3160110082939999,0.5110042843809999,3498.0,7,151670,3498.0,18332.0
151670,SEDR,10,0.288212912817,0.521162577175,3498.0,7,151670,3498.0,18332.0
151670,SEDR,11,0.2804406087449999,0.47985236104,3498.0,7,151670,3498.0,18332.0
151670,SEDR,12,0.329736010936,0.500730395197,3498.0,7,151670,3498.0,18332.0
151670,SEDR,13,0.2981847534739999,0.508569329137,3498.0,7,151670,3498.0,18332.0
151670,SEDR,14,0.3135433891,0.521395169973,3498.0,7,151670,3498.0,18332.0
151670,SEDR,15,0.2734043830099999,0.509203190621,3498.0,7,151670,3498.0,18332.0
151670,SEDR,16,0.3843087297819999,0.579659660764,3498.0,7,151670,3498.0,18332.0
151670,SEDR,17,0.321435295806,0.552357647166,3498.0,7,151670,3498.0,18332.0
151670,SEDR,18,0.401382442369,0.572592462184,3498.0,7,151670,3498.0,18332.0
151670,SEDR,19,0.312743967582,0.5060680049629999,3498.0,7,151670,3498.0,18332.0
151670,SEDR,20,0.249767930362,0.498951049498,3498.0,7,151670,3498.0,18332.0
151671,GraphST,1,0.2978206384,0.4079859928,4110.0,7,151671,,
151671,GraphST,2,0.3061355225,0.4117776121,4110.0,7,151671,,
151671,GraphST,3,0.3323913267,0.4029045319,4110.0,7,151671,,
151671,GraphST,4,0.3061337433,0.4150465054,4110.0,7,151671,,
151671,GraphST,5,0.3171926609,0.417038286,4110.0,7,151671,,
151671,GraphST,6,0.3029430264,0.4155544653,4110.0,7,151671,,
151671,GraphST,7,0.2907339964,0.409339298,4110.0,7,151671,,
151671,GraphST,8,0.3244858153,0.4319552152,4110.0,7,151671,,
151671,GraphST,9,0.3327844919,0.4030676663,4110.0,7,151671,,
151671,GraphST,10,0.2812596264,0.4081469365,4110.0,7,151671,,
151671,GraphST,11,0.2400221114,0.395524127,4110.0,7,151671,,
151671,GraphST,12,0.302247797,0.4023734692,4110.0,7,151671,,
151671,GraphST,13,0.2887952945,0.3977563571,4110.0,7,151671,,
151671,GraphST,14,0.3221946893,0.4314324901,4110.0,7,151671,,
151671,GraphST,15,0.3196055169,0.4147423967,4110.0,7,151671,,
151671,GraphST,16,0.3257444363,0.4259627644,4110.0,7,151671,,
151671,GraphST,17,0.2732651554,0.4113350177,4110.0,7,151671,,
151671,GraphST,18,0.2495461161,0.4003215203,4110.0,7,151671,,
151671,GraphST,19,0.2583964364,0.4048790152,4110.0,7,151671,,
151671,GraphST,20,0.2473001927,0.4093293878,4110.0,7,151671,,
151671,STAGATE,1,0.3794101238,0.5235766008,4110.0,7,151671,,
151671,STAGATE,2,0.3645939089,0.5074770002,4110.0,7,151671,,
151671,STAGATE,3,0.3884047868,0.4787544035,4110.0,7,151671,,
151671,STAGATE,4,0.368509307,0.5099384751,4110.0,7,151671,,
151671,STAGATE,5,0.3191360923,0.4964718481,4110.0,7,151671,,
151671,STAGATE,6,0.3091781998,0.4701242892,4110.0,7,151671,,
151671,STAGATE,7,0.342713322,0.5106080764,4110.0,7,151671,,
151671,STAGATE,8,0.3463643634,0.5020389457,4110.0,7,151671,,
151671,STAGATE,9,0.3059040527,0.4865049622,4110.0,7,151671,,
151671,STAGATE,10,0.3343167269,0.4904059013,4110.0,7,151671,,
151671,STAGATE,11,0.3530454605,0.4884658524,4110.0,7,151671,,
151671,STAGATE,12,0.3390690488,0.4991349971,4110.0,7,151671,,
151671,STAGATE,13,0.3563344578,0.5029965289,4110.0,7,151671,,
151671,STAGATE,14,0.3924300446,0.483507097,4110.0,7,151671,,
151671,STAGATE,15,0.3357082155,0.4938220987,4110.0,7,151671,,
151671,STAGATE,16,0.3236194737,0.4958450441,4110.0,7,151671,,
151671,STAGATE,17,0.3795342077,0.5113251042,4110.0,7,151671,,
151671,STAGATE,18,0.3335209093,0.4818115275,4110.0,7,151671,,
151671,STAGATE,19,0.3795290295,0.4785901135,4110.0,7,151671,,
151671,STAGATE,20,0.379529541,0.517955089,4110.0,7,151671,,
151671,SpaGCN,1,0.2411672804,0.3866826444,4110.0,7,151671,,
151671,SpaGCN,2,0.2800024137,0.4228640673,4110.0,7,151671,,
151671,SpaGCN,3,0.2399759945,0.3838829688,4110.0,7,151671,,
151671,SpaGCN,4,0.2242617762,0.3441096177,4110.0,7,151671,,
151671,SpaGCN,5,0.1900747368,0.3179810489,4110.0,7,151671,,
151671,SpaGCN,6,0.2264171902,0.3566827714,4110.0,7,151671,,
151671,SpaGCN,7,0.2516697519,0.3606682386,4110.0,7,151671,,
151671,SpaGCN,8,0.2395075077,0.3742112868,4110.0,7,151671,,
151671,SpaGCN,9,0.2318690665,0.3734630352,4110.0,7,151671,,
151671,SpaGCN,10,0.2722245027,0.420979777,4110.0,7,151671,,
151671,SpaGCN,11,0.242331449,0.3700032112,4110.0,7,151671,,
151671,SpaGCN,12,0.3249746284,0.4639676795,4110.0,7,151671,,
151671,SpaGCN,13,0.2553076351,0.3958936844,4110.0,7,151671,,
151671,SpaGCN,14,0.2073623189,0.3396581695,4110.0,7,151671,,
151671,SpaGCN,15,0.3307880704,0.4903526168,4110.0,7,151671,,
151671,SpaGCN,16,0.2412317802,0.3826968691,4110.0,7,151671,,
151671,SpaGCN,17,0.2825003683,0.4324832978,4110.0,7,151671,,
151671,SpaGCN,18,0.2551521029,0.3893090786,4110.0,7,151671,,
151671,SpaGCN,19,0.2648898026,0.3975263177,4110.0,7,151671,,
151671,SpaGCN,20,0.2373415052,0.3817496247,4110.0,7,151671,,
151671,BANKSY,1,0.4196003078,0.5419111493,4110.0,7,151671,,
151671,BANKSY,2,0.4184808978,0.5433873544,4110.0,7,151671,,
151671,BANKSY,3,0.4135282593,0.5394269215,4110.0,7,151671,,
151671,BANKSY,4,0.4260928007,0.541812514,4110.0,7,151671,,
151671,BANKSY,5,0.4239168415,0.5316245847,4110.0,7,151671,,
151671,BANKSY,6,0.4151930008,0.5411248445,4110.0,7,151671,,
151671,BANKSY,7,0.4120491809,0.5384339622,4110.0,7,151671,,
151671,BANKSY,8,0.4074872163,0.5307375665,4110.0,7,151671,,
151671,BANKSY,9,0.3578305201,0.5068970671,4110.0,7,151671,,
151671,BANKSY,10,0.400627486,0.5070058158,4110.0,7,151671,,
151671,BANKSY,11,0.4213298959,0.5294342068,4110.0,7,151671,,
151671,BANKSY,12,0.412984125,0.5387702928,4110.0,7,151671,,
151671,BANKSY,13,0.4192090418,0.5418802145,4110.0,7,151671,,
151671,BANKSY,14,0.4219680991,0.5299529272,4110.0,7,151671,,
151671,BANKSY,15,0.362088094,0.5245955429,4110.0,7,151671,,
151671,BANKSY,16,0.4156096529,0.5053666629,4110.0,7,151671,,
151671,BANKSY,17,0.4164362054,0.5378628775,4110.0,7,151671,,
151671,BANKSY,18,0.382431105,0.4943503493,4110.0,7,151671,,
151671,BANKSY,19,0.4203777707,0.5287258461,4110.0,7,151671,,
151671,BANKSY,20,0.4273852203,0.5354011977,4110.0,7,151671,,
151671,SEDR,1,0.5841146153599999,0.689499061325,4110.0,7,151671,4110.0,19041.0
151671,SEDR,2,0.5262886655759998,0.668761546733,4110.0,7,151671,4110.0,19041.0
151671,SEDR,3,0.526249814305,0.669743003381,4110.0,7,151671,4110.0,19041.0
151671,SEDR,4,0.5903484423789999,0.6927088525979999,4110.0,7,151671,4110.0,19041.0
151671,SEDR,5,0.579671067486,0.6939603159389999,4110.0,7,151671,4110.0,19041.0
151671,SEDR,6,0.4889005855799999,0.647173168927,4110.0,7,151671,4110.0,19041.0
151671,SEDR,7,0.448384354948,0.646172553735,4110.0,7,151671,4110.0,19041.0
151671,SEDR,8,0.605693411219,0.679538584637,4110.0,7,151671,4110.0,19041.0
151671,SEDR,9,0.583641763077,0.6683716305779999,4110.0,7,151671,4110.0,19041.0
151671,SEDR,10,0.4466312568449999,0.6527969936949999,4110.0,7,151671,4110.0,19041.0
151671,SEDR,11,0.4543249345579999,0.663684000633,4110.0,7,151671,4110.0,19041.0
151671,SEDR,12,0.4305107684319999,0.594069949119,4110.0,7,151671,4110.0,19041.0
151671,SEDR,13,0.458205909078,0.647063711522,4110.0,7,151671,4110.0,19041.0
151671,SEDR,14,0.526612958734,0.668252706148,4110.0,7,151671,4110.0,19041.0
151671,SEDR,15,0.4697944262339999,0.646900364778,4110.0,7,151671,4110.0,19041.0
151671,SEDR,16,0.597254343979,0.666497377496,4110.0,7,151671,4110.0,19041.0
151671,SEDR,17,0.47585748885,0.659907766335,4110.0,7,151671,4110.0,19041.0
151671,SEDR,18,0.47446201962,0.6553519345239999,4110.0,7,151671,4110.0,19041.0
151671,SEDR,19,0.4341843964409999,0.641218606385,4110.0,7,151671,4110.0,19041.0
151671,SEDR,20,0.4580093427149999,0.6476405191399999,4110.0,7,151671,4110.0,19041.0
151672,GraphST,1,0.3426393915,0.3806155382,4015.0,7,151672,,
151672,GraphST,2,0.2664036149,0.3580175468,4015.0,7,151672,,
151672,GraphST,3,0.3399078474,0.4121487277,4015.0,7,151672,,
151672,GraphST,4,0.3363316962,0.3840103112,4015.0,7,151672,,
151672,GraphST,5,0.2923222597,0.3582589134,4015.0,7,151672,,
151672,GraphST,6,0.3195016537,0.3662091082,4015.0,7,151672,,
151672,GraphST,7,0.3607505427,0.4078685572,4015.0,7,151672,,
151672,GraphST,8,0.3202019189,0.3647225333,4015.0,7,151672,,
151672,GraphST,9,0.3327408455,0.3665844902,4015.0,7,151672,,
151672,GraphST,10,0.2944220819,0.3620455793,4015.0,7,151672,,
151672,GraphST,11,0.299155775,0.3400303275,4015.0,7,151672,,
151672,GraphST,12,0.3431451403,0.3936673336,4015.0,7,151672,,
151672,GraphST,13,0.3434005039,0.376004164,4015.0,7,151672,,
151672,GraphST,14,0.3021837405,0.3607831863,4015.0,7,151672,,
151672,GraphST,15,0.3197547416,0.3711914164,4015.0,7,151672,,
151672,GraphST,16,0.2049429524,0.343561718,4015.0,7,151672,,
151672,GraphST,17,0.3204357609,0.3663407387,4015.0,7,151672,,
151672,GraphST,18,0.3259699623,0.3788598048,4015.0,7,151672,,
151672,GraphST,19,0.3302010979,0.381737794,4015.0,7,151672,,
151672,GraphST,20,0.309510277,0.3490858598,4015.0,7,151672,,
151672,STAGATE,1,0.3737746728,0.4743059673,4015.0,7,151672,,
151672,STAGATE,2,0.3967530189,0.4994531402,4015.0,7,151672,,
151672,STAGATE,3,0.4011905353,0.5047445373,4015.0,7,151672,,
151672,STAGATE,4,0.3522560457,0.4603083537,4015.0,7,151672,,
151672,STAGATE,5,0.4076821639,0.5125515011,4015.0,7,151672,,
151672,STAGATE,6,0.3739722964,0.4839752266,4015.0,7,151672,,
151672,STAGATE,7,0.3857709694,0.4947335984,4015.0,7,151672,,
151672,STAGATE,8,0.3693142088,0.4591026858,4015.0,7,151672,,
151672,STAGATE,9,0.4010628405,0.4785131652,4015.0,7,151672,,
151672,STAGATE,10,0.3944954882,0.4890517708,4015.0,7,151672,,
151672,STAGATE,11,0.3975527932,0.5056772253,4015.0,7,151672,,
151672,STAGATE,12,0.3651982532,0.4780964152,4015.0,7,151672,,
151672,STAGATE,13,0.3918212822,0.486092804,4015.0,7,151672,,
151672,STAGATE,14,0.3841471071,0.4628352053,4015.0,7,151672,,
151672,STAGATE,15,0.377644311,0.4840711458,4015.0,7,151672,,
151672,STAGATE,16,0.3803721808,0.4768539346,4015.0,7,151672,,
151672,STAGATE,17,0.3792202271,0.4745907334,4015.0,7,151672,,
151672,STAGATE,18,0.3788852247,0.4802079687,4015.0,7,151672,,
151672,STAGATE,19,0.4102767314,0.4926835122,4015.0,7,151672,,
151672,STAGATE,20,0.3832313122,0.5038503319,4015.0,7,151672,,
151672,SpaGCN,1,0.3115676312,0.4751516736,4015.0,7,151672,,
151672,SpaGCN,2,0.3053733775,0.455664887,4015.0,7,151672,,
151672,SpaGCN,3,0.2527371907,0.3958187612,4015.0,7,151672,,
151672,SpaGCN,4,0.2824558133,0.4190892293,4015.0,7,151672,,
151672,SpaGCN,5,0.306155597,0.4453409638,4015.0,7,151672,,
151672,SpaGCN,6,0.2845093847,0.43923638,4015.0,7,151672,,
151672,SpaGCN,7,0.2969668129,0.4501795543,4015.0,7,151672,,
151672,SpaGCN,8,0.2721249668,0.3892787658,4015.0,7,151672,,
151672,SpaGCN,9,0.3308710605,0.4597566262,4015.0,7,151672,,
151672,SpaGCN,10,0.2600669316,0.3909143839,4015.0,7,151672,,
151672,SpaGCN,11,0.3110106562,0.4640631723,4015.0,7,151672,,
151672,SpaGCN,12,0.3193221942,0.4732487046,4015.0,7,151672,,
151672,SpaGCN,13,0.2571288828,0.3641048665,4015.0,7,151672,,
151672,SpaGCN,14,0.3202886056,0.4465366115,4015.0,7,151672,,
151672,SpaGCN,15,0.2835615366,0.4172280374,4015.0,7,151672,,
151672,SpaGCN,16,0.2566688224,0.4015833065,4015.0,7,151672,,
151672,SpaGCN,17,0.3262165103,0.4252045291,4015.0,7,151672,,
151672,SpaGCN,18,0.297269127,0.4298856631,4015.0,7,151672,,
151672,SpaGCN,19,0.2866295246,0.4299743035,4015.0,7,151672,,
151672,SpaGCN,20,0.3273750915,0.4781689286,4015.0,7,151672,,
151672,BANKSY,1,0.4652672068,0.5875375317,4015.0,7,151672,,
151672,BANKSY,2,0.5812613917,0.5807833557,4015.0,7,151672,,
151672,BANKSY,3,0.4595202907,0.5606574606,4015.0,7,151672,,
151672,BANKSY,4,0.7249702866,0.6851253855,4015.0,7,151672,,
151672,BANKSY,5,0.45279379,0.5635615045,4015.0,7,151672,,
151672,BANKSY,6,0.6542948662,0.6396379671,4015.0,7,151672,,
151672,BANKSY,7,0.4447348879,0.5581364742,4015.0,7,151672,,
151672,BANKSY,8,0.4482645105,0.5598411217,4015.0,7,151672,,
151672,BANKSY,9,0.3833218916,0.5024090868,4015.0,7,151672,,
151672,BANKSY,10,0.4467911377,0.5574487712,4015.0,7,151672,,
151672,BANKSY,11,0.4416083406,0.5479280011,4015.0,7,151672,,
151672,BANKSY,12,0.6098789846,0.6166011921,4015.0,7,151672,,
151672,BANKSY,13,0.448367854,0.5594832387,4015.0,7,151672,,
151672,BANKSY,14,0.4486820393,0.5605181963,4015.0,7,151672,,
151672,BANKSY,15,0.4407720964,0.5461011447,4015.0,7,151672,,
151672,BANKSY,16,0.627517542,0.646226409,4015.0,7,151672,,
151672,BANKSY,17,0.4445093699,0.557509974,4015.0,7,151672,,
151672,BANKSY,18,0.4451253342,0.5585039775,4015.0,7,151672,,
151672,BANKSY,19,0.4363531978,0.5401642056,4015.0,7,151672,,
151672,BANKSY,20,0.4390728132,0.5506034249,4015.0,7,151672,,
151672,SEDR,1,0.456556351365,0.629141658356,4015.0,7,151672,4015.0,18730.0
151672,SEDR,2,0.4438643791279999,0.628125163436,4015.0,7,151672,4015.0,18730.0
151672,SEDR,3,0.480415671814,0.6381248822249999,4015.0,7,151672,4015.0,18730.0
151672,SEDR,4,0.491936294907,0.655481686656,4015.0,7,151672,4015.0,18730.0
151672,SEDR,5,0.48094528054,0.6438206976639999,4015.0,7,151672,4015.0,18730.0
151672,SEDR,6,0.484143845519,0.649594771087,4015.0,7,151672,4015.0,18730.0
151672,SEDR,7,0.47649204611,0.6499350467619999,4015.0,7,151672,4015.0,18730.0
151672,SEDR,8,0.497839150311,0.6515693522509999,4015.0,7,151672,4015.0,18730.0
151672,SEDR,9,0.568318333285,0.684228502339,4015.0,7,151672,4015.0,18730.0
151672,SEDR,10,0.53818240894,0.669678821423,4015.0,7,151672,4015.0,18730.0
151672,SEDR,11,0.5311933848359999,0.656871472559,4015.0,7,151672,4015.0,18730.0
151672,SEDR,12,0.526540519064,0.666345131246,4015.0,7,151672,4015.0,18730.0
151672,SEDR,13,0.493390167622,0.6634509221309999,4015.0,7,151672,4015.0,18730.0
151672,SEDR,14,0.448661967112,0.6328740861749999,4015.0,7,151672,4015.0,18730.0
151672,SEDR,15,0.4824556087049999,0.6413369498759999,4015.0,7,151672,4015.0,18730.0
151672,SEDR,16,0.493235356635,0.660549879027,4015.0,7,151672,4015.0,18730.0
151672,SEDR,17,0.555019884666,0.68362722019,4015.0,7,151672,4015.0,18730.0
151672,SEDR,18,0.4754248288899999,0.6479439207089999,4015.0,7,151672,4015.0,18730.0
151672,SEDR,19,0.466989297177,0.64344569362,4015.0,7,151672,4015.0,18730.0
151672,SEDR,20,0.5291225153899999,0.667187981659,4015.0,7,151672,4015.0,18730.0
151673,GraphST,1,0.2107317149,0.4206958966,3639.0,7,151673,,
151673,GraphST,2,0.203887195,0.4046139643,3639.0,7,151673,,
151673,GraphST,3,0.1821890852,0.3538158579,3639.0,7,151673,,
151673,GraphST,4,0.1875390622,0.3868424431,3639.0,7,151673,,
151673,GraphST,5,0.1909428932,0.3660237893,3639.0,7,151673,,
151673,GraphST,6,0.2156982719,0.4180206426,3639.0,7,151673,,
151673,GraphST,7,0.2038502375,0.3958677074,3639.0,7,151673,,
151673,GraphST,8,0.1873279756,0.3662892134,3639.0,7,151673,,
151673,GraphST,9,0.2033034442,0.4018156857,3639.0,7,151673,,
151673,GraphST,10,0.1933185523,0.3722053642,3639.0,7,151673,,
151673,GraphST,11,0.2294850467,0.4313624932,3639.0,7,151673,,
151673,GraphST,12,0.1957998694,0.4108875545,3639.0,7,151673,,
151673,GraphST,13,0.1759093035,0.3431539142,3639.0,7,151673,,
151673,GraphST,14,0.1962893174,0.4015718733,3639.0,7,151673,,
151673,GraphST,15,0.2074128696,0.399913206,3639.0,7,151673,,
151673,GraphST,16,0.2101946023,0.4210803689,3639.0,7,151673,,
151673,GraphST,17,0.1974745033,0.4008687781,3639.0,7,151673,,
151673,GraphST,18,0.21373255,0.4113379873,3639.0,7,151673,,
151673,GraphST,19,0.2023020031,0.4018420777,3639.0,7,151673,,
151673,GraphST,20,0.1927667086,0.3711331373,3639.0,7,151673,,
151673,STAGATE,1,0.2364837343,0.4642282494,3639.0,7,151673,,
151673,STAGATE,2,0.210043198,0.3963824807,3639.0,7,151673,,
151673,STAGATE,3,0.1927759993,0.3827899084,3639.0,7,151673,,
151673,STAGATE,4,0.1992543914,0.3900984938,3639.0,7,151673,,
151673,STAGATE,5,0.2540036582,0.439490328,3639.0,7,151673,,
151673,STAGATE,6,0.2545027366,0.4271106,3639.0,7,151673,,
151673,STAGATE,7,0.2155618486,0.4070050997,3639.0,7,151673,,
151673,STAGATE,8,0.2605273936,0.4498767871,3639.0,7,151673,,
151673,STAGATE,9,0.2536408955,0.4311550144,3639.0,7,151673,,
151673,STAGATE,10,0.2181689467,0.4084687207,3639.0,7,151673,,
151673,STAGATE,11,0.2098416154,0.4010766115,3639.0,7,151673,,
151673,STAGATE,12,0.2479476501,0.4238307976,3639.0,7,151673,,
151673,STAGATE,13,0.2305080237,0.4071452218,3639.0,7,151673,,
151673,STAGATE,14,0.2240020509,0.4128205917,3639.0,7,151673,,
151673,STAGATE,15,0.2256693923,0.4178587975,3639.0,7,151673,,
151673,STAGATE,16,0.2660158285,0.4301586185,3639.0,7,151673,,
151673,STAGATE,17,0.1982295806,0.3867225625,3639.0,7,151673,,
151673,STAGATE,18,0.1879368551,0.3715613993,3639.0,7,151673,,
151673,STAGATE,19,0.2231642366,0.412236861,3639.0,7,151673,,
151673,STAGATE,20,0.2429965503,0.4407706432,3639.0,7,151673,,
151673,SpaGCN,1,0.3008912859,0.4465379981,3639.0,7,151673,,
151673,SpaGCN,2,0.2133017795,0.3327061413,3639.0,7,151673,,
151673,SpaGCN,3,0.2654624427,0.4069623173,3639.0,7,151673,,
151673,SpaGCN,4,0.3289365562,0.4744490496,3639.0,7,151673,,
151673,SpaGCN,5,0.2674882405,0.4129517234,3639.0,7,151673,,
151673,SpaGCN,6,0.2873032124,0.4433564649,3639.0,7,151673,,
151673,SpaGCN,7,0.2971823027,0.4634045736,3639.0,7,151673,,
151673,SpaGCN,8,0.2847249001,0.4217535879,3639.0,7,151673,,
151673,SpaGCN,9,0.2187976796,0.3479606962,3639.0,7,151673,,
151673,SpaGCN,10,0.2899618102,0.4558906956,3639.0,7,151673,,
151673,SpaGCN,11,0.2621405296,0.387158911,3639.0,7,151673,,
151673,SpaGCN,12,0.27942371,0.4204143681,3639.0,7,151673,,
151673,SpaGCN,13,0.2863286707,0.4158094293,3639.0,7,151673,,
151673,SpaGCN,14,0.2761256155,0.4334516673,3639.0,7,151673,,
151673,SpaGCN,15,0.2009350986,0.3218025786,3639.0,7,151673,,
151673,SpaGCN,16,0.247141526,0.3672130714,3639.0,7,151673,,
151673,SpaGCN,17,0.2342514292,0.3493503651,3639.0,7,151673,,
151673,SpaGCN,18,0.2244125886,0.3471774244,3639.0,7,151673,,
151673,SpaGCN,19,0.2838627096,0.4588547113,3639.0,7,151673,,
151673,SpaGCN,20,0.2814533308,0.4061327345,3639.0,7,151673,,
151673,BANKSY,1,0.324903826,0.544593026,3639.0,7,151673,,
151673,BANKSY,2,0.3283360431,0.50625171,3639.0,7,151673,,
151673,BANKSY,3,0.3750827572,0.5860410459,3639.0,7,151673,,
151673,BANKSY,4,0.3199417319,0.4980559046,3639.0,7,151673,,
151673,BANKSY,5,0.3754829268,0.5813160457,3639.0,7,151673,,
151673,BANKSY,6,0.3754829268,0.5813160457,3639.0,7,151673,,
151673,BANKSY,7,0.2018075327,0.3730973105,3639.0,7,151673,,
151673,BANKSY,8,0.301873243,0.5315509641,3639.0,7,151673,,
151673,BANKSY,9,0.3754829268,0.5813160457,3639.0,7,151673,,
151673,BANKSY,10,0.3285443389,0.5063877971,3639.0,7,151673,,
151673,BANKSY,11,0.3149463484,0.5400401958,3639.0,7,151673,,
151673,BANKSY,12,0.3754829268,0.5813160457,3639.0,7,151673,,
151673,BANKSY,13,0.3283360431,0.50625171,3639.0,7,151673,,
151673,BANKSY,14,0.3555526312,0.5729506181,3639.0,7,151673,,
151673,BANKSY,15,0.3133799546,0.5291666299,3639.0,7,151673,,
151673,BANKSY,16,0.3144869638,0.530111986,3639.0,7,151673,,
151673,BANKSY,17,0.3752231552,0.5810566381,3639.0,7,151673,,
151673,BANKSY,18,0.3285443389,0.5063877971,3639.0,7,151673,,
151673,BANKSY,19,0.3207024795,0.5021753862,3639.0,7,151673,,
151673,BANKSY,20,0.300618627,0.5303518169,3639.0,7,151673,,
151673,SEDR,1,0.528799121577,0.6666470256059999,3639.0,7,151673,3639.0,19151.0
151673,SEDR,2,0.595173977593,0.710817656256,3639.0,7,151673,3639.0,19151.0
151673,SEDR,3,0.5809140964729999,0.708118751321,3639.0,7,151673,3639.0,19151.0
151673,SEDR,4,0.548045286964,0.680931576826,3639.0,7,151673,3639.0,19151.0
151673,SEDR,5,0.565429911593,0.7060368115959998,3639.0,7,151673,3639.0,19151.0
151673,SEDR,6,0.5591641203599998,0.6979508404809999,3639.0,7,151673,3639.0,19151.0
151673,SEDR,7,0.647047736515,0.685647347937,3639.0,7,151673,3639.0,19151.0
151673,SEDR,8,0.57335879467,0.686165740906,3639.0,7,151673,3639.0,19151.0
151673,SEDR,9,0.522386254186,0.6587793723729999,3639.0,7,151673,3639.0,19151.0
151673,SEDR,10,0.6151345404589998,0.721532483183,3639.0,7,151673,3639.0,19151.0
151673,SEDR,11,0.611167342857,0.730445345969,3639.0,7,151673,3639.0,19151.0
151673,SEDR,12,0.523742487596,0.672273792818,3639.0,7,151673,3639.0,19151.0
151673,SEDR,13,0.4930428419019999,0.643623594912,3639.0,7,151673,3639.0,19151.0
151673,SEDR,14,0.603188329755,0.712203058241,3639.0,7,151673,3639.0,19151.0
151673,SEDR,15,0.5932227111819999,0.713543767391,3639.0,7,151673,3639.0,19151.0
151673,SEDR,16,0.531236580357,0.6696629870239998,3639.0,7,151673,3639.0,19151.0
151673,SEDR,17,0.574309819792,0.688419887561,3639.0,7,151673,3639.0,19151.0
151673,SEDR,18,0.617008423095,0.720622328246,3639.0,7,151673,3639.0,19151.0
151673,SEDR,19,0.5096802489199999,0.679580569244,3639.0,7,151673,3639.0,19151.0
151673,SEDR,20,0.537209966562,0.6700907924729999,3639.0,7,151673,3639.0,19151.0
151674,GraphST,1,0.1686199038,0.350651151,3673.0,7,151674,,
151674,GraphST,2,0.1802139594,0.3863597076,3673.0,7,151674,,
151674,GraphST,3,0.1651480478,0.334729945,3673.0,7,151674,,
151674,GraphST,4,0.2099855293,0.369993113,3673.0,7,151674,,
151674,GraphST,5,0.1744841548,0.3509572964,3673.0,7,151674,,
151674,GraphST,6,0.1974532291,0.34397418,3673.0,7,151674,,
151674,GraphST,7,0.1501472613,0.3287766606,3673.0,7,151674,,
151674,GraphST,8,0.2113717819,0.3755892414,3673.0,7,151674,,
151674,GraphST,9,0.1863838119,0.3359515572,3673.0,7,151674,,
151674,GraphST,10,0.1980120318,0.3521034834,3673.0,7,151674,,
151674,GraphST,11,0.2359508844,0.3871580408,3673.0,7,151674,,
151674,GraphST,12,0.2074530721,0.3675998846,3673.0,7,151674,,
151674,GraphST,13,0.186190845,0.3600215443,3673.0,7,151674,,
151674,GraphST,14,0.2284912561,0.3931811478,3673.0,7,151674,,
151674,GraphST,15,0.1971459546,0.3676030076,3673.0,7,151674,,
151674,GraphST,16,0.2061742218,0.3555218764,3673.0,7,151674,,
151674,GraphST,17,0.2274187189,0.3780271345,3673.0,7,151674,,
151674,GraphST,18,0.1622857219,0.3351483887,3673.0,7,151674,,
151674,GraphST,19,0.1859637891,0.3424184897,3673.0,7,151674,,
151674,GraphST,20,0.2143696963,0.3802526641,3673.0,7,151674,,
151674,STAGATE,1,0.203542955,0.351169902,3673.0,7,151674,,
151674,STAGATE,2,0.2354745105,0.3686891172,3673.0,7,151674,,
151674,STAGATE,3,0.1869109582,0.366384137,3673.0,7,151674,,
151674,STAGATE,4,0.2189472045,0.3612688584,3673.0,7,151674,,
151674,STAGATE,5,0.2339261554,0.3948108644,3673.0,7,151674,,
151674,STAGATE,6,0.2020949527,0.3653312846,3673.0,7,151674,,
151674,STAGATE,7,0.1660756937,0.3364005708,3673.0,7,151674,,
151674,STAGATE,8,0.214631069,0.3488780927,3673.0,7,151674,,
151674,STAGATE,9,0.1716938378,0.3256192211,3673.0,7,151674,,
151674,STAGATE,10,0.1856210375,0.3700178206,3673.0,7,151674,,
151674,STAGATE,11,0.2324536139,0.3602380151,3673.0,7,151674,,
151674,STAGATE,12,0.2142660288,0.3648060439,3673.0,7,151674,,
151674,STAGATE,13,0.2324069573,0.3702768242,3673.0,7,151674,,
151674,STAGATE,14,0.2146455013,0.3558792106,3673.0,7,151674,,
151674,STAGATE,15,0.218025935,0.4101659933,3673.0,7,151674,,
151674,STAGATE,16,0.2216493099,0.3641837179,3673.0,7,151674,,
151674,STAGATE,17,0.202695257,0.3195576055,3673.0,7,151674,,
151674,STAGATE,18,0.1227576212,0.3234951083,3673.0,7,151674,,
151674,STAGATE,19,0.2055342887,0.3669581613,3673.0,7,151674,,
151674,STAGATE,20,0.2116575669,0.3668175792,3673.0,7,151674,,
151674,SpaGCN,1,0.2422400308,0.3937886943,3673.0,7,151674,,
151674,SpaGCN,2,0.2379229672,0.3845911146,3673.0,7,151674,,
151674,SpaGCN,3,0.2372941382,0.3787493082,3673.0,7,151674,,
151674,SpaGCN,4,0.2129460857,0.3628033272,3673.0,7,151674,,
151674,SpaGCN,5,0.2292186696,0.3756202051,3673.0,7,151674,,
151674,SpaGCN,6,0.2193429577,0.3588808005,3673.0,7,151674,,
151674,SpaGCN,7,0.223339478,0.3669650691,3673.0,7,151674,,
151674,SpaGCN,8,0.2232303629,0.3556117747,3673.0,7,151674,,
151674,SpaGCN,9,0.2822475735,0.4097704163,3673.0,7,151674,,
151674,SpaGCN,10,0.2278139954,0.3674087976,3673.0,7,151674,,
151674,SpaGCN,11,0.2183499467,0.346749615,3673.0,7,151674,,
151674,SpaGCN,12,0.2471924273,0.3840809082,3673.0,7,151674,,
151674,SpaGCN,13,0.2336880062,0.3750310721,3673.0,7,151674,,
151674,SpaGCN,14,0.2335930558,0.3806346263,3673.0,7,151674,,
151674,SpaGCN,15,0.2402492183,0.3792623141,3673.0,7,151674,,
151674,SpaGCN,16,0.2721798512,0.404353694,3673.0,7,151674,,
151674,SpaGCN,17,0.1967868088,0.32327173,3673.0,7,151674,,
151674,SpaGCN,18,0.2233108873,0.3663106061,3673.0,7,151674,,
151674,SpaGCN,19,0.217774118,0.3553367411,3673.0,7,151674,,
151674,SpaGCN,20,0.2243304577,0.3625665113,3673.0,7,151674,,
151674,BANKSY,1,0.2151570552,0.3922977536,3673.0,7,151674,,
151674,BANKSY,2,0.2150365203,0.3922676529,3673.0,7,151674,,
151674,BANKSY,3,0.2151570552,0.3922977536,3673.0,7,151674,,
151674,BANKSY,4,0.2330916852,0.4182502842,3673.0,7,151674,,
151674,BANKSY,5,0.2971982693,0.4241638599,3673.0,7,151674,,
151674,BANKSY,6,0.2150365203,0.3922676529,3673.0,7,151674,,
151674,BANKSY,7,0.2114659663,0.3911854406,3673.0,7,151674,,
151674,BANKSY,8,0.3021818678,0.4290555546,3673.0,7,151674,,
151674,BANKSY,9,0.1901303195,0.3327018873,3673.0,7,151674,,
151674,BANKSY,10,0.1888750005,0.334821728,3673.0,7,151674,,
151674,BANKSY,11,0.2093550954,0.384718538,3673.0,7,151674,,
151674,BANKSY,12,0.2151570552,0.3922977536,3673.0,7,151674,,
151674,BANKSY,13,0.2161670667,0.3702895039,3673.0,7,151674,,
151674,BANKSY,14,0.1902712817,0.3325621887,3673.0,7,151674,,
151674,BANKSY,15,0.20900156,0.3846173349,3673.0,7,151674,,
151674,BANKSY,16,0.2233420939,0.3709141436,3673.0,7,151674,,
151674,BANKSY,17,0.2093550954,0.384718538,3673.0,7,151674,,
151674,BANKSY,18,0.2726738105,0.4170383376,3673.0,7,151674,,
151674,BANKSY,19,0.3025505225,0.4293647641,3673.0,7,151674,,
151674,BANKSY,20,0.209166256,0.3847239259,3673.0,7,151674,,
151674,SEDR,1,0.537886431516,0.67361353962,3673.0,7,151674,3673.0,19878.0
151674,SEDR,2,0.5218501295899999,0.656830468646,3673.0,7,151674,3673.0,19878.0
151674,SEDR,3,0.583405960682,0.680331321031,3673.0,7,151674,3673.0,19878.0
151674,SEDR,4,0.6130211279889999,0.720327245405,3673.0,7,151674,3673.0,19878.0
151674,SEDR,5,0.6379292955959999,0.7466613307249998,3673.0,7,151674,3673.0,19878.0
151674,SEDR,6,0.5829962821959999,0.7066858446429999,3673.0,7,151674,3673.0,19878.0
151674,SEDR,7,0.529490514797,0.670866045035,3673.0,7,151674,3673.0,19878.0
151674,SEDR,8,0.434669569789,0.620687059148,3673.0,7,151674,3673.0,19878.0
151674,SEDR,9,0.5576176800359999,0.692256916361,3673.0,7,151674,3673.0,19878.0
151674,SEDR,10,0.559267896558,0.661874396785,3673.0,7,151674,3673.0,19878.0
151674,SEDR,11,0.587905218605,0.700189952723,3673.0,7,151674,3673.0,19878.0
151674,SEDR,12,0.619443423872,0.727899799098,3673.0,7,151674,3673.0,19878.0
151674,SEDR,13,0.5774693630449999,0.6941824797269999,3673.0,7,151674,3673.0,19878.0
151674,SEDR,14,0.611086670559,0.7227941169989999,3673.0,7,151674,3673.0,19878.0
151674,SEDR,15,0.550282146175,0.6870301782809999,3673.0,7,151674,3673.0,19878.0
151674,SEDR,16,0.6095783686029999,0.72557794321,3673.0,7,151674,3673.0,19878.0
151674,SEDR,17,0.4185373727289999,0.582421386386,3673.0,7,151674,3673.0,19878.0
151674,SEDR,18,0.639917859951,0.751785881656,3673.0,7,151674,3673.0,19878.0
151674,SEDR,19,0.5487023034429999,0.672043585558,3673.0,7,151674,3673.0,19878.0
151674,SEDR,20,0.578955115876,0.720801173722,3673.0,7,151674,3673.0,19878.0
151675,GraphST,1,0.1305042668,0.332529389,3592.0,7,151675,,
151675,GraphST,2,0.1289900966,0.3533588375,3592.0,7,151675,,
151675,GraphST,3,0.1238142169,0.3075947514,3592.0,7,151675,,
151675,GraphST,4,0.1499083005,0.3619084777,3592.0,7,151675,,
151675,GraphST,5,0.1464852688,0.3392835964,3592.0,7,151675,,
151675,GraphST,6,0.14064671,0.3188888792,3592.0,7,151675,,
151675,GraphST,7,0.1583683624,0.4046695168,3592.0,7,151675,,
151675,GraphST,8,0.1462597214,0.3636319041,3592.0,7,151675,,
151675,GraphST,9,0.1614917608,0.3477414588,3592.0,7,151675,,
151675,GraphST,10,0.1372541022,0.3335419374,3592.0,7,151675,,
151675,GraphST,11,0.1560574677,0.4071179125,3592.0,7,151675,,
151675,GraphST,12,0.1720322507,0.3530902163,3592.0,7,151675,,
151675,GraphST,13,0.1333557765,0.3139753163,3592.0,7,151675,,
151675,GraphST,14,0.1592493918,0.3748792269,3592.0,7,151675,,
151675,GraphST,15,0.1289609744,0.3063661146,3592.0,7,151675,,
151675,GraphST,16,0.1459023812,0.3762676809,3592.0,7,151675,,
151675,GraphST,17,0.1468197551,0.3930738597,3592.0,7,151675,,
151675,GraphST,18,0.1271288261,0.3456010228,3592.0,7,151675,,
151675,GraphST,19,0.1968122062,0.3565388216,3592.0,7,151675,,
151675,GraphST,20,0.1606151606,0.3862320653,3592.0,7,151675,,
151675,STAGATE,1,0.1596539691,0.3751492755,3592.0,7,151675,,
151675,STAGATE,2,0.2162104216,0.4143821823,3592.0,7,151675,,
151675,STAGATE,3,0.2053370133,0.3805594571,3592.0,7,151675,,
151675,STAGATE,4,0.1798929876,0.3606960713,3592.0,7,151675,,
151675,STAGATE,5,0.190612256,0.3681889214,3592.0,7,151675,,
151675,STAGATE,6,0.1984382291,0.3712577679,3592.0,7,151675,,
151675,STAGATE,7,0.191515806,0.3728647648,3592.0,7,151675,,
151675,STAGATE,8,0.2012699902,0.393552875,3592.0,7,151675,,
151675,STAGATE,9,0.1694411322,0.3316019221,3592.0,7,151675,,
151675,STAGATE,10,0.1602370567,0.3351328087,3592.0,7,151675,,
151675,STAGATE,11,0.1446481605,0.3308890912,3592.0,7,151675,,
151675,STAGATE,12,0.2185403548,0.3989806787,3592.0,7,151675,,
151675,STAGATE,13,0.1668612864,0.3622933603,3592.0,7,151675,,
151675,STAGATE,14,0.1695361887,0.3364474009,3592.0,7,151675,,
151675,STAGATE,15,0.1622451071,0.3279618961,3592.0,7,151675,,
151675,STAGATE,16,0.1422908927,0.3192729747,3592.0,7,151675,,
151675,STAGATE,17,0.1985497764,0.3643541199,3592.0,7,151675,,
151675,STAGATE,18,0.2161067968,0.4036118238,3592.0,7,151675,,
151675,STAGATE,19,0.2087332814,0.3866854572,3592.0,7,151675,,
151675,STAGATE,20,0.1841765132,0.3646769347,3592.0,7,151675,,
151675,SpaGCN,1,0.2327974704,0.3783056224,3592.0,7,151675,,
151675,SpaGCN,2,0.2169087638,0.3504559756,3592.0,7,151675,,
151675,SpaGCN,3,0.240276207,0.3919246437,3592.0,7,151675,,
151675,SpaGCN,4,0.2543717361,0.3904454956,3592.0,7,151675,,
151675,SpaGCN,5,0.2618405877,0.4160489109,3592.0,7,151675,,
151675,SpaGCN,6,0.2166781241,0.354090026,3592.0,7,151675,,
151675,SpaGCN,7,0.2268479984,0.3720496942,3592.0,7,151675,,
151675,SpaGCN,8,0.2399979227,0.3798543713,3592.0,7,151675,,
151675,SpaGCN,9,0.2676341451,0.3924984766,3592.0,7,151675,,
151675,SpaGCN,10,0.2132208246,0.354506037,3592.0,7,151675,,
151675,SpaGCN,11,0.2439646327,0.3809402332,3592.0,7,151675,,
151675,SpaGCN,12,0.2293132822,0.3740705988,3592.0,7,151675,,
151675,SpaGCN,13,0.2457494912,0.3959218396,3592.0,7,151675,,
151675,SpaGCN,14,0.2324373023,0.3793660571,3592.0,7,151675,,
151675,SpaGCN,15,0.2746691396,0.4362469408,3592.0,7,151675,,
151675,SpaGCN,16,0.2353022242,0.3908836145,3592.0,7,151675,,
151675,SpaGCN,17,0.2828374005,0.4209144338,3592.0,7,151675,,
151675,SpaGCN,18,0.223654418,0.3524656709,3592.0,7,151675,,
151675,SpaGCN,19,0.2298620765,0.3871821839,3592.0,7,151675,,
151675,SpaGCN,20,0.2555668901,0.3887031333,3592.0,7,151675,,
151675,BANKSY,1,0.2745394346,0.4730942342,3592.0,7,151675,,
151675,BANKSY,2,0.1469224502,0.3608016296,3592.0,7,151675,,
151675,BANKSY,3,0.2740794118,0.4225789379,3592.0,7,151675,,
151675,BANKSY,4,0.2284256662,0.4139132878,3592.0,7,151675,,
151675,BANKSY,5,0.1868322533,0.3943331778,3592.0,7,151675,,
151675,BANKSY,6,0.1230743018,0.3446603491,3592.0,7,151675,,
151675,BANKSY,7,0.2899301439,0.4975967289,3592.0,7,151675,,
151675,BANKSY,8,0.2843978456,0.4987061472,3592.0,7,151675,,
151675,BANKSY,9,0.2540751421,0.4503598834,3592.0,7,151675,,
151675,BANKSY,10,0.1771516848,0.3556096005,3592.0,7,151675,,
151675,BANKSY,11,0.1568142521,0.3388876521,3592.0,7,151675,,
151675,BANKSY,12,0.2400385995,0.4295339822,3592.0,7,151675,,
151675,BANKSY,13,0.2907376085,0.4985656046,3592.0,7,151675,,
151675,BANKSY,14,0.1988244997,0.3963046065,3592.0,7,151675,,
151675,BANKSY,15,0.2898086019,0.4975396622,3592.0,7,151675,,
151675,BANKSY,16,0.2902957197,0.4979749755,3592.0,7,151675,,
151675,BANKSY,17,0.2908344232,0.4985905454,3592.0,7,151675,,
151675,BANKSY,18,0.1786479717,0.3534191808,3592.0,7,151675,,
151675,BANKSY,19,0.3262488181,0.5176449942,3592.0,7,151675,,
151675,BANKSY,20,0.2376444978,0.4459807703,3592.0,7,151675,,
151675,SEDR,1,0.5262398595899999,0.6636991072019999,3592.0,7,151675,3592.0,18658.0
151675,SEDR,2,0.48113567805,0.638218648889,3592.0,7,151675,3592.0,18658.0
151675,SEDR,3,0.535587309472,0.6971239564519999,3592.0,7,151675,3592.0,18658.0
151675,SEDR,4,0.593936111486,0.6873293761119998,3592.0,7,151675,3592.0,18658.0
151675,SEDR,5,0.499859613057,0.6489562728059999,3592.0,7,151675,3592.0,18658.0
151675,SEDR,6,0.512923596843,0.658902375668,3592.0,7,151675,3592.0,18658.0
151675,SEDR,7,0.543097890546,0.6711696251709999,3592.0,7,151675,3592.0,18658.0
151675,SEDR,8,0.5289771359949998,0.6669708061219999,3592.0,7,151675,3592.0,18658.0
151675,SEDR,9,0.557550439156,0.6746145102139999,3592.0,7,151675,3592.0,18658.0
151675,SEDR,10,0.522129344042,0.669139823257,3592.0,7,151675,3592.0,18658.0
151675,SEDR,11,0.567993688981,0.709817871422,3592.0,7,151675,3592.0,18658.0
151675,SEDR,12,0.578846610909,0.706620814832,3592.0,7,151675,3592.0,18658.0
151675,SEDR,13,0.551140963192,0.6972863689749998,3592.0,7,151675,3592.0,18658.0
151675,SEDR,14,0.5678811397159998,0.69738970546,3592.0,7,151675,3592.0,18658.0
151675,SEDR,15,0.5012703960259999,0.6580609545679998,3592.0,7,151675,3592.0,18658.0
151675,SEDR,16,0.5022477413729999,0.6506169204439999,3592.0,7,151675,3592.0,18658.0
151675,SEDR,17,0.4938795354589999,0.636279341316,3592.0,7,151675,3592.0,18658.0
151675,SEDR,18,0.542019564705,0.681609895317,3592.0,7,151675,3592.0,18658.0
151675,SEDR,19,0.6017787948339999,0.711964331957,3592.0,7,151675,3592.0,18658.0
151675,SEDR,20,0.5371978840059999,0.6696918372019999,3592.0,7,151675,3592.0,18658.0
151676,GraphST,1,0.1599567402,0.3626793491,3460.0,7,151676,,
151676,GraphST,2,0.1538027148,0.3514162839,3460.0,7,151676,,
151676,GraphST,3,0.1568776079,0.3577727334,3460.0,7,151676,,
151676,GraphST,4,0.1608038727,0.3528873069,3460.0,7,151676,,
151676,GraphST,5,0.1645929072,0.365158746,3460.0,7,151676,,
151676,GraphST,6,0.1613220935,0.3613391175,3460.0,7,151676,,
151676,GraphST,7,0.1514703135,0.357717049,3460.0,7,151676,,
151676,GraphST,8,0.160196126,0.360357491,3460.0,7,151676,,
151676,GraphST,9,0.1564823505,0.3499378924,3460.0,7,151676,,
151676,GraphST,10,0.1756216877,0.3798278675,3460.0,7,151676,,
151676,GraphST,11,0.1685187016,0.3556695393,3460.0,7,151676,,
151676,GraphST,12,0.1612530744,0.3656527131,3460.0,7,151676,,
151676,GraphST,13,0.1705886643,0.3712268757,3460.0,7,151676,,
151676,GraphST,14,0.1545436747,0.3577691874,3460.0,7,151676,,
151676,GraphST,15,0.1754103718,0.3716572247,3460.0,7,151676,,
151676,GraphST,16,0.161949752,0.3599078876,3460.0,7,151676,,
151676,GraphST,17,0.1772428871,0.3703064112,3460.0,7,151676,,
151676,GraphST,18,0.1261628588,0.3054552671,3460.0,7,151676,,
151676,GraphST,19,0.1670420641,0.3546421612,3460.0,7,151676,,
151676,GraphST,20,0.1545443647,0.351383561,3460.0,7,151676,,
151676,STAGATE,1,0.1687571777,0.3531532247,3460.0,7,151676,,
151676,STAGATE,2,0.1693948551,0.3901412852,3460.0,7,151676,,
151676,STAGATE,3,0.1803476804,0.3600749982,3460.0,7,151676,,
151676,STAGATE,4,0.175398405,0.3537507324,3460.0,7,151676,,
151676,STAGATE,5,0.1521197169,0.3232558393,3460.0,7,151676,,
151676,STAGATE,6,0.2027708594,0.390164955,3460.0,7,151676,,
151676,STAGATE,7,0.1835828199,0.3661056613,3460.0,7,151676,,
151676,STAGATE,8,0.1568909195,0.3755503875,3460.0,7,151676,,
151676,STAGATE,9,0.207139419,0.3744362653,3460.0,7,151676,,
151676,STAGATE,10,0.1809270964,0.3623011385,3460.0,7,151676,,
151676,STAGATE,11,0.192370922,0.3672374099,3460.0,7,151676,,
151676,STAGATE,12,0.1819803552,0.3606931885,3460.0,7,151676,,
151676,STAGATE,13,0.1740726827,0.3482224402,3460.0,7,151676,,
151676,STAGATE,14,0.1683305938,0.3616751007,3460.0,7,151676,,
151676,STAGATE,15,0.2004379975,0.3713120923,3460.0,7,151676,,
151676,STAGATE,16,0.174002066,0.3516297047,3460.0,7,151676,,
151676,STAGATE,17,0.1645199558,0.347325623,3460.0,7,151676,,
151676,STAGATE,18,0.2118890594,0.3652970154,3460.0,7,151676,,
151676,STAGATE,19,0.1705433875,0.355351221,3460.0,7,151676,,
151676,STAGATE,20,0.1559469725,0.3773689776,3460.0,7,151676,,
151676,SpaGCN,1,0.2568151675,0.3918947148,3460.0,7,151676,,
151676,SpaGCN,2,0.2194843261,0.3461703364,3460.0,7,151676,,
151676,SpaGCN,3,0.220430222,0.3586581836,3460.0,7,151676,,
151676,SpaGCN,4,0.2045525552,0.3274078941,3460.0,7,151676,,
151676,SpaGCN,5,0.207255291,0.3462724208,3460.0,7,151676,,
151676,SpaGCN,6,0.2267384799,0.3564907181,3460.0,7,151676,,
151676,SpaGCN,7,0.2344063666,0.3685097055,3460.0,7,151676,,
151676,SpaGCN,8,0.2108320081,0.3411549072,3460.0,7,151676,,
151676,SpaGCN,9,0.2256582755,0.3530949203,3460.0,7,151676,,
151676,SpaGCN,10,0.2253444221,0.3540681116,3460.0,7,151676,,
151676,SpaGCN,11,0.2295732658,0.3731671723,3460.0,7,151676,,
151676,SpaGCN,12,0.2260010708,0.3585977535,3460.0,7,151676,,
151676,SpaGCN,13,0.2409765471,0.3776495074,3460.0,7,151676,,
151676,SpaGCN,14,0.2172091363,0.3505609479,3460.0,7,151676,,
151676,SpaGCN,15,0.2286960877,0.357864275,3460.0,7,151676,,
151676,SpaGCN,16,0.2217009304,0.363458879,3460.0,7,151676,,
151676,SpaGCN,17,0.202791972,0.3373973635,3460.0,7,151676,,
151676,SpaGCN,18,0.1943867043,0.3221766421,3460.0,7,151676,,
151676,SpaGCN,19,0.243775156,0.3876476928,3460.0,7,151676,,
151676,SpaGCN,20,0.2316197002,0.3604471563,3460.0,7,151676,,
151676,BANKSY,1,0.2406080426,0.4303504124,3460.0,7,151676,,
151676,BANKSY,2,0.281441295,0.4826764668,3460.0,7,151676,,
151676,BANKSY,3,0.2470124164,0.4341896526,3460.0,7,151676,,
151676,BANKSY,4,0.1642679338,0.3538308421,3460.0,7,151676,,
151676,BANKSY,5,0.2476473699,0.4358913705,3460.0,7,151676,,
151676,BANKSY,6,0.2368991548,0.4349293916,3460.0,7,151676,,
151676,BANKSY,7,0.1813866034,0.383277048,3460.0,7,151676,,
151676,BANKSY,8,0.2344590678,0.4291956849,3460.0,7,151676,,
151676,BANKSY,9,0.1550417214,0.3396762206,3460.0,7,151676,,
151676,BANKSY,10,0.2376255791,0.4355761156,3460.0,7,151676,,
151676,BANKSY,11,0.2298281019,0.4159253158,3460.0,7,151676,,
151676,BANKSY,12,0.2466023826,0.4339838424,3460.0,7,151676,,
151676,BANKSY,13,0.2169605271,0.4280958022,3460.0,7,151676,,
151676,BANKSY,14,0.1816036694,0.3865111004,3460.0,7,151676,,
151676,BANKSY,15,0.2395538739,0.4299829923,3460.0,7,151676,,
151676,BANKSY,16,0.2477130892,0.4346244265,3460.0,7,151676,,
151676,BANKSY,17,0.2470124164,0.4341896526,3460.0,7,151676,,
151676,BANKSY,18,0.1923653608,0.3865486051,3460.0,7,151676,,
151676,BANKSY,19,0.2470124164,0.4341896526,3460.0,7,151676,,
151676,BANKSY,20,0.2469068242,0.434296275,3460.0,7,151676,,
151676,SEDR,1,0.559743869901,0.6939646130359999,3460.0,7,151676,3460.0,18674.0
151676,SEDR,2,0.541936574033,0.6728073957019999,3460.0,7,151676,3460.0,18674.0
151676,SEDR,3,0.5298477910409999,0.6837273161019999,3460.0,7,151676,3460.0,18674.0
151676,SEDR,4,0.5322989183259998,0.6501194696209999,3460.0,7,151676,3460.0,18674.0
151676,SEDR,5,0.587018998465,0.693912784189,3460.0,7,151676,3460.0,18674.0
151676,SEDR,6,0.5600194935669999,0.682065967893,3460.0,7,151676,3460.0,18674.0
151676,SEDR,7,0.420494151298,0.631729519574,3460.0,7,151676,3460.0,18674.0
151676,SEDR,8,0.5461637578979999,0.6664725625259998,3460.0,7,151676,3460.0,18674.0
151676,SEDR,9,0.562773721685,0.686784507502,3460.0,7,151676,3460.0,18674.0
151676,SEDR,10,0.5002041997789999,0.662832046541,3460.0,7,151676,3460.0,18674.0
151676,SEDR,11,0.493487767214,0.634126973354,3460.0,7,151676,3460.0,18674.0
151676,SEDR,12,0.4764188515819999,0.627881928591,3460.0,7,151676,3460.0,18674.0
151676,SEDR,13,0.551000514127,0.6853345437769999,3460.0,7,151676,3460.0,18674.0
151676,SEDR,14,0.4515889701399999,0.636801385007,3460.0,7,151676,3460.0,18674.0
151676,SEDR,15,0.493308779354,0.642282129853,3460.0,7,151676,3460.0,18674.0
151676,SEDR,16,0.5526711495199998,0.6956601460329999,3460.0,7,151676,3460.0,18674.0
151676,SEDR,17,0.551481356551,0.6948331115239998,3460.0,7,151676,3460.0,18674.0
151676,SEDR,18,0.528764842133,0.682837125973,3460.0,7,151676,3460.0,18674.0
151676,SEDR,19,0.5095938244209999,0.678791490689,3460.0,7,151676,3460.0,18674.0
151676,SEDR,20,0.5067390413,0.667398622807,3460.0,7,151676,3460.0,18674.0
STARmap,GraphST,1,0.3854984213,0.5204725874,1207.0,7,STARmap,,
STARmap,GraphST,2,0.3563668143,0.4688625323,1207.0,7,STARmap,,
STARmap,GraphST,3,0.4989031174,0.5562005881,1207.0,7,STARmap,,
STARmap,GraphST,4,0.4622579492,0.5756843715,1207.0,7,STARmap,,
STARmap,GraphST,5,0.4987604002,0.5664826643,1207.0,7,STARmap,,
STARmap,GraphST,6,0.4582776142,0.5527961883,1207.0,7,STARmap,,
STARmap,GraphST,7,0.4947996802,0.5755992399,1207.0,7,STARmap,,
STARmap,GraphST,8,0.466070299,0.5570006456,1207.0,7,STARmap,,
STARmap,GraphST,9,0.4868506461,0.573332186,1207.0,7,STARmap,,
STARmap,GraphST,10,0.5050334028,0.5855397343,1207.0,7,STARmap,,
STARmap,GraphST,11,0.489676196,0.5820342704,1207.0,7,STARmap,,
STARmap,GraphST,12,0.4638474954,0.5595972778,1207.0,7,STARmap,,
STARmap,GraphST,13,0.489699403,0.576028159,1207.0,7,STARmap,,
STARmap,GraphST,14,0.4927615387,0.5634729087,1207.0,7,STARmap,,
STARmap,GraphST,15,0.4705746478,0.5635949459,1207.0,7,STARmap,,
STARmap,GraphST,16,0.5216490188,0.5873541348,1207.0,7,STARmap,,
STARmap,GraphST,17,0.405345,0.5389287422,1207.0,7,STARmap,,
STARmap,GraphST,18,0.4858932653,0.573876458,1207.0,7,STARmap,,
STARmap,GraphST,19,0.4671179468,0.5801966259,1207.0,7,STARmap,,
STARmap,GraphST,20,0.4800343822,0.575742734,1207.0,7,STARmap,,
STARmap,STAGATE,1,0.2779761805,0.3127701346,1207.0,7,STARmap,,
STARmap,STAGATE,2,0.2759259562,0.309920654,1207.0,7,STARmap,,
STARmap,STAGATE,3,0.2771488178,0.3056874113,1207.0,7,STARmap,,
STARmap,STAGATE,4,0.3105723759,0.3297713431,1207.0,7,STARmap,,
STARmap,STAGATE,5,0.2898262134,0.3183427059,1207.0,7,STARmap,,
STARmap,STAGATE,6,0.3087520779,0.3268533102,1207.0,7,STARmap,,
STARmap,STAGATE,7,0.2598801255,0.3044874054,1207.0,7,STARmap,,
STARmap,STAGATE,8,0.2269493604,0.2878156655,1207.0,7,STARmap,,
STARmap,STAGATE,9,0.2893035695,0.3136847865,1207.0,7,STARmap,,
STARmap,STAGATE,10,0.3192875664,0.332349772,1207.0,7,STARmap,,
STARmap,STAGATE,11,0.3093538368,0.3254810067,1207.0,7,STARmap,,
STARmap,STAGATE,12,0.3063225968,0.3297416958,1207.0,7,STARmap,,
STARmap,STAGATE,13,0.2819706238,0.3408776203,1207.0,7,STARmap,,
STARmap,STAGATE,14,0.2945192902,0.3083460382,1207.0,7,STARmap,,
STARmap,STAGATE,15,0.3015415642,0.3141786459,1207.0,7,STARmap,,
STARmap,STAGATE,16,0.306561793,0.3215288705,1207.0,7,STARmap,,
STARmap,STAGATE,17,0.3235788139,0.3390445797,1207.0,7,STARmap,,
STARmap,STAGATE,18,0.3122400154,0.3534098124,1207.0,7,STARmap,,
STARmap,STAGATE,19,0.2934527224,0.3189746845,1207.0,7,STARmap,,
STARmap,STAGATE,20,0.313451798,0.3294962719,1207.0,7,STARmap,,
STARmap,SpaGCN,1,0.3556026113,0.3898978742,1207.0,7,STARmap,,
STARmap,SpaGCN,2,0.2749240341,0.3231152346,1207.0,7,STARmap,,
STARmap,SpaGCN,3,0.256479988,0.3275260011,1207.0,7,STARmap,,
STARmap,SpaGCN,4,0.359271017,0.4240429362,1207.0,7,STARmap,,
STARmap,SpaGCN,5,0.429458427,0.4500552464,1207.0,7,STARmap,,
STARmap,SpaGCN,6,0.3980018753,0.4297126275,1207.0,7,STARmap,,
STARmap,SpaGCN,7,0.4503633399,0.4717604468,1207.0,7,STARmap,,
STARmap,SpaGCN,8,0.339884714,0.3848675304,1207.0,7,STARmap,,
STARmap,SpaGCN,9,0.4262529483,0.4356715889,1207.0,7,STARmap,,
STARmap,SpaGCN,10,0.3441096105,0.3874412486,1207.0,7,STARmap,,
STARmap,SpaGCN,11,0.3128035886,0.3509615097,1207.0,7,STARmap,,
STARmap,SpaGCN,12,0.3478996977,0.3864483158,1207.0,7,STARmap,,
STARmap,SpaGCN,13,0.4105685733,0.4151566136,1207.0,7,STARmap,,
STARmap,SpaGCN,14,0.4174512852,0.452212956,1207.0,7,STARmap,,
STARmap,SpaGCN,15,0.3883045217,0.3994614176,1207.0,7,STARmap,,
STARmap,SpaGCN,16,0.3129421427,0.3468112982,1207.0,7,STARmap,,
STARmap,SpaGCN,17,0.2883096872,0.3194325909,1207.0,7,STARmap,,
STARmap,SpaGCN,18,0.4703902817,0.4794320055,1207.0,7,STARmap,,
STARmap,SpaGCN,19,0.38978618,0.4379992804,1207.0,7,STARmap,,
STARmap,SpaGCN,20,0.4504832682,0.4679177485,1207.0,7,STARmap,,
STARmap,BANKSY,1,0.554571794,0.64329986,1207.0,7,STARmap,,
STARmap,BANKSY,2,0.5623667717,0.6499869504,1207.0,7,STARmap,,
STARmap,BANKSY,3,0.5659695197,0.6544170081,1207.0,7,STARmap,,
STARmap,BANKSY,4,0.5623667717,0.6499869504,1207.0,7,STARmap,,
STARmap,BANKSY,5,0.5656607096,0.6563541597,1207.0,7,STARmap,,
STARmap,BANKSY,6,0.5651804564,0.6506383291,1207.0,7,STARmap,,
STARmap,BANKSY,7,0.4559697612,0.6037219813,1207.0,7,STARmap,,
STARmap,BANKSY,8,0.558772048,0.6445695041,1207.0,7,STARmap,,
STARmap,BANKSY,9,0.5696118139,0.6527434586,1207.0,7,STARmap,,
STARmap,BANKSY,10,0.5654839562,0.6537338503,1207.0,7,STARmap,,
STARmap,BANKSY,11,0.458160485,0.6051767971,1207.0,7,STARmap,,
STARmap,BANKSY,12,0.4587649734,0.6062962658,1207.0,7,STARmap,,
STARmap,BANKSY,13,0.5461141968,0.6501129932,1207.0,7,STARmap,,
STARmap,BANKSY,14,0.5615833327,0.6492217135,1207.0,7,STARmap,,
STARmap,BANKSY,15,0.562797191,0.6503601571,1207.0,7,STARmap,,
STARmap,BANKSY,16,0.5696118139,0.6527434586,1207.0,7,STARmap,,
STARmap,BANKSY,17,0.5454250929,0.6389526112,1207.0,7,STARmap,,
STARmap,BANKSY,18,0.6142206457,0.6830713503,1207.0,7,STARmap,,
STARmap,BANKSY,19,0.6113893883,0.6779652023,1207.0,7,STARmap,,
STARmap,BANKSY,20,0.5512290394,0.6513008729,1207.0,7,STARmap,,
STARmap,SEDR,1,0.5943778168219999,0.6504387130509999,1207.0,7,STARmap,1207.0,1020.0
STARmap,SEDR,2,0.614034692371,0.6734648581069999,1207.0,7,STARmap,1207.0,1020.0
STARmap,SEDR,3,0.422251159401,0.565037382639,1207.0,7,STARmap,1207.0,1020.0
STARmap,SEDR,4,0.537407389233,0.6488158187279999,1207.0,7,STARmap,1207.0,1020.0
STARmap,SEDR,5,0.5417581416279998,0.6455820923499999,1207.0,7,STARmap,1207.0,1020.0
STARmap,SEDR,6,0.6034374113489999,0.6685568841979999,1207.0,7,STARmap,1207.0,1020.0
STARmap,SEDR,7,0.53348832567,0.624082932696,1207.0,7,STARmap,1207.0,1020.0
STARmap,SEDR,8,0.538096433484,0.635848956646,1207.0,7,STARmap,1207.0,1020.0
STARmap,SEDR,9,0.5528303244969999,0.6290380207319999,1207.0,7,STARmap,1207.0,1020.0
STARmap,SEDR,10,0.5586079271449998,0.636312816997,1207.0,7,STARmap,1207.0,1020.0
STARmap,SEDR,11,0.59623550948,0.686252611356,1207.0,7,STARmap,1207.0,1020.0
STARmap,SEDR,12,0.6185048172,0.673370282362,1207.0,7,STARmap,1207.0,1020.0
STARmap,SEDR,13,0.535071307222,0.643174641159,1207.0,7,STARmap,1207.0,1020.0
STARmap,SEDR,14,0.571070797811,0.6503131009029999,1207.0,7,STARmap,1207.0,1020.0
STARmap,SEDR,15,0.468108508706,0.583541623325,1207.0,7,STARmap,1207.0,1020.0
STARmap,SEDR,16,0.561867644286,0.6297550725489999,1207.0,7,STARmap,1207.0,1020.0
STARmap,SEDR,17,0.600940783205,0.683967279699,1207.0,7,STARmap,1207.0,1020.0
STARmap,SEDR,18,0.5656571798249999,0.6563894115949999,1207.0,7,STARmap,1207.0,1020.0
STARmap,SEDR,19,0.53331719571,0.644378268684,1207.0,7,STARmap,1207.0,1020.0
STARmap,SEDR,20,0.5377935296329999,0.645675782704,1207.0,7,STARmap,1207.0,1020.0
HBCA1,GraphST,1,0.5543584552,0.5939302531,3798.0,20,HBCA1,,
HBCA1,GraphST,2,0.509331063,0.5784171005,3798.0,20,HBCA1,,
HBCA1,GraphST,3,0.5743987348,0.6065673176,3798.0,20,HBCA1,,
HBCA1,GraphST,4,0.5283618267,0.5936872823,3798.0,20,HBCA1,,
HBCA1,GraphST,5,0.4969094149,0.5787700675,3798.0,20,HBCA1,,
HBCA1,GraphST,6,0.5332349109,0.5893685338,3798.0,20,HBCA1,,
HBCA1,GraphST,7,0.5101509164,0.5816628055,3798.0,20,HBCA1,,
HBCA1,GraphST,8,0.48990955,0.5622545312,3798.0,20,HBCA1,,
HBCA1,GraphST,9,0.5064034603,0.5654963603,3798.0,20,HBCA1,,
HBCA1,GraphST,10,0.5078087342,0.5710746628,3798.0,20,HBCA1,,
HBCA1,GraphST,11,0.5173169097,0.5792397351,3798.0,20,HBCA1,,
HBCA1,GraphST,12,0.5607957477,0.601451701,3798.0,20,HBCA1,,
HBCA1,GraphST,13,0.5257387151,0.5849155515,3798.0,20,HBCA1,,
HBCA1,GraphST,14,0.5733911297,0.5976558708,3798.0,20,HBCA1,,
HBCA1,GraphST,15,0.5735575335,0.6150316176,3798.0,20,HBCA1,,
HBCA1,GraphST,16,0.5567497134,0.5905026216,3798.0,20,HBCA1,,
HBCA1,GraphST,17,0.5216266464,0.5790244974,3798.0,20,HBCA1,,
HBCA1,GraphST,18,0.5480121392,0.5919023584,3798.0,20,HBCA1,,
HBCA1,GraphST,19,0.4957621687,0.5709593956,3798.0,20,HBCA1,,
HBCA1,GraphST,20,0.514295036,0.5790135766,3798.0,20,HBCA1,,
HBCA1,STAGATE,1,0.6303581724,0.663574233,3798.0,20,HBCA1,,
HBCA1,STAGATE,2,0.6240111742,0.6697501511,3798.0,20,HBCA1,,
HBCA1,STAGATE,3,0.5547580721,0.6388553791,3798.0,20,HBCA1,,
HBCA1,STAGATE,4,0.6187021816,0.6611594825,3798.0,20,HBCA1,,
HBCA1,STAGATE,5,0.6351390319,0.6648246117,3798.0,20,HBCA1,,
HBCA1,STAGATE,6,0.6462814643,0.6735651953,3798.0,20,HBCA1,,
HBCA1,STAGATE,7,0.6109527423,0.6688202869,3798.0,20,HBCA1,,
HBCA1,STAGATE,8,0.5886723739,0.6428617759,3798.0,20,HBCA1,,
HBCA1,STAGATE,9,0.583043535,0.6548836569,3798.0,20,HBCA1,,
HBCA1,STAGATE,10,0.61870562,0.650604084,3798.0,20,HBCA1,,
HBCA1,STAGATE,11,0.6422804447,0.6736632725,3798.0,20,HBCA1,,
HBCA1,STAGATE,12,0.6279636729,0.666858602,3798.0,20,HBCA1,,
HBCA1,STAGATE,13,0.6284513248,0.6628609732,3798.0,20,HBCA1,,
HBCA1,STAGATE,14,0.6242570549,0.6591512564,3798.0,20,HBCA1,,
HBCA1,STAGATE,15,0.645234319,0.6721740811,3798.0,20,HBCA1,,
HBCA1,STAGATE,16,0.6311263631,0.6606122606,3798.0,20,HBCA1,,
HBCA1,STAGATE,17,0.633781936,0.6676560431,3798.0,20,HBCA1,,
HBCA1,STAGATE,18,0.5885072471,0.6564467838,3798.0,20,HBCA1,,
HBCA1,STAGATE,19,0.6166342583,0.6575468187,3798.0,20,HBCA1,,
HBCA1,STAGATE,20,0.5920508245,0.6581917916,3798.0,20,HBCA1,,
HBCA1,SpaGCN,1,0.5078475123,0.6158399376,3798.0,19,HBCA1,,
HBCA1,SpaGCN,2,0.5487247021,0.6505288904,3798.0,19,HBCA1,,
HBCA1,SpaGCN,3,0.495439272,0.6199238185,3798.0,20,HBCA1,,
HBCA1,SpaGCN,4,0.5381752829,0.6268989635,3798.0,20,HBCA1,,
HBCA1,SpaGCN,5,0.5036791549,0.6233599073,3798.0,19,HBCA1,,
HBCA1,SpaGCN,6,0.5605536969,0.6314211985,3798.0,19,HBCA1,,
HBCA1,SpaGCN,7,0.5423494977,0.6378353691,3798.0,19,HBCA1,,
HBCA1,SpaGCN,8,0.5199017472,0.6299288064,3798.0,19,HBCA1,,
HBCA1,SpaGCN,9,0.5346225371,0.6317184815,3798.0,19,HBCA1,,
HBCA1,SpaGCN,10,0.5126051694,0.6100353157,3798.0,20,HBCA1,,
HBCA1,SpaGCN,11,0.4952148264,0.6146227143,3798.0,19,HBCA1,,
HBCA1,SpaGCN,12,0.5491072344,0.6370494156,3798.0,20,HBCA1,,
HBCA1,SpaGCN,13,0.5341545755,0.6241830913,3798.0,20,HBCA1,,
HBCA1,SpaGCN,14,0.5385806209,0.6284545319,3798.0,20,HBCA1,,
HBCA1,SpaGCN,15,0.539660821,0.637763877,3798.0,20,HBCA1,,
HBCA1,SpaGCN,16,0.5378510532,0.6391198335,3798.0,20,HBCA1,,
HBCA1,SpaGCN,17,0.5108484099,0.6066947489,3798.0,18,HBCA1,,
HBCA1,SpaGCN,18,0.5499018237,0.6444089523,3798.0,19,HBCA1,,
HBCA1,SpaGCN,19,0.5292751866,0.6340313068,3798.0,20,HBCA1,,
HBCA1,SpaGCN,20,0.5290865129,0.623128116,3798.0,20,HBCA1,,
HBCA1,BANKSY,1,0.6400617411,0.6763643342,3798.0,20,HBCA1,,
HBCA1,BANKSY,2,0.6522080246,0.6892782444,3798.0,20,HBCA1,,
HBCA1,BANKSY,3,0.6422349447,0.6883592197,3798.0,20,HBCA1,,
HBCA1,BANKSY,4,0.6487234058,0.6913000207,3798.0,20,HBCA1,,
HBCA1,BANKSY,5,0.6361370017,0.6829409595,3798.0,20,HBCA1,,
HBCA1,BANKSY,6,0.585165156,0.663891992,3798.0,20,HBCA1,,
HBCA1,BANKSY,7,0.6134227112,0.6783896002,3798.0,20,HBCA1,,
HBCA1,BANKSY,8,0.6355464212,0.6788527615,3798.0,20,HBCA1,,
HBCA1,BANKSY,9,0.6176558592,0.6847530125,3798.0,20,HBCA1,,
HBCA1,BANKSY,10,0.5717066569,0.6681247117,3798.0,20,HBCA1,,
HBCA1,BANKSY,11,0.639787322,0.6806524465,3798.0,20,HBCA1,,
HBCA1,BANKSY,12,0.6043812509,0.6699725496,3798.0,20,HBCA1,,
HBCA1,BANKSY,13,0.5707870212,0.6753174924,3798.0,20,HBCA1,,
HBCA1,BANKSY,14,0.5997980314,0.6658412148,3798.0,20,HBCA1,,
HBCA1,BANKSY,15,0.6003708531,0.6613878929,3798.0,20,HBCA1,,
HBCA1,BANKSY,16,0.6340745772,0.6697198219,3798.0,20,HBCA1,,
HBCA1,BANKSY,17,0.6423117958,0.6853551285,3798.0,20,HBCA1,,
HBCA1,BANKSY,18,0.6392755672,0.68198009,3798.0,20,HBCA1,,
HBCA1,BANKSY,19,0.5706647925,0.6672994617,3798.0,20,HBCA1,,
HBCA1,BANKSY,20,0.643898887,0.6813658969,3798.0,20,HBCA1,,
HBCA1,SEDR,1,0.446071138837,0.663579042407,3798.0,20,HBCA1,3798.0,22240.0
HBCA1,SEDR,2,0.44552085667,0.6643649879099999,3798.0,20,HBCA1,3798.0,22240.0
HBCA1,SEDR,3,0.392113072482,0.661880965076,3798.0,20,HBCA1,3798.0,22240.0
HBCA1,SEDR,4,0.4467381183429999,0.665870498213,3798.0,20,HBCA1,3798.0,22240.0
HBCA1,SEDR,5,0.4183538409359999,0.646957184943,3798.0,20,HBCA1,3798.0,22240.0
HBCA1,SEDR,6,0.453892388525,0.6631565939479999,3798.0,20,HBCA1,3798.0,22240.0
HBCA1,SEDR,7,0.378940287413,0.64959440673,3798.0,20,HBCA1,3798.0,22240.0
HBCA1,SEDR,8,0.4416104761279999,0.648664993776,3798.0,20,HBCA1,3798.0,22240.0
HBCA1,SEDR,9,0.434824402532,0.6640065601779999,3798.0,20,HBCA1,3798.0,22240.0
HBCA1,SEDR,10,0.377603463894,0.6521835591429999,3798.0,20,HBCA1,3798.0,22240.0
HBCA1,SEDR,11,0.3929484947879999,0.6516568569749999,3798.0,20,HBCA1,3798.0,22240.0
HBCA1,SEDR,12,0.3578209283509999,0.642765407881,3798.0,20,HBCA1,3798.0,22240.0
HBCA1,SEDR,13,0.393725429479,0.656600494501,3798.0,20,HBCA1,3798.0,22240.0
HBCA1,SEDR,14,0.3926970583689999,0.6609144766229998,3798.0,20,HBCA1,3798.0,22240.0
HBCA1,SEDR,15,0.3925712129339999,0.6523939399489999,3798.0,20,HBCA1,3798.0,22240.0
HBCA1,SEDR,16,0.370921276367,0.6484407216159999,3798.0,20,HBCA1,3798.0,22240.0
HBCA1,SEDR,17,0.418646764283,0.657976771056,3798.0,20,HBCA1,3798.0,22240.0
HBCA1,SEDR,18,0.3692151221569999,0.6444000519039998,3798.0,20,HBCA1,3798.0,22240.0
HBCA1,SEDR,19,0.387899505274,0.657645268431,3798.0,20,HBCA1,3798.0,22240.0
HBCA1,SEDR,20,0.3851271864399999,0.650029792401,3798.0,20,HBCA1,3798.0,22240.0
Bregma −0.04,GraphST,1,0.2192129433,0.34725906,,8,Bregma −0.04,5488.0,155.0
Bregma −0.04,GraphST,2,0.2055608226,0.3600687865,,8,Bregma −0.04,5488.0,155.0
Bregma −0.04,GraphST,3,0.1493215115,0.3178332348,,8,Bregma −0.04,5488.0,155.0
Bregma −0.04,GraphST,4,0.293955731,0.4175033904,,8,Bregma −0.04,5488.0,155.0
Bregma −0.04,GraphST,5,0.2242042209,0.3976387675,,8,Bregma −0.04,5488.0,155.0
Bregma −0.04,GraphST,6,0.2374563438,0.4116886642,,8,Bregma −0.04,5488.0,155.0
Bregma −0.04,GraphST,7,0.2124846685,0.3315880844,,8,Bregma −0.04,5488.0,155.0
Bregma −0.04,GraphST,8,0.2261168203,0.4273520244,,8,Bregma −0.04,5488.0,155.0
Bregma −0.04,GraphST,9,0.2226369066,0.3862671917,,8,Bregma −0.04,5488.0,155.0
Bregma −0.04,GraphST,10,0.2016433691,0.3683180554,,8,Bregma −0.04,5488.0,155.0
Bregma −0.04,GraphST,11,0.2325126292,0.3865390199,,8,Bregma −0.04,5488.0,155.0
Bregma −0.04,GraphST,12,0.2400232505,0.4183406512,,8,Bregma −0.04,5488.0,155.0
Bregma −0.04,GraphST,13,0.2028392822,0.38799658,,8,Bregma −0.04,5488.0,155.0
Bregma −0.04,GraphST,14,0.2242168937,0.3976117713,,8,Bregma −0.04,5488.0,155.0
Bregma −0.04,GraphST,15,0.2161747458,0.3609919448,,8,Bregma −0.04,5488.0,155.0
Bregma −0.04,GraphST,16,0.242649366,0.3858241204,,8,Bregma −0.04,5488.0,155.0
Bregma −0.04,GraphST,17,0.1699023482,0.327536114,,8,Bregma −0.04,5488.0,155.0
Bregma −0.04,GraphST,18,0.2291615319,0.4212870263,,8,Bregma −0.04,5488.0,155.0
Bregma −0.04,GraphST,19,0.2511482803,0.3985290071,,8,Bregma −0.04,5488.0,155.0
Bregma −0.04,GraphST,20,0.2079969514,0.372312028,,8,Bregma −0.04,5488.0,155.0
Bregma −0.04,STAGATE,1,0.4503237256,0.5551361318,,8,Bregma −0.04,5488.0,155.0
Bregma −0.04,STAGATE,2,0.3740555686,0.5186687813,,8,Bregma −0.04,5488.0,155.0
Bregma −0.04,STAGATE,3,0.445594311,0.5601462059,,8,Bregma −0.04,5488.0,155.0
Bregma −0.04,STAGATE,4,0.3316768677,0.5212295946,,8,Bregma −0.04,5488.0,155.0
Bregma −0.04,STAGATE,5,0.4399387845,0.540942004,,8,Bregma −0.04,5488.0,155.0
Bregma −0.04,STAGATE,6,0.4172932015,0.5358155938,,8,Bregma −0.04,5488.0,155.0
Bregma −0.04,STAGATE,7,0.3072862325,0.4934208331,,8,Bregma −0.04,5488.0,155.0
Bregma −0.04,STAGATE,8,0.3244736954,0.5006966069,,8,Bregma −0.04,5488.0,155.0
Bregma −0.04,STAGATE,9,0.4600163679,0.5628396823,,8,Bregma −0.04,5488.0,155.0
Bregma −0.04,STAGATE,10,0.3967777633,0.5111876816,,8,Bregma −0.04,5488.0,155.0
Bregma −0.04,STAGATE,11,0.5548836671,0.6426158654,,8,Bregma −0.04,5488.0,155.0
Bregma −0.04,STAGATE,12,0.3983364827,0.5206465572,,8,Bregma −0.04,5488.0,155.0
Bregma −0.04,STAGATE,13,0.4071075293,0.5493993416,,8,Bregma −0.04,5488.0,155.0
Bregma −0.04,STAGATE,14,0.4876132244,0.5775051201,,8,Bregma −0.04,5488.0,155.0
Bregma −0.04,STAGATE,15,0.5151475239,0.6193184914,,8,Bregma −0.04,5488.0,155.0
Bregma −0.04,STAGATE,16,0.3247128663,0.5021067889,,8,Bregma −0.04,5488.0,155.0
Bregma −0.04,STAGATE,17,0.3411922626,0.5030421734,,8,Bregma −0.04,5488.0,155.0
Bregma −0.04,STAGATE,18,0.3451809862,0.5258719144,,8,Bregma −0.04,5488.0,155.0
Bregma −0.04,STAGATE,19,0.382289439,0.5346940288,,8,Bregma −0.04,5488.0,155.0
Bregma −0.04,STAGATE,20,0.4533931716,0.5664368937,,8,Bregma −0.04,5488.0,155.0
Bregma −0.04,SpaGCN,1,0.1910755439,0.2760585564,,8,Bregma −0.04,5488.0,155.0
Bregma −0.04,SpaGCN,2,0.1010318793,0.1865752562,,8,Bregma −0.04,5488.0,155.0
Bregma −0.04,SpaGCN,3,0.08860925539,0.1839870407,,8,Bregma −0.04,5488.0,155.0
Bregma −0.04,SpaGCN,4,0.1253429988,0.2195057552,,8,Bregma −0.04,5488.0,155.0
Bregma −0.04,SpaGCN,5,0.08852945701,0.1835981541,,8,Bregma −0.04,5488.0,155.0
Bregma −0.04,SpaGCN,6,0.0979971429,0.1874543313,,8,Bregma −0.04,5488.0,155.0
Bregma −0.04,SpaGCN,7,0.1535240438,0.2207207007,,8,Bregma −0.04,5488.0,155.0
Bregma −0.04,SpaGCN,8,0.138866552,0.2328973964,,8,Bregma −0.04,5488.0,155.0
Bregma −0.04,SpaGCN,9,0.1406814153,0.2378842224,,8,Bregma −0.04,5488.0,155.0
Bregma −0.04,SpaGCN,10,0.1309157929,0.1972797462,,8,Bregma −0.04,5488.0,155.0
Bregma −0.04,SpaGCN,11,0.1332018706,0.22029568,,8,Bregma −0.04,5488.0,155.0
Bregma −0.04,SpaGCN,12,0.1378736563,0.2433234736,,8,Bregma −0.04,5488.0,155.0
Bregma −0.04,SpaGCN,13,0.1271440658,0.209395856,,8,Bregma −0.04,5488.0,155.0
Bregma −0.04,SpaGCN,14,0.0808532446,0.1649490724,,8,Bregma −0.04,5488.0,155.0
Bregma −0.04,SpaGCN,15,0.1375778448,0.2314353988,,8,Bregma −0.04,5488.0,155.0
Bregma −0.04,SpaGCN,16,0.08936271471,0.1735891151,,8,Bregma −0.04,5488.0,155.0
Bregma −0.04,SpaGCN,17,0.1129629985,0.1995755729,,8,Bregma −0.04,5488.0,155.0
Bregma −0.04,SpaGCN,18,0.0961119879,0.1871964716,,8,Bregma −0.04,5488.0,155.0
Bregma −0.04,SpaGCN,19,0.09729102411,0.1986387226,,8,Bregma −0.04,5488.0,155.0
Bregma −0.04,SpaGCN,20,0.1534019444,0.2453794976,,8,Bregma −0.04,5488.0,155.0
Bregma −0.04,BANKSY,1,0.1574374652,0.2592911557,,8,Bregma −0.04,5488.0,155.0
Bregma −0.04,BANKSY,2,0.1555071865,0.2303314411,,8,Bregma −0.04,5488.0,155.0
Bregma −0.04,BANKSY,3,0.1585533888,0.2338737248,,8,Bregma −0.04,5488.0,155.0
Bregma −0.04,BANKSY,4,0.1571147022,0.2591085718,,8,Bregma −0.04,5488.0,155.0
Bregma −0.04,BANKSY,5,0.1561785556,0.2312643728,,8,Bregma −0.04,5488.0,155.0
Bregma −0.04,BANKSY,6,0.156965979,0.2590119395,,8,Bregma −0.04,5488.0,155.0
Bregma −0.04,BANKSY,7,0.1471411392,0.2226592428,,8,Bregma −0.04,5488.0,155.0
Bregma −0.04,BANKSY,8,0.1571147022,0.2591085718,,8,Bregma −0.04,5488.0,155.0
Bregma −0.04,BANKSY,9,0.1571147022,0.2591085718,,8,Bregma −0.04,5488.0,155.0
Bregma −0.04,BANKSY,10,0.156965979,0.2590119395,,8,Bregma −0.04,5488.0,155.0
Bregma −0.04,BANKSY,11,0.1571147022,0.2591085718,,8,Bregma −0.04,5488.0,155.0
Bregma −0.04,BANKSY,12,0.1574374652,0.2592911557,,8,Bregma −0.04,5488.0,155.0
Bregma −0.04,BANKSY,13,0.09383401461,0.1938373712,,8,Bregma −0.04,5488.0,155.0
Bregma −0.04,BANKSY,14,0.2015984856,0.2777228759,,8,Bregma −0.04,5488.0,155.0
Bregma −0.04,BANKSY,15,0.1571147022,0.2591085718,,8,Bregma −0.04,5488.0,155.0
Bregma −0.04,BANKSY,16,0.1574374652,0.2592911557,,8,Bregma −0.04,5488.0,155.0
Bregma −0.04,BANKSY,17,0.204640607,0.280200691,,8,Bregma −0.04,5488.0,155.0
Bregma −0.04,BANKSY,18,0.1566761785,0.2319381774,,8,Bregma −0.04,5488.0,155.0
Bregma −0.04,BANKSY,19,0.2058228474,0.2808939648,,8,Bregma −0.04,5488.0,155.0
Bregma −0.04,BANKSY,20,0.1554248361,0.2307266685,,8,Bregma −0.04,5488.0,155.0
Bregma −0.04,SEDR,1,0.18090431686,0.299734462209,5488.0,8,Bregma −0.04,5488.0,155.0
Bregma −0.04,SEDR,2,0.1691979973399999,0.2925697827179999,5488.0,8,Bregma −0.04,5488.0,155.0
Bregma −0.04,SEDR,3,0.206937157348,0.3219424762229999,5488.0,8,Bregma −0.04,5488.0,155.0
Bregma −0.04,SEDR,4,0.1892598263739999,0.2984508094939999,5488.0,8,Bregma −0.04,5488.0,155.0
Bregma −0.04,SEDR,5,0.1473215401409999,0.265653221381,5488.0,8,Bregma −0.04,5488.0,155.0
Bregma −0.04,SEDR,6,0.142559165762,0.2571576178109999,5488.0,8,Bregma −0.04,5488.0,155.0
Bregma −0.04,SEDR,7,0.1765369189069999,0.2963933521489999,5488.0,8,Bregma −0.04,5488.0,155.0
Bregma −0.04,SEDR,8,0.162501950546,0.3013184537699999,5488.0,8,Bregma −0.04,5488.0,155.0
Bregma −0.04,SEDR,9,0.1501686020349999,0.293265598836,5488.0,8,Bregma −0.04,5488.0,155.0
Bregma −0.04,SEDR,10,0.169209807865,0.283700651392,5488.0,8,Bregma −0.04,5488.0,155.0
Bregma −0.04,SEDR,11,0.154378474041,0.277798355481,5488.0,8,Bregma −0.04,5488.0,155.0
Bregma −0.04,SEDR,12,0.1684885763189999,0.2808896590369999,5488.0,8,Bregma −0.04,5488.0,155.0
Bregma −0.04,SEDR,13,0.184118875969,0.308513568043,5488.0,8,Bregma −0.04,5488.0,155.0
Bregma −0.04,SEDR,14,0.1345315579399999,0.265361100472,5488.0,8,Bregma −0.04,5488.0,155.0
Bregma −0.04,SEDR,15,0.1883783803359999,0.2973258568039999,5488.0,8,Bregma −0.04,5488.0,155.0
Bregma −0.04,SEDR,16,0.1600197392019999,0.3082846581629999,5488.0,8,Bregma −0.04,5488.0,155.0
Bregma −0.04,SEDR,17,0.163824417938,0.318417703546,5488.0,8,Bregma −0.04,5488.0,155.0
Bregma −0.04,SEDR,18,0.168750194125,0.2922085849769999,5488.0,8,Bregma −0.04,5488.0,155.0
Bregma −0.04,SEDR,19,0.167520769978,0.294359151872,5488.0,8,Bregma −0.04,5488.0,155.0
Bregma −0.04,SEDR,20,0.1457226482329999,0.261280963929,5488.0,8,Bregma −0.04,5488.0,155.0
Bregma −0.09,GraphST,1,0.2841382492,0.4428176831,,8,Bregma −0.09,5557.0,155.0
Bregma −0.09,GraphST,2,0.4278380458,0.5014996596,,8,Bregma −0.09,5557.0,155.0
Bregma −0.09,GraphST,3,0.2710451076,0.4242108167,,8,Bregma −0.09,5557.0,155.0
Bregma −0.09,GraphST,4,0.2731641737,0.452641896,,8,Bregma −0.09,5557.0,155.0
Bregma −0.09,GraphST,5,0.3739282394,0.4623017339,,8,Bregma −0.09,5557.0,155.0
Bregma −0.09,GraphST,6,0.4211968101,0.4947784595,,8,Bregma −0.09,5557.0,155.0
Bregma −0.09,GraphST,7,0.3446496834,0.4448393313,,8,Bregma −0.09,5557.0,155.0
Bregma −0.09,GraphST,8,0.3828244179,0.4729566713,,8,Bregma −0.09,5557.0,155.0
Bregma −0.09,GraphST,9,0.4059136039,0.4917312833,,8,Bregma −0.09,5557.0,155.0
Bregma −0.09,GraphST,10,0.4004502878,0.4869783981,,8,Bregma −0.09,5557.0,155.0
Bregma −0.09,GraphST,11,0.3564163736,0.4586172188,,8,Bregma −0.09,5557.0,155.0
Bregma −0.09,GraphST,12,0.3457984712,0.4613757,,8,Bregma −0.09,5557.0,155.0
Bregma −0.09,GraphST,13,0.3492826351,0.4359056335,,8,Bregma −0.09,5557.0,155.0
Bregma −0.09,GraphST,14,0.3656303367,0.4550688844,,8,Bregma −0.09,5557.0,155.0
Bregma −0.09,GraphST,15,0.3321299451,0.4394469902,,8,Bregma −0.09,5557.0,155.0
Bregma −0.09,GraphST,16,0.3273483657,0.4402660458,,8,Bregma −0.09,5557.0,155.0
Bregma −0.09,GraphST,17,0.3485243875,0.4394219521,,8,Bregma −0.09,5557.0,155.0
Bregma −0.09,GraphST,18,0.3665950787,0.4594712674,,8,Bregma −0.09,5557.0,155.0
Bregma −0.09,GraphST,19,0.3638413848,0.4588283253,,8,Bregma −0.09,5557.0,155.0
Bregma −0.09,GraphST,20,0.2998350559,0.4551621935,,8,Bregma −0.09,5557.0,155.0
Bregma −0.09,STAGATE,1,0.4096957272,0.5233259333,,8,Bregma −0.09,5557.0,155.0
Bregma −0.09,STAGATE,2,0.4407730236,0.5290000697,,8,Bregma −0.09,5557.0,155.0
Bregma −0.09,STAGATE,3,0.4019458998,0.5199045752,,8,Bregma −0.09,5557.0,155.0
Bregma −0.09,STAGATE,4,0.5064043447,0.5862915194,,8,Bregma −0.09,5557.0,155.0
Bregma −0.09,STAGATE,5,0.4097578893,0.5338055718,,8,Bregma −0.09,5557.0,155.0
Bregma −0.09,STAGATE,6,0.405353008,0.5241501292,,8,Bregma −0.09,5557.0,155.0
Bregma −0.09,STAGATE,7,0.4266377468,0.5258208151,,8,Bregma −0.09,5557.0,155.0
Bregma −0.09,STAGATE,8,0.3564997419,0.5045432532,,8,Bregma −0.09,5557.0,155.0
Bregma −0.09,STAGATE,9,0.4143067176,0.5275863782,,8,Bregma −0.09,5557.0,155.0
Bregma −0.09,STAGATE,10,0.4113417813,0.5304873774,,8,Bregma −0.09,5557.0,155.0
Bregma −0.09,STAGATE,11,0.4110741101,0.5249880572,,8,Bregma −0.09,5557.0,155.0
Bregma −0.09,STAGATE,12,0.4268454279,0.5376610167,,8,Bregma −0.09,5557.0,155.0
Bregma −0.09,STAGATE,13,0.482521717,0.5673981244,,8,Bregma −0.09,5557.0,155.0
Bregma −0.09,STAGATE,14,0.4168730787,0.5381934969,,8,Bregma −0.09,5557.0,155.0
Bregma −0.09,STAGATE,15,0.5292855404,0.5959228631,,8,Bregma −0.09,5557.0,155.0
Bregma −0.09,STAGATE,16,0.3998523851,0.5195048548,,8,Bregma −0.09,5557.0,155.0
Bregma −0.09,STAGATE,17,0.4367878397,0.5408710189,,8,Bregma −0.09,5557.0,155.0
Bregma −0.09,STAGATE,18,0.5348259865,0.6129261158,,8,Bregma −0.09,5557.0,155.0
Bregma −0.09,STAGATE,19,0.3985918534,0.522597844,,8,Bregma −0.09,5557.0,155.0
Bregma −0.09,STAGATE,20,0.4555029538,0.5570816151,,8,Bregma −0.09,5557.0,155.0
Bregma −0.09,SpaGCN,1,0.2229488298,0.3103508868,,8,Bregma −0.09,5557.0,155.0
Bregma −0.09,SpaGCN,2,0.1715252484,0.2753843731,,8,Bregma −0.09,5557.0,155.0
Bregma −0.09,SpaGCN,3,0.133978205,0.2135246867,,8,Bregma −0.09,5557.0,155.0
Bregma −0.09,SpaGCN,4,0.2069551207,0.2933958364,,8,Bregma −0.09,5557.0,155.0
Bregma −0.09,SpaGCN,5,0.2068062505,0.2948864954,,8,Bregma −0.09,5557.0,155.0
Bregma −0.09,SpaGCN,6,0.1699461276,0.2723660943,,8,Bregma −0.09,5557.0,155.0
Bregma −0.09,SpaGCN,7,0.2804740788,0.3627785399,,8,Bregma −0.09,5557.0,155.0
Bregma −0.09,SpaGCN,8,0.1451549188,0.2535650822,,8,Bregma −0.09,5557.0,155.0
Bregma −0.09,SpaGCN,9,0.2847823469,0.3365081898,,8,Bregma −0.09,5557.0,155.0
Bregma −0.09,SpaGCN,10,0.1839056235,0.2847641607,,8,Bregma −0.09,5557.0,155.0
Bregma −0.09,SpaGCN,11,0.2838137019,0.345080786,,8,Bregma −0.09,5557.0,155.0
Bregma −0.09,SpaGCN,12,0.2662815521,0.3586309576,,8,Bregma −0.09,5557.0,155.0
Bregma −0.09,SpaGCN,13,0.2660793422,0.3308806294,,8,Bregma −0.09,5557.0,155.0
Bregma −0.09,SpaGCN,14,0.2877281957,0.3462774966,,8,Bregma −0.09,5557.0,155.0
Bregma −0.09,SpaGCN,15,0.2574201888,0.3308527124,,8,Bregma −0.09,5557.0,155.0
Bregma −0.09,SpaGCN,16,0.2051890326,0.3021898331,,8,Bregma −0.09,5557.0,155.0
Bregma −0.09,SpaGCN,17,0.1908868208,0.2736904789,,8,Bregma −0.09,5557.0,155.0
Bregma −0.09,SpaGCN,18,0.2537742983,0.3310414193,,8,Bregma −0.09,5557.0,155.0
Bregma −0.09,SpaGCN,19,0.3108125627,0.3542464592,,8,Bregma −0.09,5557.0,155.0
Bregma −0.09,SpaGCN,20,0.241396074,0.3119444936,,8,Bregma −0.09,5557.0,155.0
Bregma −0.09,BANKSY,1,0.2804328583,0.363361403,,8,Bregma −0.09,5557.0,155.0
Bregma −0.09,BANKSY,2,0.2313515352,0.343031678,,8,Bregma −0.09,5557.0,155.0
Bregma −0.09,BANKSY,3,0.2306868096,0.3367522365,,8,Bregma −0.09,5557.0,155.0
Bregma −0.09,BANKSY,4,0.2803969696,0.3633401853,,8,Bregma −0.09,5557.0,155.0
Bregma −0.09,BANKSY,5,0.2305230571,0.3354597818,,8,Bregma −0.09,5557.0,155.0
Bregma −0.09,BANKSY,6,0.2306868096,0.3367522365,,8,Bregma −0.09,5557.0,155.0
Bregma −0.09,BANKSY,7,0.2306868096,0.3367522365,,8,Bregma −0.09,5557.0,155.0
Bregma −0.09,BANKSY,8,0.2306607075,0.3354871872,,8,Bregma −0.09,5557.0,155.0
Bregma −0.09,BANKSY,9,0.2306868096,0.3367522365,,8,Bregma −0.09,5557.0,155.0
Bregma −0.09,BANKSY,10,0.2809777002,0.3636711319,,8,Bregma −0.09,5557.0,155.0
Bregma −0.09,BANKSY,11,0.2306868096,0.3367522365,,8,Bregma −0.09,5557.0,155.0
Bregma −0.09,BANKSY,12,0.2809777002,0.3636711319,,8,Bregma −0.09,5557.0,155.0
Bregma −0.09,BANKSY,13,0.2305230571,0.3354597818,,8,Bregma −0.09,5557.0,155.0
Bregma −0.09,BANKSY,14,0.2306868096,0.3367522365,,8,Bregma −0.09,5557.0,155.0
Bregma −0.09,BANKSY,15,0.2324675257,0.3358383935,,8,Bregma −0.09,5557.0,155.0
Bregma −0.09,BANKSY,16,0.2306868096,0.3367522365,,8,Bregma −0.09,5557.0,155.0
Bregma −0.09,BANKSY,17,0.2306868096,0.3367522365,,8,Bregma −0.09,5557.0,155.0
Bregma −0.09,BANKSY,18,0.2309604122,0.3370221487,,8,Bregma −0.09,5557.0,155.0
Bregma −0.09,BANKSY,19,0.2306868096,0.3367522365,,8,Bregma −0.09,5557.0,155.0
Bregma −0.09,BANKSY,20,0.2306868096,0.3367522365,,8,Bregma −0.09,5557.0,155.0
Bregma −0.09,SEDR,1,0.27464163271,0.3524948782219999,5557.0,8,Bregma −0.09,5557.0,155.0
Bregma −0.09,SEDR,2,0.243078147156,0.351495575999,5557.0,8,Bregma −0.09,5557.0,155.0
Bregma −0.09,SEDR,3,0.17774211531,0.327292279178,5557.0,8,Bregma −0.09,5557.0,155.0
Bregma −0.09,SEDR,4,0.2729476510589999,0.3583173498069999,5557.0,8,Bregma −0.09,5557.0,155.0
Bregma −0.09,SEDR,5,0.193027060114,0.315497240602,5557.0,8,Bregma −0.09,5557.0,155.0
Bregma −0.09,SEDR,6,0.182388728652,0.346221792083,5557.0,8,Bregma −0.09,5557.0,155.0
Bregma −0.09,SEDR,7,0.2699748312129999,0.3625593198029999,5557.0,8,Bregma −0.09,5557.0,155.0
Bregma −0.09,SEDR,8,0.20401756246,0.3200817607679999,5557.0,8,Bregma −0.09,5557.0,155.0
Bregma −0.09,SEDR,9,0.360274166346,0.442418032996,5557.0,8,Bregma −0.09,5557.0,155.0
Bregma −0.09,SEDR,10,0.3042976253199999,0.360471877867,5557.0,8,Bregma −0.09,5557.0,155.0
Bregma −0.09,SEDR,11,0.242021017981,0.3786374154869999,5557.0,8,Bregma −0.09,5557.0,155.0
Bregma −0.09,SEDR,12,0.315496258523,0.40954767797,5557.0,8,Bregma −0.09,5557.0,155.0
Bregma −0.09,SEDR,13,0.2906631862299999,0.3964431390859999,5557.0,8,Bregma −0.09,5557.0,155.0
Bregma −0.09,SEDR,14,0.221714807285,0.3643709602849999,5557.0,8,Bregma −0.09,5557.0,155.0
Bregma −0.09,SEDR,15,0.348635372719,0.4336811226119999,5557.0,8,Bregma −0.09,5557.0,155.0
Bregma −0.09,SEDR,16,0.4123716786359999,0.489390460698,5557.0,8,Bregma −0.09,5557.0,155.0
Bregma −0.09,SEDR,17,0.140616222845,0.334760577639,5557.0,8,Bregma −0.09,5557.0,155.0
Bregma −0.09,SEDR,18,0.227859054498,0.3628458969389999,5557.0,8,Bregma −0.09,5557.0,155.0
Bregma −0.09,SEDR,19,0.323499220521,0.4168602725119999,5557.0,8,Bregma −0.09,5557.0,155.0
Bregma −0.09,SEDR,20,0.2324144235879999,0.33939005485,5557.0,8,Bregma −0.09,5557.0,155.0
Bregma −0.14,GraphST,1,0.3261487481,0.4686059128,,8,Bregma −0.14,5926.0,155.0
Bregma −0.14,GraphST,2,0.3738933897,0.4893777121,,8,Bregma −0.14,5926.0,155.0
Bregma −0.14,GraphST,3,0.3632198288,0.5009364198,,8,Bregma −0.14,5926.0,155.0
Bregma −0.14,GraphST,4,0.3823678832,0.5051935783,,8,Bregma −0.14,5926.0,155.0
Bregma −0.14,GraphST,5,0.3501606105,0.4839584839,,8,Bregma −0.14,5926.0,155.0
Bregma −0.14,GraphST,6,0.376540182,0.4976830306,,8,Bregma −0.14,5926.0,155.0
Bregma −0.14,GraphST,7,0.3308980006,0.4869892365,,8,Bregma −0.14,5926.0,155.0
Bregma −0.14,GraphST,8,0.386132793,0.5029868038,,8,Bregma −0.14,5926.0,155.0
Bregma −0.14,GraphST,9,0.3573714128,0.4942815867,,8,Bregma −0.14,5926.0,155.0
Bregma −0.14,GraphST,10,0.3464569638,0.4776448125,,8,Bregma −0.14,5926.0,155.0
Bregma −0.14,GraphST,11,0.3379844316,0.4830713501,,8,Bregma −0.14,5926.0,155.0
Bregma −0.14,GraphST,12,0.3730612329,0.485535658,,8,Bregma −0.14,5926.0,155.0
Bregma −0.14,GraphST,13,0.3818035029,0.499296581,,8,Bregma −0.14,5926.0,155.0
Bregma −0.14,GraphST,14,0.3612165413,0.4743540546,,8,Bregma −0.14,5926.0,155.0
Bregma −0.14,GraphST,15,0.3357689829,0.4793271971,,8,Bregma −0.14,5926.0,155.0
Bregma −0.14,GraphST,16,0.3967108753,0.4916670022,,8,Bregma −0.14,5926.0,155.0
Bregma −0.14,GraphST,17,0.3693527017,0.4634678089,,8,Bregma −0.14,5926.0,155.0
Bregma −0.14,GraphST,18,0.3710811324,0.4939344142,,8,Bregma −0.14,5926.0,155.0
Bregma −0.14,GraphST,19,0.3693846539,0.4773616405,,8,Bregma −0.14,5926.0,155.0
Bregma −0.14,GraphST,20,0.3792041353,0.4915853906,,8,Bregma −0.14,5926.0,155.0
Bregma −0.14,STAGATE,1,0.4814713887,0.594476068,,8,Bregma −0.14,5926.0,155.0
Bregma −0.14,STAGATE,2,0.4505153089,0.5448637787,,8,Bregma −0.14,5926.0,155.0
Bregma −0.14,STAGATE,3,0.3773472856,0.564746241,,8,Bregma −0.14,5926.0,155.0
Bregma −0.14,STAGATE,4,0.5456666201,0.5944379075,,8,Bregma −0.14,5926.0,155.0
Bregma −0.14,STAGATE,5,0.5415985064,0.6022767936,,8,Bregma −0.14,5926.0,155.0
Bregma −0.14,STAGATE,6,0.3697540179,0.5548122161,,8,Bregma −0.14,5926.0,155.0
Bregma −0.14,STAGATE,7,0.3792647297,0.5542045435,,8,Bregma −0.14,5926.0,155.0
Bregma −0.14,STAGATE,8,0.3464850741,0.5314026846,,8,Bregma −0.14,5926.0,155.0
Bregma −0.14,STAGATE,9,0.4408614086,0.5529997581,,8,Bregma −0.14,5926.0,155.0
Bregma −0.14,STAGATE,10,0.3748600142,0.5575902747,,8,Bregma −0.14,5926.0,155.0
Bregma −0.14,STAGATE,11,0.4673040068,0.567894255,,8,Bregma −0.14,5926.0,155.0
Bregma −0.14,STAGATE,12,0.4290555777,0.5408599799,,8,Bregma −0.14,5926.0,155.0
Bregma −0.14,STAGATE,13,0.3385720583,0.5224753144,,8,Bregma −0.14,5926.0,155.0
Bregma −0.14,STAGATE,14,0.3447105162,0.5364371143,,8,Bregma −0.14,5926.0,155.0
Bregma −0.14,STAGATE,15,0.3687727105,0.55196543,,8,Bregma −0.14,5926.0,155.0
Bregma −0.14,STAGATE,16,0.3734459926,0.5379662224,,8,Bregma −0.14,5926.0,155.0
Bregma −0.14,STAGATE,17,0.3742479946,0.5538425373,,8,Bregma −0.14,5926.0,155.0
Bregma −0.14,STAGATE,18,0.3764906959,0.5620725634,,8,Bregma −0.14,5926.0,155.0
Bregma −0.14,STAGATE,19,0.3429985126,0.5334356476,,8,Bregma −0.14,5926.0,155.0
Bregma −0.14,STAGATE,20,0.4624356839,0.5446272699,,8,Bregma −0.14,5926.0,155.0
Bregma −0.14,SpaGCN,1,0.2469540625,0.3358733418,,8,Bregma −0.14,5926.0,155.0
Bregma −0.14,SpaGCN,2,0.2409032234,0.3351518259,,8,Bregma −0.14,5926.0,155.0
Bregma −0.14,SpaGCN,3,0.1179046105,0.2336344325,,8,Bregma −0.14,5926.0,155.0
Bregma −0.14,SpaGCN,4,0.1939806109,0.289143823,,8,Bregma −0.14,5926.0,155.0
Bregma −0.14,SpaGCN,5,0.1409941155,0.2445643533,,8,Bregma −0.14,5926.0,155.0
Bregma −0.14,SpaGCN,6,0.232105211,0.3002543172,,8,Bregma −0.14,5926.0,155.0
Bregma −0.14,SpaGCN,7,0.2877287301,0.3557414293,,8,Bregma −0.14,5926.0,155.0
Bregma −0.14,SpaGCN,8,0.2329123742,0.3130485273,,8,Bregma −0.14,5926.0,155.0
Bregma −0.14,SpaGCN,9,0.2565896917,0.3369750695,,8,Bregma −0.14,5926.0,155.0
Bregma −0.14,SpaGCN,10,0.2156572217,0.3003298833,,8,Bregma −0.14,5926.0,155.0
Bregma −0.14,SpaGCN,11,0.22359094,0.3058289035,,8,Bregma −0.14,5926.0,155.0
Bregma −0.14,SpaGCN,12,0.2640894858,0.3433975772,,8,Bregma −0.14,5926.0,155.0
Bregma −0.14,SpaGCN,13,0.2196030952,0.297500896,,8,Bregma −0.14,5926.0,155.0
Bregma −0.14,SpaGCN,14,0.2500535635,0.3279542153,,8,Bregma −0.14,5926.0,155.0
Bregma −0.14,SpaGCN,15,0.2481602748,0.3279105131,,8,Bregma −0.14,5926.0,155.0
Bregma −0.14,SpaGCN,16,0.1902989419,0.2874060126,,8,Bregma −0.14,5926.0,155.0
Bregma −0.14,SpaGCN,17,0.1050537756,0.2207907324,,8,Bregma −0.14,5926.0,155.0
Bregma −0.14,SpaGCN,18,0.2719171831,0.3415228049,,8,Bregma −0.14,5926.0,155.0
Bregma −0.14,SpaGCN,19,0.2392235236,0.332779384,,8,Bregma −0.14,5926.0,155.0
Bregma −0.14,SpaGCN,20,0.2538611961,0.3239098707,,8,Bregma −0.14,5926.0,155.0
Bregma −0.14,BANKSY,1,0.2592350541,0.333953485,,8,Bregma −0.14,5926.0,155.0
Bregma −0.14,BANKSY,2,0.2576634108,0.3330144048,,8,Bregma −0.14,5926.0,155.0
Bregma −0.14,BANKSY,3,0.2257027827,0.3055763725,,8,Bregma −0.14,5926.0,155.0
Bregma −0.14,BANKSY,4,0.2597973819,0.3344912597,,8,Bregma −0.14,5926.0,155.0
Bregma −0.14,BANKSY,5,0.2255405243,0.3051387718,,8,Bregma −0.14,5926.0,155.0
Bregma −0.14,BANKSY,6,0.2253059407,0.305130847,,8,Bregma −0.14,5926.0,155.0
Bregma −0.14,BANKSY,7,0.2517428614,0.3572780685,,8,Bregma −0.14,5926.0,155.0
Bregma −0.14,BANKSY,8,0.2563295264,0.3608412948,,8,Bregma −0.14,5926.0,155.0
Bregma −0.14,BANKSY,9,0.2595770777,0.3344578042,,8,Bregma −0.14,5926.0,155.0
Bregma −0.14,BANKSY,10,0.2253484202,0.3050437189,,8,Bregma −0.14,5926.0,155.0
Bregma −0.14,BANKSY,11,0.2255405243,0.3051387718,,8,Bregma −0.14,5926.0,155.0
Bregma −0.14,BANKSY,12,0.2597973819,0.3344912597,,8,Bregma −0.14,5926.0,155.0
Bregma −0.14,BANKSY,13,0.2598754027,0.3345453711,,8,Bregma −0.14,5926.0,155.0
Bregma −0.14,BANKSY,14,0.2256079199,0.305370411,,8,Bregma −0.14,5926.0,155.0
Bregma −0.14,BANKSY,15,0.258992079,0.3342131659,,8,Bregma −0.14,5926.0,155.0
Bregma −0.14,BANKSY,16,0.2559929825,0.3605535658,,8,Bregma −0.14,5926.0,155.0
Bregma −0.14,BANKSY,17,0.2257027827,0.3055763725,,8,Bregma −0.14,5926.0,155.0
Bregma −0.14,BANKSY,18,0.2641240625,0.3598054814,,8,Bregma −0.14,5926.0,155.0
Bregma −0.14,BANKSY,19,0.259802928,0.3345782122,,8,Bregma −0.14,5926.0,155.0
Bregma −0.14,BANKSY,20,0.2598326195,0.3345120201,,8,Bregma −0.14,5926.0,155.0
Bregma −0.14,SEDR,1,0.2790432002539999,0.3813668237389999,5926.0,8,Bregma −0.14,5926.0,155.0
Bregma −0.14,SEDR,2,0.2917196693849999,0.377605986043,5926.0,8,Bregma −0.14,5926.0,155.0
Bregma −0.14,SEDR,3,0.2575882512309999,0.361166048708,5926.0,8,Bregma −0.14,5926.0,155.0
Bregma −0.14,SEDR,4,0.220554450831,0.3400995499339999,5926.0,8,Bregma −0.14,5926.0,155.0
Bregma −0.14,SEDR,5,0.30596047487,0.3721158385639999,5926.0,8,Bregma −0.14,5926.0,155.0
Bregma −0.14,SEDR,6,0.2947786531009999,0.384918356775,5926.0,8,Bregma −0.14,5926.0,155.0
Bregma −0.14,SEDR,7,0.2611617870599999,0.3535675030209999,5926.0,8,Bregma −0.14,5926.0,155.0
Bregma −0.14,SEDR,8,0.2344001493819999,0.3335084454089999,5926.0,8,Bregma −0.14,5926.0,155.0
Bregma −0.14,SEDR,9,0.2513776571049999,0.323880951793,5926.0,8,Bregma −0.14,5926.0,155.0
Bregma −0.14,SEDR,10,0.2280228478559999,0.343608248954,5926.0,8,Bregma −0.14,5926.0,155.0
Bregma −0.14,SEDR,11,0.1795854657119999,0.3175253355359999,5926.0,8,Bregma −0.14,5926.0,155.0
Bregma −0.14,SEDR,12,0.2634718021279999,0.3743240600389999,5926.0,8,Bregma −0.14,5926.0,155.0
Bregma −0.14,SEDR,13,0.236995989159,0.354990509303,5926.0,8,Bregma −0.14,5926.0,155.0
Bregma −0.14,SEDR,14,0.242949344559,0.350029871318,5926.0,8,Bregma −0.14,5926.0,155.0
Bregma −0.14,SEDR,15,0.267942300482,0.371659049648,5926.0,8,Bregma −0.14,5926.0,155.0
Bregma −0.14,SEDR,16,0.268155725848,0.363148018904,5926.0,8,Bregma −0.14,5926.0,155.0
Bregma −0.14,SEDR,17,0.290342356244,0.364806568115,5926.0,8,Bregma −0.14,5926.0,155.0
Bregma −0.14,SEDR,18,0.2491504561419999,0.3575601914709999,5926.0,8,Bregma −0.14,5926.0,155.0
Bregma −0.14,SEDR,19,0.243986372935,0.363622329272,5926.0,8,Bregma −0.14,5926.0,155.0
Bregma −0.14,SEDR,20,0.237637830589,0.3452255386149999,5926.0,8,Bregma −0.14,5926.0,155.0
Bregma −0.19,GraphST,1,0.3490645313,0.517634029,,8,Bregma −0.19,5803.0,155.0
Bregma −0.19,GraphST,2,0.3546248105,0.5427084414,,8,Bregma −0.19,5803.0,155.0
Bregma −0.19,GraphST,3,0.4334914591,0.5360013154,,8,Bregma −0.19,5803.0,155.0
Bregma −0.19,GraphST,4,0.3168721346,0.5238423733,,8,Bregma −0.19,5803.0,155.0
Bregma −0.19,GraphST,5,0.4404798816,0.5462700752,,8,Bregma −0.19,5803.0,155.0
Bregma −0.19,GraphST,6,0.3762128787,0.5523553771,,8,Bregma −0.19,5803.0,155.0
Bregma −0.19,GraphST,7,0.3562009082,0.5308508212,,8,Bregma −0.19,5803.0,155.0
Bregma −0.19,GraphST,8,0.4305029164,0.5490770735,,8,Bregma −0.19,5803.0,155.0
Bregma −0.19,GraphST,9,0.3999818054,0.536999962,,8,Bregma −0.19,5803.0,155.0
Bregma −0.19,GraphST,10,0.3132405768,0.4855602176,,8,Bregma −0.19,5803.0,155.0
Bregma −0.19,GraphST,11,0.4053242594,0.5338413453,,8,Bregma −0.19,5803.0,155.0
Bregma −0.19,GraphST,12,0.3877428304,0.5121643178,,8,Bregma −0.19,5803.0,155.0
Bregma −0.19,GraphST,13,0.4271110185,0.5286646423,,8,Bregma −0.19,5803.0,155.0
Bregma −0.19,GraphST,14,0.4219674654,0.537676168,,8,Bregma −0.19,5803.0,155.0
Bregma −0.19,GraphST,15,0.3808232327,0.5519486531,,8,Bregma −0.19,5803.0,155.0
Bregma −0.19,GraphST,16,0.3698521468,0.5341259844,,8,Bregma −0.19,5803.0,155.0
Bregma −0.19,GraphST,17,0.2568429803,0.4455716586,,8,Bregma −0.19,5803.0,155.0
Bregma −0.19,GraphST,18,0.418423598,0.5411645146,,8,Bregma −0.19,5803.0,155.0
Bregma −0.19,GraphST,19,0.4160996252,0.5247506765,,8,Bregma −0.19,5803.0,155.0
Bregma −0.19,GraphST,20,0.3783162248,0.5405376404,,8,Bregma −0.19,5803.0,155.0
Bregma −0.19,STAGATE,1,0.5474634353,0.6395046199,,8,Bregma −0.19,5803.0,155.0
Bregma −0.19,STAGATE,2,0.5968534175,0.6628280919,,8,Bregma −0.19,5803.0,155.0
Bregma −0.19,STAGATE,3,0.4426440761,0.6104170207,,8,Bregma −0.19,5803.0,155.0
Bregma −0.19,STAGATE,4,0.4519076835,0.6078758791,,8,Bregma −0.19,5803.0,155.0
Bregma −0.19,STAGATE,5,0.5424596907,0.6097330936,,8,Bregma −0.19,5803.0,155.0
Bregma −0.19,STAGATE,6,0.5585750969,0.6387127955,,8,Bregma −0.19,5803.0,155.0
Bregma −0.19,STAGATE,7,0.5464993799,0.6378256082,,8,Bregma −0.19,5803.0,155.0
Bregma −0.19,STAGATE,8,0.4690252783,0.6026018738,,8,Bregma −0.19,5803.0,155.0
Bregma −0.19,STAGATE,9,0.5300194915,0.6416613199,,8,Bregma −0.19,5803.0,155.0
Bregma −0.19,STAGATE,10,0.4747214627,0.6193042782,,8,Bregma −0.19,5803.0,155.0
Bregma −0.19,STAGATE,11,0.5885486668,0.6532011095,,8,Bregma −0.19,5803.0,155.0
Bregma −0.19,STAGATE,12,0.5502497466,0.6396760765,,8,Bregma −0.19,5803.0,155.0
Bregma −0.19,STAGATE,13,0.4868344236,0.6326047127,,8,Bregma −0.19,5803.0,155.0
Bregma −0.19,STAGATE,14,0.6254658838,0.6646936313,,8,Bregma −0.19,5803.0,155.0
Bregma −0.19,STAGATE,15,0.5821177526,0.6308157705,,8,Bregma −0.19,5803.0,155.0
Bregma −0.19,STAGATE,16,0.5572348312,0.6246833367,,8,Bregma −0.19,5803.0,155.0
Bregma −0.19,STAGATE,17,0.5618422303,0.6309485816,,8,Bregma −0.19,5803.0,155.0
Bregma −0.19,STAGATE,18,0.581336734,0.6501657176,,8,Bregma −0.19,5803.0,155.0
Bregma −0.19,STAGATE,19,0.565234049,0.6364472826,,8,Bregma −0.19,5803.0,155.0
Bregma −0.19,STAGATE,20,0.5002987738,0.610256496,,8,Bregma −0.19,5803.0,155.0
Bregma −0.19,SpaGCN,1,0.2975772851,0.3628008267,,8,Bregma −0.19,5803.0,155.0
Bregma −0.19,SpaGCN,2,0.2294925835,0.303933407,,8,Bregma −0.19,5803.0,155.0
Bregma −0.19,SpaGCN,3,0.1696109361,0.2737863061,,8,Bregma −0.19,5803.0,155.0
Bregma −0.19,SpaGCN,4,0.1205738637,0.236169726,,8,Bregma −0.19,5803.0,155.0
Bregma −0.19,SpaGCN,5,0.2960247458,0.350655536,,8,Bregma −0.19,5803.0,155.0
Bregma −0.19,SpaGCN,6,0.2004679975,0.3423282878,,8,Bregma −0.19,5803.0,155.0
Bregma −0.19,SpaGCN,7,0.3427964965,0.398354876,,8,Bregma −0.19,5803.0,155.0
Bregma −0.19,SpaGCN,8,0.1603451647,0.2757066638,,8,Bregma −0.19,5803.0,155.0
Bregma −0.19,SpaGCN,9,0.3370566207,0.4030565247,,8,Bregma −0.19,5803.0,155.0
Bregma −0.19,SpaGCN,10,0.2220311393,0.3045096028,,8,Bregma −0.19,5803.0,155.0
Bregma −0.19,SpaGCN,11,0.2359898607,0.307081173,,8,Bregma −0.19,5803.0,155.0
Bregma −0.19,SpaGCN,12,0.3274401133,0.3709059225,,8,Bregma −0.19,5803.0,155.0
Bregma −0.19,SpaGCN,13,0.1975853143,0.3259031009,,8,Bregma −0.19,5803.0,155.0
Bregma −0.19,SpaGCN,14,0.1489306585,0.2559205182,,8,Bregma −0.19,5803.0,155.0
Bregma −0.19,SpaGCN,15,0.2572594657,0.3265612287,,8,Bregma −0.19,5803.0,155.0
Bregma −0.19,SpaGCN,16,0.1951405587,0.3062211986,,8,Bregma −0.19,5803.0,155.0
Bregma −0.19,SpaGCN,17,0.238135939,0.343564802,,8,Bregma −0.19,5803.0,155.0
Bregma −0.19,SpaGCN,18,0.3004750029,0.3737595053,,8,Bregma −0.19,5803.0,155.0
Bregma −0.19,SpaGCN,19,0.2683816194,0.3236865273,,7,Bregma −0.19,5803.0,155.0
Bregma −0.19,SpaGCN,20,0.2910229319,0.3567872524,,8,Bregma −0.19,5803.0,155.0
Bregma −0.19,BANKSY,1,0.2801616779,0.3915257563,,8,Bregma −0.19,5803.0,155.0
Bregma −0.19,BANKSY,2,0.279731363,0.3911619943,,8,Bregma −0.19,5803.0,155.0
Bregma −0.19,BANKSY,3,0.2308723482,0.3019848054,,8,Bregma −0.19,5803.0,155.0
Bregma −0.19,BANKSY,4,0.279731363,0.3911619943,,8,Bregma −0.19,5803.0,155.0
Bregma −0.19,BANKSY,5,0.2804186992,0.3915183081,,8,Bregma −0.19,5803.0,155.0
Bregma −0.19,BANKSY,6,0.2802938057,0.3914843321,,8,Bregma −0.19,5803.0,155.0
Bregma −0.19,BANKSY,7,0.280836665,0.3917539776,,8,Bregma −0.19,5803.0,155.0
Bregma −0.19,BANKSY,8,0.28087815,0.3919626247,,8,Bregma −0.19,5803.0,155.0
Bregma −0.19,BANKSY,9,0.2802938057,0.3914843321,,8,Bregma −0.19,5803.0,155.0
Bregma −0.19,BANKSY,10,0.2802938057,0.3914843321,,8,Bregma −0.19,5803.0,155.0
Bregma −0.19,BANKSY,11,0.2797926501,0.3914231398,,8,Bregma −0.19,5803.0,155.0
Bregma −0.19,BANKSY,12,0.2805135938,0.3915230552,,8,Bregma −0.19,5803.0,155.0
Bregma −0.19,BANKSY,13,0.1684607158,0.3057215991,,8,Bregma −0.19,5803.0,155.0
Bregma −0.19,BANKSY,14,0.2808693124,0.391771166,,8,Bregma −0.19,5803.0,155.0
Bregma −0.19,BANKSY,15,0.1686785212,0.3058909846,,8,Bregma −0.19,5803.0,155.0
Bregma −0.19,BANKSY,16,0.2807529498,0.3919284246,,8,Bregma −0.19,5803.0,155.0
Bregma −0.19,BANKSY,17,0.280836665,0.3917539776,,8,Bregma −0.19,5803.0,155.0
Bregma −0.19,BANKSY,18,0.1693397266,0.3054234532,,8,Bregma −0.19,5803.0,155.0
Bregma −0.19,BANKSY,19,0.279731363,0.3911619943,,8,Bregma −0.19,5803.0,155.0
Bregma −0.19,BANKSY,20,0.2803293961,0.39144576,,8,Bregma −0.19,5803.0,155.0
Bregma −0.19,SEDR,1,0.270768539187,0.412994524869,5803.0,8,Bregma −0.19,5803.0,155.0
Bregma −0.19,SEDR,2,0.295239254532,0.411831050151,5803.0,8,Bregma −0.19,5803.0,155.0
Bregma −0.19,SEDR,3,0.2625348739119999,0.4141241127049999,5803.0,8,Bregma −0.19,5803.0,155.0
Bregma −0.19,SEDR,4,0.283145084183,0.3809548695089999,5803.0,8,Bregma −0.19,5803.0,155.0
Bregma −0.19,SEDR,5,0.2892097739069999,0.407246030892,5803.0,8,Bregma −0.19,5803.0,155.0
Bregma −0.19,SEDR,6,0.2856622085189999,0.395240879336,5803.0,8,Bregma −0.19,5803.0,155.0
Bregma −0.19,SEDR,7,0.2920624516679999,0.428428147428,5803.0,8,Bregma −0.19,5803.0,155.0
Bregma −0.19,SEDR,8,0.266617750533,0.373917845749,5803.0,8,Bregma −0.19,5803.0,155.0
Bregma −0.19,SEDR,9,0.2839835916599999,0.375143842151,5803.0,8,Bregma −0.19,5803.0,155.0
Bregma −0.19,SEDR,10,0.285694823857,0.4207254818289999,5803.0,8,Bregma −0.19,5803.0,155.0
Bregma −0.19,SEDR,11,0.29042920227,0.422780852579,5803.0,8,Bregma −0.19,5803.0,155.0
Bregma −0.19,SEDR,12,0.275552557644,0.3865031387519999,5803.0,8,Bregma −0.19,5803.0,155.0
Bregma −0.19,SEDR,13,0.294983518787,0.39622310427,5803.0,8,Bregma −0.19,5803.0,155.0
Bregma −0.19,SEDR,14,0.181826193839,0.3077799535049999,5803.0,8,Bregma −0.19,5803.0,155.0
Bregma −0.19,SEDR,15,0.2436094330689999,0.3876397029309999,5803.0,8,Bregma −0.19,5803.0,155.0
Bregma −0.19,SEDR,16,0.2894633170009999,0.416131475445,5803.0,8,Bregma −0.19,5803.0,155.0
Bregma −0.19,SEDR,17,0.281797786496,0.3808158283659999,5803.0,8,Bregma −0.19,5803.0,155.0
Bregma −0.19,SEDR,18,0.2784424742539999,0.409124245148,5803.0,8,Bregma −0.19,5803.0,155.0
Bregma −0.19,SEDR,19,0.281155912775,0.389992057097,5803.0,8,Bregma −0.19,5803.0,155.0
Bregma −0.19,SEDR,20,0.2750275318739999,0.383890698184,5803.0,8,Bregma −0.19,5803.0,155.0
Bregma −0.24,GraphST,1,0.4451275131,0.5247650121,,8,Bregma −0.24,5543.0,155.0
Bregma −0.24,GraphST,2,0.4485837775,0.5397036202,,8,Bregma −0.24,5543.0,155.0
Bregma −0.24,GraphST,3,0.4154710726,0.5505475979,,8,Bregma −0.24,5543.0,155.0
Bregma −0.24,GraphST,4,0.4316410098,0.5474183854,,8,Bregma −0.24,5543.0,155.0
Bregma −0.24,GraphST,5,0.3869877659,0.5273199636,,8,Bregma −0.24,5543.0,155.0
Bregma −0.24,GraphST,6,0.3769078783,0.5310227202,,8,Bregma −0.24,5543.0,155.0
Bregma −0.24,GraphST,7,0.4120103388,0.5419726816,,8,Bregma −0.24,5543.0,155.0
Bregma −0.24,GraphST,8,0.3746810681,0.5259906962,,8,Bregma −0.24,5543.0,155.0
Bregma −0.24,GraphST,9,0.4125030138,0.5375913166,,8,Bregma −0.24,5543.0,155.0
Bregma −0.24,GraphST,10,0.4162883433,0.5319608058,,8,Bregma −0.24,5543.0,155.0
Bregma −0.24,GraphST,11,0.3941383701,0.5323259946,,8,Bregma −0.24,5543.0,155.0
Bregma −0.24,GraphST,12,0.4453160224,0.5276310236,,8,Bregma −0.24,5543.0,155.0
Bregma −0.24,GraphST,13,0.4070121292,0.5339178653,,8,Bregma −0.24,5543.0,155.0
Bregma −0.24,GraphST,14,0.438816055,0.5133375313,,8,Bregma −0.24,5543.0,155.0
Bregma −0.24,GraphST,15,0.3853360914,0.5278356317,,8,Bregma −0.24,5543.0,155.0
Bregma −0.24,GraphST,16,0.352910426,0.5266604604,,8,Bregma −0.24,5543.0,155.0
Bregma −0.24,GraphST,17,0.2913487123,0.4868839739,,8,Bregma −0.24,5543.0,155.0
Bregma −0.24,GraphST,18,0.4128104845,0.5267848134,,8,Bregma −0.24,5543.0,155.0
Bregma −0.24,GraphST,19,0.4385174147,0.5302114677,,8,Bregma −0.24,5543.0,155.0
Bregma −0.24,GraphST,20,0.4188926175,0.5319151244,,8,Bregma −0.24,5543.0,155.0
Bregma −0.24,STAGATE,1,0.5190631509,0.6310606502,,8,Bregma −0.24,5543.0,155.0
Bregma −0.24,STAGATE,2,0.6401269895,0.6792940206,,8,Bregma −0.24,5543.0,155.0
Bregma −0.24,STAGATE,3,0.5490628805,0.6547513855,,8,Bregma −0.24,5543.0,155.0
Bregma −0.24,STAGATE,4,0.4507645791,0.6316659963,,8,Bregma −0.24,5543.0,155.0
Bregma −0.24,STAGATE,5,0.5789404663,0.6684450571,,8,Bregma −0.24,5543.0,155.0
Bregma −0.24,STAGATE,6,0.5693506538,0.6431429571,,8,Bregma −0.24,5543.0,155.0
Bregma −0.24,STAGATE,7,0.4723789558,0.6216668164,,8,Bregma −0.24,5543.0,155.0
Bregma −0.24,STAGATE,8,0.4397737932,0.6158468216,,8,Bregma −0.24,5543.0,155.0
Bregma −0.24,STAGATE,9,0.4795890119,0.6482939031,,8,Bregma −0.24,5543.0,155.0
Bregma −0.24,STAGATE,10,0.4910054852,0.6252747304,,8,Bregma −0.24,5543.0,155.0
Bregma −0.24,STAGATE,11,0.5151991394,0.6594279277,,8,Bregma −0.24,5543.0,155.0
Bregma −0.24,STAGATE,12,0.5564186641,0.6423764298,,8,Bregma −0.24,5543.0,155.0
Bregma −0.24,STAGATE,13,0.5305181295,0.6358666956,,8,Bregma −0.24,5543.0,155.0
Bregma −0.24,STAGATE,14,0.564270525,0.6544910374,,8,Bregma −0.24,5543.0,155.0
Bregma −0.24,STAGATE,15,0.5382446332,0.6529509571,,8,Bregma −0.24,5543.0,155.0
Bregma −0.24,STAGATE,16,0.4706391478,0.6273542875,,8,Bregma −0.24,5543.0,155.0
Bregma −0.24,STAGATE,17,0.5606369563,0.6501187301,,8,Bregma −0.24,5543.0,155.0
Bregma −0.24,STAGATE,18,0.5489690644,0.6411303056,,8,Bregma −0.24,5543.0,155.0
Bregma −0.24,STAGATE,19,0.5825220339,0.6620144898,,8,Bregma −0.24,5543.0,155.0
Bregma −0.24,STAGATE,20,0.598914334,0.6580196035,,8,Bregma −0.24,5543.0,155.0
Bregma −0.24,SpaGCN,1,0.2833852727,0.3286822977,,8,Bregma −0.24,5543.0,155.0
Bregma −0.24,SpaGCN,2,0.2998804604,0.3734693721,,8,Bregma −0.24,5543.0,155.0
Bregma −0.24,SpaGCN,3,0.2038826678,0.3173937218,,8,Bregma −0.24,5543.0,155.0
Bregma −0.24,SpaGCN,4,0.1859498764,0.2949100357,,8,Bregma −0.24,5543.0,155.0
Bregma −0.24,SpaGCN,5,0.2205631162,0.310898472,,8,Bregma −0.24,5543.0,155.0
Bregma −0.24,SpaGCN,6,0.2659855385,0.3370586553,,8,Bregma −0.24,5543.0,155.0
Bregma −0.24,SpaGCN,7,0.2780414189,0.3566712805,,8,Bregma −0.24,5543.0,155.0
Bregma −0.24,SpaGCN,8,0.2209321547,0.323836139,,8,Bregma −0.24,5543.0,155.0
Bregma −0.24,SpaGCN,9,0.1359789045,0.2567627666,,8,Bregma −0.24,5543.0,155.0
Bregma −0.24,SpaGCN,10,0.1738427865,0.2761244096,,8,Bregma −0.24,5543.0,155.0
Bregma −0.24,SpaGCN,11,0.2580901149,0.3186690404,,8,Bregma −0.24,5543.0,155.0
Bregma −0.24,SpaGCN,12,0.2635914375,0.3193456978,,8,Bregma −0.24,5543.0,155.0
Bregma −0.24,SpaGCN,13,0.2341130448,0.3460310515,,8,Bregma −0.24,5543.0,155.0
Bregma −0.24,SpaGCN,14,0.2398712465,0.3264523119,,8,Bregma −0.24,5543.0,155.0
Bregma −0.24,SpaGCN,15,0.1705961637,0.3055201308,,8,Bregma −0.24,5543.0,155.0
Bregma −0.24,SpaGCN,16,0.1750102254,0.2893640393,,8,Bregma −0.24,5543.0,155.0
Bregma −0.24,SpaGCN,17,0.2461986131,0.3078859724,,8,Bregma −0.24,5543.0,155.0
Bregma −0.24,SpaGCN,18,0.3046186943,0.3776237688,,8,Bregma −0.24,5543.0,155.0
Bregma −0.24,SpaGCN,19,0.2293023732,0.3180156043,,8,Bregma −0.24,5543.0,155.0
Bregma −0.24,SpaGCN,20,0.2640585372,0.3263895443,,8,Bregma −0.24,5543.0,155.0
Bregma −0.24,BANKSY,1,0.2111867157,0.3063157369,,8,Bregma −0.24,5543.0,155.0
Bregma −0.24,BANKSY,2,0.2414227021,0.3630265091,,8,Bregma −0.24,5543.0,155.0
Bregma −0.24,BANKSY,3,0.2643334528,0.3448842074,,8,Bregma −0.24,5543.0,155.0
Bregma −0.24,BANKSY,4,0.262739599,0.3457958388,,8,Bregma −0.24,5543.0,155.0
Bregma −0.24,BANKSY,5,0.2415565415,0.3625425821,,8,Bregma −0.24,5543.0,155.0
Bregma −0.24,BANKSY,6,0.2643135415,0.3447623598,,8,Bregma −0.24,5543.0,155.0
Bregma −0.24,BANKSY,7,0.2645156947,0.3450836425,,8,Bregma −0.24,5543.0,155.0
Bregma −0.24,BANKSY,8,0.2603577028,0.3664101333,,8,Bregma −0.24,5543.0,155.0
Bregma −0.24,BANKSY,9,0.2636400641,0.3441107102,,8,Bregma −0.24,5543.0,155.0
Bregma −0.24,BANKSY,10,0.262739599,0.3457958388,,8,Bregma −0.24,5543.0,155.0
Bregma −0.24,BANKSY,11,0.2637132069,0.3436896793,,8,Bregma −0.24,5543.0,155.0
Bregma −0.24,BANKSY,12,0.2111867157,0.3063157369,,8,Bregma −0.24,5543.0,155.0
Bregma −0.24,BANKSY,13,0.2111867157,0.3063157369,,8,Bregma −0.24,5543.0,155.0
Bregma −0.24,BANKSY,14,0.2655985325,0.3661714267,,8,Bregma −0.24,5543.0,155.0
Bregma −0.24,BANKSY,15,0.2398352781,0.3258871673,,8,Bregma −0.24,5543.0,155.0
Bregma −0.24,BANKSY,16,0.2555428732,0.3341307922,,8,Bregma −0.24,5543.0,155.0
Bregma −0.24,BANKSY,17,0.2502786904,0.3654750648,,8,Bregma −0.24,5543.0,155.0
Bregma −0.24,BANKSY,18,0.2643135415,0.3447623598,,8,Bregma −0.24,5543.0,155.0
Bregma −0.24,BANKSY,19,0.2488516475,0.3273257877,,8,Bregma −0.24,5543.0,155.0
Bregma −0.24,BANKSY,20,0.2595383389,0.3661772804,,8,Bregma −0.24,5543.0,155.0
Bregma −0.24,SEDR,1,0.176344837373,0.330590549279,5543.0,8,Bregma −0.24,5543.0,155.0
Bregma −0.24,SEDR,2,0.195185745227,0.3364357794519999,5543.0,8,Bregma −0.24,5543.0,155.0
Bregma −0.24,SEDR,3,0.179653470739,0.316297253808,5543.0,8,Bregma −0.24,5543.0,155.0
Bregma −0.24,SEDR,4,0.236904653065,0.396415227912,5543.0,8,Bregma −0.24,5543.0,155.0
Bregma −0.24,SEDR,5,0.2065893792709999,0.395350456849,5543.0,8,Bregma −0.24,5543.0,155.0
Bregma −0.24,SEDR,6,0.2313394513819999,0.35631584699,5543.0,8,Bregma −0.24,5543.0,155.0
Bregma −0.24,SEDR,7,0.181995293778,0.359799909947,5543.0,8,Bregma −0.24,5543.0,155.0
Bregma −0.24,SEDR,8,0.3168471146499999,0.421918667956,5543.0,8,Bregma −0.24,5543.0,155.0
Bregma −0.24,SEDR,9,0.2338974209349999,0.3229075161189999,5543.0,8,Bregma −0.24,5543.0,155.0
Bregma −0.24,SEDR,10,0.199487637323,0.32890675331,5543.0,8,Bregma −0.24,5543.0,155.0
Bregma −0.24,SEDR,11,0.203543747716,0.349912186796,5543.0,8,Bregma −0.24,5543.0,155.0
Bregma −0.24,SEDR,12,0.1903223390369999,0.359298646,5543.0,8,Bregma −0.24,5543.0,155.0
Bregma −0.24,SEDR,13,0.264179082579,0.413247236991,5543.0,8,Bregma −0.24,5543.0,155.0
Bregma −0.24,SEDR,14,0.193068590236,0.362005967909,5543.0,8,Bregma −0.24,5543.0,155.0
Bregma −0.24,SEDR,15,0.140505096282,0.2923229964699999,5543.0,8,Bregma −0.24,5543.0,155.0
Bregma −0.24,SEDR,16,0.2358805697209999,0.383685976021,5543.0,8,Bregma −0.24,5543.0,155.0
Bregma −0.24,SEDR,17,0.176884219018,0.361176320895,5543.0,8,Bregma −0.24,5543.0,155.0
Bregma −0.24,SEDR,18,0.223585595942,0.319123396625,5543.0,8,Bregma −0.24,5543.0,155.0
Bregma −0.24,SEDR,19,0.1666135037,0.3444424679179999,5543.0,8,Bregma −0.24,5543.0,155.0
Bregma −0.24,SEDR,20,0.214483441116,0.4175700539989999,5543.0,8,Bregma −0.24,5543.0,155.0
