section,section_display,method,seed_r,seed_s,abs_reference_ari_difference,pairwise_partition_ari,top100_marker_jaccard
151507,151507,GraphST,1,2,0.01296393,0.57688565999999997,0.80180180000000001
151507,151507,GraphST,1,3,0.0028723300000000002,0.56989679000000004,0.81818181999999995
151507,151507,GraphST,1,6,0.00282723,0.59099360999999995,0.83486238999999995
151507,151507,GraphST,1,7,0.01161391,0.44708545,0.78571429000000004
151507,151507,GraphST,1,8,0.0099362300000000008,0.48410122,0.83486238999999995
151507,151507,GraphST,1,9,0.0031035199999999998,0.43253913999999999,0.78571429000000004
151507,151507,GraphST,1,10,0.016686860000000001,0.46970107,0.83486238999999995
151507,151507,GraphST,1,11,0.01276571,0.48034571999999998,0.83486238999999995
151507,151507,GraphST,1,14,0.00064554,0.43759703999999999,0.72413793000000004
151507,151507,GraphST,1,15,0.0026758699999999999,0.56247292000000004,0.83486238999999995
151507,151507,GraphST,1,16,0.0024875600000000002,0.44942676999999998,0.81818181999999995
151507,151507,GraphST,1,17,0.0092190499999999995,0.56479577000000003,0.81818181999999995
151507,151507,GraphST,1,18,0.011134130000000001,0.52243390000000001,0.78571429000000004
151507,151507,GraphST,1,20,0.00028013000000000002,0.35525731999999999,0.58730159000000004
151507,151507,GraphST,2,3,0.010091599999999999,0.56477168,0.80180180000000001
151507,151507,GraphST,2,6,0.0101367,0.59366848999999999,0.80180180000000001
151507,151507,GraphST,2,9,0.00986041,0.46779878000000003,0.83486238999999995
151507,151507,GraphST,2,10,0.0037229300000000002,0.47813239000000002,0.81818181999999995
151507,151507,GraphST,2,12,0.01276155,0.49127964000000002,0.78571429000000004
151507,151507,GraphST,2,14,0.01231839,0.41521419999999998,0.72413793000000004
151507,151507,GraphST,2,15,0.01028805,0.57248204999999996,0.80180180000000001
151507,151507,GraphST,2,16,0.01545148,0.44172306,0.80180180000000001
151507,151507,GraphST,2,17,0.0037448799999999999,0.57329447,0.80180180000000001
151507,151507,GraphST,2,18,0.00182979,0.56124861999999998,0.80180180000000001
151507,151507,GraphST,2,19,0.0097942600000000008,0.61351208000000002,0.80180180000000001
151507,151507,GraphST,2,20,0.01324406,0.34781628999999997,0.5625
151507,151507,GraphST,3,6,4.5099999999999998e-05,0.57559508999999998,0.85185184999999997
151507,151507,GraphST,3,7,0.014486239999999999,0.50158515000000004,0.80180180000000001
151507,151507,GraphST,3,8,0.01280856,0.51311945999999997,0.80180180000000001
151507,151507,GraphST,3,9,0.00023118999999999999,0.46896158999999998,0.85185184999999997
151507,151507,GraphST,3,10,0.01381453,0.50963568000000004,0.85185184999999997
151507,151507,GraphST,3,11,0.015638039999999999,0.50964071,0.85185184999999997
151507,151507,GraphST,3,14,0.0022267900000000002,0.42216101,0.75438596000000002
151507,151507,GraphST,3,15,0.00019646,0.56540482000000003,0.81818181999999995
151507,151507,GraphST,3,16,0.00535989,0.49322885,0.83486238999999995
151507,151507,GraphST,3,17,0.0063467200000000001,0.55213814000000005,0.83486238999999995
151507,151507,GraphST,3,18,0.0082618099999999996,0.53230049999999995,0.81818181999999995
151507,151507,GraphST,3,19,0.019885860000000002,0.579847,0.80180180000000001
151507,151507,GraphST,3,20,0.0031524600000000002,0.37207213,0.57480315000000004
151507,151507,GraphST,4,7,0.0087740100000000005,0.52546051999999999,0.75438596000000002
151507,151507,GraphST,4,8,0.01045169,0.51924917000000004,0.69491524999999998
151507,151507,GraphST,4,11,0.0076222099999999999,0.51010895999999994,0.70940170999999996
151507,151507,GraphST,4,16,0.017900360000000001,0.54267186999999995,0.69491524999999998
151507,151507,GraphST,6,7,0.01444114,0.47414286999999999,0.81818181999999995
151507,151507,GraphST,6,8,0.012763460000000001,0.49896378000000002,0.80180180000000001
151507,151507,GraphST,6,9,0.00027629,0.45879579999999998,0.78571429000000004
151507,151507,GraphST,6,10,0.01385963,0.50532957999999994,0.80180180000000001
151507,151507,GraphST,6,11,0.01559294,0.49449531000000002,0.80180180000000001
151507,151507,GraphST,6,14,0.00218169,0.41575352999999998,0.73913043
151507,151507,GraphST,6,15,0.00015135999999999999,0.57020725000000005,0.83486238999999995
151507,151507,GraphST,6,16,0.0053147899999999998,0.49332858000000002,0.81818181999999995
151507,151507,GraphST,6,17,0.0063918200000000003,0.59495710999999996,0.83486238999999995
151507,151507,GraphST,6,18,0.0083069100000000007,0.54913615999999998,0.76991149999999997
151507,151507,GraphST,6,19,0.019930960000000001,0.57266930999999999,0.76991149999999997
151507,151507,GraphST,6,20,0.00310736,0.34825444,0.58730159000000004
151507,151507,GraphST,7,8,0.00167768,0.53916200000000003,0.80180180000000001
151507,151507,GraphST,7,9,0.01471743,0.50676803999999998,0.75438596000000002
151507,151507,GraphST,7,11,0.0011517999999999999,0.52840765999999995,0.80180180000000001
151507,151507,GraphST,7,14,0.01225945,0.41307545000000001,0.76991149999999997
151507,151507,GraphST,7,15,0.01428978,0.47860093999999997,0.83486238999999995
151507,151507,GraphST,7,16,0.0091263500000000001,0.55844073000000005,0.83486238999999995
151507,151507,GraphST,7,20,0.01133378,0.42924196999999997,0.72413793000000004
151507,151507,GraphST,8,9,0.013039749999999999,0.47577883999999998,0.83486238999999995
151507,151507,GraphST,8,11,0.0028294800000000001,0.52917510999999995,0.86915887999999997
151507,151507,GraphST,8,14,0.010581770000000001,0.42327989999999999,0.73913043
151507,151507,GraphST,8,15,0.012612099999999999,0.50255967000000001,0.85185184999999997
151507,151507,GraphST,8,16,0.0074486700000000001,0.53532142999999999,0.81818181999999995
151507,151507,GraphST,8,17,0.01915528,0.49304491,0.83486238999999995
151507,151507,GraphST,8,20,0.0096561000000000008,0.42679181999999999,0.68067226999999997
151507,151507,GraphST,9,10,0.013583339999999999,0.46855038999999998,0.78571429000000004
151507,151507,GraphST,9,11,0.015869230000000002,0.45494098999999999,0.85185184999999997
151507,151507,GraphST,9,14,0.0024579799999999998,0.38973617999999999,0.72413793000000004
151507,151507,GraphST,9,15,0.00042765000000000001,0.45143782999999998,0.85185184999999997
151507,151507,GraphST,9,16,0.00559108,0.47791017000000002,0.80180180000000001
151507,151507,GraphST,9,17,0.0061155300000000001,0.44380853999999997,0.81818181999999995
151507,151507,GraphST,9,18,0.0080306200000000005,0.45540693999999998,0.80180180000000001
151507,151507,GraphST,9,19,0.019654669999999999,0.46302070000000001,0.80180180000000001
151507,151507,GraphST,9,20,0.0033836500000000002,0.41395368999999999,0.65289255999999996
151507,151507,GraphST,10,12,0.0090386200000000007,0.39326823999999999,0.78571429000000004
151507,151507,GraphST,10,13,0.01873085,0.42927015000000002,0.78571429000000004
151507,151507,GraphST,10,14,0.016041320000000001,0.36508997999999998,0.73913043
151507,151507,GraphST,10,15,0.014010989999999999,0.48427060999999999,0.81818181999999995
151507,151507,GraphST,10,16,0.019174420000000001,0.55552365000000004,0.81818181999999995
151507,151507,GraphST,10,17,0.0074678100000000001,0.47862208000000001,0.81818181999999995
151507,151507,GraphST,10,18,0.0055527199999999997,0.44541999999999998,0.81818181999999995
151507,151507,GraphST,10,19,0.0060713299999999998,0.46959647999999998,0.76991149999999997
151507,151507,GraphST,10,20,0.016966990000000001,0.38852428,0.66666667000000002
151507,151507,GraphST,11,14,0.01341125,0.39462775999999999,0.76991149999999997
151507,151507,GraphST,11,15,0.01544158,0.49722664999999999,0.90476190000000001
151507,151507,GraphST,11,16,0.01027815,0.57452097000000002,0.85185184999999997
151507,151507,GraphST,11,20,0.01248558,0.41079278000000002,0.70940170999999996
151507,151507,GraphST,12,13,0.0096922299999999996,0.35362002999999997,0.78571429000000004
151507,151507,GraphST,12,17,0.016506429999999999,0.43225101999999999,0.80180180000000001
151507,151507,GraphST,12,18,0.01459134,0.46623489000000001,0.78571429000000004
151507,151507,GraphST,12,19,0.00296729,0.48823109999999997,0.76991149999999997
151507,151507,GraphST,13,19,0.01265952,0.4124198,0.75438596000000002
151507,151507,GraphST,14,15,0.0020303299999999999,0.42226636000000001,0.75438596000000002
151507,151507,GraphST,14,16,0.0031331000000000002,0.38796361000000001,0.75438596000000002
151507,151507,GraphST,14,17,0.0085735099999999995,0.41367250999999999,0.73913043
151507,151507,GraphST,14,18,0.010488600000000001,0.41278209999999999,0.72413793000000004
151507,151507,GraphST,14,20,0.00092566999999999997,0.46253074999999999,0.62601625999999999
151507,151507,GraphST,15,16,0.0051634300000000001,0.47153249000000003,0.83486238999999995
151507,151507,GraphST,15,17,0.00654318,0.56255356999999995,0.85185184999999997
151507,151507,GraphST,15,18,0.0084582600000000004,0.52748351000000004,0.78571429000000004
151507,151507,GraphST,15,20,0.0029559999999999999,0.35732121,0.61290323000000002
151507,151507,GraphST,16,17,0.011706609999999999,0.46841729999999998,0.85185184999999997
151507,151507,GraphST,16,18,0.013621690000000001,0.43814746999999998,0.80180180000000001
151507,151507,GraphST,16,20,0.0022074299999999998,0.41154343999999998,0.70940170999999996
151507,151507,GraphST,17,18,0.0019150899999999999,0.52501319999999996,0.83486238999999995
151507,151507,GraphST,17,19,0.01353914,0.55461990999999999,0.83486238999999995
151507,151507,GraphST,17,20,0.0094991799999999994,0.35573367,0.63934426
151507,151507,GraphST,18,19,0.01162405,0.54121085000000002,0.75438596000000002
151507,151507,GraphST,18,20,0.011414270000000001,0.35748512999999998,0.59999999999999998
151507,151507,STAGATE,1,2,0.01296754,0.54972778,0.76991149999999997
151507,151507,STAGATE,1,3,0.0032758399999999999,0.85627458999999995,0.88679244999999995
151507,151507,STAGATE,1,5,0.00987327,0.82985222999999997,0.88679244999999995
151507,151507,STAGATE,1,6,0.00142274,0.84754183000000005,0.88679244999999995
151507,151507,STAGATE,1,9,0.0083480099999999995,0.82345162999999999,0.88679244999999995
151507,151507,STAGATE,1,12,0.0011910099999999999,0.82642722999999996,0.86915887999999997
151507,151507,STAGATE,1,13,0.01684401,0.81237826999999996,0.90476190000000001
151507,151507,STAGATE,1,14,0.0064582199999999998,0.56066357,0.69491524999999998
151507,151507,STAGATE,1,15,0.01374914,0.83906236999999995,0.88679244999999995
151507,151507,STAGATE,1,16,0.0068055600000000004,0.83176503000000002,0.92307691999999997
151507,151507,STAGATE,1,17,0.0087985700000000003,0.84860426,0.90476190000000001
151507,151507,STAGATE,1,19,0.0012128099999999999,0.83009648000000003,0.90476190000000001
151507,151507,STAGATE,2,3,0.0096916999999999993,0.56616884999999995,0.75438596000000002
151507,151507,STAGATE,2,4,0.013264939999999999,0.32214714999999999,0.76991149999999997
151507,151507,STAGATE,2,5,0.00309428,0.57333604000000005,0.76991149999999997
151507,151507,STAGATE,2,6,0.01439029,0.55741845000000001,0.78571429000000004
151507,151507,STAGATE,2,9,0.0046195400000000001,0.56427037000000002,0.78571429000000004
151507,151507,STAGATE,2,12,0.014158560000000001,0.55182560999999997,0.76991149999999997
151507,151507,STAGATE,2,14,0.0065093199999999999,0.88651526000000003,0.86915887999999997
151507,151507,STAGATE,2,15,0.00078158999999999998,0.55908376000000004,0.78571429000000004
151507,151507,STAGATE,2,16,0.0061619800000000001,0.57597282999999999,0.78571429000000004
151507,151507,STAGATE,2,17,0.0041689800000000001,0.56599975000000002,0.76991149999999997
151507,151507,STAGATE,2,19,0.01175473,0.56504178000000005,0.80180180000000001
151507,151507,STAGATE,3,5,0.0065974299999999996,0.85650599999999999,0.88679244999999995
151507,151507,STAGATE,3,6,0.0046985799999999999,0.85926698999999995,0.90476190000000001
151507,151507,STAGATE,3,9,0.00507217,0.83045722,0.88679244999999995
151507,151507,STAGATE,3,12,0.0044668499999999996,0.80686963,0.86915887999999997
151507,151507,STAGATE,3,14,0.0031823799999999998,0.57064784999999996,0.69491524999999998
151507,151507,STAGATE,3,15,0.01047329,0.83487544999999996,0.88679244999999995
151507,151507,STAGATE,3,16,0.0035297200000000001,0.83694632999999996,0.92307691999999997
151507,151507,STAGATE,3,17,0.00552273,0.83960429999999997,0.86915887999999997
151507,151507,STAGATE,3,19,0.00206303,0.82474119999999995,0.86915887999999997
151507,151507,STAGATE,4,5,0.016359220000000001,0.52611653999999997,0.78571429000000004
151507,151507,STAGATE,4,9,0.017884480000000001,0.53678833000000004,0.86915887999999997
151507,151507,STAGATE,4,14,0.019774259999999998,0.32370797000000001,0.70940170999999996
151507,151507,STAGATE,4,15,0.012483350000000001,0.54409960000000002,0.86915887999999997
151507,151507,STAGATE,4,16,0.01942692,0.52025405000000002,0.80180180000000001
151507,151507,STAGATE,4,17,0.017433919999999999,0.53886339000000005,0.85185184999999997
151507,151507,STAGATE,5,6,0.01129601,0.83911910999999995,0.88679244999999995
151507,151507,STAGATE,5,9,0.0015252600000000001,0.83600549000000002,0.86915887999999997
151507,151507,STAGATE,5,12,0.011064279999999999,0.82757011000000003,0.86915887999999997
151507,151507,STAGATE,5,14,0.0034150500000000002,0.58388390000000001,0.73913043
151507,151507,STAGATE,5,15,0.00387587,0.83394988000000003,0.88679244999999995
151507,151507,STAGATE,5,16,0.00306771,0.86306875000000005,0.88679244999999995
151507,151507,STAGATE,5,17,0.0010747,0.86030044999999999,0.88679244999999995
151507,151507,STAGATE,5,19,0.00866046,0.82978415000000005,0.86915887999999997
151507,151507,STAGATE,6,9,0.0097707499999999999,0.84399760999999995,0.90476190000000001
151507,151507,STAGATE,6,12,0.00023173000000000001,0.83504405999999998,0.88679244999999995
151507,151507,STAGATE,6,13,0.015421270000000001,0.83152890999999995,0.88679244999999995
151507,151507,STAGATE,6,14,0.0078809599999999994,0.56341196000000004,0.75438596000000002
151507,151507,STAGATE,6,15,0.01517188,0.84286004999999997,0.88679244999999995
151507,151507,STAGATE,6,16,0.0082282999999999992,0.84494866000000002,0.92307691999999997
151507,151507,STAGATE,6,17,0.010221310000000001,0.85990666000000004,0.86915887999999997
151507,151507,STAGATE,6,19,0.00263555,0.84319834999999999,0.90476190000000001
151507,151507,STAGATE,7,8,0.012269159999999999,0.60770044000000001,0.73913043
151507,151507,STAGATE,7,11,0.012131110000000001,0.58697328999999998,0.75438596000000002
151507,151507,STAGATE,8,10,0.016018999999999999,0.80719876999999995,0.86915887999999997
151507,151507,STAGATE,9,12,0.0095390200000000005,0.80886276000000001,0.90476190000000001
151507,151507,STAGATE,9,14,0.00188978,0.56276908999999997,0.70940170999999996
151507,151507,STAGATE,9,15,0.0054011299999999996,0.82350076999999999,0.90476190000000001
151507,151507,STAGATE,9,16,0.0015424499999999999,0.81893576999999995,0.90476190000000001
151507,151507,STAGATE,9,17,0.00045056000000000002,0.83529103999999998,0.86915887999999997
151507,151507,STAGATE,9,19,0.0071352000000000004,0.81736439999999999,0.88679244999999995
151507,151507,STAGATE,12,13,0.015653,0.81160591000000004,0.90476190000000001
151507,151507,STAGATE,12,14,0.0076492399999999999,0.54552144999999996,0.69491524999999998
151507,151507,STAGATE,12,15,0.014940149999999999,0.82703126000000005,0.88679244999999995
151507,151507,STAGATE,12,16,0.0079965699999999997,0.83043157000000001,0.86915887999999997
151507,151507,STAGATE,12,17,0.0099895799999999996,0.85896435000000004,0.90476190000000001
151507,151507,STAGATE,12,19,0.0024038200000000001,0.85255919999999996,0.92307691999999997
151507,151507,STAGATE,13,19,0.018056820000000001,0.83397423999999998,0.88679244999999995
151507,151507,STAGATE,14,15,0.0072909100000000003,0.55939017999999996,0.70940170999999996
151507,151507,STAGATE,14,16,0.00034734000000000002,0.57359662,0.72413793000000004
151507,151507,STAGATE,14,17,0.0023403400000000002,0.56704339000000004,0.72413793000000004
151507,151507,STAGATE,14,19,0.0052454099999999998,0.56273348000000001,0.72413793000000004
151507,151507,STAGATE,15,16,0.0069435699999999996,0.82914876999999998,0.86915887999999997
151507,151507,STAGATE,15,17,0.0049505699999999996,0.85153961,0.88679244999999995
151507,151507,STAGATE,15,19,0.01253632,0.84870838000000004,0.90476190000000001
151507,151507,STAGATE,16,17,0.0019930099999999999,0.85595113,0.88679244999999995
151507,151507,STAGATE,16,19,0.0055927499999999996,0.82739355000000003,0.88679244999999995
151507,151507,STAGATE,17,19,0.0075857600000000004,0.85875710000000005,0.86915887999999997
151507,151507,SpaGCN,1,2,0.0052910700000000001,0.58305658999999999,0.68830248000000005
151507,151507,SpaGCN,1,10,0.0015646,0.53863525999999995,0.69020110999999995
151507,151507,SpaGCN,1,11,0.01531909,0.52285669999999995,0.58251231999999997
151507,151507,SpaGCN,1,15,0.00971786,0.42536278,0.54073199999999999
151507,151507,SpaGCN,1,19,0.015902139999999999,0.56515705999999999,0.67013166999999996
151507,151507,SpaGCN,2,10,0.0068556800000000003,0.61099433000000003,0.73913043
151507,151507,SpaGCN,2,11,0.01002802,0.53429740000000003,0.33333332999999998
151507,151507,SpaGCN,2,12,0.018383259999999998,0.63496516000000003,0.70586526999999999
151507,151507,SpaGCN,2,15,0.01500893,0.40441904000000001,0.62601625999999999
151507,151507,SpaGCN,2,19,0.01061107,0.65594118999999995,0.75438596000000002
151507,151507,SpaGCN,3,14,0.014498570000000001,0.57519012999999997,0.58730159000000004
151507,151507,SpaGCN,4,6,0.017918130000000001,0.59041074000000004,0.73913043
151507,151507,SpaGCN,4,13,0.01278989,0.58225232999999998,0.68067226999999997
151507,151507,SpaGCN,5,11,0.013541050000000001,0.57847141000000002,0.57480315000000004
151507,151507,SpaGCN,5,12,0.0051858,0.72711837000000001,0.77865613
151507,151507,SpaGCN,5,14,0.012333500000000001,0.52218821999999998,0.50375939999999997
151507,151507,SpaGCN,5,19,0.012958000000000001,0.56308999000000004,0.57480315000000004
151507,151507,SpaGCN,6,8,0.014485120000000001,0.69975471,0.78571429000000004
151507,151507,SpaGCN,6,9,0.0068168999999999999,0.61455223999999997,0.80180180000000001
151507,151507,SpaGCN,6,13,0.0051282400000000001,0.68922954000000003,0.81818181999999995
151507,151507,SpaGCN,6,17,0.0077815799999999997,0.65561195999999999,0.81818181999999995
151507,151507,SpaGCN,6,18,0.016133439999999999,0.69929169999999996,0.81833208999999996
151507,151507,SpaGCN,6,20,0.01281886,0.69168565000000004,0.81878306999999995
151507,151507,SpaGCN,7,18,0.018893150000000001,0.67128628000000001,0.80238693999999999
151507,151507,SpaGCN,8,9,0.00766821,0.66301684999999999,0.81818181999999995
151507,151507,SpaGCN,8,13,0.01961336,0.71318948999999998,0.83486238999999995
151507,151507,SpaGCN,8,17,0.0067035300000000001,0.72570336000000002,0.78571429000000004
151507,151507,SpaGCN,8,18,0.00164832,0.70726997000000003,0.78585665000000005
151507,151507,SpaGCN,8,20,0.0016662599999999999,0.69059680000000001,0.80194805000000002
151507,151507,SpaGCN,9,13,0.01194514,0.69300446999999998,0.80180180000000001
151507,151507,SpaGCN,9,17,0.00096467999999999999,0.62095944000000003,0.76991149999999997
151507,151507,SpaGCN,9,18,0.0093165399999999999,0.68779749000000001,0.77809388000000002
151507,151507,SpaGCN,9,20,0.0060019499999999998,0.67785465,0.77005013
151507,151507,SpaGCN,10,11,0.016883700000000001,0.48248064000000002,0.33333332999999998
151507,151507,SpaGCN,10,15,0.0081532500000000008,0.38539958000000002,0.51515151999999997
151507,151507,SpaGCN,10,19,0.01746675,0.64094403,0.66666667000000002
151507,151507,SpaGCN,11,12,0.0083552399999999999,0.53172297999999996,0.62278414999999998
151507,151507,SpaGCN,11,19,0.00058305,0.52454274000000001,0.42857142999999998
151507,151507,SpaGCN,12,14,0.01751931,0.55578117000000005,0.68084809999999996
151507,151507,SpaGCN,12,19,0.00777219,0.57565215000000003,0.70090090000000005
151507,151507,SpaGCN,13,17,0.012909820000000001,0.63424170999999996,0.81818181999999995
151507,151507,SpaGCN,13,20,0.017947089999999999,0.76252306999999997,0.86082742000000001
151507,151507,SpaGCN,17,18,0.0083518599999999991,0.66519452000000001,0.80311891000000002
151507,151507,SpaGCN,17,20,0.0050372699999999999,0.66230926999999995,0.80238693999999999
151507,151507,SpaGCN,18,20,0.0033145900000000001,0.79179089999999996,0.83486238999999995
151507,151507,BANKSY,1,4,0.00048340999999999998,0.57610437999999997,0.73913043
151507,151507,BANKSY,1,5,0.00141832,0.57287429999999995,0.73913043
151507,151507,BANKSY,1,7,0.0011458200000000001,0.57294259999999997,0.73913043
151507,151507,BANKSY,1,8,0.00087761999999999996,0.57420559000000004,0.73913043
151507,151507,BANKSY,1,9,7.9670000000000001e-05,0.94121812000000005,0.88679244999999995
151507,151507,BANKSY,1,11,0.00011785,0.57499210000000001,0.73913043
151507,151507,BANKSY,1,14,0.0011458200000000001,0.57294259999999997,0.73913043
151507,151507,BANKSY,1,17,0.00141832,0.57287429999999995,0.73913043
151507,151507,BANKSY,1,18,0.00011785,0.57499210000000001,0.73913043
151507,151507,BANKSY,3,6,0.0018617900000000001,0.94644236000000004,0.92307691999999997
151507,151507,BANKSY,3,10,0.0017910999999999999,0.95885953999999995,0.92307691999999997
151507,151507,BANKSY,3,16,0.0017910999999999999,0.95885953999999995,0.92307691999999997
151507,151507,BANKSY,4,5,0.00093490999999999995,0.99466823999999998,1
151507,151507,BANKSY,4,7,0.00066241,0.99618899000000005,1
151507,151507,BANKSY,4,8,0.00039420999999999998,0.99771182999999997,1
151507,151507,BANKSY,4,9,0.00056307999999999998,0.59529865999999998,0.78571429000000004
151507,151507,BANKSY,4,11,0.00060126000000000005,0.99578926999999995,0.98019802
151507,151507,BANKSY,4,14,0.00066241,0.99618899000000005,1
151507,151507,BANKSY,4,17,0.00093490999999999995,0.99466823999999998,1
151507,151507,BANKSY,4,18,0.00060126000000000005,0.99578926999999995,0.98019802
151507,151507,BANKSY,5,7,0.00027250000000000001,0.99847264999999996,1
151507,151507,BANKSY,5,8,0.00054069999999999997,0.99694848999999996,1
151507,151507,BANKSY,5,9,0.00149799,0.59452472999999995,0.78571429000000004
151507,151507,BANKSY,5,11,0.0015361699999999999,0.99047883999999997,0.98019802
151507,151507,BANKSY,5,14,0.00027250000000000001,0.99847264999999996,1
151507,151507,BANKSY,5,17,0,1,1
151507,151507,BANKSY,5,18,0.0015361699999999999,0.99047883999999997,0.98019802
151507,151507,BANKSY,6,10,7.0690000000000003e-05,0.92452352000000004,0.90476190000000001
151507,151507,BANKSY,6,16,7.0690000000000003e-05,0.92452352000000004,0.90476190000000001
151507,151507,BANKSY,7,8,0.00026819000000000002,0.99847319999999995,1
151507,151507,BANKSY,7,9,0.0012254900000000001,0.59457395999999996,0.78571429000000004
151507,151507,BANKSY,7,11,0.0012636699999999999,0.99199349000000003,0.98019802
151507,151507,BANKSY,7,14,0,1,1
151507,151507,BANKSY,7,17,0.00027250000000000001,0.99847264999999996,1
151507,151507,BANKSY,7,18,0.0012636699999999999,0.99199349000000003,0.98019802
151507,151507,BANKSY,8,9,0.00095728999999999996,0.59462347000000004,0.76991149999999997
151507,151507,BANKSY,8,11,0.00099547000000000004,0.99351023000000005,0.98019802
151507,151507,BANKSY,8,14,0.00026819000000000002,0.99847319999999995,1
151507,151507,BANKSY,8,17,0.00054069999999999997,0.99694848999999996,1
151507,151507,BANKSY,8,18,0.00099547000000000004,0.99351023000000005,0.98019802
151507,151507,BANKSY,9,11,3.8179999999999997e-05,0.59404995000000005,0.78571429000000004
151507,151507,BANKSY,9,14,0.0012254900000000001,0.59457395999999996,0.78571429000000004
151507,151507,BANKSY,9,17,0.00149799,0.59452472999999995,0.78571429000000004
151507,151507,BANKSY,9,18,3.8179999999999997e-05,0.59404995000000005,0.78571429000000004
151507,151507,BANKSY,10,16,0,1,1
151507,151507,BANKSY,11,14,0.0012636699999999999,0.99199349000000003,0.98019802
151507,151507,BANKSY,11,17,0.0015361699999999999,0.99047883999999997,0.98019802
151507,151507,BANKSY,11,18,0,1,1
151507,151507,BANKSY,12,13,0.00068216999999999996,0.98345755999999995,0.96078430999999997
151507,151507,BANKSY,12,19,0.019152990000000002,0.51505705999999996,0.59999999999999998
151507,151507,BANKSY,12,20,0.00068216999999999996,0.98345755999999995,0.96078430999999997
151507,151507,BANKSY,13,19,0.018470819999999999,0.50991902,0.57480315000000004
151507,151507,BANKSY,13,20,0,1,1
151507,151507,BANKSY,14,17,0.00027250000000000001,0.99847264999999996,1
151507,151507,BANKSY,14,18,0.0012636699999999999,0.99199349000000003,0.98019802
151507,151507,BANKSY,15,19,0.0061037699999999997,0.48119286999999999,0.61290323000000002
151507,151507,BANKSY,17,18,0.0015361699999999999,0.99047883999999997,0.98019802
151507,151507,BANKSY,19,20,0.018470819999999999,0.50991902,0.57480315000000004
151507,151507,SEDR,1,4,0.01143384563,0.59027972409999996,0.72413793100000001
151507,151507,SEDR,1,5,0.0055896402679999997,0.62153769579999996,0.58730158730000004
151507,151507,SEDR,1,7,0.01280616588,0.69230384310000004,0.80180180180000005
151507,151507,SEDR,1,8,0.0047282200050000004,0.74228931149999999,0.7699115044
151507,151507,SEDR,1,9,0.010317201599999999,0.63292583010000003,0.65289256200000001
151507,151507,SEDR,1,12,0.0044939156769999997,0.60016673549999999,0.59999999999999998
151507,151507,SEDR,1,13,0.011317099929999999,0.70460864430000003,0.78571428570000001
151507,151507,SEDR,1,14,0.0067182626779999999,0.83475964790000001,0.7699115044
151507,151507,SEDR,1,18,0.0113671782,0.78481381910000003,0.78571428570000001
151507,151507,SEDR,2,5,0.017317112459999999,0.71246201460000003,0.70940170940000002
151507,151507,SEDR,2,10,0.01137125422,0.67036127059999995,0.63934426229999997
151507,151507,SEDR,2,13,0.01158965279,0.70903134140000001,0.73913043479999996
151507,151507,SEDR,2,14,0.01618849005,0.7611360559,0.80180180180000005
151507,151507,SEDR,2,15,0.0025907249220000002,0.74778123119999995,0.75438596489999998
151507,151507,SEDR,2,16,0.00015475347449999999,0.74654839979999998,0.78571428570000001
151507,151507,SEDR,2,17,0.013483374560000001,0.7398470412,0.66666666669999997
151507,151507,SEDR,2,18,0.01153957452,0.83816167200000002,0.73913043479999996
151507,151507,SEDR,2,19,0.000134211778,0.55909981239999995,0.73913043479999996
151507,151507,SEDR,3,10,0.017202055599999998,0.62284275879999995,0.63934426229999997
151507,151507,SEDR,3,17,0.015089935259999999,0.64112547740000003,0.68067226889999999
151507,151507,SEDR,4,5,0.017023485889999999,0.53355061449999996,0.49253731340000001
151507,151507,SEDR,4,7,0.0013723202570000001,0.6552620253,0.73913043479999996
151507,151507,SEDR,4,8,0.0067056256219999999,0.61448404889999997,0.66666666669999997
151507,151507,SEDR,4,9,0.0011166440310000001,0.73642886159999998,0.80180180180000005
151507,151507,SEDR,4,12,0.0069399299490000002,0.52507044589999996,0.55038759690000005
151507,151507,SEDR,4,14,0.018152108300000001,0.56273145130000002,0.63934426229999997
151507,151507,SEDR,5,7,0.018395806149999999,0.68536663549999999,0.66666666669999997
151507,151507,SEDR,5,8,0.01031786027,0.6908497603,0.70940170940000002
151507,151507,SEDR,5,9,0.01590684186,0.64206170159999998,0.70940170940000002
151507,151507,SEDR,5,12,0.01008355595,0.73033915169999997,0.75438596489999998
151507,151507,SEDR,5,13,0.0057274596659999998,0.61875899869999995,0.63934426229999997
151507,151507,SEDR,5,14,0.00112862241,0.63722741390000004,0.72413793100000001
151507,151507,SEDR,5,15,0.01472638754,0.71589023569999999,0.78571428570000001
151507,151507,SEDR,5,16,0.01747186593,0.64237698769999996,0.66666666669999997
151507,151507,SEDR,5,18,0.0057775379350000003,0.64475494300000002,0.66666666669999997
151507,151507,SEDR,5,19,0.01745132424,0.52400276310000005,0.52671755730000003
151507,151507,SEDR,6,11,0.00051419354290000005,0.75533621949999996,0.73913043479999996
151507,151507,SEDR,7,8,0.0080779458790000008,0.72933222419999999,0.68067226889999999
151507,151507,SEDR,7,9,0.0024889642889999999,0.69734841209999998,0.68067226889999999
151507,151507,SEDR,7,12,0.0083122502060000002,0.66357592669999999,0.61290322580000001
151507,151507,SEDR,7,14,0.019524428560000001,0.67095716270000005,0.68067226889999999
151507,151507,SEDR,8,9,0.0055889815909999996,0.63018869929999999,0.62601626020000001
151507,151507,SEDR,8,12,0.00023430432729999999,0.60214876319999999,0.66666666669999997
151507,151507,SEDR,8,13,0.01604531994,0.67803748399999997,0.75438596489999998
151507,151507,SEDR,8,14,0.01144648268,0.75307263710000005,0.78571428570000001
151507,151507,SEDR,8,18,0.01609539821,0.83504402109999998,0.81818181820000002
151507,151507,SEDR,9,12,0.0058232859179999999,0.60120830049999996,0.57480314960000001
151507,151507,SEDR,9,14,0.017035464270000002,0.60034144560000002,0.59999999999999998
151507,151507,SEDR,10,15,0.01396197915,0.69081129200000002,0.75438596489999998
151507,151507,SEDR,10,16,0.01121650075,0.72976811100000005,0.70940170940000002
151507,151507,SEDR,10,17,0.0021121203389999998,0.76191282719999998,0.80180180180000005
151507,151507,SEDR,10,19,0.01123704245,0.59263710660000002,0.59999999999999998
151507,151507,SEDR,12,13,0.01581101561,0.63707385480000001,0.70940170940000002
151507,151507,SEDR,12,14,0.011212178349999999,0.61671356690000001,0.68067226889999999
151507,151507,SEDR,12,18,0.01586109388,0.64759366770000004,0.66666666669999997
151507,151507,SEDR,13,14,0.0045988372560000004,0.72201321190000001,0.78571428570000001
151507,151507,SEDR,13,15,0.0089989278709999999,0.71685897860000003,0.73913043479999996
151507,151507,SEDR,13,16,0.01174440627,0.77811617830000002,0.78571428570000001
151507,151507,SEDR,13,18,5.0078268860000002e-05,0.75748653789999998,0.81818181820000002
151507,151507,SEDR,13,19,0.011723864570000001,0.68222526589999999,0.72413793100000001
151507,151507,SEDR,14,15,0.01359776513,0.65090538119999997,0.66666666669999997
151507,151507,SEDR,14,16,0.016343243519999998,0.77383391099999999,0.7699115044
151507,151507,SEDR,14,18,0.0046489155250000001,0.82982377330000001,0.86915887849999995
151507,151507,SEDR,14,19,0.016322701830000001,0.57151111570000002,0.70940170940000002
151507,151507,SEDR,15,16,0.0027454783970000001,0.71920740569999997,0.73913043479999996
151507,151507,SEDR,15,17,0.01607409949,0.66886714359999999,0.6949152542
151507,151507,SEDR,15,18,0.0089488496020000002,0.67929517390000005,0.73913043479999996
151507,151507,SEDR,15,19,0.0027249367000000001,0.66058429210000003,0.80180180180000005
151507,151507,SEDR,16,17,0.013328621089999999,0.71615836349999995,0.75438596489999998
151507,151507,SEDR,16,18,0.011694328,0.81619825810000002,0.78571428570000001
151507,151507,SEDR,16,19,2.0541696450000002e-05,0.54474219850000005,0.70940170940000002
151507,151507,SEDR,17,19,0.013349162790000001,0.61661047970000005,0.61290322580000001
151507,151507,SEDR,18,19,0.011673786300000001,0.53087989999999996,0.70940170940000002
151508,151508,GraphST,1,2,0.0120987,0.40422166999999998,0.73913043
151508,151508,GraphST,1,6,0.0030074199999999998,0.56403031000000003,0.70940170999999996
151508,151508,GraphST,1,10,0.0062303799999999998,0.52658431000000006,0.69491524999999998
151508,151508,GraphST,1,11,0.015888059999999999,0.48311417000000001,0.69491524999999998
151508,151508,GraphST,1,12,0.0040321899999999997,0.52215827999999997,0.73913043
151508,151508,GraphST,1,15,0.0042010700000000003,0.41510521,0.73913043
151508,151508,GraphST,1,18,0.0199475,0.40246038000000001,0.53846154000000002
151508,151508,GraphST,2,6,0.0090912800000000002,0.51804041999999995,0.80180180000000001
151508,151508,GraphST,2,8,0.01568131,0.47826666000000001,0.80180180000000001
151508,151508,GraphST,2,10,0.0058683199999999998,0.49073664,0.80180180000000001
151508,151508,GraphST,2,12,0.016130889999999998,0.52704275,0.83486238999999995
151508,151508,GraphST,2,15,0.016299770000000002,0.61964925999999998,0.85185184999999997
151508,151508,GraphST,2,16,0.016179840000000001,0.57981287999999997,0.85185184999999997
151508,151508,GraphST,2,18,0.0078487999999999995,0.45878317000000002,0.65289255999999996
151508,151508,GraphST,3,5,0.010246160000000001,0.55753498000000001,0.83486238999999995
151508,151508,GraphST,3,7,0.01493191,0.44459738999999998,0.75438596000000002
151508,151508,GraphST,3,9,0.0039495299999999997,0.52815098999999999,0.81818181999999995
151508,151508,GraphST,3,13,0.0035737199999999998,0.58002385000000001,0.81818181999999995
151508,151508,GraphST,3,20,0.0067153500000000001,0.56131699000000002,0.80180180000000001
151508,151508,GraphST,4,7,0.01064726,0.44622031000000001,0.80180180000000001
151508,151508,GraphST,4,8,0.012632010000000001,0.43956888,0.83486238999999995
151508,151508,GraphST,4,16,0.01213348,0.57696628000000005,0.83486238999999995
151508,151508,GraphST,4,20,0.018863830000000002,0.56079276,0.80180180000000001
151508,151508,GraphST,5,9,0.01419569,0.52312095000000003,0.80180180000000001
151508,151508,GraphST,5,13,0.01381988,0.56691232999999996,0.81818181999999995
151508,151508,GraphST,5,17,0.014015639999999999,0.35974637999999998,0.75438596000000002
151508,151508,GraphST,5,20,0.016961509999999999,0.56338076999999998,0.81818181999999995
151508,151508,GraphST,6,10,0.00322296,0.64702497999999997,0.80180180000000001
151508,151508,GraphST,6,11,0.018895470000000001,0.62876567999999999,0.81818181999999995
151508,151508,GraphST,6,12,0.00703961,0.65668501000000001,0.86915887999999997
151508,151508,GraphST,6,15,0.0072084799999999997,0.54984379000000005,0.80180180000000001
151508,151508,GraphST,6,18,0.016940090000000001,0.43601520999999999,0.55038759999999998
151508,151508,GraphST,7,9,0.01098238,0.42963003,0.81818181999999995
151508,151508,GraphST,7,13,0.011358190000000001,0.43236326000000003,0.75438596000000002
151508,151508,GraphST,7,20,0.0082165599999999995,0.43797947999999998,0.75438596000000002
151508,151508,GraphST,8,16,0.00049852999999999996,0.46306817,0.81818181999999995
151508,151508,GraphST,8,18,0.0078325100000000009,0.43035303000000003,0.5625
151508,151508,GraphST,9,13,0.00037581000000000002,0.55052981000000001,0.81818181999999995
151508,151508,GraphST,9,20,0.00276582,0.54863899000000005,0.83486238999999995
151508,151508,GraphST,10,12,0.01026257,0.64467808000000004,0.83486238999999995
151508,151508,GraphST,10,15,0.01043145,0.52408443000000005,0.83486238999999995
151508,151508,GraphST,10,18,0.013717119999999999,0.43106610000000001,0.49253731000000001
151508,151508,GraphST,11,12,0.011855859999999999,0.61884220000000001,0.83486238999999995
151508,151508,GraphST,11,14,0.0083263799999999995,0.55088329999999996,0.81818181999999995
151508,151508,GraphST,11,15,0.01168699,0.61093717000000003,0.86915887999999997
151508,151508,GraphST,11,19,0.016804340000000001,0.64741751000000003,0.85185184999999997
151508,151508,GraphST,12,15,0.00016887,0.55112046999999997,0.81818181999999995
151508,151508,GraphST,13,20,0.0031416299999999999,0.58385586,0.80180180000000001
151508,151508,GraphST,14,19,0.0084779599999999997,0.58070027000000002,0.80180180000000001
151508,151508,GraphST,16,18,0.0083310399999999996,0.45376242999999999,0.69491524999999998
151508,151508,STAGATE,1,3,0.00184453,0.92101118000000004,0.83486238999999995
151508,151508,STAGATE,1,7,0.0022237699999999999,0.89813029,0.85185184999999997
151508,151508,STAGATE,1,8,0.0041285000000000002,0.87467052000000001,0.75438596000000002
151508,151508,STAGATE,1,13,0.0067733200000000002,0.88620995000000002,0.81818181999999995
151508,151508,STAGATE,1,14,0.0046315899999999997,0.91942595000000005,0.78571429000000004
151508,151508,STAGATE,1,18,0.0037191699999999999,0.88011786999999997,0.78571429000000004
151508,151508,STAGATE,3,7,0.00037924999999999998,0.89505270999999997,0.83486238999999995
151508,151508,STAGATE,3,8,0.0059730199999999999,0.87844491000000002,0.75438596000000002
151508,151508,STAGATE,3,13,0.0049287999999999997,0.88123456,0.83486238999999995
151508,151508,STAGATE,3,14,0.0064761200000000001,0.91159363000000004,0.81818181999999995
151508,151508,STAGATE,3,18,0.0018746500000000001,0.87481980999999998,0.86915887999999997
151508,151508,STAGATE,4,6,0.010813700000000001,0.68062336999999995,0.76991149999999997
151508,151508,STAGATE,4,9,0.01041459,0.67880478,0.76991149999999997
151508,151508,STAGATE,4,12,0.00322047,0.74947907000000002,0.83486238999999995
151508,151508,STAGATE,4,15,0.0024687099999999998,0.75610591000000005,0.85185184999999997
151508,151508,STAGATE,4,16,0.0035759799999999999,0.69439291000000003,0.83486238999999995
151508,151508,STAGATE,4,17,0.0030474999999999999,0.64382183999999998,0.81818181999999995
151508,151508,STAGATE,4,20,0.00087281000000000001,0.69524790000000003,0.83486238999999995
151508,151508,STAGATE,6,12,0.0075932300000000003,0.67612565000000002,0.76991149999999997
151508,151508,STAGATE,6,15,0.00834499,0.69525555000000006,0.78571429000000004
151508,151508,STAGATE,6,16,0.0072377300000000004,0.83801462999999998,0.90476190000000001
151508,151508,STAGATE,6,17,0.0077662,0.80692876999999996,0.88679244999999995
151508,151508,STAGATE,6,20,0.011686520000000001,0.81697735000000005,0.88679244999999995
151508,151508,STAGATE,7,8,0.0063522700000000001,0.88871261000000001,0.85185184999999997
151508,151508,STAGATE,7,13,0.0045495500000000003,0.90332813000000001,0.85185184999999997
151508,151508,STAGATE,7,14,0.0068553599999999996,0.90290294000000004,0.81818181999999995
151508,151508,STAGATE,7,18,0.0014954,0.90897578999999995,0.88679244999999995
151508,151508,STAGATE,8,13,0.01090182,0.88142723000000001,0.81818181999999995
151508,151508,STAGATE,8,14,0.00050308999999999998,0.88660589999999995,0.76991149999999997
151508,151508,STAGATE,8,18,0.0078476699999999993,0.87391295999999996,0.83486238999999995
151508,151508,STAGATE,9,12,0.013635059999999999,0.69260811,0.76991149999999997
151508,151508,STAGATE,9,15,0.01288331,0.71290662999999999,0.81818181999999995
151508,151508,STAGATE,9,16,0.013990570000000001,0.83567557999999997,0.86915887999999997
151508,151508,STAGATE,9,17,0.013462089999999999,0.80895826999999998,0.86915887999999997
151508,151508,STAGATE,9,20,0.0095417799999999997,0.82705965999999997,0.86915887999999997
151508,151508,STAGATE,10,11,0.00091137,0.67328904999999994,0.86915887999999997
151508,151508,STAGATE,10,19,0.0062631800000000001,0.85904029000000004,0.85185184999999997
151508,151508,STAGATE,11,19,0.0053518100000000002,0.70127075999999999,0.88679244999999995
151508,151508,STAGATE,12,15,0.00075175999999999997,0.80861311999999996,0.85185184999999997
151508,151508,STAGATE,12,16,0.00035551000000000002,0.72339573999999995,0.80180180000000001
151508,151508,STAGATE,12,17,0.00017296999999999999,0.68596871999999998,0.81818181999999995
151508,151508,STAGATE,12,20,0.0040932900000000003,0.70172743999999998,0.80180180000000001
151508,151508,STAGATE,13,14,0.011404910000000001,0.89544984000000005,0.80180180000000001
151508,151508,STAGATE,13,18,0.0030541499999999998,0.89442778999999994,0.83486238999999995
151508,151508,STAGATE,14,18,0.0083507600000000005,0.88036747999999998,0.81818181999999995
151508,151508,STAGATE,15,16,0.0011072600000000001,0.72493320000000006,0.78571429000000004
151508,151508,STAGATE,15,17,0.00057879000000000003,0.70272676999999995,0.85185184999999997
151508,151508,STAGATE,15,20,0.0033415300000000001,0.71996996000000002,0.80180180000000001
151508,151508,STAGATE,16,17,0.00052848000000000001,0.79580240999999996,0.85185184999999997
151508,151508,STAGATE,16,20,0.0044487900000000002,0.83320260000000002,0.86915887999999997
151508,151508,STAGATE,17,20,0.0039203199999999997,0.82049015999999997,0.86915887999999997
151508,151508,SpaGCN,1,8,0.018328850000000001,0.71376466000000005,0.83486238999999995
151508,151508,SpaGCN,1,9,0.013509180000000001,0.41278248000000001,0.51515151999999997
151508,151508,SpaGCN,1,14,0.0021815699999999999,0.62161146,0.72413793000000004
151508,151508,SpaGCN,1,18,0.0088201000000000009,0.73713715999999996,0.75438596000000002
151508,151508,SpaGCN,1,20,0.016998679999999999,0.52787276000000005,0.69491524999999998
151508,151508,SpaGCN,2,4,0.0087653799999999997,0.41400709000000002,0.47058823999999999
151508,151508,SpaGCN,2,6,0.01358431,0.44371445999999998,0.63934426
151508,151508,SpaGCN,2,8,0.0089772399999999992,0.46451637000000001,0.68067226999999997
151508,151508,SpaGCN,2,9,0.013796920000000001,0.37297337000000003,0.61290323000000002
151508,151508,SpaGCN,2,10,0.0178374,0.67584822,0.70940170999999996
151508,151508,SpaGCN,2,11,0.01507147,0.42737320000000001,0.62601625999999999
151508,151508,SpaGCN,2,13,0.0054577999999999996,0.42234599,0.63934426
151508,151508,SpaGCN,2,17,0.0066688299999999997,0.55676334000000005,0.78571429000000004
151508,151508,SpaGCN,2,20,0.010307419999999999,0.60119255000000005,0.65289255999999996
151508,151508,SpaGCN,3,5,0.0047583,0.55478108999999998,0.70940170999999996
151508,151508,SpaGCN,3,7,0.01440552,0.43300237000000003,0.5625
151508,151508,SpaGCN,3,15,0.015752329999999998,0.59716955000000005,0.73913043
151508,151508,SpaGCN,4,6,0.0048189399999999999,0.46638684000000002,0.52671756000000003
151508,151508,SpaGCN,4,8,0.017742620000000001,0.53804571999999995,0.55038759999999998
151508,151508,SpaGCN,4,10,0.0090720200000000001,0.43537927999999998,0.35135135000000001
151508,151508,SpaGCN,4,11,0.0063060900000000003,0.37969665000000002,0.47058823999999999
151508,151508,SpaGCN,4,13,0.0033075800000000001,0.44902599999999998,0.51515151999999997
151508,151508,SpaGCN,4,17,0.01543421,0.44415029,0.44927536000000001
151508,151508,SpaGCN,4,19,0.013819639999999999,0.41439596000000001,0.52671756000000003
151508,151508,SpaGCN,4,20,0.019072789999999999,0.47789678000000002,0.33333332999999998
151508,151508,SpaGCN,5,7,0.019163820000000002,0.38567789000000002,0.58730159000000004
151508,151508,SpaGCN,5,15,0.01099403,0.56790580000000002,0.61290323000000002
151508,151508,SpaGCN,5,16,0.017478589999999999,0.55396888,0.57480315000000004
151508,151508,SpaGCN,6,10,0.0042530900000000002,0.47039959999999997,0.70940170999999996
151508,151508,SpaGCN,6,11,0.00148716,0.36753935999999998,0.55038759999999998
151508,151508,SpaGCN,6,13,0.00812651,0.38736984000000002,0.53846154000000002
151508,151508,SpaGCN,6,19,0.0090007000000000004,0.37447652999999997,0.48148148000000002
151508,151508,SpaGCN,7,18,0.01177141,0.59789970000000003,0.70940170999999996
151508,151508,SpaGCN,8,9,0.0048196799999999998,0.42022457000000002,0.51515151999999997
151508,151508,SpaGCN,8,13,0.01443504,0.58290993999999996,0.73913043
151508,151508,SpaGCN,8,14,0.01614728,0.53777266000000001,0.70940170999999996
151508,151508,SpaGCN,8,17,0.0023084099999999999,0.50057921000000005,0.73913043
151508,151508,SpaGCN,8,20,0.00133018,0.51378243000000001,0.70940170999999996
151508,151508,SpaGCN,9,13,0.019254719999999999,0.42345550999999998,0.59999999999999998
151508,151508,SpaGCN,9,14,0.0113276,0.38590133999999998,0.53846154000000002
151508,151508,SpaGCN,9,17,0.0071280800000000002,0.39628092999999998,0.53846154000000002
151508,151508,SpaGCN,9,20,0.0034895,0.41233843999999997,0.48148148000000002
151508,151508,SpaGCN,10,11,0.0027659300000000002,0.41208240000000002,0.61290323000000002
151508,151508,SpaGCN,10,13,0.012379599999999999,0.40868626000000002,0.58730159000000004
151508,151508,SpaGCN,10,19,0.0047476200000000001,0.34480730999999998,0.30718953999999998
151508,151508,SpaGCN,11,13,0.0096136699999999995,0.47073150000000002,0.73913043
151508,151508,SpaGCN,11,19,0.0075135499999999999,0.46023683999999998,0.43884891999999998
151508,151508,SpaGCN,13,17,0.012126629999999999,0.46246652999999999,0.68067226999999997
151508,151508,SpaGCN,13,19,0.017127219999999999,0.51469381000000003,0.59999999999999998
151508,151508,SpaGCN,13,20,0.01576522,0.47060847,0.68067226999999997
151508,151508,SpaGCN,14,17,0.01845569,0.43873768000000002,0.66666667000000002
151508,151508,SpaGCN,14,18,0.01100167,0.63079885999999996,0.76991149999999997
151508,151508,SpaGCN,14,20,0.0148171,0.46549840999999997,0.68067226999999997
151508,151508,SpaGCN,15,16,0.0064845500000000004,0.53677213000000001,0.55038759999999998
151508,151508,SpaGCN,17,20,0.0036385800000000002,0.60327867000000002,0.76991149999999997
151508,151508,BANKSY,1,4,0.0069724499999999998,0.80438580999999998,0.66666667000000002
151508,151508,BANKSY,1,5,0.00356478,0.97184574000000001,0.90476190000000001
151508,151508,BANKSY,1,9,0.0062115399999999998,0.7891106,0.73913043
151508,151508,BANKSY,1,12,0.0084876499999999994,0.80560131999999995,0.76991149999999997
151508,151508,BANKSY,1,14,0.01126958,0.76659801000000005,0.85185184999999997
151508,151508,BANKSY,1,15,0.0044956299999999996,0.96275759000000005,0.96078430999999997
151508,151508,BANKSY,1,16,0.0058635600000000003,0.93735804,0.88679244999999995
151508,151508,BANKSY,1,19,0.01126958,0.76659801000000005,0.85185184999999997
151508,151508,BANKSY,2,11,0.0052587500000000004,0.38336600999999998,0.48148148000000002
151508,151508,BANKSY,2,17,0.0084792800000000005,0.89490650000000005,0.85185184999999997
151508,151508,BANKSY,2,20,0.0056787299999999999,0.40982312999999998,0.43884891999999998
151508,151508,BANKSY,3,6,0.00727547,0.97479662,1
151508,151508,BANKSY,3,13,0.0028429499999999999,0.92696767000000002,0.85185184999999997
151508,151508,BANKSY,4,5,0.01053722,0.81805625000000004,0.80180180000000001
151508,151508,BANKSY,4,9,0.00076090000000000001,0.93284957999999996,0.85185184999999997
151508,151508,BANKSY,4,12,0.0015152,0.97375350999999999,0.92307691999999997
151508,151508,BANKSY,4,14,0.018242020000000001,0.83906700000000001,0.81818181999999995
151508,151508,BANKSY,4,15,0.01146807,0.79955317000000004,0.61290323000000002
151508,151508,BANKSY,4,16,0.012836,0.79268072999999994,0.61290323000000002
151508,151508,BANKSY,4,19,0.018242020000000001,0.83906700000000001,0.81818181999999995
151508,151508,BANKSY,5,9,0.0097763199999999998,0.80103438999999999,0.75438596000000002
151508,151508,BANKSY,5,12,0.012052429999999999,0.81587741000000003,0.66666667000000002
151508,151508,BANKSY,5,14,0.0077048000000000004,0.77367434999999996,0.75438596000000002
151508,151508,BANKSY,5,15,0.00093084999999999999,0.96791136,0.88679244999999995
151508,151508,BANKSY,5,16,0.0022987799999999998,0.95198992999999998,0.88679244999999995
151508,151508,BANKSY,5,19,0.0077048000000000004,0.77367434999999996,0.75438596000000002
151508,151508,BANKSY,6,13,0.0044325299999999996,0.94044821000000001,0.85185184999999997
151508,151508,BANKSY,7,8,0.0023342200000000001,0.62820193999999996,0.76991149999999997
151508,151508,BANKSY,7,18,0.0014670099999999999,0.98567291000000001,0.96078430999999997
151508,151508,BANKSY,8,18,0.00086720000000000005,0.62166030000000005,0.73913043
151508,151508,BANKSY,9,12,0.00227611,0.91874593000000004,0.81818181999999995
151508,151508,BANKSY,9,14,0.017481119999999999,0.85826066000000001,0.86915887999999997
151508,151508,BANKSY,9,15,0.01070717,0.78043127000000001,0.68067226999999997
151508,151508,BANKSY,9,16,0.0120751,0.78242772000000005,0.70940170999999996
151508,151508,BANKSY,9,19,0.017481119999999999,0.85826066000000001,0.86915887999999997
151508,151508,BANKSY,10,17,0.015581289999999999,0.50559911999999996,0.51515151999999997
151508,151508,BANKSY,10,20,0.018381829999999998,0.72213061999999995,0.66666667000000002
151508,151508,BANKSY,11,17,0.01373803,0.39076240000000001,0.65289255999999996
151508,151508,BANKSY,11,20,0.010937479999999999,0.53946495000000005,0.65289255999999996
151508,151508,BANKSY,12,14,0.019757230000000001,0.82619827999999995,0.80180180000000001
151508,151508,BANKSY,12,15,0.01298328,0.80080938999999995,0.78571429000000004
151508,151508,BANKSY,12,16,0.01435121,0.79355810999999998,0.61290323000000002
151508,151508,BANKSY,12,19,0.019757230000000001,0.82619827999999995,0.80180180000000001
151508,151508,BANKSY,14,15,0.0067739499999999999,0.76504698999999998,0.80180180000000001
151508,151508,BANKSY,14,16,0.0054060200000000001,0.75440193,0.75438596000000002
151508,151508,BANKSY,14,19,0,1,1
151508,151508,BANKSY,15,16,0.0013679300000000001,0.95560676,0.86915887999999997
151508,151508,BANKSY,15,19,0.0067739499999999999,0.76504698999999998,0.80180180000000001
151508,151508,BANKSY,16,19,0.0054060200000000001,0.75440193,0.75438596000000002
151508,151508,BANKSY,17,20,0.0028005500000000002,0.43353148000000002,0.63934426
151508,151508,SEDR,1,3,0.002538634257,0.69910963250000002,0.47058823529999999
151508,151508,SEDR,1,7,0.016614368760000001,0.55721787489999997,0.5384615385
151508,151508,SEDR,1,11,0.0042977318529999996,0.74266217089999997,0.7699115044
151508,151508,SEDR,1,12,0.0013888321410000001,0.69529093180000001,0.83486238530000001
151508,151508,SEDR,1,15,0.014397963099999999,0.75450644280000001,0.80180180180000005
151508,151508,SEDR,1,18,0.01444450668,0.73283588909999997,0.80180180180000005
151508,151508,SEDR,1,19,6.1437686839999997e-05,0.7166875184,0.7699115044
151508,151508,SEDR,2,4,0.0078247040260000008,0.85130557200000001,0.83486238530000001
151508,151508,SEDR,2,5,0.0072856308099999998,0.77260154619999999,0.70940170940000002
151508,151508,SEDR,2,6,0.0075036779910000002,0.89171207340000003,0.86915887849999995
151508,151508,SEDR,2,8,0.0004709462672,0.74266546450000004,0.70940170940000002
151508,151508,SEDR,2,9,0.0055131550840000002,0.80807400799999995,0.83486238530000001
151508,151508,SEDR,2,10,0.0084444166889999991,0.73817266020000005,0.75438596489999998
151508,151508,SEDR,2,14,0.001106140935,0.73075114939999997,0.78571428570000001
151508,151508,SEDR,2,15,0.01753766826,0.78452981150000001,0.85185185190000001
151508,151508,SEDR,2,16,0.0079349684510000001,0.84805207429999996,0.80180180180000005
151508,151508,SEDR,2,17,0.01733896285,0.71060917099999998,0.75438596489999998
151508,151508,SEDR,2,18,0.017491124689999998,0.76042449759999997,0.75438596489999998
151508,151508,SEDR,2,20,0.00369907099,0.77084425400000001,0.75438596489999998
151508,151508,SEDR,3,7,0.01915300302,0.55670210860000002,0.49253731340000001
151508,151508,SEDR,3,11,0.006836366111,0.716841646,0.47058823529999999
151508,151508,SEDR,3,12,0.0011498021170000001,0.67012891450000001,0.58730158730000004
151508,151508,SEDR,3,15,0.011859328840000001,0.74290841500000004,0.49253731340000001
151508,151508,SEDR,3,18,0.01190587242,0.6641048947,0.48148148149999997
151508,151508,SEDR,3,19,0.0026000719439999999,0.66769369769999998,0.42857142860000003
151508,151508,SEDR,4,5,0.00053907321650000005,0.79734388010000001,0.75438596489999998
151508,151508,SEDR,4,6,0.00032102603499999999,0.83708757789999999,0.81818181820000002
151508,151508,SEDR,4,8,0.0082956502929999992,0.76192695860000004,0.7699115044
151508,151508,SEDR,4,9,0.013337859109999999,0.79657787820000003,0.83486238530000001
151508,151508,SEDR,4,10,0.0006197126624,0.7768580625,0.78571428570000001
151508,151508,SEDR,4,14,0.0089308449610000003,0.7845488383,0.85185185190000001
151508,151508,SEDR,4,16,0.01575967248,0.7903181266,0.7699115044
151508,151508,SEDR,4,17,0.0095142588229999991,0.68620233669999997,0.75438596489999998
151508,151508,SEDR,4,20,0.01152377502,0.79835499759999995,0.83486238530000001
151508,151508,SEDR,5,6,0.0002180471815,0.80466757919999998,0.81818181820000002
151508,151508,SEDR,5,8,0.0077565770769999999,0.79707487119999998,0.80180180180000005
151508,151508,SEDR,5,9,0.012798785890000001,0.83912176409999994,0.81818181820000002
151508,151508,SEDR,5,10,0.001158785879,0.69890127950000003,0.73913043479999996
151508,151508,SEDR,5,14,0.0083917717450000002,0.72652779560000003,0.73913043479999996
151508,151508,SEDR,5,16,0.01522059926,0.79553878550000001,0.75438596489999998
151508,151508,SEDR,5,17,0.01005333204,0.69363848660000005,0.70940170940000002
151508,151508,SEDR,5,20,0.0109847018,0.71975252919999999,0.6949152542
151508,151508,SEDR,6,8,0.0079746242579999994,0.75868554519999998,0.78571428570000001
151508,151508,SEDR,6,9,0.013016833070000001,0.82803904179999999,0.9230769231
151508,151508,SEDR,6,10,0.00094073869740000004,0.71696769250000003,0.73913043479999996
151508,151508,SEDR,6,14,0.0086098189260000006,0.72008050379999999,0.7699115044
151508,151508,SEDR,6,16,0.01543864644,0.84116103490000005,0.81818181820000002
151508,151508,SEDR,6,17,0.0098352848580000006,0.70731904469999995,0.7699115044
151508,151508,SEDR,6,20,0.01120274898,0.74908413969999998,0.75438596489999998
151508,151508,SEDR,7,11,0.01231663691,0.52519897240000002,0.51515151520000002
151508,151508,SEDR,7,12,0.018003200899999999,0.60368588290000003,0.66666666669999997
151508,151508,SEDR,7,19,0.016552931069999999,0.56340187649999995,0.59999999999999998
151508,151508,SEDR,8,9,0.0050422088170000001,0.79377431529999998,0.80180180180000005
151508,151508,SEDR,8,10,0.0089153629559999992,0.65827554499999996,0.6949152542
151508,151508,SEDR,8,14,0.00063519466790000001,0.6837971531,0.6949152542
151508,151508,SEDR,8,15,0.017066721989999999,0.7051768021,0.75438596489999998
151508,151508,SEDR,8,16,0.0074640221830000004,0.73762838190000002,0.68067226889999999
151508,151508,SEDR,8,17,0.017809909119999998,0.66545865900000001,0.70940170940000002
151508,151508,SEDR,8,18,0.01702017842,0.70810640840000005,0.78571428570000001
151508,151508,SEDR,8,20,0.0032281247229999999,0.69730990650000002,0.6949152542
151508,151508,SEDR,9,10,0.01395757177,0.70051861630000001,0.78571428570000001
151508,151508,SEDR,9,14,0.0044070141489999997,0.69893848169999995,0.80180180180000005
151508,151508,SEDR,9,15,0.01202451318,0.80322551639999995,0.88679245279999996
151508,151508,SEDR,9,16,0.0024218133669999999,0.80571127819999999,0.83486238530000001
151508,151508,SEDR,9,18,0.011977969600000001,0.74870986610000001,0.80180180180000005
151508,151508,SEDR,9,20,0.0018140840939999999,0.71977476480000002,0.7699115044
151508,151508,SEDR,10,14,0.0095505576240000004,0.86041615240000002,0.85185185190000001
151508,151508,SEDR,10,16,0.016379385140000001,0.68881303569999996,0.72413793100000001
151508,151508,SEDR,10,17,0.0088945461600000008,0.63678781200000001,0.70940170940000002
151508,151508,SEDR,10,20,0.01214348768,0.88421607840000005,0.83486238530000001
151508,151508,SEDR,11,12,0.0056865639939999999,0.71975141190000003,0.86915887849999995
151508,151508,SEDR,11,15,0.018695694959999998,0.82617328670000001,0.83486238530000001
151508,151508,SEDR,11,18,0.01874223853,0.69494998409999997,0.80180180180000005
151508,151508,SEDR,11,19,0.0042362941669999996,0.68247441239999995,0.78571428570000001
151508,151508,SEDR,12,15,0.01300913096,0.73259120359999996,0.86915887849999995
151508,151508,SEDR,12,18,0.013055674539999999,0.72804785650000003,0.88679245279999996
151508,151508,SEDR,12,19,0.0014502698280000001,0.73396312379999995,0.80180180180000005
151508,151508,SEDR,14,15,0.016431527330000001,0.75442383769999999,0.81818181820000002
151508,151508,SEDR,14,16,0.0068288275159999997,0.70556556309999996,0.75438596489999998
151508,151508,SEDR,14,17,0.01844510378,0.65554931110000003,0.72413793100000001
151508,151508,SEDR,14,18,0.016384983749999998,0.70237101580000005,0.78571428570000001
151508,151508,SEDR,14,20,0.002592930055,0.84749767300000001,0.85185185190000001
151508,151508,SEDR,15,16,0.0096026998110000008,0.75290380219999997,0.78571428570000001
151508,151508,SEDR,15,18,4.6543573859999997e-05,0.72156426009999997,0.78571428570000001
151508,151508,SEDR,15,19,0.01445940079,0.71666954859999998,0.80180180180000005
151508,151508,SEDR,15,20,0.013838597269999999,0.7599520609,0.7699115044
151508,151508,SEDR,16,18,0.0095561562369999992,0.76030562349999997,0.7699115044
151508,151508,SEDR,16,20,0.0042358974610000001,0.70617708810000002,0.6949152542
151508,151508,SEDR,18,19,0.01450594436,0.78791285489999996,0.78571428570000001
151508,151508,SEDR,18,20,0.013792053699999999,0.71318777820000001,0.7699115044
151509,151509,GraphST,1,3,0.01234642,0.54445169999999998,0.75438596000000002
151509,151509,GraphST,1,6,0.015379459999999999,0.56580929000000002,0.85185184999999997
151509,151509,GraphST,1,9,0.0035663299999999999,0.59238351,0.76991149999999997
151509,151509,GraphST,1,12,0.01787536,0.61961938000000005,0.75438596000000002
151509,151509,GraphST,1,13,0.0066940999999999997,0.54222877000000003,0.72413793000000004
151509,151509,GraphST,1,15,0.016890019999999999,0.58917397000000005,0.85185184999999997
151509,151509,GraphST,1,17,0.0046210399999999999,0.39950008999999997,0.73913043
151509,151509,GraphST,1,18,0.017343339999999999,0.40608263999999999,0.75438596000000002
151509,151509,GraphST,1,20,0.0049772499999999999,0.50835328999999996,0.75438596000000002
151509,151509,GraphST,2,7,0.00026904000000000001,0.74534893000000002,0.81818181999999995
151509,151509,GraphST,2,10,0.012435359999999999,0.32136925999999999,0.51515151999999997
151509,151509,GraphST,3,9,0.015912760000000001,0.49944243999999999,0.68067226999999997
151509,151509,GraphST,3,13,0.019040519999999998,0.63468745000000004,0.81818181999999995
151509,151509,GraphST,3,14,0.01146753,0.42010794000000001,0.76991149999999997
151509,151509,GraphST,3,17,0.01696746,0.41574565000000002,0.72413793000000004
151509,151509,GraphST,3,18,0.0049969100000000002,0.40990990999999999,0.76991149999999997
151509,151509,GraphST,3,19,0.012230939999999999,0.39759522000000003,0.80180180000000001
151509,151509,GraphST,3,20,0.0073691700000000004,0.58865356999999996,0.80180180000000001
151509,151509,GraphST,4,6,0.015629839999999999,0.51676871000000002,0.70940170999999996
151509,151509,GraphST,4,8,0.0030934600000000001,0.53280174000000002,0.80180180000000001
151509,151509,GraphST,4,11,0.00281525,0.44689646,0.72413793000000004
151509,151509,GraphST,4,12,0.01313394,0.59160385999999998,0.75438596000000002
151509,151509,GraphST,4,15,0.01411928,0.55271844000000003,0.76991149999999997
151509,151509,GraphST,5,16,0.017861249999999999,0.73999130000000002,0.78571429000000004
151509,151509,GraphST,6,8,0.01253637,0.42699015000000001,0.72413793000000004
151509,151509,GraphST,6,9,0.01181313,0.47698574999999999,0.78571429000000004
151509,151509,GraphST,6,11,0.018445079999999999,0.40852920999999998,0.83486238999999995
151509,151509,GraphST,6,12,0.0024959000000000001,0.59389979000000004,0.80180180000000001
151509,151509,GraphST,6,13,0.0086853699999999995,0.48603157000000002,0.78571429000000004
151509,151509,GraphST,6,15,0.00151056,0.56463600999999997,0.83486238999999995
151509,151509,GraphST,6,17,0.010758429999999999,0.40632760000000001,0.75438596000000002
151509,151509,GraphST,7,10,0.012704399999999999,0.33758168,0.61290323000000002
151509,151509,GraphST,8,11,0.0059087100000000002,0.55713223000000001,0.72413793000000004
151509,151509,GraphST,8,12,0.010040469999999999,0.45916075000000001,0.73913043
151509,151509,GraphST,8,15,0.01102581,0.43864394000000001,0.70940170999999996
151509,151509,GraphST,9,12,0.01430903,0.55186581999999995,0.80180180000000001
151509,151509,GraphST,9,13,0.0031277599999999998,0.56106677000000005,0.70940170999999996
151509,151509,GraphST,9,15,0.013323689999999999,0.52792996999999997,0.75438596000000002
151509,151509,GraphST,9,17,0.0010547,0.38693792999999999,0.73913043
151509,151509,GraphST,9,20,0.0085435900000000002,0.57158721999999995,0.73913043
151509,151509,GraphST,11,12,0.01594918,0.42474444,0.81818181999999995
151509,151509,GraphST,11,15,0.016934520000000002,0.41434438000000001,0.73913043
151509,151509,GraphST,12,13,0.01118127,0.52963066999999997,0.78571429000000004
151509,151509,GraphST,12,15,0.00098533999999999991,0.60687345000000004,0.80180180000000001
151509,151509,GraphST,12,17,0.01325433,0.41780636999999998,0.78571429000000004
151509,151509,GraphST,13,15,0.010195930000000001,0.49272075999999998,0.76991149999999997
151509,151509,GraphST,13,17,0.0020730599999999998,0.43388439000000001,0.75438596000000002
151509,151509,GraphST,13,20,0.01167135,0.65497550000000004,0.80180180000000001
151509,151509,GraphST,14,18,0.0064706199999999998,0.51827378999999996,0.76991149999999997
151509,151509,GraphST,14,19,0.00076342000000000001,0.49788616000000002,0.78571429000000004
151509,151509,GraphST,14,20,0.018836700000000001,0.39560262000000002,0.73913043
151509,151509,GraphST,15,17,0.01226899,0.39172111999999998,0.70940170999999996
151509,151509,GraphST,17,20,0.0095982900000000006,0.40042630000000001,0.72413793000000004
151509,151509,GraphST,18,19,0.0072340299999999998,0.50881586999999995,0.80180180000000001
151509,151509,GraphST,18,20,0.01236608,0.39183015999999998,0.75438596000000002
151509,151509,GraphST,19,20,0.019600119999999999,0.38229267,0.78571429000000004
151509,151509,STAGATE,1,2,0.014441560000000001,0.89453209,0.85185184999999997
151509,151509,STAGATE,1,4,0.0044716900000000004,0.90254228000000003,0.88679244999999995
151509,151509,STAGATE,1,6,0.00055236,0.90849743000000005,0.86915887999999997
151509,151509,STAGATE,1,7,0.0067799000000000002,0.90083866999999995,0.86915887999999997
151509,151509,STAGATE,1,8,0.0056257199999999999,0.90259310999999998,0.85185184999999997
151509,151509,STAGATE,1,10,0.0084568999999999998,0.89387242,0.88679244999999995
151509,151509,STAGATE,1,11,0.0067650200000000001,0.90075258999999996,0.85185184999999997
151509,151509,STAGATE,1,15,0.019773909999999999,0.90366146999999997,0.85185184999999997
151509,151509,STAGATE,1,16,0.0072189400000000001,0.92033237999999995,0.85185184999999997
151509,151509,STAGATE,1,19,0.0094928900000000004,0.91303935000000003,0.88679244999999995
151509,151509,STAGATE,1,20,0.0042636699999999998,0.92613358000000001,0.86915887999999997
151509,151509,STAGATE,2,3,0.019250710000000001,0.74257072999999996,0.85185184999999997
151509,151509,STAGATE,2,4,0.0099698700000000005,0.88249060999999995,0.86915887999999997
151509,151509,STAGATE,2,6,0.014993930000000001,0.91903272999999996,0.90476190000000001
151509,151509,STAGATE,2,7,0.0076616599999999998,0.91298634999999995,0.86915887999999997
151509,151509,STAGATE,2,8,0.0088158400000000001,0.89276668000000003,0.83486238999999995
151509,151509,STAGATE,2,10,0.0059846600000000002,0.89986951000000004,0.85185184999999997
151509,151509,STAGATE,2,11,0.0076765399999999999,0.89933660000000004,0.86915887999999997
151509,151509,STAGATE,2,12,0.011096399999999999,0.77144725999999997,0.85185184999999997
151509,151509,STAGATE,2,15,0.0053323499999999996,0.89641601000000004,0.86915887999999997
151509,151509,STAGATE,2,16,0.0072226199999999999,0.88550295000000001,0.86915887999999997
151509,151509,STAGATE,2,18,0.0065594499999999997,0.86760766,0.86915887999999997
151509,151509,STAGATE,2,19,0.0049486799999999996,0.90065233,0.90476190000000001
151509,151509,STAGATE,2,20,0.01870523,0.89747111999999996,0.88679244999999995
151509,151509,STAGATE,3,12,0.0081543099999999997,0.83370659000000003,0.85185184999999997
151509,151509,STAGATE,3,15,0.013918359999999999,0.71227165999999997,0.86915887999999997
151509,151509,STAGATE,3,18,0.012691259999999999,0.70571729000000005,0.85185184999999997
151509,151509,STAGATE,4,6,0.0050240500000000004,0.90330710999999997,0.88679244999999995
151509,151509,STAGATE,4,7,0.0023082100000000002,0.88549811,0.85185184999999997
151509,151509,STAGATE,4,8,0.0011540299999999999,0.89140439000000005,0.86915887999999997
151509,151509,STAGATE,4,10,0.0039852100000000003,0.87671538999999998,0.88679244999999995
151509,151509,STAGATE,4,11,0.00229334,0.89989651000000004,0.88679244999999995
151509,151509,STAGATE,4,15,0.01530222,0.91658651999999996,0.86915887999999997
151509,151509,STAGATE,4,16,0.0027472500000000001,0.92312755000000002,0.92307691999999997
151509,151509,STAGATE,4,18,0.01652932,0.91917506999999998,0.86915887999999997
151509,151509,STAGATE,4,19,0.0050212,0.90314713000000002,0.90476190000000001
151509,151509,STAGATE,4,20,0.0087353599999999993,0.90648960999999995,0.83486238999999995
151509,151509,STAGATE,6,7,0.0073322600000000002,0.91548269999999998,0.88679244999999995
151509,151509,STAGATE,6,8,0.0061780799999999999,0.90838094999999996,0.88679244999999995
151509,151509,STAGATE,6,10,0.0090092599999999998,0.90408831000000001,0.90476190000000001
151509,151509,STAGATE,6,11,0.00731739,0.91083654999999997,0.86915887999999997
151509,151509,STAGATE,6,16,0.00777131,0.90272841999999998,0.86915887999999997
151509,151509,STAGATE,6,19,0.01004525,0.90155136999999996,0.90476190000000001
151509,151509,STAGATE,6,20,0.0037113100000000002,0.90500674000000003,0.86915887999999997
151509,151509,STAGATE,7,8,0.0011541800000000001,0.91167220999999998,0.85185184999999997
151509,151509,STAGATE,7,10,0.0016770000000000001,0.91524808000000002,0.90476190000000001
151509,151509,STAGATE,7,11,1.488e-05,0.91037285000000001,0.88679244999999995
151509,151509,STAGATE,7,12,0.01875806,0.78548799999999996,0.85185184999999997
151509,151509,STAGATE,7,15,0.01299401,0.89106114999999997,0.86915887999999997
151509,151509,STAGATE,7,16,0.00043904000000000002,0.88789185999999998,0.86915887999999997
151509,151509,STAGATE,7,18,0.01422111,0.87963614999999995,0.86915887999999997
151509,151509,STAGATE,7,19,0.0027129900000000002,0.91269407999999996,0.86915887999999997
151509,151509,STAGATE,7,20,0.011043570000000001,0.89875506000000005,0.88679244999999995
151509,151509,STAGATE,8,10,0.00283118,0.91104160999999995,0.90476190000000001
151509,151509,STAGATE,8,11,0.0011393,0.90633912999999999,0.85185184999999997
151509,151509,STAGATE,8,12,0.019912240000000001,0.75970205000000002,0.83486238999999995
151509,151509,STAGATE,8,15,0.01414819,0.89836585000000002,0.86915887999999997
151509,151509,STAGATE,8,16,0.00159322,0.89537946000000002,0.83486238999999995
151509,151509,STAGATE,8,18,0.01537529,0.88856738000000002,0.83486238999999995
151509,151509,STAGATE,8,19,0.0038671700000000001,0.91479034999999997,0.88679244999999995
151509,151509,STAGATE,8,20,0.0098893899999999996,0.90879135,0.81818181999999995
151509,151509,STAGATE,9,13,0.0072609800000000002,0.68121507000000003,0.78571429000000004
151509,151509,STAGATE,9,14,3.9400000000000002e-05,0.71591252999999999,0.78571429000000004
151509,151509,STAGATE,10,11,0.00169187,0.89900374999999999,0.88679244999999995
151509,151509,STAGATE,10,12,0.017081059999999999,0.77144718999999995,0.85185184999999997
151509,151509,STAGATE,10,15,0.011317020000000001,0.88613182000000001,0.88679244999999995
151509,151509,STAGATE,10,16,0.00123796,0.8882082,0.86915887999999997
151509,151509,STAGATE,10,18,0.012544110000000001,0.87239679000000003,0.88679244999999995
151509,151509,STAGATE,10,19,0.0010359900000000001,0.90522952000000001,0.90476190000000001
151509,151509,STAGATE,10,20,0.01272057,0.89616812000000001,0.88679244999999995
151509,151509,STAGATE,11,12,0.018772939999999998,0.76107095000000002,0.85185184999999997
151509,151509,STAGATE,11,15,0.01300889,0.89904335999999996,0.86915887999999997
151509,151509,STAGATE,11,16,0.00045392000000000002,0.88867856999999995,0.90476190000000001
151509,151509,STAGATE,11,18,0.01423599,0.88952030000000004,0.86915887999999997
151509,151509,STAGATE,11,19,0.0027278599999999999,0.91005283000000003,0.86915887999999997
151509,151509,STAGATE,11,20,0.011028690000000001,0.90116987000000004,0.88679244999999995
151509,151509,STAGATE,12,15,0.0057640499999999997,0.74259889000000001,0.83486238999999995
151509,151509,STAGATE,12,16,0.018319019999999998,0.73362503999999995,0.86915887999999997
151509,151509,STAGATE,12,18,0.0045369499999999997,0.73643179999999997,0.90476190000000001
151509,151509,STAGATE,12,19,0.01604508,0.76363970000000003,0.85185184999999997
151509,151509,STAGATE,13,14,0.00722158,0.64656718000000002,0.76991149999999997
151509,151509,STAGATE,15,16,0.01255497,0.91843852999999998,0.90476190000000001
151509,151509,STAGATE,15,18,0.0012271000000000001,0.91880941000000005,0.86915887999999997
151509,151509,STAGATE,15,19,0.01028103,0.90483813000000002,0.88679244999999995
151509,151509,STAGATE,16,18,0.01378207,0.91691438000000003,0.86915887999999997
151509,151509,STAGATE,16,19,0.0022739399999999999,0.90862951000000003,0.90476190000000001
151509,151509,STAGATE,16,20,0.011482610000000001,0.91491199999999995,0.90476190000000001
151509,151509,STAGATE,18,19,0.01150813,0.90820120999999998,0.88679244999999995
151509,151509,STAGATE,19,20,0.013756559999999999,0.91757887000000005,0.88679244999999995
151509,151509,SpaGCN,1,2,0.01758171,0.57914836000000003,0.81818181999999995
151509,151509,SpaGCN,1,4,0.0110998,0.58016756000000003,0.75438596000000002
151509,151509,SpaGCN,1,7,0.01146119,0.56291720999999995,0.73913043
151509,151509,SpaGCN,1,12,0.01322592,0.73018649000000002,0.78571429000000004
151509,151509,SpaGCN,1,16,0.00106459,0.55561057999999997,0.73913043
151509,151509,SpaGCN,2,3,0.016363820000000001,0.42168618000000002,0.69491524999999998
151509,151509,SpaGCN,2,4,0.0064818999999999996,0.56012753000000004,0.76991149999999997
151509,151509,SpaGCN,2,7,0.00612052,0.57252961999999996,0.85185184999999997
151509,151509,SpaGCN,2,11,0.01645595,0.54655271999999999,0.72413793000000004
151509,151509,SpaGCN,2,12,0.0043557800000000001,0.58753507999999999,0.68067226999999997
151509,151509,SpaGCN,2,16,0.018646300000000001,0.52506925000000004,0.81818181999999995
151509,151509,SpaGCN,2,18,0.019717060000000002,0.63534504999999997,0.85185184999999997
151509,151509,SpaGCN,2,20,0.01372349,0.57311555999999997,0.78571429000000004
151509,151509,SpaGCN,3,8,0.013099589999999999,0.46320808000000002,0.70940170999999996
151509,151509,SpaGCN,3,10,0.013211290000000001,0.57024034000000001,0.73913043
151509,151509,SpaGCN,3,11,9.2130000000000001e-05,0.44148781999999998,0.75438596000000002
151509,151509,SpaGCN,3,15,0.01768401,0.44222154000000002,0.70940170999999996
151509,151509,SpaGCN,3,18,0.0033532499999999999,0.42081051000000003,0.69491524999999998
151509,151509,SpaGCN,3,19,0.01797849,0.47267960999999997,0.72413793000000004
151509,151509,SpaGCN,3,20,0.0026403300000000002,0.50269255000000002,0.75438596000000002
151509,151509,SpaGCN,4,7,0.00036139000000000001,0.64078522000000004,0.80180180000000001
151509,151509,SpaGCN,4,12,0.00212612,0.58734321,0.70940170999999996
151509,151509,SpaGCN,4,16,0.012164390000000001,0.62080785999999999,0.80180180000000001
151509,151509,SpaGCN,5,9,0.012111830000000001,0.61525121000000005,0.76991149999999997
151509,151509,SpaGCN,5,13,0.0070613799999999999,0.66532237000000005,0.81818181999999995
151509,151509,SpaGCN,5,14,0.0073986800000000004,0.68235069999999998,0.80180180000000001
151509,151509,SpaGCN,5,15,0.015675100000000001,0.48550314,0.80180180000000001
151509,151509,SpaGCN,5,17,0.00100617,0.52888745999999998,0.69491524999999998
151509,151509,SpaGCN,5,19,0.015380629999999999,0.68990342000000004,0.75438596000000002
151509,151509,SpaGCN,7,12,0.0017647299999999999,0.56579142999999998,0.72413793000000004
151509,151509,SpaGCN,7,16,0.01252578,0.60312535,0.86915887999999997
151509,151509,SpaGCN,7,20,0.019844000000000001,0.51303350000000003,0.75438596000000002
151509,151509,SpaGCN,8,10,0.0001117,0.47403930999999999,0.69491524999999998
151509,151509,SpaGCN,8,11,0.01300746,0.74459717999999997,0.85185184999999997
151509,151509,SpaGCN,8,13,0.013198150000000001,0.69679036000000005,0.83486238999999995
151509,151509,SpaGCN,8,14,0.01286085,0.64560419999999996,0.76991149999999997
151509,151509,SpaGCN,8,15,0.0045844199999999996,0.52685866999999997,0.81818181999999995
151509,151509,SpaGCN,8,18,0.0097463399999999992,0.54692927000000002,0.80180180000000001
151509,151509,SpaGCN,8,19,0.0048789000000000003,0.76431015999999996,0.85185184999999997
151509,151509,SpaGCN,8,20,0.015739920000000001,0.51514747999999999,0.75438596000000002
151509,151509,SpaGCN,9,13,0.01917321,0.51471403999999998,0.75438596000000002
151509,151509,SpaGCN,9,14,0.019510509999999998,0.56068914000000003,0.75438596000000002
151509,151509,SpaGCN,9,17,0.01110565,0.46946618000000001,0.78571429000000004
151509,151509,SpaGCN,10,11,0.01311916,0.46058610999999999,0.65289255999999996
151509,151509,SpaGCN,10,13,0.013086449999999999,0.44929984000000001,0.69491524999999998
151509,151509,SpaGCN,10,14,0.012749150000000001,0.48156354000000001,0.72413793000000004
151509,151509,SpaGCN,10,15,0.0044727300000000003,0.47477405,0.70940170999999996
151509,151509,SpaGCN,10,18,0.0098580400000000002,0.49113203999999999,0.75438596000000002
151509,151509,SpaGCN,10,19,0.0047672000000000001,0.47924938,0.66666667000000002
151509,151509,SpaGCN,10,20,0.01585162,0.61644957,0.81818181999999995
151509,151509,SpaGCN,11,15,0.017591880000000001,0.52651853999999998,0.80180180000000001
151509,151509,SpaGCN,11,18,0.0032611200000000002,0.54149009999999997,0.76991149999999997
151509,151509,SpaGCN,11,19,0.01788636,0.68837234999999997,0.80180180000000001
151509,151509,SpaGCN,11,20,0.0027324599999999999,0.51395497999999995,0.69491524999999998
151509,151509,SpaGCN,12,16,0.014290519999999999,0.55184177999999995,0.72413793000000004
151509,151509,SpaGCN,12,20,0.018079270000000001,0.57898938,0.69491524999999998
151509,151509,SpaGCN,13,14,0.00033730000000000001,0.68150078999999997,0.86915887999999997
151509,151509,SpaGCN,13,15,0.0086137200000000001,0.51088051999999995,0.76991149999999997
151509,151509,SpaGCN,13,17,0.0080675499999999997,0.54166722,0.68067226999999997
151509,151509,SpaGCN,13,19,0.0083192500000000003,0.72174305000000005,0.85185184999999997
151509,151509,SpaGCN,14,15,0.0082764199999999996,0.53206587999999999,0.72413793000000004
151509,151509,SpaGCN,14,17,0.0084048500000000002,0.52571579000000002,0.63934426
151509,151509,SpaGCN,14,19,0.0079819499999999998,0.67006149999999998,0.76991149999999997
151509,151509,SpaGCN,15,17,0.016681270000000002,0.46281720999999998,0.78571429000000004
151509,151509,SpaGCN,15,18,0.01433077,0.51661422000000001,0.83486238999999995
151509,151509,SpaGCN,15,19,0.00029448000000000001,0.50133521000000003,0.80180180000000001
151509,151509,SpaGCN,17,19,0.0163868,0.53993051999999997,0.72413793000000004
151509,151509,SpaGCN,18,19,0.014625239999999999,0.54004394,0.76991149999999997
151509,151509,SpaGCN,18,20,0.0059935800000000001,0.52520186999999996,0.81818181999999995
151509,151509,BANKSY,2,15,0,1,1
151509,151509,BANKSY,2,20,0,1,1
151509,151509,BANKSY,3,6,0.0075343600000000004,0.93075730000000001,0.92307691999999997
151509,151509,BANKSY,3,7,0.0075343600000000004,0.93075730000000001,0.92307691999999997
151509,151509,BANKSY,3,8,0.0013681399999999999,0.97924736000000001,0.96078430999999997
151509,151509,BANKSY,3,10,0.00090813000000000005,0.98099217999999999,0.96078430999999997
151509,151509,BANKSY,3,12,0.00090216000000000005,0.97869355999999996,0.96078430999999997
151509,151509,BANKSY,3,14,0.00036601,0.99874063000000002,1
151509,151509,BANKSY,3,17,0.00096783999999999998,0.98626227,0.96078430999999997
151509,151509,BANKSY,3,18,0.016315690000000001,0.95210786999999997,0.92307691999999997
151509,151509,BANKSY,4,5,0.00032766000000000002,0.99512624999999999,1
151509,151509,BANKSY,4,9,0.00030430000000000002,0.99597555999999998,1
151509,151509,BANKSY,5,9,2.3349999999999998e-05,0.99914778000000004,1
151509,151509,BANKSY,6,7,0,1,1
151509,151509,BANKSY,6,8,0.00616622,0.94823027999999998,0.92307691999999997
151509,151509,BANKSY,6,10,0.0066262300000000003,0.94606168999999996,0.92307691999999997
151509,151509,BANKSY,6,12,0.0066322000000000004,0.94879015,0.92307691999999997
151509,151509,BANKSY,6,14,0.0079003700000000003,0.92960341000000002,0.90476190000000001
151509,151509,BANKSY,6,17,0.0085021999999999997,0.94138902999999996,0.92307691999999997
151509,151509,BANKSY,7,8,0.00616622,0.94823027999999998,0.92307691999999997
151509,151509,BANKSY,7,10,0.0066262300000000003,0.94606168999999996,0.92307691999999997
151509,151509,BANKSY,7,12,0.0066322000000000004,0.94879015,0.92307691999999997
151509,151509,BANKSY,7,14,0.0079003700000000003,0.92960341000000002,0.90476190000000001
151509,151509,BANKSY,7,17,0.0085021999999999997,0.94138902999999996,0.92307691999999997
151509,151509,BANKSY,8,10,0.00046001000000000001,0.99775908999999996,1
151509,151509,BANKSY,8,12,0.00046598000000000001,0.99944284000000005,1
151509,151509,BANKSY,8,14,0.0017341500000000001,0.97800408999999999,0.94174756999999998
151509,151509,BANKSY,8,17,0.0023359800000000001,0.99019941,0.96078430999999997
151509,151509,BANKSY,8,18,0.017683830000000001,0.94805687999999999,0.94174756999999998
151509,151509,BANKSY,10,12,5.9699999999999996e-06,0.99720288999999995,1
151509,151509,BANKSY,10,14,0.0012741499999999999,0.97974804999999998,0.96078430999999997
151509,151509,BANKSY,10,17,0.00187598,0.99195971000000005,0.96078430999999997
151509,151509,BANKSY,10,18,0.017223820000000001,0.94913197000000005,0.96078430999999997
151509,151509,BANKSY,11,13,0.00353594,0.48647974999999999,0.75438596000000002
151509,151509,BANKSY,11,19,0.00353594,0.48647974999999999,0.75438596000000002
151509,151509,BANKSY,12,14,0.00126818,0.97745119999999996,0.94174756999999998
151509,151509,BANKSY,12,17,0.0018700100000000001,0.98964554999999998,0.96078430999999997
151509,151509,BANKSY,12,18,0.01721785,0.94753505000000005,0.94174756999999998
151509,151509,BANKSY,13,19,0,1,1
151509,151509,BANKSY,14,17,0.00060183000000000003,0.98596282999999996,0.96078430999999997
151509,151509,BANKSY,14,18,0.015949669999999999,0.95316946000000002,0.92307691999999997
151509,151509,BANKSY,15,20,0,1,1
151509,151509,BANKSY,17,18,0.01534784,0.95423053999999996,0.92307691999999997
151509,151509,SEDR,1,2,0.019618038179999998,0.70697585900000004,0.73913043479999996
151509,151509,SEDR,1,9,0.01275662451,0.6453533038,0.68067226889999999
151509,151509,SEDR,1,18,0.0046036450630000001,0.86885340170000003,0.75438596489999998
151509,151509,SEDR,2,5,0.013890328489999999,0.76263276810000002,0.73913043479999996
151509,151509,SEDR,2,10,0.0013466562609999999,0.65667839409999995,0.61290322580000001
151509,151509,SEDR,2,16,0.01864869484,0.64779447850000005,0.63934426229999997
151509,151509,SEDR,2,18,0.01501439312,0.72151595260000001,0.73913043479999996
151509,151509,SEDR,3,7,0.0033214145000000001,0.6299046935,0.63934426229999997
151509,151509,SEDR,4,6,0.01507216057,0.64163590550000005,0.7699115044
151509,151509,SEDR,4,14,0.012912015149999999,0.70889664200000002,0.61290322580000001
151509,151509,SEDR,4,17,0.0070537887370000002,0.74646762639999997,0.66666666669999997
151509,151509,SEDR,4,19,0.019456628359999999,0.6743120722,0.65289256200000001
151509,151509,SEDR,4,20,0.016005628130000001,0.62383558719999999,0.61290322580000001
151509,151509,SEDR,5,8,0.0094633876340000003,0.747174487,0.80180180180000005
151509,151509,SEDR,5,10,0.01254367223,0.67711112740000001,0.5625
151509,151509,SEDR,5,12,0.0065479739650000004,0.7440450502,0.6949152542
151509,151509,SEDR,5,16,0.0047583663549999999,0.62479742309999997,0.66666666669999997
151509,151509,SEDR,6,19,0.0043844677899999998,0.50571692629999998,0.65289256200000001
151509,151509,SEDR,6,20,0.0009334675651,0.4895115994,0.55038759690000005
151509,151509,SEDR,8,12,0.0029154136679999999,0.61178688589999997,0.65289256200000001
151509,151509,SEDR,8,16,0.0047050212790000004,0.70063157350000005,0.73913043479999996
151509,151509,SEDR,9,18,0.017360269580000001,0.64772935269999998,0.66666666669999997
151509,151509,SEDR,10,12,0.019091646189999999,0.79531087469999995,0.75438596489999998
151509,151509,SEDR,10,16,0.017302038580000002,0.55097833139999997,0.44927536229999998
151509,151509,SEDR,10,18,0.016361049379999999,0.73499591139999998,0.65289256200000001
151509,151509,SEDR,11,14,0.01090437067,0.60566188779999997,0.72413793100000001
151509,151509,SEDR,11,17,0.01676259708,0.64966206589999997,0.63934426229999997
151509,151509,SEDR,12,16,0.0017896076110000001,0.56285563100000002,0.68067226889999999
151509,151509,SEDR,14,17,0.0058582264140000003,0.59655169730000002,0.62601626020000001
151509,151509,SEDR,19,20,0.003451000225,0.71407217209999996,0.6949152542
151510,151510,GraphST,2,3,0.018429870000000001,0.42516073999999998,0.80180180000000001
151510,151510,GraphST,2,5,0.00010474,0.53875187999999996,0.75438596000000002
151510,151510,GraphST,2,9,0.01604216,0.55100727000000005,0.78571429000000004
151510,151510,GraphST,2,10,0.0089093799999999997,0.43123137,0.61290323000000002
151510,151510,GraphST,2,15,0.01457321,0.54251245000000003,0.66666667000000002
151510,151510,GraphST,2,16,0.016453550000000001,0.42872596000000002,0.72413793000000004
151510,151510,GraphST,2,18,0.017271379999999999,0.51015275000000004,0.65289255999999996
151510,151510,GraphST,2,19,0.00042949999999999998,0.42325761000000001,0.76991149999999997
151510,151510,GraphST,3,5,0.018325129999999999,0.51212374000000005,0.75438596000000002
151510,151510,GraphST,3,15,0.00385666,0.45491326999999998,0.58730159000000004
151510,151510,GraphST,3,16,0.0019763200000000002,0.75332661999999995,0.78571429000000004
151510,151510,GraphST,3,17,0.0050164700000000003,0.44578915000000002,0.68067226999999997
151510,151510,GraphST,3,18,0.0011584900000000001,0.52753159999999999,0.66666667000000002
151510,151510,GraphST,3,19,0.018000370000000002,0.77543189999999995,0.78571429000000004
151510,151510,GraphST,3,20,0.0022716699999999999,0.75514612999999997,0.80180180000000001
151510,151510,GraphST,4,6,0.00012522999999999999,0.50783696,0.68067226999999997
151510,151510,GraphST,4,8,0.0021006200000000001,0.57500868999999999,0.70940170999999996
151510,151510,GraphST,5,9,0.016146899999999999,0.49310324999999999,0.78571429000000004
151510,151510,GraphST,5,10,0.0090141200000000005,0.52033733000000004,0.70940170999999996
151510,151510,GraphST,5,15,0.014468480000000001,0.57617182,0.72413793000000004
151510,151510,GraphST,5,16,0.016348809999999998,0.50838565000000002,0.76991149999999997
151510,151510,GraphST,5,18,0.017166649999999999,0.62136119999999995,0.72413793000000004
151510,151510,GraphST,5,19,0.00032476,0.50575842000000004,0.76991149999999997
151510,151510,GraphST,6,8,0.00197539,0.48834474999999999,0.66666667000000002
151510,151510,GraphST,7,9,0.0090041900000000005,0.52293427000000003,0.75438596000000002
151510,151510,GraphST,7,10,0.01613697,0.44304876999999998,0.69491524999999998
151510,151510,GraphST,7,11,0.0023044200000000002,0.59163597000000001,0.78571429000000004
151510,151510,GraphST,9,10,0.00713278,0.39931656999999998,0.72413793000000004
151510,151510,GraphST,9,11,0.0066997699999999999,0.57894665000000001,0.72413793000000004
151510,151510,GraphST,9,19,0.016471659999999999,0.41879226000000003,0.70940170999999996
151510,151510,GraphST,10,11,0.013832540000000001,0.41631900999999999,0.69491524999999998
151510,151510,GraphST,10,19,0.0093388800000000008,0.71453809999999995,0.80180180000000001
151510,151510,GraphST,13,14,0.00353799,0.64672598999999997,0.78571429000000004
151510,151510,GraphST,13,17,0.018329459999999999,0.40328156999999998,0.61290323000000002
151510,151510,GraphST,15,16,0.0018803400000000001,0.44682506999999999,0.57480315000000004
151510,151510,GraphST,15,17,0.0088731299999999999,0.59336579,0.75438596000000002
151510,151510,GraphST,15,18,0.0026981700000000002,0.59580562999999997,0.73913043
151510,151510,GraphST,15,19,0.01414372,0.44382611999999999,0.62601625999999999
151510,151510,GraphST,15,20,0.0061283199999999996,0.44423704000000003,0.63934426
151510,151510,GraphST,16,17,0.0069927899999999996,0.43084602,0.61290323000000002
151510,151510,GraphST,16,18,0.00081782999999999997,0.51401346000000003,0.68067226999999997
151510,151510,GraphST,16,19,0.016024050000000001,0.76207415000000001,0.78571429000000004
151510,151510,GraphST,16,20,0.0042479900000000001,0.72584567,0.76991149999999997
151510,151510,GraphST,17,18,0.0061749600000000002,0.58817293000000004,0.80180180000000001
151510,151510,GraphST,17,20,0.0027448099999999999,0.42915951000000002,0.70940170999999996
151510,151510,GraphST,18,19,0.016841890000000002,0.50424831999999997,0.63934426
151510,151510,GraphST,18,20,0.0034301499999999999,0.51551917000000003,0.63934426
151510,151510,STAGATE,1,15,0.0073356699999999999,0.39531172999999997,0.62601625999999999
151510,151510,STAGATE,2,5,0.01453133,0.85427182999999995,0.85185184999999997
151510,151510,STAGATE,2,9,0.0111851,0.55726962999999996,0.78571429000000004
151510,151510,STAGATE,2,11,0.0097237899999999995,0.55750147999999999,0.76991149999999997
151510,151510,STAGATE,2,17,0.017714489999999999,0.54839797000000001,0.76991149999999997
151510,151510,STAGATE,2,18,0.011310860000000001,0.41943738000000003,0.62601625999999999
151510,151510,STAGATE,3,6,0.01301917,0.49260889000000002,0.62601625999999999
151510,151510,STAGATE,3,7,0.0030760100000000001,0.48655593000000003,0.59999999999999998
151510,151510,STAGATE,3,9,0.01440629,0.47346422999999999,0.55038759999999998
151510,151510,STAGATE,3,11,0.015867599999999999,0.50465435000000003,0.5625
151510,151510,STAGATE,3,13,0.0012425299999999999,0.47355539000000002,0.58730159000000004
151510,151510,STAGATE,3,17,0.0078769100000000009,0.49508070999999998,0.57480315000000004
151510,151510,STAGATE,3,18,0.01428054,0.44776679000000003,0.59999999999999998
151510,151510,STAGATE,4,5,0.00636909,0.38552648,0.49253731000000001
151510,151510,STAGATE,4,10,0.0096976500000000004,0.38116001999999999,0.47058823999999999
151510,151510,STAGATE,5,10,0.016066739999999999,0.72533632999999997,0.80180180000000001
151510,151510,STAGATE,6,7,0.0099431499999999996,0.77338452000000002,0.81818181999999995
151510,151510,STAGATE,6,13,0.0142617,0.76109762999999997,0.80180180000000001
151510,151510,STAGATE,6,15,0.019576929999999999,0.64031252999999999,0.76991149999999997
151510,151510,STAGATE,7,9,0.017482310000000001,0.76431296000000004,0.83486238999999995
151510,151510,STAGATE,7,11,0.018943620000000001,0.78202519999999998,0.83486238999999995
151510,151510,STAGATE,7,13,0.0043185400000000001,0.77157492000000005,0.85185184999999997
151510,151510,STAGATE,7,17,0.01095292,0.79987116999999996,0.86915887999999997
151510,151510,STAGATE,7,18,0.017356549999999998,0.44453284999999998,0.68067226999999997
151510,151510,STAGATE,8,12,0.01117283,0.78338766000000004,0.86915887999999997
151510,151510,STAGATE,8,14,0.0089724100000000001,0.65097596000000002,0.83486238999999995
151510,151510,STAGATE,8,16,0.0028259800000000001,0.72972946000000005,0.86915887999999997
151510,151510,STAGATE,8,20,0.015470100000000001,0.5483131,0.70940170999999996
151510,151510,STAGATE,9,11,0.00146131,0.80508955999999998,0.85185184999999997
151510,151510,STAGATE,9,13,0.01316376,0.77527334000000003,0.81818181999999995
151510,151510,STAGATE,9,17,0.0065293900000000004,0.77796712999999995,0.85185184999999997
151510,151510,STAGATE,9,18,0.00012574999999999999,0.41873479000000002,0.66666667000000002
151510,151510,STAGATE,10,16,0.01899901,0.43561259000000002,0.66666667000000002
151510,151510,STAGATE,11,13,0.01462507,0.74550276999999998,0.81818181999999995
151510,151510,STAGATE,11,17,0.0079906999999999999,0.80020614999999995,0.85185184999999997
151510,151510,STAGATE,11,18,0.0015870599999999999,0.43720221999999997,0.66666667000000002
151510,151510,STAGATE,12,14,0.0022004199999999998,0.67240800999999994,0.81818181999999995
151510,151510,STAGATE,12,16,0.01399881,0.66421556000000004,0.83486238999999995
151510,151510,STAGATE,12,19,0.01425093,0.49944021,0.57480315000000004
151510,151510,STAGATE,12,20,0.0042972699999999997,0.52329404000000002,0.63934426
151510,151510,STAGATE,13,17,0.0066343799999999996,0.77696929000000003,0.83486238999999995
151510,151510,STAGATE,13,18,0.013038009999999999,0.41703131999999998,0.63934426
151510,151510,STAGATE,14,16,0.011798390000000001,0.56219311000000005,0.83486238999999995
151510,151510,STAGATE,14,19,0.01645135,0.62426674999999998,0.59999999999999998
151510,151510,STAGATE,14,20,0.0064976900000000004,0.57789723000000004,0.72413793000000004
151510,151510,STAGATE,16,20,0.018296079999999999,0.55020685000000003,0.66666667000000002
151510,151510,STAGATE,17,18,0.0064036300000000004,0.45763103999999999,0.68067226999999997
151510,151510,STAGATE,19,20,0.0099536599999999996,0.56177778,0.72413793000000004
151510,151510,SpaGCN,1,2,0.01849452,0.46672105000000003,0.68067226999999997
151510,151510,SpaGCN,1,9,0.0084404000000000007,0.57417298000000005,0.70940170999999996
151510,151510,SpaGCN,1,13,0.014851090000000001,0.46141685999999998,0.62601625999999999
151510,151510,SpaGCN,1,18,0.0080430999999999992,0.76300595999999998,0.78571429000000004
151510,151510,SpaGCN,2,12,0.015263250000000001,0.49866701000000002,0.69491524999999998
151510,151510,SpaGCN,2,15,0.016570660000000001,0.53270821999999995,0.70940170999999996
151510,151510,SpaGCN,2,16,0.00537916,0.56205110999999996,0.70940170999999996
151510,151510,SpaGCN,2,17,0.0087347299999999996,0.61151390999999999,0.75438596000000002
151510,151510,SpaGCN,2,18,0.010451419999999999,0.49865362000000002,0.73913043
151510,151510,SpaGCN,2,20,0.011680289999999999,0.4135336,0.65289255999999996
151510,151510,SpaGCN,3,4,0.00094468999999999998,0.57147141000000001,0.70940170999999996
151510,151510,SpaGCN,3,5,0.0043495900000000004,0.50924142999999999,0.69491524999999998
151510,151510,SpaGCN,3,7,0.01798572,0.67094927000000004,0.78571429000000004
151510,151510,SpaGCN,3,12,0.014282009999999999,0.61705765999999995,0.72413793000000004
151510,151510,SpaGCN,3,14,0.0049152099999999997,0.53438244999999995,0.72413793000000004
151510,151510,SpaGCN,3,15,0.012974599999999999,0.51301269999999999,0.72413793000000004
151510,151510,SpaGCN,3,19,0.0092437500000000002,0.64794836,0.76991149999999997
151510,151510,SpaGCN,3,20,0.017864970000000001,0.45803324000000001,0.58730159000000004
151510,151510,SpaGCN,4,5,0.0034049000000000002,0.44761034,0.53846154000000002
151510,151510,SpaGCN,4,7,0.01704104,0.63050278000000004,0.76991149999999997
151510,151510,SpaGCN,4,12,0.015226689999999999,0.54724010000000001,0.66666667000000002
151510,151510,SpaGCN,4,14,0.0058599000000000004,0.48926994000000001,0.69491524999999998
151510,151510,SpaGCN,4,15,0.013919279999999999,0.48163160999999999,0.69491524999999998
151510,151510,SpaGCN,4,19,0.01018844,0.54663297,0.65289255999999996
151510,151510,SpaGCN,4,20,0.018809650000000001,0.50342450999999999,0.66666667000000002
151510,151510,SpaGCN,5,7,0.01363614,0.54726699999999995,0.69491524999999998
151510,151510,SpaGCN,5,12,0.01863159,0.55348010000000003,0.66666667000000002
151510,151510,SpaGCN,5,14,0.0092648000000000001,0.65670455000000005,0.72413793000000004
151510,151510,SpaGCN,5,15,0.017324180000000002,0.59903497999999999,0.70940170999999996
151510,151510,SpaGCN,5,19,0.013593340000000001,0.56792551000000002,0.73913043
151510,151510,SpaGCN,7,8,0.01452438,0.71741288999999997,0.78571429000000004
151510,151510,SpaGCN,8,11,0.013790200000000001,0.65000747000000003,0.75438596000000002
151510,151510,SpaGCN,9,13,0.0064106900000000001,0.38373054000000001,0.62601625999999999
151510,151510,SpaGCN,9,18,0.016483500000000002,0.58509920000000004,0.69491524999999998
151510,151510,SpaGCN,12,14,0.0093667899999999998,0.56199589999999999,0.72413793000000004
151510,151510,SpaGCN,12,15,0.00130741,0.52188453000000001,0.70940170999999996
151510,151510,SpaGCN,12,16,0.0098840899999999999,0.46916897000000002,0.66666667000000002
151510,151510,SpaGCN,12,17,0.0065285200000000003,0.50132971999999998,0.68067226999999997
151510,151510,SpaGCN,12,19,0.0050382500000000002,0.64159664000000005,0.72413793000000004
151510,151510,SpaGCN,12,20,0.0035829600000000001,0.43718452000000002,0.53846154000000002
151510,151510,SpaGCN,14,15,0.0080593799999999997,0.73438201000000003,0.81818181999999995
151510,151510,SpaGCN,14,16,0.019250880000000001,0.50395754000000004,0.66666667000000002
151510,151510,SpaGCN,14,17,0.015895320000000001,0.54373930000000004,0.70940170999999996
151510,151510,SpaGCN,14,19,0.0043285399999999996,0.58494389000000002,0.72413793000000004
151510,151510,SpaGCN,14,20,0.012949749999999999,0.48099363000000001,0.58730159000000004
151510,151510,SpaGCN,15,16,0.0111915,0.47820838999999998,0.69491524999999998
151510,151510,SpaGCN,15,17,0.0078359299999999996,0.51306580999999996,0.70940170999999996
151510,151510,SpaGCN,15,19,0.00373084,0.54232888000000001,0.75438596000000002
151510,151510,SpaGCN,15,20,0.0048903699999999998,0.51165154000000002,0.62601625999999999
151510,151510,SpaGCN,16,17,0.00335557,0.64963873000000005,0.72413793000000004
151510,151510,SpaGCN,16,18,0.015830589999999999,0.47337523999999997,0.66666667000000002
151510,151510,SpaGCN,16,19,0.014922339999999999,0.49347064000000002,0.66666667000000002
151510,151510,SpaGCN,16,20,0.0063011300000000003,0.36936127000000002,0.49253731000000001
151510,151510,SpaGCN,17,18,0.019186149999999999,0.51547845999999997,0.66666667000000002
151510,151510,SpaGCN,17,19,0.01156678,0.55165763000000001,0.68067226999999997
151510,151510,SpaGCN,17,20,0.0029455599999999998,0.39869854999999998,0.53846154000000002
151510,151510,SpaGCN,19,20,0.0086212100000000007,0.45539109,0.52671756000000003
151510,151510,BANKSY,1,4,0.00558495,0.93306920000000004,0.86915887999999997
151510,151510,BANKSY,1,6,0.019943539999999999,0.42584450000000001,0.48148148000000002
151510,151510,BANKSY,1,7,0.00078737000000000002,0.87190555000000003,0.80180180000000001
151510,151510,BANKSY,1,12,0.0061605899999999996,0.93570635999999996,0.86915887999999997
151510,151510,BANKSY,1,13,0.0153899,0.77373698000000002,0.78571429000000004
151510,151510,BANKSY,1,14,0.01641012,0.82923230999999997,0.76991149999999997
151510,151510,BANKSY,1,16,0.0057371000000000002,0.93323867000000005,0.86915887999999997
151510,151510,BANKSY,1,19,0.0048410600000000003,0.82938171999999999,0.78571429000000004
151510,151510,BANKSY,1,20,0.0048667500000000004,0.91730643999999995,0.86915887999999997
151510,151510,BANKSY,2,6,0.0068789000000000003,0.44039328,0.50375939999999997
151510,151510,BANKSY,2,8,0.00031583000000000002,0.99262035999999998,1
151510,151510,BANKSY,2,9,0.0061810600000000004,0.47127825000000001,0.94174756999999998
151510,151510,BANKSY,2,11,0.0048475799999999998,0.43734993999999999,0.44927536000000001
151510,151510,BANKSY,2,15,0.0021101800000000001,0.87213620000000003,0.83486238999999995
151510,151510,BANKSY,2,17,0.0136347,0.46639036,0.30718953999999998
151510,151510,BANKSY,3,5,0.0068627100000000002,0.92337561000000001,0.86915887999999997
151510,151510,BANKSY,3,10,0.01014002,0.93399549999999998,0.85185184999999997
151510,151510,BANKSY,3,18,0.0095705900000000003,0.75775119999999996,0.85185184999999997
151510,151510,BANKSY,4,6,0.014358589999999999,0.42352657999999999,0.47058823999999999
151510,151510,BANKSY,4,7,0.0063723199999999999,0.85385038000000002,0.78571429000000004
151510,151510,BANKSY,4,9,0.015056419999999999,0.42062221,0.41843972000000001
151510,151510,BANKSY,4,11,0.016389910000000001,0.46942349999999999,0.70940170999999996
151510,151510,BANKSY,4,12,0.00057563999999999998,0.99634948000000001,1
151510,151510,BANKSY,4,16,0.00015215000000000001,0.99978252999999995,1
151510,151510,BANKSY,4,19,0.00074388999999999998,0.81929145999999997,0.90476190000000001
151510,151510,BANKSY,4,20,0.0007182,0.92386246999999999,0.88679244999999995
151510,151510,BANKSY,5,10,0.0032773099999999999,0.96892213000000005,0.86915887999999997
151510,151510,BANKSY,5,18,0.0027078800000000002,0.78833934000000006,0.86915887999999997
151510,151510,BANKSY,6,8,0.0065630699999999998,0.44226852,0.50375939999999997
151510,151510,BANKSY,6,9,0.00069782999999999998,0.51565643999999999,0.50375939999999997
151510,151510,BANKSY,6,11,0.0020313200000000001,0.54050165999999999,0.43884891999999998
151510,151510,BANKSY,6,12,0.01378295,0.42416164000000001,0.48148148000000002
151510,151510,BANKSY,6,15,0.00898908,0.46328511999999999,0.55038759999999998
151510,151510,BANKSY,6,16,0.014206440000000001,0.42356483,0.48148148000000002
151510,151510,BANKSY,6,19,0.01510248,0.43509304999999998,0.55038759999999998
151510,151510,BANKSY,6,20,0.01507679,0.42768065,0.45985400999999998
151510,151510,BANKSY,7,12,0.0069479600000000004,0.85081556999999997,0.78571429000000004
151510,151510,BANKSY,7,13,0.014602530000000001,0.79073488000000003,0.78571429000000004
151510,151510,BANKSY,7,14,0.015622749999999999,0.86030286,0.86915887999999997
151510,151510,BANKSY,7,16,0.0065244700000000001,0.85396095000000005,0.78571429000000004
151510,151510,BANKSY,7,19,0.0056284300000000002,0.87069030000000003,0.85185184999999997
151510,151510,BANKSY,7,20,0.0056541100000000004,0.81242060000000005,0.75438596000000002
151510,151510,BANKSY,8,9,0.0058652399999999999,0.47114328999999999,0.94174756999999998
151510,151510,BANKSY,8,11,0.0045317500000000002,0.43728906000000001,0.45985400999999998
151510,151510,BANKSY,8,15,0.0024260100000000001,0.86518444999999999,0.83486238999999995
151510,151510,BANKSY,8,17,0.013950529999999999,0.46685578,0.30718953999999998
151510,151510,BANKSY,9,11,0.0013334899999999999,0.88789804999999999,0.86915887999999997
151510,151510,BANKSY,9,12,0.01448079,0.42098484000000003,0.41843972000000001
151510,151510,BANKSY,9,15,0.00829125,0.41732608999999998,0.47058823999999999
151510,151510,BANKSY,9,16,0.014904280000000001,0.42067086999999997,0.41843972000000001
151510,151510,BANKSY,9,17,0.019815760000000002,0.70053038999999995,0.27388535000000003
151510,151510,BANKSY,9,19,0.01580032,0.41298034,0.38888888999999999
151510,151510,BANKSY,9,20,0.015774630000000001,0.4192553,0.65289255999999996
151510,151510,BANKSY,10,18,0.00056943,0.77543549000000001,0.85185184999999997
151510,151510,BANKSY,11,12,0.015814269999999998,0.46962092999999999,0.69491524999999998
151510,151510,BANKSY,11,15,0.0069577600000000003,0.46108673999999999,0.69491524999999998
151510,151510,BANKSY,11,16,0.01623776,0.46928665000000003,0.69491524999999998
151510,151510,BANKSY,11,17,0.01848228,0.75413856000000001,0.57480315000000004
151510,151510,BANKSY,11,19,0.017133800000000001,0.45347459000000001,0.59999999999999998
151510,151510,BANKSY,11,20,0.017108109999999999,0.47052715000000001,0.70940170999999996
151510,151510,BANKSY,12,16,0.00042349,0.99656719000000005,1
151510,151510,BANKSY,12,19,0.00131953,0.81644300000000003,0.90476190000000001
151510,151510,BANKSY,12,20,0.0012938400000000001,0.92642248000000005,0.88679244999999995
151510,151510,BANKSY,13,14,0.0010202200000000001,0.90303580000000006,0.85185184999999997
151510,151510,BANKSY,15,17,0.01152451,0.49795106,0.62601625999999999
151510,151510,BANKSY,16,19,0.00089603999999999997,0.81941589999999997,0.90476190000000001
151510,151510,BANKSY,16,20,0.00087034999999999999,0.92406527999999999,0.88679244999999995
151510,151510,BANKSY,19,20,2.569e-05,0.77342431,0.69491524999999998
151510,151510,SEDR,1,2,0.017216890820000001,0.68359489679999996,0.70940170940000002
151510,151510,SEDR,1,4,0.0098352597020000005,0.59653019559999998,0.55038759690000005
151510,151510,SEDR,1,6,0.00078028095679999996,0.531082253,0.58730158730000004
151510,151510,SEDR,1,10,0.015815117529999999,0.51461399109999995,0.59999999999999998
151510,151510,SEDR,1,12,0.015201437769999999,0.66804561679999996,0.61290322580000001
151510,151510,SEDR,1,20,0.0058301773200000002,0.64808939980000002,0.68067226889999999
151510,151510,SEDR,2,6,0.01643660986,0.6250461437,0.6949152542
151510,151510,SEDR,2,8,0.01199670723,0.59978201959999999,0.63934426229999997
151510,151510,SEDR,2,9,0.01525674338,0.56646838600000005,0.62601626020000001
151510,151510,SEDR,2,12,0.0020154530470000002,0.5990067604,0.6949152542
151510,151510,SEDR,3,19,0.01249812787,0.6549751332,0.78571428570000001
151510,151510,SEDR,4,6,0.010615540660000001,0.53640937799999999,0.6949152542
151510,151510,SEDR,4,10,0.0059798578309999996,0.54809288040000004,0.49253731340000001
151510,151510,SEDR,4,20,0.0040050823820000003,0.51938687309999998,0.5625
151510,151510,SEDR,5,7,0.017038259980000001,0.6258427526,0.83486238530000001
151510,151510,SEDR,5,13,0.0052956177360000004,0.63204390710000002,0.78571428570000001
151510,151510,SEDR,5,15,0.011546868890000001,0.61778947549999996,0.7699115044
151510,151510,SEDR,5,17,0.0068667838829999999,0.85160682040000002,0.85185185190000001
151510,151510,SEDR,5,18,0.0028967583460000001,0.582496346,0.68067226889999999
151510,151510,SEDR,6,10,0.01659539849,0.71030891679999997,0.72413793100000001
151510,151510,SEDR,6,12,0.014421156819999999,0.55414690710000003,0.65289256200000001
151510,151510,SEDR,6,20,0.0066104582769999998,0.62328525720000005,0.65289256200000001
151510,151510,SEDR,7,11,0.013584591,0.84665810450000001,0.86915887849999995
151510,151510,SEDR,7,18,0.01414150164,0.79712318120000003,0.80180180180000005
151510,151510,SEDR,8,9,0.0032600361459999999,0.55614236260000005,0.55038759690000005
151510,151510,SEDR,8,11,0.0097986533470000008,0.67146608139999997,0.73913043479999996
151510,151510,SEDR,8,12,0.01401216028,0.61688161370000005,0.5384615385
151510,151510,SEDR,9,11,0.0065386172009999997,0.70193038129999996,0.6949152542
151510,151510,SEDR,9,12,0.01727219642,0.61467028810000002,0.70940170940000002
151510,151510,SEDR,10,14,0.018944932370000001,0.63792055950000004,0.75438596489999998
151510,151510,SEDR,10,20,0.0099849402130000008,0.62721095859999998,0.70940170940000002
151510,151510,SEDR,13,15,0.006251251151,0.75812961180000005,0.78571428570000001
151510,151510,SEDR,13,17,0.001571166148,0.60063104040000004,0.80180180180000005
151510,151510,SEDR,13,18,0.0081923760809999996,0.66805128629999999,0.75438596489999998
151510,151510,SEDR,13,19,0.01514599615,0.59453354380000001,0.6949152542
151510,151510,SEDR,14,16,0.007925743285,0.61014294260000002,0.6949152542
151510,151510,SEDR,15,17,0.004680085003,0.5994351295,0.72413793100000001
151510,151510,SEDR,15,18,0.01444362723,0.75025811659999997,0.72413793100000001
151510,151510,SEDR,15,19,0.0088947449990000003,0.64907677779999995,0.70940170940000002
151510,151510,SEDR,17,18,0.0097635422289999996,0.59677043149999998,0.6949152542
151510,151510,SEDR,17,19,0.01357483,0.65065243989999999,0.73913043479999996
151669,151669,GraphST,1,8,0.0018776699999999999,0.48421050999999998,0.5625
151669,151669,GraphST,1,9,0.01309509,0.49819764999999999,0.62601625999999999
151669,151669,GraphST,1,11,0.00333819,0.50903964000000002,0.61290323000000002
151669,151669,GraphST,1,14,0.016694250000000001,0.49496025999999999,0.62601625999999999
151669,151669,GraphST,1,18,0.012395130000000001,0.47687983,0.49253731000000001
151669,151669,GraphST,2,3,0.011475300000000001,0.37375617999999999,0.45985400999999998
151669,151669,GraphST,2,7,0.01115709,0.38694402999999999,0.44927536000000001
151669,151669,GraphST,3,7,0.00031820999999999998,0.41581428999999998,0.65289255999999996
151669,151669,GraphST,3,13,0.012776579999999999,0.40636090000000002,0.65289255999999996
151669,151669,GraphST,3,17,0.01249721,0.39880089000000002,0.42857142999999998
151669,151669,GraphST,4,6,0.01208617,0.42068967000000002,0.50375939999999997
151669,151669,GraphST,4,12,0.0039189699999999999,0.49202533999999998,0.59999999999999998
151669,151669,GraphST,4,15,0.01650068,0.47963527,0.53846154000000002
151669,151669,GraphST,4,16,0.010405889999999999,0.46243923999999997,0.5625
151669,151669,GraphST,4,19,0.016734809999999999,0.51583511000000004,0.69491524999999998
151669,151669,GraphST,4,20,0.0069268400000000001,0.45472666,0.61290323000000002
151669,151669,GraphST,6,12,0.0081671999999999995,0.43750819000000002,0.5625
151669,151669,GraphST,6,15,0.00441451,0.45214243999999998,0.49253731000000001
151669,151669,GraphST,6,16,0.0016802799999999999,0.41734386000000001,0.65289255999999996
151669,151669,GraphST,6,20,0.01901301,0.43162705000000001,0.43884891999999998
151669,151669,GraphST,7,13,0.01309479,0.38856728000000001,0.61290323000000002
151669,151669,GraphST,7,17,0.012815419999999999,0.38328548000000001,0.45985400999999998
151669,151669,GraphST,8,9,0.011217420000000001,0.48011468000000002,0.52671756000000003
151669,151669,GraphST,8,11,0.0014605200000000001,0.50969622000000003,0.59999999999999998
151669,151669,GraphST,8,14,0.014816579999999999,0.49855558,0.58730159000000004
151669,151669,GraphST,8,18,0.010517459999999999,0.49079021,0.63934426
151669,151669,GraphST,9,11,0.0097569000000000006,0.49685732999999999,0.62601625999999999
151669,151669,GraphST,9,14,0.0035991600000000001,0.50910719000000004,0.61290323000000002
151669,151669,GraphST,9,18,0.00069996000000000001,0.48342729000000001,0.57480315000000004
151669,151669,GraphST,9,19,0.01228834,0.4880485,0.62601625999999999
151669,151669,GraphST,11,14,0.013356059999999999,0.51545964,0.61290323000000002
151669,151669,GraphST,11,18,0.0090569399999999994,0.49872332000000003,0.57480315000000004
151669,151669,GraphST,12,15,0.012581709999999999,0.49053479,0.50375939999999997
151669,151669,GraphST,12,16,0.0064869200000000002,0.46518716999999998,0.55038759999999998
151669,151669,GraphST,12,20,0.010845810000000001,0.48746672000000002,0.58730159000000004
151669,151669,GraphST,13,17,0.00027935999999999998,0.39707786,0.45985400999999998
151669,151669,GraphST,14,18,0.00429912,0.48540098999999998,0.50375939999999997
151669,151669,GraphST,14,19,0.0086891799999999995,0.52674171999999997,0.59999999999999998
151669,151669,GraphST,14,20,0.01849715,0.48256153000000002,0.61290323000000002
151669,151669,GraphST,15,16,0.0060947900000000001,0.47518912000000002,0.57480315000000004
151669,151669,GraphST,16,20,0.017332730000000001,0.46182275,0.44927536000000001
151669,151669,GraphST,18,19,0.012988299999999999,0.48098899000000001,0.61290323000000002
151669,151669,GraphST,19,20,0.0098079699999999992,0.48902792,0.58730159000000004
151669,151669,STAGATE,1,3,0.0052500899999999998,0.83617136999999997,0.78571429000000004
151669,151669,STAGATE,1,4,0.011747870000000001,0.73581529999999995,0.75438596000000002
151669,151669,STAGATE,1,7,0.015313,0.74361781000000005,0.66666667000000002
151669,151669,STAGATE,1,8,0.0082132699999999999,0.71331109999999998,0.5625
151669,151669,STAGATE,1,9,0.019564109999999999,0.71214443000000005,0.58730159000000004
151669,151669,STAGATE,1,19,0.016464969999999999,0.79034897000000004,0.66666667000000002
151669,151669,STAGATE,1,20,0.015817210000000002,0.74945731999999998,0.73913043
151669,151669,STAGATE,3,4,0.0064977799999999999,0.7229331,0.81818181999999995
151669,151669,STAGATE,3,7,0.01006291,0.71188399000000002,0.61290323000000002
151669,151669,STAGATE,3,8,0.0029631800000000002,0.68702209999999997,0.59999999999999998
151669,151669,STAGATE,3,9,0.01431402,0.68989509000000004,0.5625
151669,151669,STAGATE,3,10,0.019396219999999999,0.71701923000000001,0.66666667000000002
151669,151669,STAGATE,3,11,0.01699413,0.75407426,0.68067226999999997
151669,151669,STAGATE,3,19,0.01121487,0.77920027000000003,0.65289255999999996
151669,151669,STAGATE,3,20,0.010567109999999999,0.73290259000000002,0.66666667000000002
151669,151669,STAGATE,4,5,0.018280419999999999,0.73532458999999994,0.66666667000000002
151669,151669,STAGATE,4,7,0.0035651300000000001,0.75351853000000002,0.62601625999999999
151669,151669,STAGATE,4,8,0.0035346000000000002,0.75162183999999999,0.66666667000000002
151669,151669,STAGATE,4,9,0.0078162400000000003,0.75072201000000005,0.68067226999999997
151669,151669,STAGATE,4,10,0.012898450000000001,0.73204079,0.69491524999999998
151669,151669,STAGATE,4,11,0.01049635,0.74726806000000001,0.66666667000000002
151669,151669,STAGATE,4,13,0.016681390000000001,0.76483705000000002,0.72413793000000004
151669,151669,STAGATE,4,15,0.014437449999999999,0.75828636000000005,0.68067226999999997
151669,151669,STAGATE,4,16,0.01361423,0.75185763999999999,0.70940170999999996
151669,151669,STAGATE,4,18,0.015820750000000001,0.76430313999999999,0.66666667000000002
151669,151669,STAGATE,4,19,0.0047171000000000001,0.74606348,0.66666667000000002
151669,151669,STAGATE,4,20,0.0040693400000000003,0.74531088999999995,0.69491524999999998
151669,151669,STAGATE,5,6,0.0043610300000000001,0.74715597,0.69491524999999998
151669,151669,STAGATE,5,7,0.014715300000000001,0.76699764000000004,0.70940170999999996
151669,151669,STAGATE,5,9,0.01046418,0.73775829999999998,0.66666667000000002
151669,151669,STAGATE,5,10,0.0053819799999999998,0.75264832000000004,0.69491524999999998
151669,151669,STAGATE,5,11,0.0077840699999999997,0.74569268,0.69491524999999998
151669,151669,STAGATE,5,12,0.0053238199999999999,0.74897407000000005,0.72413793000000004
151669,151669,STAGATE,5,13,0.0015990399999999999,0.74788927000000005,0.72413793000000004
151669,151669,STAGATE,5,15,0.0038429699999999998,0.76412703000000004,0.73913043
151669,151669,STAGATE,5,16,0.0046661899999999997,0.76960461000000002,0.70940170999999996
151669,151669,STAGATE,5,17,0.0017714600000000001,0.75187053999999998,0.78571429000000004
151669,151669,STAGATE,5,18,0.0024596700000000002,0.74822752000000003,0.70940170999999996
151669,151669,STAGATE,5,19,0.01356333,0.74683087000000004,0.76991149999999997
151669,151669,STAGATE,5,20,0.014211089999999999,0.74476856000000002,0.69491524999999998
151669,151669,STAGATE,6,7,0.019076320000000001,0.78063221000000005,0.65289255999999996
151669,151669,STAGATE,6,9,0.01482521,0.79813434000000005,0.70940170999999996
151669,151669,STAGATE,6,10,0.0097429999999999999,0.73221921999999995,0.68067226999999997
151669,151669,STAGATE,6,11,0.012145100000000001,0.74066536999999999,0.68067226999999997
151669,151669,STAGATE,6,12,0.00096279999999999998,0.74453917000000003,0.68067226999999997
151669,151669,STAGATE,6,13,0.0059600699999999996,0.75079262999999996,0.65289255999999996
151669,151669,STAGATE,6,14,0.018753369999999998,0.75641866000000002,0.66666667000000002
151669,151669,STAGATE,6,15,0.0082039999999999995,0.75285093000000003,0.72413793000000004
151669,151669,STAGATE,6,16,0.0090272200000000007,0.76990555999999999,0.66666667000000002
151669,151669,STAGATE,6,17,0.0025895699999999998,0.75981116000000004,0.66666667000000002
151669,151669,STAGATE,6,18,0.0068206999999999999,0.77578477999999995,0.69491524999999998
151669,151669,STAGATE,6,19,0.017924349999999999,0.74216990000000005,0.65289255999999996
151669,151669,STAGATE,6,20,0.018572109999999999,0.76068767999999998,0.69491524999999998
151669,151669,STAGATE,7,8,0.0070997300000000003,0.76318545000000004,0.62601625999999999
151669,151669,STAGATE,7,9,0.0042511099999999998,0.76854367999999995,0.66666667000000002
151669,151669,STAGATE,7,10,0.0093333200000000009,0.76920560000000004,0.66666667000000002
151669,151669,STAGATE,7,11,0.00693123,0.76990194000000001,0.75438596000000002
151669,151669,STAGATE,7,13,0.013116259999999999,0.75324849000000005,0.68067226999999997
151669,151669,STAGATE,7,15,0.01087232,0.76879838,0.68067226999999997
151669,151669,STAGATE,7,16,0.0100491,0.76148519999999997,0.66666667000000002
151669,151669,STAGATE,7,17,0.01648676,0.77371847000000005,0.69491524999999998
151669,151669,STAGATE,7,18,0.01225562,0.80272178999999999,0.72413793000000004
151669,151669,STAGATE,7,19,0.00115197,0.76405838000000004,0.68067226999999997
151669,151669,STAGATE,7,20,0.00050421000000000005,0.77101693999999998,0.70940170999999996
151669,151669,STAGATE,8,9,0.011350839999999999,0.80831622999999997,0.69491524999999998
151669,151669,STAGATE,8,10,0.016433050000000001,0.74556210999999994,0.70940170999999996
151669,151669,STAGATE,8,11,0.01403095,0.75292340000000002,0.70940170999999996
151669,151669,STAGATE,8,15,0.01797205,0.75178867000000005,0.66666667000000002
151669,151669,STAGATE,8,16,0.01714883,0.74093379000000004,0.72413793000000004
151669,151669,STAGATE,8,18,0.01935535,0.75500051999999995,0.63934426
151669,151669,STAGATE,8,19,0.0082516900000000008,0.73952790000000002,0.66666667000000002
151669,151669,STAGATE,8,20,0.00760394,0.75374408000000004,0.63934426
151669,151669,STAGATE,9,10,0.0050822100000000002,0.74060992999999997,0.69491524999999998
151669,151669,STAGATE,9,11,0.0026801099999999999,0.74432480999999995,0.62601625999999999
151669,151669,STAGATE,9,12,0.015788010000000002,0.72637594999999999,0.61290323000000002
151669,151669,STAGATE,9,13,0.0088651500000000005,0.73418245999999998,0.66666667000000002
151669,151669,STAGATE,9,15,0.0066212099999999998,0.74539949999999999,0.69491524999999998
151669,151669,STAGATE,9,16,0.0057979900000000003,0.73777307000000003,0.68067226999999997
151669,151669,STAGATE,9,17,0.012235640000000001,0.74317412000000005,0.61290323000000002
151669,151669,STAGATE,9,18,0.0080045099999999994,0.76564281999999995,0.63934426
151669,151669,STAGATE,9,19,0.0030991399999999998,0.74849330000000003,0.63934426
151669,151669,STAGATE,9,20,0.0037469000000000001,0.74685111000000004,0.69491524999999998
151669,151669,STAGATE,10,11,0.00240209,0.77240054000000002,0.69491524999999998
151669,151669,STAGATE,10,12,0.0107058,0.74147194999999999,0.75438596000000002
151669,151669,STAGATE,10,13,0.0037829399999999998,0.75811340999999999,0.73913043
151669,151669,STAGATE,10,15,0.001539,0.72985555999999996,0.78571429000000004
151669,151669,STAGATE,10,16,0.00071577999999999995,0.73861995999999996,0.70940170999999996
151669,151669,STAGATE,10,17,0.0071534399999999996,0.75419687000000002,0.78571429000000004
151669,151669,STAGATE,10,18,0.0029223000000000001,0.76713962000000002,0.73913043
151669,151669,STAGATE,10,19,0.0081813500000000004,0.76999647000000004,0.73913043
151669,151669,STAGATE,10,20,0.0088291099999999994,0.77201576999999999,0.73913043
151669,151669,STAGATE,11,12,0.013107890000000001,0.74009195000000005,0.72413793000000004
151669,151669,STAGATE,11,13,0.0061850300000000002,0.77482638000000004,0.75438596000000002
151669,151669,STAGATE,11,15,0.0039411000000000003,0.75964498999999996,0.76991149999999997
151669,151669,STAGATE,11,16,0.00311788,0.74051228000000002,0.75438596000000002
151669,151669,STAGATE,11,17,0.0095555299999999996,0.77238711999999998,0.73913043
151669,151669,STAGATE,11,18,0.0053244,0.76169240999999999,0.75438596000000002
151669,151669,STAGATE,11,19,0.0057792599999999996,0.78834205000000002,0.73913043
151669,151669,STAGATE,11,20,0.0064270200000000003,0.77534298999999995,0.80180180000000001
151669,151669,STAGATE,12,13,0.0069228600000000003,0.72860866000000002,0.76991149999999997
151669,151669,STAGATE,12,14,0.01779058,0.75154014999999996,0.68067226999999997
151669,151669,STAGATE,12,15,0.0091667899999999993,0.75750786999999997,0.80180180000000001
151669,151669,STAGATE,12,16,0.0099900200000000005,0.75530129999999995,0.70940170999999996
151669,151669,STAGATE,12,17,0.0035523600000000001,0.76023423999999995,0.78571429000000004
151669,151669,STAGATE,12,18,0.0077834999999999996,0.75463416999999999,0.75438596000000002
151669,151669,STAGATE,12,19,0.018887149999999998,0.72528828999999995,0.75438596000000002
151669,151669,STAGATE,12,20,0.019534909999999999,0.75096940000000001,0.68067226999999997
151669,151669,STAGATE,13,15,0.0022439299999999999,0.74958665999999996,0.80180180000000001
151669,151669,STAGATE,13,16,0.0030671600000000002,0.75784308,0.73913043
151669,151669,STAGATE,13,17,0.0033704999999999998,0.76314123,0.78571429000000004
151669,151669,STAGATE,13,18,0.00086063000000000003,0.75639480999999997,0.75438596000000002
151669,151669,STAGATE,13,19,0.011964290000000001,0.74479041999999995,0.75438596000000002
151669,151669,STAGATE,13,20,0.01261205,0.75191185000000005,0.69491524999999998
151669,151669,STAGATE,15,16,0.00082322000000000005,0.77418239,0.81818181999999995
151669,151669,STAGATE,15,17,0.0056144300000000001,0.75238421,0.83486238999999995
151669,151669,STAGATE,15,18,0.0013833000000000001,0.7709319,0.81818181999999995
151669,151669,STAGATE,15,19,0.0097203600000000008,0.74541769000000002,0.78571429000000004
151669,151669,STAGATE,15,20,0.01036812,0.75402742,0.72413793000000004
151669,151669,STAGATE,16,17,0.0064376600000000004,0.74271262999999998,0.76991149999999997
151669,151669,STAGATE,16,18,0.00220652,0.77210517999999995,0.70940170999999996
151669,151669,STAGATE,16,19,0.0088971299999999996,0.73066772000000002,0.72413793000000004
151669,151669,STAGATE,16,20,0.0095448900000000003,0.75538130000000003,0.70940170999999996
151669,151669,STAGATE,17,18,0.0042311299999999996,0.77082145000000002,0.78571429000000004
151669,151669,STAGATE,17,19,0.015334789999999999,0.76237948,0.81818181999999995
151669,151669,STAGATE,17,20,0.015982550000000002,0.75426340999999997,0.72413793000000004
151669,151669,STAGATE,18,19,0.01110365,0.76950883000000003,0.75438596000000002
151669,151669,STAGATE,18,20,0.01175141,0.78070832000000001,0.75438596000000002
151669,151669,STAGATE,19,20,0.00064776000000000005,0.76926119999999998,0.70940170999999996
151669,151669,SpaGCN,1,4,0.0045750900000000004,0.40211061999999997,0.42857142999999998
151669,151669,SpaGCN,1,6,0.0088741400000000008,0.60103468999999998,0.66666667000000002
151669,151669,SpaGCN,1,7,0.015925419999999999,0.6447408,0.68067226999999997
151669,151669,SpaGCN,1,8,0.018046960000000001,0.65602746999999995,0.68067226999999997
151669,151669,SpaGCN,1,11,0.00061950000000000004,0.58168432000000003,0.61290323000000002
151669,151669,SpaGCN,1,14,0.0060296200000000003,0.58183936999999997,0.5625
151669,151669,SpaGCN,1,16,0.01201265,0.43075742,0.57480315000000004
151669,151669,SpaGCN,1,19,0.00099631000000000003,0.40407395000000002,0.38888888999999999
151669,151669,SpaGCN,2,4,0.01803153,0.42670796,0.47058823999999999
151669,151669,SpaGCN,2,7,0.0066812,0.52735873,0.58730159000000004
151669,151669,SpaGCN,2,10,0.016826500000000001,0.45407033000000002,0.47058823999999999
151669,151669,SpaGCN,2,14,0.016577000000000001,0.59752371000000004,0.63934426
151669,151669,SpaGCN,2,15,0.01260591,0.46087639000000002,0.58730159000000004
151669,151669,SpaGCN,2,17,0.00030728999999999999,0.50014857000000001,0.50375939999999997
151669,151669,SpaGCN,2,20,0.0017951,0.46511506000000002,0.61290323000000002
151669,151669,SpaGCN,3,13,0.011281660000000001,0.38904916,0.48148148000000002
151669,151669,SpaGCN,4,6,0.01344923,0.42650890000000002,0.41843972000000001
151669,151669,SpaGCN,4,7,0.01135033,0.40936872000000002,0.41843972000000001
151669,151669,SpaGCN,4,11,0.0051945899999999998,0.52240975999999995,0.50375939999999997
151669,151669,SpaGCN,4,14,0.0014545300000000001,0.47782546999999997,0.51515151999999997
151669,151669,SpaGCN,4,16,0.01658774,0.41139579999999998,0.50375939999999997
151669,151669,SpaGCN,4,17,0.01833883,0.39705732999999999,0.35135135000000001
151669,151669,SpaGCN,4,19,0.0055713999999999998,0.38015374000000002,0.43884891999999998
151669,151669,SpaGCN,4,20,0.019826630000000001,0.37217741999999998,0.4084507
151669,151669,SpaGCN,5,10,0.01335128,0.38852861999999999,0.44927536000000001
151669,151669,SpaGCN,5,13,0.0182639,0.56749949,0.57480315000000004
151669,151669,SpaGCN,5,15,0.017571860000000002,0.41326102999999997,0.50375939999999997
151669,151669,SpaGCN,6,8,0.0091728199999999999,0.64633974000000005,0.65289255999999996
151669,151669,SpaGCN,6,9,0.01405238,0.51114667000000003,0.55038759999999998
151669,151669,SpaGCN,6,11,0.0082546400000000006,0.55938094000000005,0.57480315000000004
151669,151669,SpaGCN,6,14,0.01490376,0.52413489000000002,0.57480315000000004
151669,151669,SpaGCN,6,16,0.0031385100000000002,0.41174672000000001,0.48148148000000002
151669,151669,SpaGCN,6,19,0.0078778300000000006,0.40514540999999998,0.37931034000000002
151669,151669,SpaGCN,7,11,0.016544920000000001,0.54693230000000004,0.5625
151669,151669,SpaGCN,7,14,0.0098957999999999997,0.54503827999999999,0.5625
151669,151669,SpaGCN,7,15,0.019287120000000001,0.60876023999999995,0.72413793000000004
151669,151669,SpaGCN,7,17,0.0069884999999999999,0.51480433000000003,0.55038759999999998
151669,151669,SpaGCN,7,19,0.016921729999999999,0.41373106999999998,0.47058823999999999
151669,151669,SpaGCN,7,20,0.0084763000000000008,0.57423897000000002,0.68067226999999997
151669,151669,SpaGCN,8,9,0.0048795599999999998,0.59833442000000003,0.69491524999999998
151669,151669,SpaGCN,8,11,0.017427459999999999,0.61612082999999995,0.62601625999999999
151669,151669,SpaGCN,8,12,0.01745406,0.77343751999999999,0.75438596000000002
151669,151669,SpaGCN,8,16,0.0060343100000000002,0.44595297,0.44927536000000001
151669,151669,SpaGCN,8,18,0.015687949999999999,0.77547699000000003,0.75438596000000002
151669,151669,SpaGCN,8,19,0.017050650000000001,0.42187654000000002,0.42857142999999998
151669,151669,SpaGCN,9,12,0.012574500000000001,0.61376881999999999,0.69491524999999998
151669,151669,SpaGCN,9,16,0.010913880000000001,0.38615875999999999,0.37931034000000002
151669,151669,SpaGCN,9,18,0.010808389999999999,0.61002866,0.58730159000000004
151669,151669,SpaGCN,10,15,0.0042205799999999998,0.33771984999999999,0.42857142999999998
151669,151669,SpaGCN,10,17,0.016519200000000001,0.43171419,0.48148148000000002
151669,151669,SpaGCN,10,20,0.0150314,0.35400218,0.41843972000000001
151669,151669,SpaGCN,11,14,0.0066491199999999997,0.67738392999999997,0.63934426
151669,151669,SpaGCN,11,16,0.011393149999999999,0.51708566,0.55038759999999998
151669,151669,SpaGCN,11,19,0.00037680999999999999,0.45128671999999997,0.49253731000000001
151669,151669,SpaGCN,12,18,0.00176611,0.80671358000000004,0.75438596000000002
151669,151669,SpaGCN,14,16,0.018042269999999999,0.50780742999999995,0.58730159000000004
151669,151669,SpaGCN,14,17,0.016884300000000001,0.48888806000000001,0.50375939999999997
151669,151669,SpaGCN,14,19,0.0070259299999999997,0.42905827000000002,0.49253731000000001
151669,151669,SpaGCN,14,20,0.018372099999999999,0.51778234999999995,0.57480315000000004
151669,151669,SpaGCN,15,17,0.01229862,0.45684525999999998,0.49253731000000001
151669,151669,SpaGCN,15,20,0.010810810000000001,0.54981853999999997,0.63934426
151669,151669,SpaGCN,16,19,0.011016339999999999,0.43227282,0.51515151999999997
151669,151669,SpaGCN,17,20,0.00148781,0.47374857999999997,0.5625
151669,151669,BANKSY,2,3,0,1,1
151669,151669,BANKSY,2,4,0.0042613499999999997,0.92209790999999997,0.73913043
151669,151669,BANKSY,2,5,0.0026680100000000002,0.90492496,0.73913043
151669,151669,BANKSY,2,6,0.0055163599999999997,0.92091548000000001,0.75438596000000002
151669,151669,BANKSY,2,7,0.01074875,0.94580604999999995,0.86915887999999997
151669,151669,BANKSY,2,8,0.0054978099999999997,0.92098102999999998,0.76991149999999997
151669,151669,BANKSY,2,9,0.0051111400000000001,0.92166482000000005,0.75438596000000002
151669,151669,BANKSY,2,10,0.0054818200000000001,0.92085452000000001,0.73913043
151669,151669,BANKSY,2,11,0.0055163599999999997,0.92091548000000001,0.75438596000000002
151669,151669,BANKSY,2,12,0.0051111400000000001,0.92166482000000005,0.75438596000000002
151669,151669,BANKSY,2,13,0.0048676800000000001,0.92060070999999999,0.73913043
151669,151669,BANKSY,2,14,0.0055163599999999997,0.92091548000000001,0.75438596000000002
151669,151669,BANKSY,2,15,0.0055163599999999997,0.92091548000000001,0.75438596000000002
151669,151669,BANKSY,2,16,0.00032508999999999999,0.91610840000000004,0.73913043
151669,151669,BANKSY,2,17,0.0053108900000000004,0.92151002999999998,0.75438596000000002
151669,151669,BANKSY,2,18,0.0056831599999999996,0.92010623000000002,0.73913043
151669,151669,BANKSY,2,19,0.0051111400000000001,0.92166482000000005,0.75438596000000002
151669,151669,BANKSY,2,20,0.0051111400000000001,0.92166482000000005,0.75438596000000002
151669,151669,BANKSY,3,4,0.0042613499999999997,0.92209790999999997,0.73913043
151669,151669,BANKSY,3,5,0.0026680100000000002,0.90492496,0.73913043
151669,151669,BANKSY,3,6,0.0055163599999999997,0.92091548000000001,0.75438596000000002
151669,151669,BANKSY,3,7,0.01074875,0.94580604999999995,0.86915887999999997
151669,151669,BANKSY,3,8,0.0054978099999999997,0.92098102999999998,0.76991149999999997
151669,151669,BANKSY,3,9,0.0051111400000000001,0.92166482000000005,0.75438596000000002
151669,151669,BANKSY,3,10,0.0054818200000000001,0.92085452000000001,0.73913043
151669,151669,BANKSY,3,11,0.0055163599999999997,0.92091548000000001,0.75438596000000002
151669,151669,BANKSY,3,12,0.0051111400000000001,0.92166482000000005,0.75438596000000002
151669,151669,BANKSY,3,13,0.0048676800000000001,0.92060070999999999,0.73913043
151669,151669,BANKSY,3,14,0.0055163599999999997,0.92091548000000001,0.75438596000000002
151669,151669,BANKSY,3,15,0.0055163599999999997,0.92091548000000001,0.75438596000000002
151669,151669,BANKSY,3,16,0.00032508999999999999,0.91610840000000004,0.73913043
151669,151669,BANKSY,3,17,0.0053108900000000004,0.92151002999999998,0.75438596000000002
151669,151669,BANKSY,3,18,0.0056831599999999996,0.92010623000000002,0.73913043
151669,151669,BANKSY,3,19,0.0051111400000000001,0.92166482000000005,0.75438596000000002
151669,151669,BANKSY,3,20,0.0051111400000000001,0.92166482000000005,0.75438596000000002
151669,151669,BANKSY,4,5,0.0069293599999999999,0.96683103999999997,0.92307691999999997
151669,151669,BANKSY,4,6,0.00125501,0.99654653999999998,0.98019802
151669,151669,BANKSY,4,7,0.0150101,0.96780896000000005,0.86915887999999997
151669,151669,BANKSY,4,8,0.00123646,0.99679165999999997,0.96078430999999997
151669,151669,BANKSY,4,9,0.00084977999999999996,0.99730774,0.98019802
151669,151669,BANKSY,4,10,0.00122047,0.99648219000000005,0.98019802
151669,151669,BANKSY,4,11,0.00125501,0.99654653999999998,0.98019802
151669,151669,BANKSY,4,12,0.00084977999999999996,0.99730774,0.98019802
151669,151669,BANKSY,4,13,0.00060632999999999998,0.99847688000000001,1
151669,151669,BANKSY,4,14,0.00125501,0.99654653999999998,0.98019802
151669,151669,BANKSY,4,15,0.00125501,0.99654653999999998,0.98019802
151669,151669,BANKSY,4,16,0.0039362700000000004,0.97803468999999998,0.92307691999999997
151669,151669,BANKSY,4,17,0.0010495400000000001,0.99721101000000001,0.98019802
151669,151669,BANKSY,4,18,0.0014218099999999999,0.99572201000000005,0.96078430999999997
151669,151669,BANKSY,4,19,0.00084977999999999996,0.99730774,0.98019802
151669,151669,BANKSY,4,20,0.00084977999999999996,0.99730774,0.98019802
151669,151669,BANKSY,5,6,0.0081843599999999999,0.96528632000000003,0.90476190000000001
151669,151669,BANKSY,5,7,0.0080807399999999995,0.95124001999999996,0.85185184999999997
151669,151669,BANKSY,5,8,0.0081658100000000008,0.96530433999999998,0.94174756999999998
151669,151669,BANKSY,5,9,0.0077791400000000004,0.96602069000000002,0.90476190000000001
151669,151669,BANKSY,5,10,0.0081498300000000003,0.96528055000000001,0.90476190000000001
151669,151669,BANKSY,5,11,0.0081843599999999999,0.96528632000000003,0.90476190000000001
151669,151669,BANKSY,5,12,0.0077791400000000004,0.96602069000000002,0.90476190000000001
151669,151669,BANKSY,5,13,0.0075356900000000003,0.96536191000000005,0.92307691999999997
151669,151669,BANKSY,5,14,0.0081843599999999999,0.96528632000000003,0.90476190000000001
151669,151669,BANKSY,5,15,0.0081843599999999999,0.96528632000000003,0.90476190000000001
151669,151669,BANKSY,5,16,0.0029930899999999999,0.98864677999999995,1
151669,151669,BANKSY,5,17,0.0079788900000000006,0.96463149000000004,0.92307691999999997
151669,151669,BANKSY,5,18,0.0083511599999999998,0.96454720000000005,0.90476190000000001
151669,151669,BANKSY,5,19,0.0077791400000000004,0.96602069000000002,0.90476190000000001
151669,151669,BANKSY,5,20,0.0077791400000000004,0.96602069000000002,0.90476190000000001
151669,151669,BANKSY,6,7,0.016265109999999999,0.96518227000000001,0.86915887999999997
151669,151669,BANKSY,6,8,1.855e-05,0.99649474000000005,0.98019802
151669,151669,BANKSY,6,9,0.00040522000000000003,0.99923660999999997,1
151669,151669,BANKSY,6,10,3.4539999999999998e-05,0.99992864000000004,1
151669,151669,BANKSY,6,11,0,1,1
151669,151669,BANKSY,6,12,0.00040522000000000003,0.99923660999999997,1
151669,151669,BANKSY,6,13,0.00064866999999999995,0.99654714,0.98019802
151669,151669,BANKSY,6,14,0,1,1
151669,151669,BANKSY,6,15,0,1,1
151669,151669,BANKSY,6,16,0.0051912700000000004,0.97648038999999998,0.90476190000000001
151669,151669,BANKSY,6,17,0.00020547,0.99933578999999995,1
151669,151669,BANKSY,6,18,0.00016679999999999999,0.99916539999999998,0.98019802
151669,151669,BANKSY,6,19,0.00040522000000000003,0.99923660999999997,1
151669,151669,BANKSY,6,20,0.00040522000000000003,0.99923660999999997,1
151669,151669,BANKSY,7,8,0.01624656,0.96516402999999995,0.86915887999999997
151669,151669,BANKSY,7,9,0.01585988,0.96593203999999999,0.86915887999999997
151669,151669,BANKSY,7,10,0.01623057,0.96511822000000003,0.86915887999999997
151669,151669,BANKSY,7,11,0.016265109999999999,0.96518227000000001,0.86915887999999997
151669,151669,BANKSY,7,12,0.01585988,0.96593203999999999,0.86915887999999997
151669,151669,BANKSY,7,13,0.015616430000000001,0.96630886999999999,0.86915887999999997
151669,151669,BANKSY,7,14,0.016265109999999999,0.96518227000000001,0.86915887999999997
151669,151669,BANKSY,7,15,0.016265109999999999,0.96518227000000001,0.86915887999999997
151669,151669,BANKSY,7,16,0.01107383,0.96235837000000002,0.85185184999999997
151669,151669,BANKSY,7,17,0.01605964,0.96583452999999997,0.86915887999999997
151669,151669,BANKSY,7,18,0.016431899999999999,0.96436946999999995,0.86915887999999997
151669,151669,BANKSY,7,19,0.01585988,0.96593203999999999,0.86915887999999997
151669,151669,BANKSY,7,20,0.01585988,0.96593203999999999,0.86915887999999997
151669,151669,BANKSY,8,9,0.00038666999999999998,0.99573199999999995,0.96078430999999997
151669,151669,BANKSY,8,10,1.5990000000000001e-05,0.99643210999999998,0.98019802
151669,151669,BANKSY,8,11,1.855e-05,0.99649474000000005,0.98019802
151669,151669,BANKSY,8,12,0.00038666999999999998,0.99573199999999995,0.96078430999999997
151669,151669,BANKSY,8,13,0.00063011999999999996,0.99831548999999997,0.98019802
151669,151669,BANKSY,8,14,1.855e-05,0.99649474000000005,0.98019802
151669,151669,BANKSY,8,15,1.855e-05,0.99649474000000005,0.98019802
151669,151669,BANKSY,8,16,0.0051727199999999996,0.97648579999999996,0.94174756999999998
151669,151669,BANKSY,8,17,0.00018692000000000001,0.99715841000000005,0.98019802
151669,151669,BANKSY,8,18,0.00018535000000000001,0.99719557000000003,0.98019802
151669,151669,BANKSY,8,19,0.00038666999999999998,0.99573199999999995,0.96078430999999997
151669,151669,BANKSY,8,20,0.00038666999999999998,0.99573199999999995,0.96078430999999997
151669,151669,BANKSY,9,10,0.00037069000000000002,0.99916526000000006,0.98019802
151669,151669,BANKSY,9,11,0.00040522000000000003,0.99923660999999997,1
151669,151669,BANKSY,9,12,0,1,1
151669,151669,BANKSY,9,13,0.00024345000000000001,0.99578462000000001,0.96078430999999997
151669,151669,BANKSY,9,14,0.00040522000000000003,0.99923660999999997,1
151669,151669,BANKSY,9,15,0.00040522000000000003,0.99923660999999997,1
151669,151669,BANKSY,9,16,0.00478605,0.97722699999999996,0.92307691999999997
151669,151669,BANKSY,9,17,0.00019975,0.99857242999999996,0.98019802
151669,151669,BANKSY,9,18,0.00057202000000000002,0.99840289000000004,0.98019802
151669,151669,BANKSY,9,19,0,1,1
151669,151669,BANKSY,9,20,0,1,1
151669,151669,BANKSY,10,11,3.4539999999999998e-05,0.99992864000000004,1
151669,151669,BANKSY,10,12,0.00037069000000000002,0.99916526000000006,0.98019802
151669,151669,BANKSY,10,13,0.00061414,0.9964828,0.98019802
151669,151669,BANKSY,10,14,3.4539999999999998e-05,0.99992864000000004,1
151669,151669,BANKSY,10,15,3.4539999999999998e-05,0.99992864000000004,1
151669,151669,BANKSY,10,16,0.0051567399999999999,0.97647439000000003,0.90476190000000001
151669,151669,BANKSY,10,17,0.00017092999999999999,0.99926444999999997,0.98019802
151669,151669,BANKSY,10,18,0.00020133,0.99923677,1
151669,151669,BANKSY,10,19,0.00037069000000000002,0.99916526000000006,0.98019802
151669,151669,BANKSY,10,20,0.00037069000000000002,0.99916526000000006,0.98019802
151669,151669,BANKSY,11,12,0.00040522000000000003,0.99923660999999997,1
151669,151669,BANKSY,11,13,0.00064866999999999995,0.99654714,0.98019802
151669,151669,BANKSY,11,14,0,1,1
151669,151669,BANKSY,11,15,0,1,1
151669,151669,BANKSY,11,16,0.0051912700000000004,0.97648038999999998,0.90476190000000001
151669,151669,BANKSY,11,17,0.00020547,0.99933578999999995,1
151669,151669,BANKSY,11,18,0.00016679999999999999,0.99916539999999998,0.98019802
151669,151669,BANKSY,11,19,0.00040522000000000003,0.99923660999999997,1
151669,151669,BANKSY,11,20,0.00040522000000000003,0.99923660999999997,1
151669,151669,BANKSY,12,13,0.00024345000000000001,0.99578462000000001,0.96078430999999997
151669,151669,BANKSY,12,14,0.00040522000000000003,0.99923660999999997,1
151669,151669,BANKSY,12,15,0.00040522000000000003,0.99923660999999997,1
151669,151669,BANKSY,12,16,0.00478605,0.97722699999999996,0.92307691999999997
151669,151669,BANKSY,12,17,0.00019975,0.99857242999999996,0.98019802
151669,151669,BANKSY,12,18,0.00057202000000000002,0.99840289000000004,0.98019802
151669,151669,BANKSY,12,19,0,1,1
151669,151669,BANKSY,12,20,0,1,1
151669,151669,BANKSY,13,14,0.00064866999999999995,0.99654714,0.98019802
151669,151669,BANKSY,13,15,0.00064866999999999995,0.99654714,0.98019802
151669,151669,BANKSY,13,16,0.0045425999999999999,0.97654107999999995,0.92307691999999997
151669,151669,BANKSY,13,17,0.00044319999999999999,0.99721148999999998,0.98019802
151669,151669,BANKSY,13,18,0.00081547,0.99724604999999999,0.98019802
151669,151669,BANKSY,13,19,0.00024345000000000001,0.99578462000000001,0.96078430999999997
151669,151669,BANKSY,13,20,0.00024345000000000001,0.99578462000000001,0.96078430999999997
151669,151669,BANKSY,14,15,0,1,1
151669,151669,BANKSY,14,16,0.0051912700000000004,0.97648038999999998,0.90476190000000001
151669,151669,BANKSY,14,17,0.00020547,0.99933578999999995,1
151669,151669,BANKSY,14,18,0.00016679999999999999,0.99916539999999998,0.98019802
151669,151669,BANKSY,14,19,0.00040522000000000003,0.99923660999999997,1
151669,151669,BANKSY,14,20,0.00040522000000000003,0.99923660999999997,1
151669,151669,BANKSY,15,16,0.0051912700000000004,0.97648038999999998,0.90476190000000001
151669,151669,BANKSY,15,17,0.00020547,0.99933578999999995,1
151669,151669,BANKSY,15,18,0.00016679999999999999,0.99916539999999998,0.98019802
151669,151669,BANKSY,15,19,0.00040522000000000003,0.99923660999999997,1
151669,151669,BANKSY,15,20,0.00040522000000000003,0.99923660999999997,1
151669,151669,BANKSY,16,17,0.0049858000000000003,0.97582500000000005,0.92307691999999997
151669,151669,BANKSY,16,18,0.0053580700000000004,0.97572879999999995,0.92307691999999997
151669,151669,BANKSY,16,19,0.00478605,0.97722699999999996,0.92307691999999997
151669,151669,BANKSY,16,20,0.00478605,0.97722699999999996,0.92307691999999997
151669,151669,BANKSY,17,18,0.00037227000000000001,0.99850136,0.98019802
151669,151669,BANKSY,17,19,0.00019975,0.99857242999999996,0.98019802
151669,151669,BANKSY,17,20,0.00019975,0.99857242999999996,0.98019802
151669,151669,BANKSY,18,19,0.00057202000000000002,0.99840289000000004,0.98019802
151669,151669,BANKSY,18,20,0.00057202000000000002,0.99840289000000004,0.98019802
151669,151669,BANKSY,19,20,0,1,1
151669,151669,SEDR,2,3,0.0092972667870000001,0.70030534519999998,0.78571428570000001
151669,151669,SEDR,4,6,0.0067496449370000001,0.68847332139999995,0.65289256200000001
151669,151669,SEDR,4,7,0.00067210021719999998,0.58233795880000006,0.68067226889999999
151669,151669,SEDR,4,9,0.0046028961659999998,0.71153906320000004,0.66666666669999997
151669,151669,SEDR,4,10,0.00026184856040000002,0.54313565679999998,0.52671755730000003
151669,151669,SEDR,4,11,0.0061024375509999996,0.80623571910000003,0.75438596489999998
151669,151669,SEDR,4,19,0.0041580994709999996,0.76968353150000002,0.72413793100000001
151669,151669,SEDR,6,7,0.0074217451539999998,0.59594951070000002,0.68067226889999999
151669,151669,SEDR,6,9,0.0021467487699999999,0.62398954559999997,0.72413793100000001
151669,151669,SEDR,6,10,0.0064877963759999999,0.5314791982,0.63934426229999997
151669,151669,SEDR,6,11,0.00064720738599999999,0.7176740143,0.73913043479999996
151669,151669,SEDR,6,19,0.0025915454660000001,0.76007209080000004,0.70940170940000002
151669,151669,SEDR,7,9,0.0052749963830000003,0.55524692840000001,0.66666666669999997
151669,151669,SEDR,7,10,0.0009339487776,0.58606410850000001,0.73913043479999996
151669,151669,SEDR,7,11,0.0067745377680000001,0.6198767865,0.75438596489999998
151669,151669,SEDR,7,19,0.0048301996880000002,0.63543685299999997,0.7699115044
151669,151669,SEDR,8,12,0.01770952173,0.6665162697,0.70940170940000002
151669,151669,SEDR,9,10,0.004341047606,0.53464741760000001,0.6949152542
151669,151669,SEDR,9,11,0.001499541385,0.72543288569999997,0.73913043479999996
151669,151669,SEDR,9,19,0.0004447966955,0.69820752949999998,0.72413793100000001
151669,151669,SEDR,10,11,0.0058405889900000002,0.51780661269999995,0.59999999999999998
151669,151669,SEDR,10,19,0.0038962509099999998,0.52212473579999996,0.47058823529999999
151669,151669,SEDR,11,19,0.00194433808,0.84097137330000005,0.81818181820000002
151669,151669,SEDR,12,13,0.0058236095000000002,0.68292780649999996,0.70940170940000002
151669,151669,SEDR,12,17,0.0118899822,0.71800436729999995,0.80180180180000005
151669,151669,SEDR,13,15,0.01709654583,0.50257086559999997,0.59999999999999998
151669,151669,SEDR,13,16,0.019733391350000001,0.56209761179999995,0.6949152542
151669,151669,SEDR,13,17,0.0060663727040000002,0.57195263279999997,0.59999999999999998
151669,151669,SEDR,13,18,0.015393891139999999,0.64334562849999999,0.75438596489999998
151669,151669,SEDR,14,15,0.01172913121,0.61865219869999999,0.58730158730000004
151669,151669,SEDR,14,16,0.0090922856910000006,0.71689990930000003,0.66666666669999997
151669,151669,SEDR,14,18,0.0134317859,0.58974249000000001,0.63934426229999997
151669,151669,SEDR,14,20,0.0070908471040000004,0.76896811460000003,0.81818181820000002
151669,151669,SEDR,15,16,0.0026368455200000002,0.6962502948,0.6949152542
151669,151669,SEDR,15,17,0.011030173129999999,0.60431706139999997,0.66666666669999997
151669,151669,SEDR,15,18,0.0017026546919999999,0.5077766708,0.59999999999999998
151669,151669,SEDR,15,20,0.0046382841070000003,0.58722340930000005,0.63934426229999997
151669,151669,SEDR,16,17,0.01366701865,0.70123224539999995,0.72413793100000001
151669,151669,SEDR,16,18,0.0043395002130000001,0.53552867599999998,0.62601626020000001
151669,151669,SEDR,16,20,0.0020014385870000002,0.64387396109999995,0.6949152542
151669,151669,SEDR,17,18,0.0093275184359999999,0.58070408600000001,0.80180180180000005
151669,151669,SEDR,17,20,0.015668457239999999,0.58491706659999998,0.62601626020000001
151669,151669,SEDR,18,20,0.0063409387989999998,0.61656585360000005,0.6949152542
151670,151670,GraphST,1,2,0.01244542,0.51816605999999998,0.37931034000000002
151670,151670,GraphST,1,5,0.015523550000000001,0.38290631000000003,0.48148148000000002
151670,151670,GraphST,1,8,0.0097413699999999992,0.39569174000000001,0.53846154000000002
151670,151670,GraphST,1,9,0.0030198,0.36314773,0.52671756000000003
151670,151670,GraphST,1,12,0.0154971,0.39992877999999998,0.57480315000000004
151670,151670,GraphST,1,13,0.016554969999999999,0.46721562,0.48148148000000002
151670,151670,GraphST,1,14,0.019069050000000001,0.37722433999999999,0.48148148000000002
151670,151670,GraphST,1,18,0.0063722099999999997,0.38241671999999999,0.49253731000000001
151670,151670,GraphST,1,20,0.0017130100000000001,0.36860212999999997,0.45985400999999998
151670,151670,GraphST,2,9,0.01546523,0.34631814999999999,0.33333332999999998
151670,151670,GraphST,2,18,0.018817629999999998,0.40128994000000001,0.47058823999999999
151670,151670,GraphST,2,20,0.01073241,0.34674254999999998,0.30718953999999998
151670,151670,GraphST,3,4,0.00233124,0.42491296000000001,0.47058823999999999
151670,151670,GraphST,3,6,0.01006346,0.40973596000000001,0.53846154000000002
151670,151670,GraphST,3,7,0.0062953499999999999,0.47844744,0.62601625999999999
151670,151670,GraphST,3,11,0.01667917,0.36195261000000001,0.37931034000000002
151670,151670,GraphST,3,15,0.016092780000000001,0.40548979000000002,0.57480315000000004
151670,151670,GraphST,3,19,0.015456950000000001,0.44551843000000002,0.53846154000000002
151670,151670,GraphST,4,6,0.0077322199999999997,0.44837080000000001,0.61290323000000002
151670,151670,GraphST,4,7,0.00862659,0.47416131,0.51515151999999997
151670,151670,GraphST,4,11,0.01434793,0.31812302999999997,0.52671756000000003
151670,151670,GraphST,4,15,0.018424019999999999,0.40057545,0.57480315000000004
151670,151670,GraphST,4,19,0.013125710000000001,0.45666904000000003,0.59999999999999998
151670,151670,GraphST,5,8,0.0057821799999999996,0.39088903000000003,0.63934426
151670,151670,GraphST,5,9,0.012503749999999999,0.53227247,0.58730159000000004
151670,151670,GraphST,5,12,2.6449999999999999e-05,0.51051402000000001,0.65289255999999996
151670,151670,GraphST,5,13,0.00103141,0.3679769,0.58730159000000004
151670,151670,GraphST,5,14,0.0035455,0.29319689999999998,0.53846154000000002
151670,151670,GraphST,5,15,0.019483609999999998,0.36462105,0.55038759999999998
151670,151670,GraphST,5,18,0.0091513400000000009,0.32847235000000002,0.59999999999999998
151670,151670,GraphST,5,20,0.017236560000000001,0.52014550999999998,0.55038759999999998
151670,151670,GraphST,6,7,0.016358810000000001,0.44461804999999999,0.5625
151670,151670,GraphST,6,11,0.0066157100000000003,0.30757677999999999,0.35135135000000001
151670,151670,GraphST,6,16,0.01736592,0.41837132999999999,0.63934426
151670,151670,GraphST,6,19,0.0053934899999999999,0.45942886999999999,0.63934426
151670,151670,GraphST,7,15,0.0097974399999999993,0.50247132999999999,0.51515151999999997
151670,151670,GraphST,8,9,0.0067215699999999996,0.36093839999999999,0.65289255999999996
151670,151670,GraphST,8,12,0.0057557299999999997,0.38021650000000001,0.66666667000000002
151670,151670,GraphST,8,13,0.0068136000000000004,0.40730948,0.65289255999999996
151670,151670,GraphST,8,14,0.0093276799999999997,0.35471651999999998,0.53846154000000002
151670,151670,GraphST,8,18,0.0033691599999999999,0.37099514,0.66666667000000002
151670,151670,GraphST,8,20,0.01145438,0.36415923,0.63934426
151670,151670,GraphST,9,12,0.0124773,0.48375298999999999,0.61290323000000002
151670,151670,GraphST,9,13,0.013535159999999999,0.33424769999999998,0.59999999999999998
151670,151670,GraphST,9,14,0.016049250000000001,0.28343454000000001,0.45985400999999998
151670,151670,GraphST,9,18,0.0033524100000000001,0.30515395000000001,0.59999999999999998
151670,151670,GraphST,9,20,0.0047328099999999996,0.52241243999999998,0.63934426
151670,151670,GraphST,11,16,0.01075021,0.34376504000000002,0.55038759999999998
151670,151670,GraphST,11,19,0.00122222,0.33854480999999997,0.4084507
151670,151670,GraphST,12,13,0.0010578600000000001,0.36946361999999999,0.5625
151670,151670,GraphST,12,14,0.00357195,0.31361440000000002,0.55038759999999998
151670,151670,GraphST,12,15,0.019510059999999999,0.40334531000000001,0.58730159000000004
151670,151670,GraphST,12,18,0.0091248900000000001,0.34296009999999999,0.62601625999999999
151670,151670,GraphST,12,20,0.017210110000000001,0.47739066000000002,0.5625
151670,151670,GraphST,13,14,0.0025140900000000001,0.36185855,0.49253731000000001
151670,151670,GraphST,13,15,0.018452199999999998,0.43661801,0.59999999999999998
151670,151670,GraphST,13,18,0.010182760000000001,0.39614124000000001,0.62601625999999999
151670,151670,GraphST,13,20,0.018267970000000001,0.33390482999999999,0.55038759999999998
151670,151670,GraphST,14,15,0.015938109999999998,0.36569873000000003,0.52671756000000003
151670,151670,GraphST,14,18,0.012696839999999999,0.37915853999999999,0.58730159000000004
151670,151670,GraphST,16,19,0.011972429999999999,0.44733634999999999,0.5625
151670,151670,GraphST,18,20,0.0080852200000000006,0.31172623999999999,0.61290323000000002
151670,151670,STAGATE,1,4,0.019676849999999999,0.65226499999999998,0.63934426
151670,151670,STAGATE,1,15,0.015766559999999999,0.64013657999999996,0.59999999999999998
151670,151670,STAGATE,1,19,0.01045107,0.67858415000000005,0.63934426
151670,151670,STAGATE,2,18,0.019381209999999999,0.69292905999999999,0.66666667000000002
151670,151670,STAGATE,4,6,0.00318381,0.57824253000000003,0.53846154000000002
151670,151670,STAGATE,4,7,0.011767349999999999,0.62564982000000002,0.73913043
151670,151670,STAGATE,4,10,0.0028305600000000002,0.68508632999999997,0.65289255999999996
151670,151670,STAGATE,4,16,0.01594986,0.70110543000000003,0.70940170999999996
151670,151670,STAGATE,4,17,0.01792678,0.62099780000000004,0.51515151999999997
151670,151670,STAGATE,5,13,0.00037787999999999998,0.66687647000000005,0.70940170999999996
151670,151670,STAGATE,5,15,0.019944099999999999,0.69509606999999995,0.66666667000000002
151670,151670,STAGATE,6,7,0.0085835400000000006,0.52031693000000001,0.36986300999999999
151670,151670,STAGATE,6,10,0.00035324999999999999,0.54702755000000003,0.42857142999999998
151670,151670,STAGATE,6,16,0.012766049999999999,0.54782989000000004,0.44927536000000001
151670,151670,STAGATE,6,17,0.014742969999999999,0.64631179999999999,0.65289255999999996
151670,151670,STAGATE,7,10,0.00893679,0.67407764000000003,0.66666667000000002
151670,151670,STAGATE,7,16,0.0041825100000000004,0.63749500000000003,0.70940170999999996
151670,151670,STAGATE,7,17,0.0061594299999999996,0.53532636,0.42857142999999998
151670,151670,STAGATE,8,12,0.010717819999999999,0.74128115000000006,0.55038759999999998
151670,151670,STAGATE,9,14,0.01558289,0.63186706000000004,0.73913043
151670,151670,STAGATE,9,18,0.00647044,0.67644216999999995,0.66666667000000002
151670,151670,STAGATE,10,16,0.0131193,0.67625913999999998,0.70940170999999996
151670,151670,STAGATE,10,17,0.01509623,0.58806435999999995,0.49253731000000001
151670,151670,STAGATE,11,14,0.011434059999999999,0.67984332000000003,0.65289255999999996
151670,151670,STAGATE,11,20,0.0027841799999999998,0.67387487000000001,0.65289255999999996
151670,151670,STAGATE,13,15,0.019566219999999999,0.64972359999999996,0.63934426
151670,151670,STAGATE,14,20,0.0086498800000000004,0.69054431999999999,0.70940170999999996
151670,151670,STAGATE,15,19,0.00531549,0.74387117000000003,0.68067226999999997
151670,151670,STAGATE,16,17,0.0019769200000000001,0.58053827999999996,0.49253731000000001
151670,151670,SpaGCN,1,4,0.0079386500000000002,0.30311850000000001,0.16279070000000001
151670,151670,SpaGCN,1,7,0.010461349999999999,0.34814506000000001,0.25786164
151670,151670,SpaGCN,1,8,0.0047696600000000002,0.33398164000000002,0.28205128000000002
151670,151670,SpaGCN,1,9,0.0056435499999999998,0.32303833999999998,0.22699386999999999
151670,151670,SpaGCN,1,13,0.018288680000000002,0.33459705000000001,0.24223602
151670,151670,SpaGCN,1,15,0.017307989999999999,0.36664637999999999,0.27388535000000003
151670,151670,SpaGCN,1,18,0.0031658900000000002,0.38734046999999999,0.29032258
151670,151670,SpaGCN,3,5,0.018259480000000002,0.36878886,0.35159816999999999
151670,151670,SpaGCN,3,11,0.01548536,0.37999613999999998,0.37458668000000001
151670,151670,SpaGCN,3,14,0.0075929600000000002,0.45619365000000001,0.40352605000000002
151670,151670,SpaGCN,3,19,0.01505571,0.45777057999999998,0.46522111999999999
151670,151670,SpaGCN,4,7,0.0184,0.37457079999999998,0.28205128000000002
151670,151670,SpaGCN,4,8,0.01270831,0.42805605000000002,0.4084507
151670,151670,SpaGCN,4,9,0.0022951,0.33425521000000002,0.36986300999999999
151670,151670,SpaGCN,4,18,0.01110453,0.34548353999999998,0.27388535000000003
151670,151670,SpaGCN,5,11,0.0027741200000000001,0.41883926999999999,0.48148148000000002
151670,151670,SpaGCN,6,10,0.010180410000000001,0.39345081999999998,0.17647059000000001
151670,151670,SpaGCN,6,12,0.00087940999999999996,0.39964044999999998,0.24223602
151670,151670,SpaGCN,6,13,0.014802829999999999,0.41626024,0.4084507
151670,151670,SpaGCN,6,14,0.01444058,0.41860670999999999,0.35135135000000001
151670,151670,SpaGCN,6,15,0.015783519999999999,0.35352985999999997,0.31578947000000002
151670,151670,SpaGCN,6,16,0.0022082299999999998,0.40863895,0.31578947000000002
151670,151670,SpaGCN,6,17,0.010152929999999999,0.43795255,0.37931034000000002
151670,151670,SpaGCN,6,19,0.0069778399999999999,0.45464065999999997,0.29032258
151670,151670,SpaGCN,6,20,0.0065049299999999999,0.40369167,0.36054422000000003
151670,151670,SpaGCN,7,8,0.0056916900000000001,0.40692753999999998,0.34228187999999998
151670,151670,SpaGCN,7,9,0.01610491,0.32931896999999999,0.21212121
151670,151670,SpaGCN,7,10,0.012449740000000001,0.31215642999999998,0.2987013
151670,151670,SpaGCN,7,13,0.0078273300000000004,0.40890201999999998,0.48148148000000002
151670,151670,SpaGCN,7,15,0.0068466300000000003,0.52465755000000003,0.52671756000000003
151670,151670,SpaGCN,7,17,0.012477230000000001,0.34519641000000001,0.39860139999999999
151670,151670,SpaGCN,7,18,0.0072954700000000001,0.47954773000000001,0.41843972000000001
151670,151670,SpaGCN,7,20,0.016125219999999999,0.46910336000000002,0.42857142999999998
151670,151670,SpaGCN,8,9,0.010413220000000001,0.33960821000000002,0.36054422000000003
151670,151670,SpaGCN,8,10,0.01814143,0.34379109000000002,0.34228187999999998
151670,151670,SpaGCN,8,13,0.01351902,0.40045692999999999,0.39860139999999999
151670,151670,SpaGCN,8,15,0.01253832,0.38848695,0.31578947000000002
151670,151670,SpaGCN,8,17,0.018168920000000002,0.39003838000000002,0.34228187999999998
151670,151670,SpaGCN,8,18,0.00160378,0.40527943,0.43884891999999998
151670,151670,SpaGCN,9,18,0.00880944,0.36162929999999999,0.36986300999999999
151670,151670,SpaGCN,10,12,0.01105982,0.35140304999999999,0.2987013
151670,151670,SpaGCN,10,13,0.0046224200000000003,0.35681390000000002,0.29032258
151670,151670,SpaGCN,10,15,0.0056031099999999997,0.32080081999999999,0.24223602
151670,151670,SpaGCN,10,16,0.0079721800000000006,0.31865200999999999,0.25
151670,151670,SpaGCN,10,17,2.7480000000000001e-05,0.35143889,0.25786164
151670,151670,SpaGCN,10,18,0.019745209999999999,0.32861377000000003,0.2345679
151670,151670,SpaGCN,10,19,0.01715825,0.34071227999999998,0.16959063999999999
151670,151670,SpaGCN,10,20,0.0036754800000000001,0.37943365000000001,0.32450330999999999
151670,151670,SpaGCN,12,13,0.01568224,0.40290534,0.29032258
151670,151670,SpaGCN,12,14,0.013561170000000001,0.61704168000000004,0.57480315000000004
151670,151670,SpaGCN,12,15,0.016662929999999999,0.59743301999999998,0.55038759999999998
151670,151670,SpaGCN,12,16,0.00308764,0.54266102000000005,0.49253731000000001
151670,151670,SpaGCN,12,17,0.01103234,0.39014608000000001,0.24223602
151670,151670,SpaGCN,12,19,0.0060984300000000002,0.50301624,0.32450330999999999
151670,151670,SpaGCN,12,20,0.0073843399999999997,0.47428547999999998,0.35135135000000001
151670,151670,SpaGCN,13,15,0.00098068999999999999,0.37290907000000001,0.37931034000000002
151670,151670,SpaGCN,13,16,0.012594589999999999,0.41225968000000002,0.44927536000000001
151670,151670,SpaGCN,13,17,0.0046499000000000002,0.39992931999999998,0.4084507
151670,151670,SpaGCN,13,18,0.0151228,0.37389253,0.2345679
151670,151670,SpaGCN,13,20,0.0082979000000000004,0.43619171000000001,0.49253731000000001
151670,151670,SpaGCN,14,16,0.016648820000000002,0.55359449999999999,0.50375939999999997
151670,151670,SpaGCN,14,19,0.0074627399999999998,0.51258168000000004,0.4084507
151670,151670,SpaGCN,15,16,0.01357529,0.55638228999999995,0.55038759999999998
151670,151670,SpaGCN,15,17,0.0056305900000000004,0.34428061999999998,0.36986300999999999
151670,151670,SpaGCN,15,18,0.014142099999999999,0.55666263000000005,0.49253731000000001
151670,151670,SpaGCN,15,20,0.0092785899999999998,0.45069323,0.45985400999999998
151670,151670,SpaGCN,16,17,0.0079446900000000008,0.34989063999999998,0.39860139999999999
151670,151670,SpaGCN,16,19,0.0091860699999999993,0.50460170000000004,0.34228187999999998
151670,151670,SpaGCN,16,20,0.0042966999999999997,0.48166214000000002,0.53846154000000002
151670,151670,SpaGCN,17,18,0.019772700000000001,0.36440443,0.22699386999999999
151670,151670,SpaGCN,17,19,0.01713077,0.44387345,0.36054422000000003
151670,151670,SpaGCN,17,20,0.0036480000000000002,0.38231520000000002,0.39860139999999999
151670,151670,SpaGCN,19,20,0.01348277,0.46081654999999999,0.36986300999999999
151670,151670,BANKSY,1,15,0.01329193,0.82057869999999999,0.65289255999999996
151670,151670,BANKSY,4,10,0.0048692800000000001,0.85214179000000001,0.70940170999999996
151670,151670,BANKSY,4,14,0.0044088199999999999,0.97970926000000003,0.86915887999999997
151670,151670,BANKSY,4,16,0.0046382100000000002,0.96206084000000003,0.83486238999999995
151670,151670,BANKSY,5,6,0.01954554,0.50879280000000005,0.41843972000000001
151670,151670,BANKSY,5,7,0.00513439,0.45748791999999999,0.37931034000000002
151670,151670,BANKSY,5,12,0.01874959,0.49987010999999998,0.41843972000000001
151670,151670,BANKSY,6,7,0.014411159999999999,0.72220366000000003,0.50375939999999997
151670,151670,BANKSY,6,12,0.00079595000000000002,0.94439371000000005,0.80180180000000001
151670,151670,BANKSY,6,17,0.0027976799999999999,0.97836727000000001,0.94174756999999998
151670,151670,BANKSY,7,12,0.013615199999999999,0.72288229000000004,0.50375939999999997
151670,151670,BANKSY,7,17,0.01720884,0.72749017999999999,0.50375939999999997
151670,151670,BANKSY,8,20,0.0065293800000000004,0.86014396999999998,0.85185184999999997
151670,151670,BANKSY,10,14,0.00046045,0.84089837999999995,0.53846154000000002
151670,151670,BANKSY,10,16,0.00023107,0.86501874000000001,0.53846154000000002
151670,151670,BANKSY,11,18,0,1,1
151670,151670,BANKSY,12,17,0.0035936399999999999,0.95705923999999998,0.86915887999999997
151670,151670,BANKSY,13,19,0.0019123600000000001,0.94288967000000001,0.86915887999999997
151670,151670,BANKSY,14,16,0.00022938,0.97236562999999998,1
151670,151670,SEDR,1,5,0.0070680569420000002,0.57177134969999999,0.42857142860000003
151670,151670,SEDR,1,8,0.0055751929749999997,0.56912165000000003,0.75438596489999998
151670,151670,SEDR,1,9,0.0094251850889999992,0.69480029470000004,0.75438596489999998
151670,151670,SEDR,1,12,0.004299817553,0.49682168659999998,0.41843971629999999
151670,151670,SEDR,1,14,0.01189280428,0.52602762280000004,0.5625
151670,151670,SEDR,1,17,0.0040008975769999996,0.74695359390000005,0.80180180180000005
151670,151670,SEDR,1,19,0.0126922258,0.72335323100000004,0.68067226889999999
151670,151670,SEDR,2,4,0.01444503458,0.5173095298,0.48148148149999997
151670,151670,SEDR,2,7,0.0020326851450000001,0.60329283099999997,0.63934426229999997
151670,151670,SEDR,2,15,0.016982803469999998,0.71316705199999997,0.6949152542
151670,151670,SEDR,2,20,0.0066536491820000003,0.79021152049999999,0.68067226889999999
151670,151670,SEDR,3,12,0.01862467256,0.62071579529999998,0.5384615385
151670,151670,SEDR,4,7,0.016477719719999999,0.66830764590000002,0.68067226889999999
151670,151670,SEDR,4,20,0.0077913853959999998,0.54122404599999996,0.50375939849999996
151670,151670,SEDR,5,8,0.0014928639669999999,0.58235245579999995,0.37931034479999998
151670,151670,SEDR,5,9,0.0023571281469999998,0.64459306760000001,0.47058823529999999
151670,151670,SEDR,5,12,0.0113678745,0.75322961519999998,0.70940170940000002
151670,151670,SEDR,5,14,0.0048247473400000003,0.6902713935,0.61290322580000001
151670,151670,SEDR,5,17,0.0030671593650000001,0.65253282990000006,0.44927536229999998
151670,151670,SEDR,5,19,0.0056241688579999997,0.63742368059999999,0.48148148149999997
151670,151670,SEDR,6,16,0.0046362018439999996,0.66181653569999999,0.5384615385
151670,151670,SEDR,6,18,0.012437510739999999,0.57815981439999997,0.50375939849999996
151670,151670,SEDR,7,15,0.014950118320000001,0.55021459350000002,0.52671755730000003
151670,151670,SEDR,7,20,0.0086863343270000004,0.59640042230000001,0.5384615385
151670,151670,SEDR,8,9,0.003849992114,0.54602228180000001,0.72413793100000001
151670,151670,SEDR,8,12,0.0098750105290000001,0.56503673880000005,0.47058823529999999
151670,151670,SEDR,8,14,0.006317611307,0.59882678199999995,0.47058823529999999
151670,151670,SEDR,8,17,0.001574295398,0.55421964450000005,0.73913043479999996
151670,151670,SEDR,8,19,0.0071170328250000003,0.54255180619999999,0.39860139859999999
151670,151670,SEDR,9,12,0.013725002639999999,0.60643137879999998,0.49253731340000001
151670,151670,SEDR,9,13,0.017826254820000002,0.54492859930000004,0.5384615385
151670,151670,SEDR,9,14,0.002467619193,0.62242073389999997,0.58730158730000004
151670,151670,SEDR,9,17,0.0054242875120000004,0.78054479779999997,0.73913043479999996
151670,151670,SEDR,9,19,0.0032670407109999999,0.85380564999999997,0.83486238530000001
151670,151670,SEDR,10,11,0.0077723040720000004,0.65160454860000006,0.19760479040000001
151670,151670,SEDR,10,13,0.0099718406570000005,0.73392903700000001,0.61290322580000001
151670,151670,SEDR,10,15,0.01480852981,0.61339369929999998,0.42857142860000003
151670,151670,SEDR,11,13,0.017744144730000001,0.69420803929999997,0.48148148149999997
151670,151670,SEDR,11,15,0.0070362257350000002,0.66131585510000002,0.61290322580000001
151670,151670,SEDR,12,14,0.016192621840000001,0.60774683200000001,0.62601626020000001
151670,151670,SEDR,12,17,0.0083007151300000005,0.58216916659999995,0.43884892089999999
151670,151670,SEDR,12,19,0.01699204335,0.58381928910000003,0.48148148149999997
151670,151670,SEDR,13,14,0.015358635630000001,0.65847490450000001,0.58730158730000004
151670,151670,SEDR,13,19,0.01455921411,0.53906198250000004,0.28205128210000002
151670,151670,SEDR,14,17,0.0078919067060000004,0.59136603259999998,0.61290322580000001
151670,151670,SEDR,14,19,0.00079942151819999998,0.59177266470000001,0.43884892089999999
151670,151670,SEDR,16,18,0.017073712590000002,0.54314714480000004,0.62601626020000001
151670,151670,SEDR,17,19,0.0086913282240000007,0.81757812470000002,0.7699115044
151671,151671,GraphST,1,2,0.0083148800000000002,0.58344041999999996,0.5625
151671,151671,GraphST,1,4,0.0083131000000000004,0.58609685,0.53846154000000002
151671,151671,GraphST,1,5,0.01937202,0.58488598000000003,0.53846154000000002
151671,151671,GraphST,1,6,0.0051223900000000001,0.53227192999999995,0.62601625999999999
151671,151671,GraphST,1,7,0.00708664,0.59299131999999999,0.62601625999999999
151671,151671,GraphST,1,10,0.016561010000000001,0.59606095999999997,0.61290323000000002
151671,151671,GraphST,1,12,0.0044271600000000003,0.58096144999999999,0.53846154000000002
151671,151671,GraphST,1,13,0.0090253399999999998,0.52160494000000002,0.44927536000000001
151671,151671,GraphST,2,4,1.7799999999999999e-06,0.61348371000000002,0.5625
151671,151671,GraphST,2,5,0.01105714,0.59801665000000004,0.63934426
151671,151671,GraphST,2,6,0.0031925,0.55780622000000002,0.53846154000000002
151671,151671,GraphST,2,7,0.01540153,0.61725898000000001,0.61290323000000002
151671,151671,GraphST,2,8,0.018350289999999998,0.55973943999999998,0.47058823999999999
151671,151671,GraphST,2,12,0.0038877299999999998,0.60018506999999999,0.5625
151671,151671,GraphST,2,13,0.017340230000000002,0.55289138999999998,0.41843972000000001
151671,151671,GraphST,2,14,0.016059170000000001,0.58913090999999995,0.55038759999999998
151671,151671,GraphST,2,15,0.013469989999999999,0.57466823,0.61290323000000002
151671,151671,GraphST,2,16,0.01960891,0.57204778999999994,0.55038759999999998
151671,151671,GraphST,3,5,0.015198669999999999,0.48440033999999998,0.53846154000000002
151671,151671,GraphST,3,8,0.0079055099999999993,0.45473812000000002,0.42857142999999998
151671,151671,GraphST,3,9,0.00039316999999999998,0.47646623999999999,0.49253731000000001
151671,151671,GraphST,3,14,0.01019664,0.49487219999999998,0.52671756000000003
151671,151671,GraphST,3,15,0.01278581,0.48748004,0.57480315000000004
151671,151671,GraphST,3,16,0.0066468899999999999,0.47147038000000002,0.51515151999999997
151671,151671,GraphST,4,5,0.01105892,0.6242586,0.62601625999999999
151671,151671,GraphST,4,6,0.0031907200000000002,0.54304096999999996,0.53846154000000002
151671,151671,GraphST,4,7,0.01539975,0.59215145000000002,0.66666667000000002
151671,151671,GraphST,4,8,0.018352070000000002,0.55048914000000004,0.44927536000000001
151671,151671,GraphST,4,12,0.00388595,0.56898901999999996,0.63934426
151671,151671,GraphST,4,13,0.017338449999999998,0.55324395000000004,0.43884891999999998
151671,151671,GraphST,4,14,0.016060950000000001,0.59923541000000002,0.52671756000000003
151671,151671,GraphST,4,15,0.013471769999999999,0.57642165000000001,0.58730159000000004
151671,151671,GraphST,4,16,0.01961069,0.56703358000000004,0.53846154000000002
151671,151671,GraphST,5,6,0.014249629999999999,0.55388291000000001,0.57480315000000004
151671,151671,GraphST,5,8,0.00729315,0.54968344999999996,0.44927536000000001
151671,151671,GraphST,5,9,0.015591829999999999,0.56164150999999995,0.61290323000000002
151671,151671,GraphST,5,12,0.014944860000000001,0.58342558,0.63934426
151671,151671,GraphST,5,14,0.0050020300000000002,0.56662433999999995,0.58730159000000004
151671,151671,GraphST,5,15,0.0024128600000000002,0.58646005000000001,0.65289255999999996
151671,151671,GraphST,5,16,0.0085517800000000001,0.57345767000000003,0.53846154000000002
151671,151671,GraphST,6,7,0.012209029999999999,0.57630912000000001,0.65289255999999996
151671,151671,GraphST,6,12,0.00069523000000000002,0.55069612999999995,0.5625
151671,151671,GraphST,6,13,0.014147730000000001,0.52486173999999997,0.48148148000000002
151671,151671,GraphST,6,14,0.01925166,0.56736852000000004,0.65289255999999996
151671,151671,GraphST,6,15,0.016662489999999999,0.55235681999999997,0.57480315000000004
151671,151671,GraphST,7,10,0.0094743699999999993,0.57524160999999996,0.58730159000000004
151671,151671,GraphST,7,12,0.011513799999999999,0.59978620999999999,0.68067226999999997
151671,151671,GraphST,7,13,0.0019387,0.56206590999999995,0.44927536000000001
151671,151671,GraphST,7,17,0.017468839999999999,0.57992186000000001,0.57480315000000004
151671,151671,GraphST,8,9,0.0082986799999999993,0.52649550000000001,0.4084507
151671,151671,GraphST,8,14,0.0022911300000000002,0.56528248999999997,0.58730159000000004
151671,151671,GraphST,8,15,0.0048802999999999997,0.56446209000000003,0.51515151999999997
151671,151671,GraphST,8,16,0.00125862,0.56572224000000004,0.55038759999999998
151671,151671,GraphST,9,14,0.0105898,0.54482392000000002,0.51515151999999997
151671,151671,GraphST,9,15,0.01317898,0.55800704000000001,0.59999999999999998
151671,151671,GraphST,9,16,0.0070400599999999999,0.55520159000000002,0.5625
151671,151671,GraphST,10,13,0.0075356700000000004,0.51250938000000001,0.39860139999999999
151671,151671,GraphST,10,17,0.00799447,0.59796263999999999,0.53846154000000002
151671,151671,GraphST,11,18,0.0095239999999999995,0.45267583,0.51515151999999997
151671,151671,GraphST,11,19,0.01837432,0.45995455000000002,0.62601625999999999
151671,151671,GraphST,11,20,0.0072780800000000001,0.51181812000000004,0.68067226999999997
151671,151671,GraphST,12,13,0.013452499999999999,0.51906359999999996,0.41843972000000001
151671,151671,GraphST,12,14,0.019946889999999998,0.57499087000000004,0.62601625999999999
151671,151671,GraphST,12,15,0.01735772,0.55930939999999996,0.59999999999999998
151671,151671,GraphST,13,17,0.01553014,0.51299103000000001,0.49253731000000001
151671,151671,GraphST,14,15,0.00258917,0.59541666999999998,0.62601625999999999
151671,151671,GraphST,14,16,0.00354975,0.57947702000000001,0.59999999999999998
151671,151671,GraphST,15,16,0.00613892,0.58085366999999999,0.57480315000000004
151671,151671,GraphST,17,19,0.01486872,0.55658348000000002,0.55038759999999998
151671,151671,GraphST,18,19,0.0088503200000000001,0.58537983999999998,0.58730159000000004
151671,151671,GraphST,18,20,0.0022459200000000002,0.49890116000000001,0.51515151999999997
151671,151671,GraphST,19,20,0.01109624,0.47382087000000001,0.63934426
151671,151671,STAGATE,1,2,0.01481621,0.76259984999999997,0.68067226999999997
151671,151671,STAGATE,1,3,0.0089946599999999998,0.56627229000000001,0.45985400999999998
151671,151671,STAGATE,1,4,0.01090082,0.68799381000000004,0.61290323000000002
151671,151671,STAGATE,1,14,0.013019920000000001,0.55569318000000001,0.44927536000000001
151671,151671,STAGATE,1,17,0.00012407999999999999,0.64852173000000002,0.58730159000000004
151671,151671,STAGATE,1,19,0.00011891,0.57152703000000005,0.51515151999999997
151671,151671,STAGATE,1,20,0.00011942000000000001,0.71519215999999997,0.63934426
151671,151671,STAGATE,2,4,0.0039154000000000003,0.69142625000000002,0.63934426
151671,151671,STAGATE,2,8,0.018229550000000001,0.74392281999999998,0.68067226999999997
151671,151671,STAGATE,2,11,0.01154845,0.76909382000000004,0.72413793000000004
151671,151671,STAGATE,2,13,0.0082594499999999998,0.75390259000000004,0.68067226999999997
151671,151671,STAGATE,2,17,0.0149403,0.64544332000000004,0.53846154000000002
151671,151671,STAGATE,2,19,0.01493512,0.59839880000000001,0.5625
151671,151671,STAGATE,2,20,0.01493563,0.75854847000000003,0.66666667000000002
151671,151671,STAGATE,3,4,0.01989548,0.55730141,0.49253731000000001
151671,151671,STAGATE,3,14,0.0040252600000000001,0.74855883999999995,0.27388535000000003
151671,151671,STAGATE,3,17,0.0088705799999999994,0.63043168000000005,0.49253731000000001
151671,151671,STAGATE,3,19,0.0088757599999999999,0.70461169000000001,0.28205128000000002
151671,151671,STAGATE,3,20,0.0088752499999999995,0.61033932999999996,0.62601625999999999
151671,151671,STAGATE,4,11,0.015463849999999999,0.64745103000000004,0.61290323000000002
151671,151671,STAGATE,4,13,0.012174849999999999,0.65543439000000003,0.63934426
151671,151671,STAGATE,4,17,0.011024900000000001,0.64512895999999997,0.58730159000000004
151671,151671,STAGATE,4,19,0.01101972,0.54630584000000004,0.50375939999999997
151671,151671,STAGATE,4,20,0.011020230000000001,0.65629037999999995,0.59999999999999998
151671,151671,STAGATE,5,6,0.0099578900000000005,0.67817358999999999,0.58730159000000004
151671,151671,STAGATE,5,9,0.01323204,0.78004629999999997,0.68067226999999997
151671,151671,STAGATE,5,10,0.015180630000000001,0.72002301000000002,0.65289255999999996
151671,151671,STAGATE,5,12,0.01993296,0.70613758000000004,0.63934426
151671,151671,STAGATE,5,15,0.016572119999999999,0.68817881999999997,0.57480315000000004
151671,151671,STAGATE,5,16,0.0044833800000000004,0.77876129000000005,0.75438596000000002
151671,151671,STAGATE,5,18,0.01438482,0.66323516000000005,0.58730159000000004
151671,151671,STAGATE,6,9,0.00327415,0.68263028000000003,0.58730159000000004
151671,151671,STAGATE,6,16,0.014441270000000001,0.68741421000000003,0.57480315000000004
151671,151671,STAGATE,7,8,0.0036510399999999999,0.72623139999999997,0.59999999999999998
151671,151671,STAGATE,7,10,0.0083966000000000006,0.70461238999999998,0.63934426
151671,151671,STAGATE,7,11,0.01033214,0.73370278,0.63934426
151671,151671,STAGATE,7,12,0.0036442699999999998,0.71593571,0.68067226999999997
151671,151671,STAGATE,7,13,0.01362114,0.71292359000000005,0.66666667000000002
151671,151671,STAGATE,7,15,0.0070051100000000002,0.69881481000000001,0.62601625999999999
151671,151671,STAGATE,7,16,0.019093849999999999,0.75731727000000004,0.69491524999999998
151671,151671,STAGATE,7,18,0.0091924099999999998,0.65739957000000004,0.48148148000000002
151671,151671,STAGATE,8,10,0.01204764,0.74039913999999996,0.62601625999999999
151671,151671,STAGATE,8,11,0.0066810999999999997,0.74886604999999995,0.66666667000000002
151671,151671,STAGATE,8,12,0.0072953100000000002,0.72743915000000003,0.62601625999999999
151671,151671,STAGATE,8,13,0.0099700899999999992,0.73000083000000004,0.68067226999999997
151671,151671,STAGATE,8,15,0.01065615,0.75397384000000001,0.68067226999999997
151671,151671,STAGATE,8,18,0.012843449999999999,0.74371505999999998,0.44927536000000001
151671,151671,STAGATE,9,16,0.017715419999999999,0.76035967999999998,0.72413793000000004
151671,151671,STAGATE,10,11,0.018728729999999999,0.74997502000000005,0.63934426
151671,151671,STAGATE,10,12,0.00475232,0.72781003,0.75438596000000002
151671,151671,STAGATE,10,15,0.00139149,0.73207359000000005,0.69491524999999998
151671,151671,STAGATE,10,16,0.01069725,0.69615623000000004,0.61290323000000002
151671,151671,STAGATE,10,18,0.00079582000000000003,0.70156658000000005,0.5625
151671,151671,STAGATE,11,12,0.01397641,0.72098580000000001,0.69491524999999998
151671,151671,STAGATE,11,13,0.0032889999999999998,0.77774776999999995,0.72413793000000004
151671,151671,STAGATE,11,15,0.017337249999999998,0.73955678999999996,0.68067226999999997
151671,151671,STAGATE,11,18,0.019524550000000002,0.68869579999999997,0.59999999999999998
151671,151671,STAGATE,12,13,0.017265409999999998,0.70610952999999999,0.66666667000000002
151671,151671,STAGATE,12,15,0.00336083,0.69299765000000002,0.66666667000000002
151671,151671,STAGATE,12,16,0.015449579999999999,0.71639092999999998,0.62601625999999999
151671,151671,STAGATE,12,18,0.00554814,0.71096196,0.62601625999999999
151671,151671,STAGATE,14,17,0.01289584,0.64313633000000003,0.44927536000000001
151671,151671,STAGATE,14,19,0.012901019999999999,0.73094592999999997,0.65289255999999996
151671,151671,STAGATE,14,20,0.012900500000000001,0.59602564000000002,0.52671756000000003
151671,151671,STAGATE,15,16,0.012088740000000001,0.65474191000000004,0.59999999999999998
151671,151671,STAGATE,15,18,0.00218731,0.68166322999999995,0.55038759999999998
151671,151671,STAGATE,16,18,0.0099014399999999992,0.66721026999999999,0.51515151999999997
151671,151671,STAGATE,17,19,5.1800000000000004e-06,0.61101603999999998,0.45985400999999998
151671,151671,STAGATE,17,20,4.6700000000000002e-06,0.60806572000000003,0.45985400999999998
151671,151671,STAGATE,19,20,5.0999999999999999e-07,0.62298257000000001,0.57480315000000004
151671,151671,SpaGCN,1,3,0.00119129,0.54256996999999996,0.5625
151671,151671,SpaGCN,1,4,0.0169055,0.46344647999999999,0.49253731000000001
151671,151671,SpaGCN,1,6,0.01475009,0.38206245,0.41843972000000001
151671,151671,SpaGCN,1,7,0.01050247,0.41338933,0.36054422000000003
151671,151671,SpaGCN,1,8,0.0016597700000000001,0.41443781000000002,0.44927536000000001
151671,151671,SpaGCN,1,9,0.0092982099999999995,0.50663807000000005,0.50375939999999997
151671,151671,SpaGCN,1,11,0.00116417,0.33160053,0.44927536000000001
151671,151671,SpaGCN,1,13,0.014140349999999999,0.63624177000000004,0.70940170999999996
151671,151671,SpaGCN,1,16,6.4499999999999996e-05,0.56307664000000002,0.59999999999999998
151671,151671,SpaGCN,1,18,0.01398482,0.49867092000000002,0.55038759999999998
151671,151671,SpaGCN,1,20,0.00382578,0.56282838999999996,0.61290323000000002
151671,151671,SpaGCN,2,10,0.0077779099999999999,0.33173651999999998,0.30718953999999998
151671,151671,SpaGCN,2,17,0.0024979500000000001,0.36993298000000002,0.36054422000000003
151671,151671,SpaGCN,2,19,0.01511261,0.33846489000000002,0.2987013
151671,151671,SpaGCN,3,4,0.015714220000000001,0.47061592000000002,0.49253731000000001
151671,151671,SpaGCN,3,6,0.013558799999999999,0.50535929999999996,0.53846154000000002
151671,151671,SpaGCN,3,7,0.011693759999999999,0.45458683,0.36986300999999999
151671,151671,SpaGCN,3,8,0.00046849000000000001,0.48907273000000001,0.52671756000000003
151671,151671,SpaGCN,3,9,0.00810693,0.52611951999999995,0.55038759999999998
151671,151671,SpaGCN,3,11,0.0023554499999999998,0.4131862,0.42857142999999998
151671,151671,SpaGCN,3,13,0.015331640000000001,0.54679215000000003,0.5625
151671,151671,SpaGCN,3,16,0.0012557899999999999,0.61212100999999997,0.61290323000000002
151671,151671,SpaGCN,3,18,0.01517611,0.47854165999999998,0.47058823999999999
151671,151671,SpaGCN,3,20,0.0026344900000000002,0.57961536000000002,0.58730159000000004
151671,151671,SpaGCN,4,6,0.00215541,0.53308990000000001,0.57480315000000004
151671,151671,SpaGCN,4,8,0.015245730000000001,0.50017727999999995,0.47058823999999999
151671,151671,SpaGCN,4,9,0.0076072900000000001,0.51024804000000001,0.45985400999999998
151671,151671,SpaGCN,4,11,0.018069669999999999,0.38787762999999997,0.33333332999999998
151671,151671,SpaGCN,4,14,0.016899460000000002,0.52611485999999996,0.53846154000000002
151671,151671,SpaGCN,4,16,0.016969999999999999,0.50532695999999999,0.49253731000000001
151671,151671,SpaGCN,4,20,0.013079729999999999,0.51378977999999997,0.55038759999999998
151671,151671,SpaGCN,5,14,0.01728758,0.58121009000000001,0.57480315000000004
151671,151671,SpaGCN,6,8,0.013090320000000001,0.62291129000000001,0.62601625999999999
151671,151671,SpaGCN,6,9,0.0054518800000000001,0.47431915000000002,0.52671756000000003
151671,151671,SpaGCN,6,11,0.01591426,0.45515618000000002,0.42857142999999998
151671,151671,SpaGCN,6,14,0.019054870000000002,0.51543713999999996,0.47058823999999999
151671,151671,SpaGCN,6,16,0.014814590000000001,0.48520287000000001,0.55038759999999998
151671,151671,SpaGCN,6,20,0.01092432,0.48120015999999999,0.44927536000000001
151671,151671,SpaGCN,7,8,0.01216224,0.37038558999999999,0.29032258
151671,151671,SpaGCN,7,9,0.019800689999999999,0.40477476000000001,0.38888888999999999
151671,151671,SpaGCN,7,11,0.0093383000000000008,0.37854915,0.29032258
151671,151671,SpaGCN,7,13,0.00363788,0.38359938999999998,0.36054422000000003
151671,151671,SpaGCN,7,16,0.01043797,0.42135125000000001,0.39860139999999999
151671,151671,SpaGCN,7,18,0.0034823499999999999,0.43682892000000001,0.37931034000000002
151671,151671,SpaGCN,7,19,0.013220050000000001,0.44080659,0.41843972000000001
151671,151671,SpaGCN,7,20,0.014328250000000001,0.41049669,0.4084507
151671,151671,SpaGCN,8,9,0.0076384399999999998,0.47217736999999999,0.52671756000000003
151671,151671,SpaGCN,8,11,0.00282394,0.46428603000000002,0.41843972000000001
151671,151671,SpaGCN,8,13,0.015800129999999999,0.43600531999999997,0.48148148000000002
151671,151671,SpaGCN,8,16,0.00172427,0.47894653999999998,0.48148148000000002
151671,151671,SpaGCN,8,18,0.015644600000000002,0.40965179000000002,0.41843972000000001
151671,151671,SpaGCN,8,20,0.002166,0.45791026000000001,0.45985400999999998
151671,151671,SpaGCN,9,11,0.01046238,0.36230921999999999,0.31578947000000002
151671,151671,SpaGCN,9,16,0.0093627099999999998,0.61894252000000005,0.62601625999999999
151671,151671,SpaGCN,9,20,0.0054724400000000003,0.51370492999999995,0.5625
151671,151671,SpaGCN,10,13,0.016916870000000001,0.44958018999999999,0.50375939999999997
151671,151671,SpaGCN,10,17,0.010275869999999999,0.49904987000000001,0.55038759999999998
151671,151671,SpaGCN,10,18,0.017072400000000001,0.41960507000000002,0.50375939999999997
151671,151671,SpaGCN,10,19,0.0073347000000000004,0.41264899999999999,0.50375939999999997
151671,151671,SpaGCN,11,13,0.01297619,0.34557051999999999,0.39860139999999999
151671,151671,SpaGCN,11,16,0.0010996700000000001,0.37640730999999999,0.35135135000000001
151671,151671,SpaGCN,11,18,0.012820649999999999,0.32448879000000003,0.33333332999999998
151671,151671,SpaGCN,11,20,0.00498994,0.38052912999999999,0.41843972000000001
151671,151671,SpaGCN,12,15,0.0058134399999999996,0.54238867999999996,0.5625
151671,151671,SpaGCN,13,16,0.014075850000000001,0.60051217000000001,0.59999999999999998
151671,151671,SpaGCN,13,18,0.00015553,0.49862724000000003,0.57480315000000004
151671,151671,SpaGCN,13,19,0.0095821699999999992,0.49987854999999998,0.53846154000000002
151671,151671,SpaGCN,13,20,0.01796613,0.58257839,0.65289255999999996
151671,151671,SpaGCN,16,18,0.01392032,0.55154497999999996,0.51515151999999997
151671,151671,SpaGCN,16,20,0.0038902699999999999,0.53512203000000003,0.51515151999999997
151671,151671,SpaGCN,17,19,0.017610569999999999,0.49076023000000002,0.52671756000000003
151671,151671,SpaGCN,18,19,0.0097377000000000002,0.43985878,0.45985400999999998
151671,151671,SpaGCN,18,20,0.017810599999999999,0.45704004999999998,0.57480315000000004
151671,151671,BANKSY,1,2,0.0011194099999999999,0.97149419000000004,0.90476190000000001
151671,151671,BANKSY,1,3,0.0060720499999999998,0.96395417999999999,0.86915887999999997
151671,151671,BANKSY,1,4,0.0064924900000000001,0.91952736999999996,0.83486238999999995
151671,151671,BANKSY,1,5,0.0043165299999999998,0.88639228999999997,0.75438596000000002
151671,151671,BANKSY,1,6,0.0044073100000000002,0.94867541,0.86915887999999997
151671,151671,BANKSY,1,7,0.0075511299999999996,0.93455102000000001,0.90476190000000001
151671,151671,BANKSY,1,8,0.01211309,0.91581805999999999,0.85185184999999997
151671,151671,BANKSY,1,10,0.018972820000000001,0.87835863999999997,0.69491524999999998
151671,151671,BANKSY,1,11,0.00172959,0.89049148,0.80180180000000001
151671,151671,BANKSY,1,12,0.0066161800000000002,0.93883404000000004,0.90476190000000001
151671,151671,BANKSY,1,13,0.00039126999999999999,0.97776609000000003,0.94174756999999998
151671,151671,BANKSY,1,14,0.0023677899999999998,0.88964502999999995,0.75438596000000002
151671,151671,BANKSY,1,16,0.0039906500000000001,0.63327520999999998,0.72413793000000004
151671,151671,BANKSY,1,17,0.0031641,0.95055719000000005,0.86915887999999997
151671,151671,BANKSY,1,19,0.00077746,0.89282552999999998,0.78571429000000004
151671,151671,BANKSY,1,20,0.0077849099999999999,0.8903721,0.73913043
151671,151671,BANKSY,2,3,0.0049526400000000003,0.95772590999999996,0.86915887999999997
151671,151671,BANKSY,2,4,0.0076118999999999996,0.91424181000000004,0.81818181999999995
151671,151671,BANKSY,2,5,0.0054359400000000002,0.87305628000000002,0.80180180000000001
151671,151671,BANKSY,2,6,0.0032878999999999999,0.94585395999999999,0.88679244999999995
151671,151671,BANKSY,2,7,0.0064317200000000001,0.93607574999999998,0.86915887999999997
151671,151671,BANKSY,2,8,0.01099368,0.91154416999999999,0.85185184999999997
151671,151671,BANKSY,2,10,0.01785341,0.86825547999999997,0.68067226999999997
151671,151671,BANKSY,2,11,0.002849,0.87827124999999995,0.80180180000000001
151671,151671,BANKSY,2,12,0.0054967699999999998,0.94035420000000003,0.85185184999999997
151671,151671,BANKSY,2,13,0.00072813999999999995,0.95587436999999997,0.88679244999999995
151671,151671,BANKSY,2,14,0.0034872000000000002,0.87742728000000003,0.78571429000000004
151671,151671,BANKSY,2,16,0.0028712400000000002,0.62232765999999995,0.63934426
151671,151671,BANKSY,2,17,0.00204469,0.94316500999999997,0.86915887999999997
151671,151671,BANKSY,2,19,0.0018968699999999999,0.87905617000000003,0.80180180000000001
151671,151671,BANKSY,2,20,0.0089043200000000003,0.87641391000000002,0.70940170999999996
151671,151671,BANKSY,3,4,0.012564540000000001,0.92296924999999996,0.81818181999999995
151671,151671,BANKSY,3,5,0.01038858,0.87748809000000005,0.73913043
151671,151671,BANKSY,3,6,0.0016647400000000001,0.96033922999999999,0.86915887999999997
151671,151671,BANKSY,3,7,0.00147908,0.93591851999999998,0.83486238999999995
151671,151671,BANKSY,3,8,0.0060410400000000001,0.93130975000000005,0.86915887999999997
151671,151671,BANKSY,3,10,0.012900770000000001,0.87743824999999998,0.69491524999999998
151671,151671,BANKSY,3,11,0.0078016400000000003,0.88264659000000001,0.76991149999999997
151671,151671,BANKSY,3,12,0.00054412999999999998,0.94021834000000004,0.85185184999999997
151671,151671,BANKSY,3,13,0.0056807799999999999,0.96526193000000005,0.83486238999999995
151671,151671,BANKSY,3,14,0.0084398400000000005,0.88185553999999999,0.76991149999999997
151671,151671,BANKSY,3,16,0.0020813899999999998,0.61571861999999999,0.51515151999999997
151671,151671,BANKSY,3,17,0.0029079499999999999,0.95590006999999999,0.85185184999999997
151671,151671,BANKSY,3,19,0.0068495099999999996,0.88391969999999997,0.78571429000000004
151671,151671,BANKSY,3,20,0.01385696,0.88014088999999995,0.73913043
151671,151671,BANKSY,4,5,0.0021759599999999998,0.90756877000000002,0.81818181999999995
151671,151671,BANKSY,4,6,0.010899799999999999,0.92754696999999997,0.81818181999999995
151671,151671,BANKSY,4,7,0.01404362,0.90660653999999996,0.80180180000000001
151671,151671,BANKSY,4,8,0.01860558,0.90765216999999998,0.81818181999999995
151671,151671,BANKSY,4,11,0.0047628999999999996,0.91299355000000004,0.81818181999999995
151671,151671,BANKSY,4,12,0.013108679999999999,0.90698767999999996,0.80180180000000001
151671,151671,BANKSY,4,13,0.0068837600000000001,0.92612070000000002,0.85185184999999997
151671,151671,BANKSY,4,14,0.0041247000000000002,0.91103202000000005,0.81818181999999995
151671,151671,BANKSY,4,16,0.01048315,0.63057026000000005,0.55038759999999998
151671,151671,BANKSY,4,17,0.0096565999999999996,0.94587505000000005,0.88679244999999995
151671,151671,BANKSY,4,19,0.0057150300000000003,0.91445145000000005,0.83486238999999995
151671,151671,BANKSY,4,20,0.0012924200000000001,0.91749221000000003,0.76991149999999997
151671,151671,BANKSY,5,6,0.0087238400000000001,0.87041477,0.75438596000000002
151671,151671,BANKSY,5,7,0.01186766,0.85342123000000003,0.73913043
151671,151671,BANKSY,5,8,0.016429630000000001,0.85611941999999996,0.73913043
151671,151671,BANKSY,5,11,0.0025869500000000002,0.98914921,0.96078430999999997
151671,151671,BANKSY,5,12,0.01093272,0.85497902000000003,0.72413793000000004
151671,151671,BANKSY,5,13,0.0047077999999999998,0.89182251000000001,0.75438596000000002
151671,151671,BANKSY,5,14,0.00194874,0.98967216000000002,0.96078430999999997
151671,151671,BANKSY,5,16,0.0083071900000000008,0.65423573999999995,0.66666667000000002
151671,151671,BANKSY,5,17,0.0074806400000000002,0.89791949000000004,0.81818181999999995
151671,151671,BANKSY,5,19,0.0035390700000000001,0.98892287999999995,0.94174756999999998
151671,151671,BANKSY,5,20,0.0034683800000000001,0.94799202999999999,0.81818181999999995
151671,151671,BANKSY,6,7,0.0031438199999999999,0.93911129000000004,0.85185184999999997
151671,151671,BANKSY,6,8,0.0077057799999999997,0.94452572000000001,0.88679244999999995
151671,151671,BANKSY,6,10,0.01456551,0.87335057999999999,0.68067226999999997
151671,151671,BANKSY,6,11,0.0061368999999999998,0.87563033999999995,0.76991149999999997
151671,151671,BANKSY,6,12,0.0022088799999999999,0.93971585000000002,0.85185184999999997
151671,151671,BANKSY,6,13,0.0040160400000000002,0.95076344000000002,0.85185184999999997
151671,151671,BANKSY,6,14,0.0067751,0.87481911999999995,0.76991149999999997
151671,151671,BANKSY,6,16,0.00041665000000000002,0.61427379999999998,0.55038759999999998
151671,151671,BANKSY,6,17,0.0012432000000000001,0.95651554999999999,0.86915887999999997
151671,151671,BANKSY,6,19,0.00518477,0.87680866000000002,0.78571429000000004
151671,151671,BANKSY,6,20,0.01219222,0.87956042999999995,0.75438596000000002
151671,151671,BANKSY,7,8,0.0045619600000000003,0.90885258000000002,0.85185184999999997
151671,151671,BANKSY,7,10,0.01142169,0.86327434999999997,0.69491524999999998
151671,151671,BANKSY,7,11,0.0092807199999999992,0.85971759999999997,0.75438596000000002
151671,151671,BANKSY,7,12,0.00093493999999999999,0.99555433000000004,0.98019802
151671,151671,BANKSY,7,13,0.0071598599999999997,0.93765725,0.88679244999999995
151671,151671,BANKSY,7,14,0.0099189199999999995,0.85767749000000004,0.73913043
151671,151671,BANKSY,7,16,0.00356047,0.62280415,0.43884891999999998
151671,151671,BANKSY,7,17,0.0043870200000000002,0.93353724999999999,0.85185184999999997
151671,151671,BANKSY,7,19,0.0083285900000000003,0.86086693999999997,0.76991149999999997
151671,151671,BANKSY,7,20,0.01533604,0.86912727999999995,0.75438596000000002
151671,151671,BANKSY,8,10,0.0068597299999999996,0.87185981000000001,0.72413793000000004
151671,151671,BANKSY,8,11,0.01384268,0.86082042000000003,0.76991149999999997
151671,151671,BANKSY,8,12,0.0054969099999999998,0.90944636000000001,0.86915887999999997
151671,151671,BANKSY,8,13,0.011721830000000001,0.92478875999999999,0.86915887999999997
151671,151671,BANKSY,8,14,0.01448088,0.86000776999999995,0.76991149999999997
151671,151671,BANKSY,8,16,0.0081224399999999999,0.60280250999999996,0.45985400999999998
151671,151671,BANKSY,8,17,0.0089489900000000004,0.92296135999999995,0.85185184999999997
151671,151671,BANKSY,8,19,0.012890550000000001,0.86087968000000004,0.78571429000000004
151671,151671,BANKSY,8,20,0.019897999999999999,0.86044374000000001,0.75438596000000002
151671,151671,BANKSY,9,15,0.0042575699999999996,0.90141804999999997,0.61290323000000002
151671,151671,BANKSY,10,12,0.01235664,0.86366229999999999,0.68067226999999997
151671,151671,BANKSY,10,13,0.01858156,0.88237045000000003,0.69491524999999998
151671,151671,BANKSY,10,16,0.01498217,0.63112588999999997,0.4084507
151671,151671,BANKSY,10,17,0.015808719999999998,0.88735905000000004,0.75438596000000002
151671,151671,BANKSY,10,18,0.018196380000000002,0.89366840000000003,0.75438596000000002
151671,151671,BANKSY,10,19,0.019750279999999999,0.89735376,0.78571429000000004
151671,151671,BANKSY,11,12,0.0083457700000000006,0.86129348999999999,0.73913043
151671,151671,BANKSY,11,13,0.0021208500000000001,0.89717351999999995,0.80180180000000001
151671,151671,BANKSY,11,14,0.00063820000000000001,0.99660192999999997,0.96078430999999997
151671,151671,BANKSY,11,16,0.0057202399999999997,0.65319565000000002,0.66666667000000002
151671,151671,BANKSY,11,17,0.00489369,0.90344451000000003,0.81818181999999995
151671,151671,BANKSY,11,19,0.00095213000000000003,0.99550912999999996,0.98019802
151671,151671,BANKSY,11,20,0.0060553200000000003,0.94769161999999996,0.83486238999999995
151671,151671,BANKSY,12,13,0.0062249200000000001,0.94065206999999995,0.90476190000000001
151671,151671,BANKSY,12,14,0.0089839700000000008,0.85925682000000003,0.72413793000000004
151671,151671,BANKSY,12,16,0.0026255300000000001,0.62203154999999999,0.44927536000000001
151671,151671,BANKSY,12,17,0.0034520800000000002,0.93780101000000005,0.85185184999999997
151671,151671,BANKSY,12,19,0.0073936499999999999,0.86244874000000005,0.75438596000000002
151671,151671,BANKSY,12,20,0.0144011,0.86820134999999998,0.73913043
151671,151671,BANKSY,13,14,0.0027590599999999998,0.89510365999999997,0.78571429000000004
151671,151671,BANKSY,13,16,0.0035993900000000001,0.62935945999999998,0.65289255999999996
151671,151671,BANKSY,13,17,0.0027728399999999999,0.95889522000000005,0.88679244999999995
151671,151671,BANKSY,13,19,0.00116873,0.89830111999999995,0.81818181999999995
151671,151671,BANKSY,13,20,0.0081761799999999999,0.90229062000000004,0.78571429000000004
151671,151671,BANKSY,14,16,0.0063584499999999999,0.65308597999999995,0.69491524999999998
151671,151671,BANKSY,14,17,0.0055318900000000002,0.90139879999999994,0.81818181999999995
151671,151671,BANKSY,14,19,0.00159033,0.99480113999999997,0.96078430999999997
151671,151671,BANKSY,14,20,0.0054171200000000001,0.94594345000000002,0.85185184999999997
151671,151671,BANKSY,16,17,0.00082655000000000001,0.61935971999999995,0.50375939999999997
151671,151671,BANKSY,16,19,0.0047681199999999998,0.65296962000000003,0.68067226999999997
151671,151671,BANKSY,16,20,0.011775570000000001,0.67477211999999998,0.69491524999999998
151671,151671,BANKSY,17,19,0.0039415700000000001,0.90466236,0.83486238999999995
151671,151671,BANKSY,17,20,0.01094901,0.89909817000000003,0.75438596000000002
151671,151671,BANKSY,19,20,0.0070074500000000001,0.94771349999999999,0.83486238999999995
151671,151671,SEDR,1,4,0.0062338270190000003,0.79323766289999997,0.5625
151671,151671,SEDR,1,5,0.0044435478739999999,0.87338702999999995,0.66666666669999997
151671,151671,SEDR,1,9,0.00047285228270000003,0.69193320879999998,0.75438596489999998
151671,151671,SEDR,1,16,0.013139728620000001,0.73613689920000003,0.63934426229999997
151671,151671,SEDR,2,3,3.8851271819999998e-05,0.54487554739999999,0.52671755730000003
151671,151671,SEDR,2,14,0.00032429315749999999,0.4948273748,0.50375939849999996
151671,151671,SEDR,3,14,0.00036314442940000002,0.73338718110000001,0.68067226889999999
151671,151671,SEDR,4,5,0.010677374890000001,0.76366958019999998,0.65289256200000001
151671,151671,SEDR,4,8,0.015344968840000001,0.72058935099999999,0.66666666669999997
151671,151671,SEDR,4,9,0.0067066793019999998,0.73324667359999995,0.63934426229999997
151671,151671,SEDR,4,16,0.0069059016000000001,0.72678077399999996,0.68067226889999999
151671,151671,SEDR,5,9,0.0039706955909999996,0.6771771955,0.59999999999999998
151671,151671,SEDR,5,16,0.017583276490000001,0.75541884150000005,0.75438596489999998
151671,151671,SEDR,6,15,0.019106159349999999,0.66989983529999997,0.68067226889999999
151671,151671,SEDR,6,17,0.01304309673,0.80430742180000003,0.58730158730000004
151671,151671,SEDR,6,18,0.01443856596,0.6716601754,0.57480314960000001
151671,151671,SEDR,7,10,0.001753098103,0.61350679100000005,0.65289256200000001
151671,151671,SEDR,7,11,0.0059405796099999998,0.61394969759999996,0.55038759690000005
151671,151671,SEDR,7,12,0.017873586520000002,0.60426605259999999,0.5384615385
151671,151671,SEDR,7,13,0.00982155413,0.6630144992,0.59999999999999998
151671,151671,SEDR,7,19,0.014199958509999999,0.6040853196,0.61290322580000001
151671,151671,SEDR,7,20,0.0096249877669999997,0.64773488189999995,0.65289256200000001
151671,151671,SEDR,8,16,0.0084390672400000005,0.83986632920000004,0.73913043479999996
151671,151671,SEDR,9,16,0.013612580900000001,0.72084922360000003,0.66666666669999997
151671,151671,SEDR,10,11,0.0076936777129999996,0.60961621259999998,0.65289256200000001
151671,151671,SEDR,10,12,0.016120488410000001,0.60137120799999999,0.63934426229999997
151671,151671,SEDR,10,13,0.011574652229999999,0.69860086860000004,0.72413793100000001
151671,151671,SEDR,10,19,0.012446860400000001,0.863552549,0.80180180180000005
151671,151671,SEDR,10,20,0.01137808587,0.70905530939999994,0.66666666669999997
151671,151671,SEDR,11,13,0.0038809745199999998,0.67157587559999998,0.66666666669999997
151671,151671,SEDR,11,15,0.015469491679999999,0.61188043219999999,0.66666666669999997
151671,151671,SEDR,11,20,0.0036844081569999999,0.63527982999999999,0.61290322580000001
151671,151671,SEDR,12,19,0.0036736280089999999,0.59121424769999997,0.58730158730000004
151671,151671,SEDR,13,15,0.011588517160000001,0.81467897730000005,0.70940170940000002
151671,151671,SEDR,13,17,0.017651579769999998,0.6243606572,0.59999999999999998
151671,151671,SEDR,13,18,0.01625611054,0.82738620949999997,0.78571428570000001
151671,151671,SEDR,13,20,0.00019656636320000001,0.64687529430000001,0.66666666669999997
151671,151671,SEDR,15,17,0.0060630626160000003,0.58883685819999998,0.63934426229999997
151671,151671,SEDR,15,18,0.0046675933859999996,0.84926814530000005,0.7699115044
151671,151671,SEDR,15,20,0.01178508352,0.58871205510000002,0.68067226889999999
151671,151671,SEDR,17,18,0.001395469229,0.56551692730000003,0.57480314960000001
151671,151671,SEDR,17,20,0.017848146129999999,0.84468079910000005,0.81818181820000002
151671,151671,SEDR,18,20,0.016452676909999998,0.58693799540000002,0.66666666669999997
151672,151672,GraphST,1,3,0.0027315400000000002,0.54079407000000002,0.53846154000000002
151672,151672,GraphST,1,4,0.0063077000000000003,0.48673546000000001,0.52671756000000003
151672,151672,GraphST,1,7,0.018111149999999999,0.51742840000000001,0.55038759999999998
151672,151672,GraphST,1,9,0.0098985500000000008,0.51949774000000004,0.57480315000000004
151672,151672,GraphST,1,12,0.00050575000000000001,0.52128781999999996,0.52671756000000003
151672,151672,GraphST,1,13,0.00076110999999999995,0.47871930000000001,0.47058823999999999
151672,151672,GraphST,1,18,0.016669429999999999,0.49758163,0.52671756000000003
151672,151672,GraphST,1,19,0.012438289999999999,0.51105392000000005,0.47058823999999999
151672,151672,GraphST,3,4,0.0035761500000000002,0.42296120999999998,0.42857142999999998
151672,151672,GraphST,3,8,0.01970593,0.48829968000000001,0.58730159000000004
151672,151672,GraphST,3,9,0.0071669999999999998,0.44133344000000002,0.43884891999999998
151672,151672,GraphST,3,12,0.0032372899999999999,0.46526954999999998,0.52671756000000003
151672,151672,GraphST,3,13,0.0034926599999999999,0.48530089999999998,0.48148148000000002
151672,151672,GraphST,3,17,0.019472090000000001,0.45752689000000002,0.49253731000000001
151672,151672,GraphST,3,18,0.01393789,0.42937093999999998,0.48148148000000002
151672,151672,GraphST,3,19,0.0097067500000000001,0.54581161,0.41843972000000001
151672,151672,GraphST,4,6,0.016830040000000001,0.44052801000000003,0.42857142999999998
151672,151672,GraphST,4,8,0.01612978,0.49549504,0.51515151999999997
151672,151672,GraphST,4,9,0.00359085,0.48817052999999999,0.55038759999999998
151672,151672,GraphST,4,12,0.0068134399999999996,0.49334347000000001,0.55038759999999998
151672,151672,GraphST,4,13,0.00706881,0.42821297000000003,0.45985400999999998
151672,151672,GraphST,4,15,0.01657695,0.42880833000000002,0.43884891999999998
151672,151672,GraphST,4,17,0.015895940000000001,0.48602092000000002,0.55038759999999998
151672,151672,GraphST,4,18,0.01036173,0.50333547999999995,0.61290323000000002
151672,151672,GraphST,4,19,0.0061305999999999999,0.41773180999999998,0.45985400999999998
151672,151672,GraphST,5,10,0.0020998200000000001,0.53307044999999997,0.45985400999999998
151672,151672,GraphST,5,11,0.00683352,0.42089208,0.45985400999999998
151672,151672,GraphST,5,14,0.0098614800000000006,0.48014130999999999,0.45985400999999998
151672,151672,GraphST,5,20,0.017188019999999998,0.50175214000000001,0.36054422000000003
151672,151672,GraphST,6,8,0.00070027000000000002,0.48466681,0.37931034000000002
151672,151672,GraphST,6,9,0.01323919,0.44422541999999998,0.48148148000000002
151672,151672,GraphST,6,14,0.017317909999999999,0.49571348999999998,0.41843972000000001
151672,151672,GraphST,6,15,0.00025308999999999998,0.55170598000000004,0.55038759999999998
151672,151672,GraphST,6,17,0.00093411000000000004,0.46089303999999998,0.48148148000000002
151672,151672,GraphST,6,18,0.0064683099999999997,0.43581883999999999,0.38888888999999999
151672,151672,GraphST,6,19,0.010699439999999999,0.57121314000000001,0.41843972000000001
151672,151672,GraphST,6,20,0.0099913799999999994,0.50245028000000003,0.51515151999999997
151672,151672,GraphST,7,12,0.0176054,0.4580032,0.55038759999999998
151672,151672,GraphST,7,13,0.017350040000000001,0.47154059999999998,0.51515151999999997
151672,151672,GraphST,8,9,0.01253893,0.49312208000000002,0.55038759999999998
151672,151672,GraphST,8,14,0.018018180000000002,0.47928880000000001,0.49253731000000001
151672,151672,GraphST,8,15,0.00044717999999999998,0.46970348000000001,0.49253731000000001
151672,151672,GraphST,8,17,0.00023384,0.51535191000000002,0.50375939999999997
151672,151672,GraphST,8,18,0.0057680400000000003,0.49058484000000002,0.55038759999999998
151672,151672,GraphST,8,19,0.0099991799999999999,0.43913574999999999,0.33333332999999998
151672,151672,GraphST,8,20,0.010691640000000001,0.44954318999999998,0.4084507
151672,151672,GraphST,9,12,0.01040429,0.49846216999999998,0.53846154000000002
151672,151672,GraphST,9,13,0.01065966,0.43514568999999997,0.44927536000000001
151672,151672,GraphST,9,15,0.0129861,0.43463939000000001,0.43884891999999998
151672,151672,GraphST,9,17,0.012305079999999999,0.49536394,0.61290323000000002
151672,151672,GraphST,9,18,0.00677088,0.50460092999999995,0.50375939999999997
151672,151672,GraphST,9,19,0.0025397499999999999,0.44373305000000002,0.44927536000000001
151672,151672,GraphST,10,11,0.0047336899999999996,0.43755124000000001,0.51515151999999997
151672,151672,GraphST,10,14,0.0077616600000000001,0.51416664999999995,0.51515151999999997
151672,151672,GraphST,10,20,0.0150882,0.51538572999999999,0.49253731000000001
151672,151672,GraphST,11,14,0.0030279700000000001,0.42389065999999997,0.5625
151672,151672,GraphST,11,20,0.010354500000000001,0.45982418000000003,0.47058823999999999
151672,151672,GraphST,12,13,0.00025535999999999999,0.47485925000000001,0.41843972000000001
151672,151672,GraphST,12,18,0.017175180000000002,0.49082325999999998,0.55038759999999998
151672,151672,GraphST,12,19,0.01294404,0.44957751000000001,0.34228187999999998
151672,151672,GraphST,13,18,0.017430540000000001,0.41892173999999999,0.44927536000000001
151672,151672,GraphST,13,19,0.01319941,0.51707192000000002,0.53846154000000002
151672,151672,GraphST,14,15,0.017571,0.52990791000000004,0.57480315000000004
151672,151672,GraphST,14,17,0.018252020000000001,0.46143368000000001,0.53846154000000002
151672,151672,GraphST,14,20,0.0073265400000000003,0.47914174999999998,0.45985400999999998
151672,151672,GraphST,15,17,0.00068101999999999995,0.44411947000000002,0.48148148000000002
151672,151672,GraphST,15,18,0.0062152199999999996,0.41729817000000002,0.42857142999999998
151672,151672,GraphST,15,19,0.01044636,0.55244082999999999,0.57480315000000004
151672,151672,GraphST,15,20,0.01024446,0.51512245000000001,0.47058823999999999
151672,151672,GraphST,17,18,0.0055342000000000004,0.50052649999999999,0.49253731000000001
151672,151672,GraphST,17,19,0.0097653400000000008,0.42977001999999997,0.44927536000000001
151672,151672,GraphST,17,20,0.01092548,0.45042262,0.48148148000000002
151672,151672,GraphST,18,19,0.0042311400000000004,0.41995310000000002,0.49253731000000001
151672,151672,GraphST,18,20,0.016459689999999999,0.42138989999999998,0.45985400999999998
151672,151672,STAGATE,1,6,0.00019762,0.67290868999999998,0.62601625999999999
151672,151672,STAGATE,1,7,0.0119963,0.65553781,0.65289255999999996
151672,151672,STAGATE,1,8,0.0044604600000000003,0.73399457000000001,0.57480315000000004
151672,151672,STAGATE,1,12,0.0085764199999999995,0.6567788,0.55038759999999998
151672,151672,STAGATE,1,13,0.018046610000000001,0.76759946000000001,0.72413793000000004
151672,151672,STAGATE,1,14,0.01037243,0.65243326000000001,0.52671756000000003
151672,151672,STAGATE,1,15,0.0038696400000000001,0.61267850999999995,0.55038759999999998
151672,151672,STAGATE,1,16,0.00659751,0.75177216999999996,0.58730159000000004
151672,151672,STAGATE,1,17,0.0054455500000000004,0.78761972999999996,0.72413793000000004
151672,151672,STAGATE,1,18,0.0051105500000000002,0.65834568000000004,0.55038759999999998
151672,151672,STAGATE,1,20,0.0094566400000000005,0.65210999999999997,0.47058823999999999
151672,151672,STAGATE,2,3,0.0044375200000000004,0.52574507999999998,0.49253731000000001
151672,151672,STAGATE,2,5,0.01092914,0.64789695000000003,0.45985400999999998
151672,151672,STAGATE,2,7,0.01098205,0.64386686000000004,0.34228187999999998
151672,151672,STAGATE,2,9,0.0043098199999999998,0.67104005,0.63934426
151672,151672,STAGATE,2,10,0.0022575300000000002,0.61568034999999999,0.49253731000000001
151672,151672,STAGATE,2,11,0.00079976999999999999,0.68015309999999995,0.62601625999999999
151672,151672,STAGATE,2,13,0.0049317400000000004,0.64014683999999999,0.41843972000000001
151672,151672,STAGATE,2,14,0.01260591,0.61922639999999995,0.39860139999999999
151672,151672,STAGATE,2,15,0.019108710000000001,0.62375943,0.57480315000000004
151672,151672,STAGATE,2,16,0.016380840000000001,0.65646758999999999,0.31578947000000002
151672,151672,STAGATE,2,17,0.017532789999999999,0.64858740999999998,0.50375939999999997
151672,151672,STAGATE,2,18,0.017867790000000001,0.65240392999999997,0.53846154000000002
151672,151672,STAGATE,2,19,0.01352371,0.61230689000000005,0.50375939999999997
151672,151672,STAGATE,2,20,0.013521709999999999,0.68236383,0.62601625999999999
151672,151672,STAGATE,3,5,0.00649163,0.59118101999999995,0.57480315000000004
151672,151672,STAGATE,3,7,0.01541957,0.49889204999999998,0.49253731000000001
151672,151672,STAGATE,3,9,0.00012768999999999999,0.56232009000000005,0.52671756000000003
151672,151672,STAGATE,3,10,0.0066950500000000001,0.55826788000000005,0.52671756000000003
151672,151672,STAGATE,3,11,0.00363774,0.62534279000000004,0.5625
151672,151672,STAGATE,3,13,0.0093692500000000008,0.55735590999999995,0.4084507
151672,151672,STAGATE,3,14,0.017043429999999998,0.54722402000000003,0.49253731000000001
151672,151672,STAGATE,3,19,0.0090861999999999991,0.66254723999999998,0.66666667000000002
151672,151672,STAGATE,3,20,0.017959220000000001,0.62987994000000003,0.58730159000000004
151672,151672,STAGATE,4,8,0.017058159999999999,0.7012408,0.62601625999999999
151672,151672,STAGATE,4,12,0.012942210000000001,0.64489125000000003,0.63934426
151672,151672,STAGATE,5,9,0.0066193199999999997,0.63447176999999999,0.43884891999999998
151672,151672,STAGATE,5,10,0.013186679999999999,0.78914388999999996,0.68067226999999997
151672,151672,STAGATE,5,11,0.01012937,0.71126926999999995,0.63934426
151672,151672,STAGATE,5,13,0.015860880000000001,0.79657347000000001,0.55038759999999998
151672,151672,STAGATE,5,19,0.00259457,0.65718829999999995,0.61290323000000002
151672,151672,STAGATE,6,7,0.011798670000000001,0.72759826999999999,0.65289255999999996
151672,151672,STAGATE,6,8,0.0046580900000000001,0.68931567999999999,0.51515151999999997
151672,151672,STAGATE,6,12,0.0087740400000000003,0.64712605999999995,0.63934426
151672,151672,STAGATE,6,13,0.017848989999999999,0.68824198999999997,0.58730159000000004
151672,151672,STAGATE,6,14,0.010174809999999999,0.73535052000000001,0.66666667000000002
151672,151672,STAGATE,6,15,0.0036720099999999999,0.67187839999999999,0.62601625999999999
151672,151672,STAGATE,6,16,0.0063998800000000002,0.67181091000000004,0.62601625999999999
151672,151672,STAGATE,6,17,0.0052479299999999996,0.69507540999999995,0.59999999999999998
151672,151672,STAGATE,6,18,0.0049129300000000002,0.64872507999999995,0.59999999999999998
151672,151672,STAGATE,6,20,0.0092590199999999998,0.68337367000000004,0.62601625999999999
151672,151672,STAGATE,7,8,0.016456760000000001,0.65031083999999995,0.51515151999999997
151672,151672,STAGATE,7,9,0.015291870000000001,0.58796482000000005,0.55038759999999998
151672,151672,STAGATE,7,10,0.0087245199999999995,0.68814845999999996,0.65289255999999996
151672,151672,STAGATE,7,11,0.01178182,0.58295498000000001,0.5625
151672,151672,STAGATE,7,13,0.0060503099999999997,0.65382689999999999,0.59999999999999998
151672,151672,STAGATE,7,14,0.00162386,0.67286749000000001,0.57480315000000004
151672,151672,STAGATE,7,15,0.0081266600000000008,0.62060159000000004,0.55038759999999998
151672,151672,STAGATE,7,16,0.0053987899999999997,0.62670647999999995,0.62601625999999999
151672,151672,STAGATE,7,17,0.0065507400000000002,0.66077101000000005,0.61290323000000002
151672,151672,STAGATE,7,18,0.0068857399999999996,0.58773178000000004,0.55038759999999998
151672,151672,STAGATE,7,20,0.00253966,0.62477757,0.5625
151672,151672,STAGATE,8,12,0.0041159600000000001,0.70051651000000004,0.51515151999999997
151672,151672,STAGATE,8,14,0.0148329,0.70451174999999999,0.57480315000000004
151672,151672,STAGATE,8,15,0.0083301,0.66924340999999998,0.55038759999999998
151672,151672,STAGATE,8,16,0.01105797,0.73194683999999999,0.52671756000000003
151672,151672,STAGATE,8,17,0.0099060199999999998,0.74521135999999999,0.57480315000000004
151672,151672,STAGATE,8,18,0.0095710199999999995,0.71253754999999996,0.68067226999999997
151672,151672,STAGATE,8,20,0.0139171,0.69503548000000004,0.52671756000000003
151672,151672,STAGATE,9,10,0.0065673499999999996,0.60272289999999995,0.55038759999999998
151672,151672,STAGATE,9,11,0.0035100499999999998,0.64101991999999997,0.53846154000000002
151672,151672,STAGATE,9,13,0.0092415599999999994,0.62682826000000003,0.57480315000000004
151672,151672,STAGATE,9,14,0.01691573,0.60507847000000003,0.45985400999999998
151672,151672,STAGATE,9,19,0.0092138900000000006,0.62707570999999995,0.53846154000000002
151672,151672,STAGATE,9,20,0.017831530000000002,0.63063641999999998,0.51515151999999997
151672,151672,STAGATE,10,11,0.0030573100000000001,0.67197169999999995,0.59999999999999998
151672,151672,STAGATE,10,13,0.0026742100000000002,0.78102952000000003,0.66666667000000002
151672,151672,STAGATE,10,14,0.010348380000000001,0.72547499999999998,0.58730159000000004
151672,151672,STAGATE,10,15,0.01685118,0.65586431000000001,0.61290323000000002
151672,151672,STAGATE,10,16,0.01412331,0.74701740000000005,0.61290323000000002
151672,151672,STAGATE,10,17,0.015275260000000001,0.77538203999999999,0.69491524999999998
151672,151672,STAGATE,10,18,0.015610260000000001,0.66118573000000003,0.5625
151672,151672,STAGATE,10,19,0.015781239999999998,0.63893871999999996,0.5625
151672,151672,STAGATE,10,20,0.01126418,0.65180722999999996,0.59999999999999998
151672,151672,STAGATE,11,13,0.0057315100000000004,0.69621056999999997,0.51515151999999997
151672,151672,STAGATE,11,14,0.01340569,0.67801270000000002,0.55038759999999998
151672,151672,STAGATE,11,15,0.019908479999999999,0.69252548000000003,0.66666667000000002
151672,151672,STAGATE,11,16,0.017180609999999999,0.67140226000000003,0.5625
151672,151672,STAGATE,11,17,0.018332569999999999,0.66916966,0.48148148000000002
151672,151672,STAGATE,11,18,0.018667570000000001,0.73406550000000004,0.69491524999999998
151672,151672,STAGATE,11,19,0.01272394,0.69951180000000002,0.69491524999999998
151672,151672,STAGATE,11,20,0.014321479999999999,0.73135810000000001,0.69491524999999998
151672,151672,STAGATE,12,14,0.01894885,0.61743398999999999,0.52671756000000003
151672,151672,STAGATE,12,15,0.01244606,0.71330727999999999,0.62601625999999999
151672,151672,STAGATE,12,16,0.01517393,0.62126484000000004,0.53846154000000002
151672,151672,STAGATE,12,17,0.01402197,0.67552354000000003,0.5625
151672,151672,STAGATE,12,18,0.01368697,0.72574700000000003,0.62601625999999999
151672,151672,STAGATE,12,20,0.01803306,0.71366633999999995,0.65289255999999996
151672,151672,STAGATE,13,14,0.0076741800000000001,0.69080664000000003,0.50375939999999997
151672,151672,STAGATE,13,15,0.014176970000000001,0.62527730000000004,0.55038759999999998
151672,151672,STAGATE,13,16,0.0114491,0.78673998999999994,0.62601625999999999
151672,151672,STAGATE,13,17,0.012601060000000001,0.81383485,0.72413793000000004
151672,151672,STAGATE,13,18,0.012936059999999999,0.66847851000000003,0.5625
151672,151672,STAGATE,13,19,0.018455450000000002,0.63324579999999997,0.50375939999999997
151672,151672,STAGATE,13,20,0.0085899700000000006,0.65478586000000005,0.42857142999999998
151672,151672,STAGATE,14,15,0.0065028000000000004,0.67059955999999998,0.55038759999999998
151672,151672,STAGATE,14,16,0.0037749300000000001,0.68887852999999999,0.57480315000000004
151672,151672,STAGATE,14,17,0.0049268799999999998,0.68339839999999996,0.49253731000000001
151672,151672,STAGATE,14,18,0.00526188,0.67124379000000001,0.63934426
151672,151672,STAGATE,14,20,0.00091578999999999999,0.65227992999999995,0.57480315000000004
151672,151672,STAGATE,15,16,0.0027278699999999999,0.59604937000000002,0.52671756000000003
151672,151672,STAGATE,15,17,0.00157592,0.61279587999999996,0.5625
151672,151672,STAGATE,15,18,0.00124091,0.71341699999999997,0.69491524999999998
151672,151672,STAGATE,15,20,0.005587,0.73305231999999998,0.68067226999999997
151672,151672,STAGATE,16,17,0.0011519499999999999,0.78788475999999996,0.61290323000000002
151672,151672,STAGATE,16,18,0.0014869600000000001,0.67176714999999998,0.58730159000000004
151672,151672,STAGATE,16,20,0.0028591300000000001,0.62769684000000003,0.5625
151672,151672,STAGATE,17,18,0.00033500000000000001,0.67433898999999997,0.55038759999999998
151672,151672,STAGATE,17,20,0.0040110900000000001,0.66141002000000004,0.45985400999999998
151672,151672,STAGATE,18,20,0.0043460900000000004,0.72708430999999996,0.70940170999999996
151672,151672,SpaGCN,1,2,0.0061942500000000001,0.43118234999999999,0.47058823999999999
151672,151672,SpaGCN,1,5,0.00541203,0.46624313000000001,0.52671756000000003
151672,151672,SpaGCN,1,7,0.01460082,0.48326333999999999,0.53846154000000002
151672,151672,SpaGCN,1,9,0.01930343,0.49020531000000001,0.61290323000000002
151672,151672,SpaGCN,1,11,0.00055698,0.52152876000000004,0.61290323000000002
151672,151672,SpaGCN,1,12,0.0077545599999999998,0.50598737999999999,0.5625
151672,151672,SpaGCN,1,14,0.0087209699999999998,0.45740178999999997,0.52671756000000003
151672,151672,SpaGCN,1,17,0.01464888,0.40796136,0.50375939999999997
151672,151672,SpaGCN,1,18,0.0142985,0.43355626000000003,0.45985400999999998
151672,151672,SpaGCN,1,20,0.015807459999999999,0.45091021999999997,0.5625
151672,151672,SpaGCN,2,5,0.00078222000000000003,0.52522186000000004,0.61290323000000002
151672,151672,SpaGCN,2,7,0.0084065600000000004,0.38925270000000001,0.39860139999999999
151672,151672,SpaGCN,2,11,0.0056372799999999997,0.48547567000000003,0.53846154000000002
151672,151672,SpaGCN,2,12,0.013948820000000001,0.4719235,0.53846154000000002
151672,151672,SpaGCN,2,14,0.01491523,0.47606379999999998,0.53846154000000002
151672,151672,SpaGCN,2,18,0.0081042500000000003,0.51577821999999995,0.55038759999999998
151672,151672,SpaGCN,2,19,0.018743849999999999,0.38082764000000002,0.51515151999999997
151672,151672,SpaGCN,3,8,0.01938778,0.47664064,0.59999999999999998
151672,151672,SpaGCN,3,10,0.0073297400000000004,0.31048177999999998,0.4084507
151672,151672,SpaGCN,3,13,0.0043916900000000002,0.36569806999999999,0.44927536000000001
151672,151672,SpaGCN,3,16,0.0039316300000000002,0.36148359000000002,0.44927536000000001
151672,151672,SpaGCN,4,6,0.0020535699999999998,0.34397453,0.41843972000000001
151672,151672,SpaGCN,4,7,0.014511,0.38355582999999999,0.49253731000000001
151672,151672,SpaGCN,4,8,0.010330850000000001,0.46108911000000002,0.61290323000000002
151672,151672,SpaGCN,4,15,0.0011057199999999999,0.41664887,0.57480315000000004
151672,151672,SpaGCN,4,18,0.01481331,0.45948496,0.5625
151672,151672,SpaGCN,4,19,0.0041737099999999997,0.39053862,0.57480315000000004
151672,151672,SpaGCN,5,7,0.0091887800000000006,0.42898667000000001,0.55038759999999998
151672,151672,SpaGCN,5,11,0.0048550599999999996,0.51674803000000002,0.62601625999999999
151672,151672,SpaGCN,5,12,0.013166600000000001,0.53444504999999998,0.63934426
151672,151672,SpaGCN,5,14,0.01413301,0.49995316000000001,0.5625
151672,151672,SpaGCN,5,18,0.0088864700000000005,0.46030281000000001,0.52671756000000003
151672,151672,SpaGCN,5,19,0.01952607,0.45629477000000002,0.63934426
151672,151672,SpaGCN,6,7,0.01245743,0.43380247,0.53846154000000002
151672,151672,SpaGCN,6,8,0.01238442,0.35053053000000001,0.38888888999999999
151672,151672,SpaGCN,6,15,0.00094784999999999997,0.30224225999999998,0.36986300999999999
151672,151672,SpaGCN,6,18,0.01275974,0.39513582000000003,0.43884891999999998
151672,151672,SpaGCN,6,19,0.00212014,0.36792999999999998,0.49253731000000001
151672,151672,SpaGCN,7,11,0.01404384,0.42902405999999998,0.45985400999999998
151672,151672,SpaGCN,7,15,0.01340528,0.35254200000000002,0.4084507
151672,151672,SpaGCN,7,18,0.00030231000000000002,0.39040103999999998,0.43884891999999998
151672,151672,SpaGCN,7,19,0.010337290000000001,0.39296638,0.57480315000000004
151672,151672,SpaGCN,8,10,0.012058040000000001,0.36575991000000002,0.45985400999999998
151672,151672,SpaGCN,8,13,0.01499608,0.40089308000000001,0.38888888999999999
151672,151672,SpaGCN,8,15,0.01143657,0.42562895000000001,0.5625
151672,151672,SpaGCN,8,16,0.01545614,0.37837960999999998,0.4084507
151672,151672,SpaGCN,8,19,0.01450456,0.43403121,0.47058823999999999
151672,151672,SpaGCN,9,11,0.0198604,0.43373413,0.52671756000000003
151672,151672,SpaGCN,9,12,0.011548869999999999,0.51759052999999999,0.62601625999999999
151672,151672,SpaGCN,9,14,0.01058245,0.44759052999999999,0.52671756000000003
151672,151672,SpaGCN,9,17,0.0046545500000000004,0.38058384000000001,0.38888888999999999
151672,151672,SpaGCN,9,20,0.0034959700000000002,0.50203907999999997,0.57480315000000004
151672,151672,SpaGCN,10,13,0.0029380500000000002,0.29793151000000001,0.37931034000000002
151672,151672,SpaGCN,10,16,0.0033981100000000002,0.39045467,0.44927536000000001
151672,151672,SpaGCN,11,12,0.0083115399999999992,0.47603518,0.5625
151672,151672,SpaGCN,11,14,0.0092779500000000001,0.42478412999999998,0.44927536000000001
151672,151672,SpaGCN,11,17,0.01520585,0.51807550000000002,0.61290323000000002
151672,151672,SpaGCN,11,18,0.01374153,0.48593607,0.48148148000000002
151672,151672,SpaGCN,11,20,0.016364440000000001,0.4492932,0.55038759999999998
151672,151672,SpaGCN,12,14,0.00096641000000000001,0.52880115000000005,0.59999999999999998
151672,151672,SpaGCN,12,17,0.0068943199999999998,0.38125662999999999,0.35135135000000001
151672,151672,SpaGCN,12,20,0.0080529,0.59441007000000001,0.70940170999999996
151672,151672,SpaGCN,13,16,0.00046005999999999998,0.32198032999999998,0.41843972000000001
151672,151672,SpaGCN,14,17,0.0059278999999999998,0.39823708000000002,0.36054422000000003
151672,151672,SpaGCN,14,20,0.00708649,0.53256245000000002,0.62601625999999999
151672,151672,SpaGCN,15,18,0.01370759,0.39644500999999999,0.50375939999999997
151672,151672,SpaGCN,15,19,0.00306799,0.36160325999999998,0.49253731000000001
151672,151672,SpaGCN,17,20,0.00115858,0.39937950999999999,0.4084507
151672,151672,SpaGCN,18,19,0.010639600000000001,0.39255414999999999,0.52671756000000003
151672,151672,BANKSY,1,3,0.00574692,0.82505443000000001,0.57480315000000004
151672,151672,BANKSY,1,5,0.012473420000000001,0.83393379999999995,0.76991149999999997
151672,151672,BANKSY,1,8,0.017002699999999999,0.90601918000000004,0.78571429000000004
151672,151672,BANKSY,1,10,0.018476070000000001,0.90589872999999999,0.78571429000000004
151672,151672,BANKSY,1,13,0.01689935,0.90447622000000005,0.76991149999999997
151672,151672,BANKSY,1,14,0.01658517,0.90387832999999995,0.76991149999999997
151672,151672,BANKSY,3,5,0.0067264999999999998,0.92369519,0.61290323000000002
151672,151672,BANKSY,3,7,0.014785400000000001,0.86665813999999997,0.58730159000000004
151672,151672,BANKSY,3,8,0.01125578,0.87167781,0.58730159000000004
151672,151672,BANKSY,3,10,0.01272915,0.86797617999999999,0.57480315000000004
151672,151672,BANKSY,3,11,0.017911949999999999,0.84020335000000002,0.55038759999999998
151672,151672,BANKSY,3,13,0.01115244,0.87391498000000001,0.58730159000000004
151672,151672,BANKSY,3,14,0.010838250000000001,0.87354743999999995,0.59999999999999998
151672,151672,BANKSY,3,15,0.018748190000000001,0.85755548999999998,0.76991149999999997
151672,151672,BANKSY,3,17,0.015010920000000001,0.86435817999999998,0.57480315000000004
151672,151672,BANKSY,3,18,0.01439496,0.868448,0.58730159000000004
151672,151672,BANKSY,5,7,0.0080589000000000008,0.84559881999999997,0.57480315000000004
151672,151672,BANKSY,5,8,0.0045292800000000001,0.83663971000000004,0.57480315000000004
151672,151672,BANKSY,5,10,0.00600265,0.83581839999999996,0.5625
151672,151672,BANKSY,5,11,0.01118545,0.83112507000000002,0.57480315000000004
151672,151672,BANKSY,5,13,0.0044259399999999997,0.83712304000000004,0.57480315000000004
151672,151672,BANKSY,5,14,0.00411175,0.83562102999999999,0.58730159000000004
151672,151672,BANKSY,5,15,0.01202169,0.90917627000000001,0.68067226999999997
151672,151672,BANKSY,5,17,0.0082844200000000007,0.84711108000000002,0.5625
151672,151672,BANKSY,5,18,0.0076684600000000002,0.84396514,0.57480315000000004
151672,151672,BANKSY,5,19,0.016440590000000001,0.87218640999999997,0.58730159000000004
151672,151672,BANKSY,5,20,0.013720980000000001,0.90494925999999998,0.81818181999999995
151672,151672,BANKSY,7,8,0.0035296199999999998,0.98853884999999997,0.94174756999999998
151672,151672,BANKSY,7,10,0.0020562499999999999,0.98472340000000003,0.92307691999999997
151672,151672,BANKSY,7,11,0.0031265500000000001,0.96107931000000002,0.76991149999999997
151672,151672,BANKSY,7,13,0.0036329700000000001,0.98637821000000003,0.92307691999999997
151672,151672,BANKSY,7,14,0.00394715,0.98473566000000001,0.92307691999999997
151672,151672,BANKSY,7,15,0.0039627899999999999,0.77906509999999995,0.63934426
151672,151672,BANKSY,7,17,0.00022552,0.99656239999999996,1
151672,151672,BANKSY,7,18,0.00039044999999999998,0.99814749000000003,1
151672,151672,BANKSY,7,19,0.0083816900000000007,0.84072440000000004,0.66666667000000002
151672,151672,BANKSY,7,20,0.00566207,0.85714827000000005,0.85185184999999997
151672,151672,BANKSY,8,10,0.0014733700000000001,0.99364425999999995,0.94174756999999998
151672,151672,BANKSY,8,11,0.0066561700000000003,0.95362128000000002,0.75438596000000002
151672,151672,BANKSY,8,13,0.00010334,0.99434644999999999,0.92307691999999997
151672,151672,BANKSY,8,14,0.00041753,0.99373712000000003,0.92307691999999997
151672,151672,BANKSY,8,15,0.0074924099999999997,0.77019926000000005,0.63934426
151672,151672,BANKSY,8,17,0.0037551400000000001,0.98512005999999996,0.94174756999999998
151672,151672,BANKSY,8,18,0.0031391800000000001,0.99036858999999999,0.94174756999999998
151672,151672,BANKSY,8,19,0.01191131,0.83233109999999999,0.66666667000000002
151672,151672,BANKSY,8,20,0.0091917000000000006,0.84676260000000003,0.83486238999999995
151672,151672,BANKSY,10,11,0.0051828000000000004,0.95675765999999995,0.78571429000000004
151672,151672,BANKSY,10,13,0.00157672,0.99144049000000001,0.90476190000000001
151672,151672,BANKSY,10,14,0.0018909,0.99083164999999995,0.90476190000000001
151672,151672,BANKSY,10,15,0.0060190399999999998,0.76888071000000002,0.65289255999999996
151672,151672,BANKSY,10,17,0.0022817699999999998,0.98131117999999995,0.92307691999999997
151672,151672,BANKSY,10,18,0.0016658,0.98655325000000005,0.90476190000000001
151672,151672,BANKSY,10,19,0.01043794,0.83043027000000003,0.63934426
151672,151672,BANKSY,10,20,0.0077183199999999999,0.84405942,0.83486238999999995
151672,151672,BANKSY,11,13,0.0067595099999999998,0.95031805999999996,0.75438596000000002
151672,151672,BANKSY,11,14,0.0070736999999999996,0.94972414999999999,0.75438596000000002
151672,151672,BANKSY,11,15,0.00083624000000000003,0.76466948999999995,0.5625
151672,151672,BANKSY,11,17,0.0029010300000000002,0.95892045999999997,0.76991149999999997
151672,151672,BANKSY,11,18,0.0035169899999999998,0.95925791000000005,0.76991149999999997
151672,151672,BANKSY,11,19,0.0052551400000000002,0.81823917999999995,0.61290323000000002
151672,151672,BANKSY,11,20,0.0025355299999999998,0.83939034000000001,0.75438596000000002
151672,151672,BANKSY,12,16,0.017638560000000001,0.87360344000000001,0.51515151999999997
151672,151672,BANKSY,13,14,0.00031419,0.99834418999999996,1
151672,151672,BANKSY,13,15,0.00759576,0.77021735000000002,0.65289255999999996
151672,151672,BANKSY,13,17,0.0038584800000000001,0.98295924000000001,0.90476190000000001
151672,151672,BANKSY,13,18,0.00324252,0.98820277999999995,0.90476190000000001
151672,151672,BANKSY,13,19,0.01201466,0.83139527999999996,0.72413793000000004
151672,151672,BANKSY,13,20,0.0092950399999999992,0.84506245999999996,0.83486238999999995
151672,151672,BANKSY,14,15,0.0079099400000000007,0.76878873999999997,0.65289255999999996
151672,151672,BANKSY,14,17,0.0041726699999999999,0.98132069,0.90476190000000001
151672,151672,BANKSY,14,18,0.0035567099999999998,0.98655839999999995,0.90476190000000001
151672,151672,BANKSY,14,19,0.012328840000000001,0.82990176000000004,0.72413793000000004
151672,151672,BANKSY,14,20,0.0096092299999999999,0.84354907000000001,0.83486238999999995
151672,151672,BANKSY,15,17,0.00373727,0.78050540000000002,0.63934426
151672,151672,BANKSY,15,18,0.0043532400000000004,0.77752341999999997,0.63934426
151672,151672,BANKSY,15,19,0.0044188999999999999,0.89858936,0.76991149999999997
151672,151672,BANKSY,15,20,0.0016992800000000001,0.90558859999999997,0.69491524999999998
151672,151672,BANKSY,17,18,0.00061596000000000003,0.99471282999999999,1
151672,151672,BANKSY,17,19,0.0081561700000000008,0.84387374000000004,0.66666667000000002
151672,151672,BANKSY,17,20,0.00543656,0.86033194999999996,0.83486238999999995
151672,151672,BANKSY,18,19,0.0087721399999999995,0.83903463,0.66666667000000002
151672,151672,BANKSY,18,20,0.0060525199999999996,0.85546436000000003,0.83486238999999995
151672,151672,BANKSY,19,20,0.0027196199999999999,0.95110627999999997,0.83486238999999995
151672,151672,SEDR,1,2,0.01269197224,0.82859260089999998,0.6949152542
151672,151672,SEDR,1,7,0.01993569475,0.80166538590000003,0.78571428570000001
151672,151672,SEDR,1,14,0.0078943842530000002,0.81802029529999998,0.75438596489999998
151672,151672,SEDR,1,18,0.01886847753,0.73803263699999999,0.73913043479999996
151672,151672,SEDR,1,19,0.01043294581,0.81429251589999996,0.78571428570000001
151672,151672,SEDR,2,14,0.0047975879840000003,0.82535041519999996,0.78571428570000001
151672,151672,SEDR,3,4,0.011520623089999999,0.79037872509999996,0.75438596489999998
151672,151672,SEDR,3,5,0.00052960872609999999,0.81436161269999996,0.75438596489999998
151672,151672,SEDR,3,6,0.0037281737050000002,0.79675031929999995,0.75438596489999998
151672,151672,SEDR,3,7,0.0039236257039999998,0.78264557589999995,0.75438596489999998
151672,151672,SEDR,3,8,0.017423478499999999,0.66388583859999994,0.72413793100000001
151672,151672,SEDR,3,13,0.01297449581,0.69913274849999996,0.73913043479999996
151672,151672,SEDR,3,15,0.0020399368909999999,0.63810048399999997,0.70940170940000002
151672,151672,SEDR,3,16,0.01281968482,0.7816889454,0.78571428570000001
151672,151672,SEDR,3,18,0.0049908429240000003,0.72193353950000005,0.80180180180000005
151672,151672,SEDR,3,19,0.013426374640000001,0.78751741139999998,0.78571428570000001
151672,151672,SEDR,4,5,0.01099101437,0.826531393,0.75438596489999998
151672,151672,SEDR,4,6,0.0077924493880000001,0.86940707500000003,0.83486238530000001
151672,151672,SEDR,4,7,0.015444248799999999,0.87012770910000004,0.83486238530000001
151672,151672,SEDR,4,8,0.0059028554040000004,0.6708861666,0.7699115044
151672,151672,SEDR,4,13,0.0014538727160000001,0.78631811309999999,0.75438596489999998
151672,151672,SEDR,4,15,0.009480686201,0.65128128919999995,0.66666666669999997
151672,151672,SEDR,4,16,0.0012990617279999999,0.84380593370000001,0.80180180180000005
151672,151672,SEDR,4,18,0.016511466020000001,0.79431159959999997,0.80180180180000005
151672,151672,SEDR,5,6,0.0031985649780000001,0.81486152249999999,0.78571428570000001
151672,151672,SEDR,5,7,0.0044532344309999999,0.82157725670000004,0.78571428570000001
151672,151672,SEDR,5,8,0.01689386977,0.66565818379999997,0.75438596489999998
151672,151672,SEDR,5,13,0.01244488708,0.71476081840000005,0.73913043479999996
151672,151672,SEDR,5,15,0.001510328165,0.66701444720000003,0.72413793100000001
151672,151672,SEDR,5,16,0.012290076089999999,0.79119422630000003,0.7699115044
151672,151672,SEDR,5,18,0.00552045165,0.7340614084,0.78571428570000001
151672,151672,SEDR,5,19,0.01395598336,0.84124218910000004,0.83486238530000001
151672,151672,SEDR,6,7,0.0076517994089999996,0.83692388669999995,0.80180180180000005
151672,151672,SEDR,6,8,0.01369530479,0.67621308899999999,0.7699115044
151672,151672,SEDR,6,13,0.0092463221030000004,0.78570678679999995,0.78571428570000001
151672,151672,SEDR,6,15,0.0016882368140000001,0.67971974140000002,0.66666666669999997
151672,151672,SEDR,6,16,0.0090915111159999996,0.8386784867,0.81818181820000002
151672,151672,SEDR,6,18,0.0087190166289999992,0.80559918149999998,0.78571428570000001
151672,151672,SEDR,6,19,0.017154548339999999,0.80815610230000001,0.78571428570000001
151672,151672,SEDR,7,13,0.016898121509999999,0.81257030600000002,0.7699115044
151672,151672,SEDR,7,15,0.0059635625950000002,0.65476300759999995,0.68067226889999999
151672,151672,SEDR,7,16,0.016743310519999999,0.81494490080000004,0.81818181820000002
151672,151672,SEDR,7,18,0.0010672172200000001,0.81107197239999995,0.80180180180000005
151672,151672,SEDR,7,19,0.0095027489330000003,0.82294734970000005,0.81818181820000002
151672,151672,SEDR,8,13,0.0044489826879999996,0.6994897752,0.73913043479999996
151672,151672,SEDR,8,15,0.015383541610000001,0.70187451420000002,0.75438596489999998
151672,151672,SEDR,8,16,0.004603793676,0.6522507823,0.70940170940000002
151672,151672,SEDR,9,17,0.01329844862,0.68580782740000001,0.61290322580000001
151672,151672,SEDR,10,11,0.0069890241049999999,0.63961690839999996,0.62601626020000001
151672,151672,SEDR,10,12,0.011641889880000001,0.67123178400000005,0.78571428570000001
151672,151672,SEDR,10,17,0.016837475729999999,0.61859591110000001,0.62601626020000001
151672,151672,SEDR,10,20,0.0090598935510000003,0.83612130890000003,0.7699115044
151672,151672,SEDR,11,12,0.0046528657720000003,0.76652887889999999,0.73913043479999996
151672,151672,SEDR,11,20,0.0020708694459999999,0.66589864480000005,0.63934426229999997
151672,151672,SEDR,12,20,0.002581996326,0.67191467100000002,0.75438596489999998
151672,151672,SEDR,13,15,0.01093455892,0.6278887111,0.61290322580000001
151672,151672,SEDR,13,16,0.0001548109875,0.78202139159999995,0.73913043479999996
151672,151672,SEDR,13,18,0.017965338729999999,0.83542687819999994,0.7699115044
151672,151672,SEDR,14,19,0.018327330060000001,0.82418191240000005,0.78571428570000001
151672,151672,SEDR,15,16,0.01077974793,0.6593673766,0.6949152542
151672,151672,SEDR,15,18,0.0070307798149999998,0.69554463929999999,0.6949152542
151672,151672,SEDR,15,19,0.01546631153,0.67471143899999997,0.6949152542
151672,151672,SEDR,16,18,0.017810527739999998,0.75808527000000003,0.80180180180000005
151672,151672,SEDR,18,19,0.0084355317130000006,0.75890185349999995,0.7699115044
151673,151673,GraphST,1,2,0.0068445199999999998,0.63065669000000002,0.73913043
151673,151673,GraphST,1,5,0.019788819999999999,0.56700704000000002,0.68067226999999997
151673,151673,GraphST,1,6,0.0049665600000000001,0.65003624000000004,0.76991149999999997
151673,151673,GraphST,1,7,0.0068814799999999997,0.63252366999999998,0.76991149999999997
151673,151673,GraphST,1,9,0.0074282699999999998,0.63136020999999998,0.75438596000000002
151673,151673,GraphST,1,10,0.01741316,0.59244810999999997,0.68067226999999997
151673,151673,GraphST,1,11,0.018753329999999999,0.64926718999999999,0.81818181999999995
151673,151673,GraphST,1,12,0.01493185,0.67568695000000001,0.80180180000000001
151673,151673,GraphST,1,14,0.014442399999999999,0.65910442999999996,0.78571429000000004
151673,151673,GraphST,1,15,0.0033188499999999999,0.62494470000000002,0.73913043
151673,151673,GraphST,1,16,0.00053711000000000004,0.63270806000000002,0.75438596000000002
151673,151673,GraphST,1,17,0.01325721,0.62073400999999995,0.75438596000000002
151673,151673,GraphST,1,18,0.0030008399999999998,0.62172996000000003,0.75438596000000002
151673,151673,GraphST,1,19,0.00842971,0.61006769000000005,0.75438596000000002
151673,151673,GraphST,1,20,0.01796501,0.57554927,0.68067226999999997
151673,151673,GraphST,2,4,0.016348129999999999,0.57178083000000002,0.69491524999999998
151673,151673,GraphST,2,5,0.012944300000000001,0.60900887000000004,0.72413793000000004
151673,151673,GraphST,2,6,0.01181108,0.67707883999999996,0.78571429000000004
151673,151673,GraphST,2,7,3.6959999999999998e-05,0.65043295000000001,0.73913043
151673,151673,GraphST,2,8,0.016559219999999999,0.57760347999999995,0.69491524999999998
151673,151673,GraphST,2,9,0.00058374999999999996,0.65191465999999998,0.72413793000000004
151673,151673,GraphST,2,10,0.010568640000000001,0.60136385000000003,0.66666667000000002
151673,151673,GraphST,2,12,0.0080873300000000002,0.66136223999999999,0.75438596000000002
151673,151673,GraphST,2,14,0.0075978800000000004,0.63653623999999998,0.73913043
151673,151673,GraphST,2,15,0.0035256699999999998,0.68468404000000005,0.75438596000000002
151673,151673,GraphST,2,16,0.0063074100000000003,0.66624377999999995,0.78571429000000004
151673,151673,GraphST,2,17,0.0064126900000000004,0.66475664999999995,0.73913043
151673,151673,GraphST,2,18,0.0098453599999999992,0.62589030999999995,0.78571429000000004
151673,151673,GraphST,2,19,0.00158519,0.6312719,0.78571429000000004
151673,151673,GraphST,2,20,0.01112049,0.62773595999999998,0.73913043
151673,151673,GraphST,3,4,0.0053499799999999998,0.56520753999999995,0.70940170999999996
151673,151673,GraphST,3,5,0.0087538100000000008,0.60492409000000003,0.73913043
151673,151673,GraphST,3,8,0.0051388900000000001,0.54565671999999998,0.68067226999999997
151673,151673,GraphST,3,10,0.011129470000000001,0.55675182999999995,0.66666667000000002
151673,151673,GraphST,3,12,0.013610779999999999,0.56514025000000001,0.68067226999999997
151673,151673,GraphST,3,13,0.0062797800000000004,0.56558286000000002,0.70940170999999996
151673,151673,GraphST,3,14,0.01410023,0.55844656000000004,0.65289255999999996
151673,151673,GraphST,3,17,0.015285419999999999,0.58095521999999999,0.69491524999999998
151673,151673,GraphST,3,20,0.010577619999999999,0.58577374000000004,0.69491524999999998
151673,151673,GraphST,4,5,0.0034038300000000001,0.59939237999999995,0.69491524999999998
151673,151673,GraphST,4,7,0.016311180000000002,0.57577619999999996,0.76991149999999997
151673,151673,GraphST,4,8,0.00021109000000000001,0.53089531999999995,0.69491524999999998
151673,151673,GraphST,4,9,0.015764380000000001,0.56125873999999998,0.70940170999999996
151673,151673,GraphST,4,10,0.00577949,0.60114732999999998,0.70940170999999996
151673,151673,GraphST,4,12,0.0082608100000000004,0.56752692000000005,0.68067226999999997
151673,151673,GraphST,4,13,0.011629759999999999,0.52567299999999995,0.72413793000000004
151673,151673,GraphST,4,14,0.0087502599999999993,0.54567794000000003,0.75438596000000002
151673,151673,GraphST,4,15,0.019873809999999999,0.58084051999999997,0.78571429000000004
151673,151673,GraphST,4,17,0.0099354400000000002,0.59097580000000005,0.76991149999999997
151673,151673,GraphST,4,19,0.01476294,0.56797743999999994,0.78571429000000004
151673,151673,GraphST,4,20,0.0052276500000000004,0.59624348999999999,0.78571429000000004
151673,151673,GraphST,5,7,0.01290734,0.61104250000000004,0.73913043
151673,151673,GraphST,5,8,0.0036149200000000002,0.57062942000000005,0.72413793000000004
151673,151673,GraphST,5,9,0.01236055,0.61370681000000005,0.72413793000000004
151673,151673,GraphST,5,10,0.0023756599999999999,0.60800737999999999,0.68067226999999997
151673,151673,GraphST,5,12,0.0048569800000000003,0.58668286999999997,0.70940170999999996
151673,151673,GraphST,5,13,0.015033589999999999,0.55817112999999996,0.70940170999999996
151673,151673,GraphST,5,14,0.0053464200000000002,0.58603945000000002,0.72413793000000004
151673,151673,GraphST,5,15,0.016469979999999999,0.62198644000000003,0.78571429000000004
151673,151673,GraphST,5,16,0.019251709999999998,0.63021123000000001,0.75438596000000002
151673,151673,GraphST,5,17,0.0065316100000000002,0.60563003999999998,0.75438596000000002
151673,151673,GraphST,5,19,0.01135911,0.59662263000000004,0.72413793000000004
151673,151673,GraphST,5,20,0.0018238200000000001,0.64714749999999999,0.78571429000000004
151673,151673,GraphST,6,7,0.011848030000000001,0.67339693,0.81818181999999995
151673,151673,GraphST,6,9,0.012394830000000001,0.68114295999999996,0.80180180000000001
151673,151673,GraphST,6,11,0.01378677,0.65516352,0.76991149999999997
151673,151673,GraphST,6,12,0.0198984,0.65375883999999995,0.75438596000000002
151673,151673,GraphST,6,14,0.019408950000000001,0.65896642999999999,0.80180180000000001
151673,151673,GraphST,6,15,0.0082854000000000001,0.67557535999999996,0.80180180000000001
151673,151673,GraphST,6,16,0.0055036699999999996,0.67053099000000005,0.78571429000000004
151673,151673,GraphST,6,17,0.01822377,0.68343772000000003,0.83486238999999995
151673,151673,GraphST,6,18,0.0019657199999999998,0.65370046999999998,0.76991149999999997
151673,151673,GraphST,6,19,0.01339627,0.63919663000000004,0.81818181999999995
151673,151673,GraphST,7,8,0.01652226,0.58047572000000003,0.70940170999999996
151673,151673,GraphST,7,9,0.00054679000000000001,0.67310276000000002,0.78571429000000004
151673,151673,GraphST,7,10,0.01053169,0.60376695000000002,0.73913043
151673,151673,GraphST,7,12,0.0080503699999999994,0.65848620000000002,0.76991149999999997
151673,151673,GraphST,7,14,0.0075609199999999996,0.64579229999999999,0.78571429000000004
151673,151673,GraphST,7,15,0.0035626299999999998,0.67516975999999995,0.78571429000000004
151673,151673,GraphST,7,16,0.0063443600000000003,0.66481911999999999,0.76991149999999997
151673,151673,GraphST,7,17,0.0063757299999999996,0.65825692000000002,0.83486238999999995
151673,151673,GraphST,7,18,0.0098823100000000001,0.62570112,0.78571429000000004
151673,151673,GraphST,7,19,0.00154823,0.61888087000000003,0.76991149999999997
151673,151673,GraphST,7,20,0.011083529999999999,0.62279335000000002,0.76991149999999997
151673,151673,GraphST,8,9,0.015975469999999999,0.58457444000000003,0.70940170999999996
151673,151673,GraphST,8,10,0.0059905799999999997,0.54194158000000003,0.65289255999999996
151673,151673,GraphST,8,12,0.0084718899999999993,0.59001782999999997,0.68067226999999997
151673,151673,GraphST,8,13,0.011418670000000001,0.51345642999999996,0.65289255999999996
151673,151673,GraphST,8,14,0.0089613399999999999,0.55819196000000004,0.72413793000000004
151673,151673,GraphST,8,17,0.010146530000000001,0.55174082999999996,0.72413793000000004
151673,151673,GraphST,8,19,0.014974029999999999,0.54507852999999995,0.76991149999999997
151673,151673,GraphST,8,20,0.0054387300000000001,0.57765211000000005,0.70940170999999996
151673,151673,GraphST,9,10,0.0099848899999999997,0.59291919000000004,0.70940170999999996
151673,151673,GraphST,9,12,0.0075035700000000002,0.6489393,0.73913043
151673,151673,GraphST,9,14,0.0070141300000000004,0.62988098000000003,0.76991149999999997
151673,151673,GraphST,9,15,0.0041094299999999999,0.67788965999999995,0.80180180000000001
151673,151673,GraphST,9,16,0.0068911600000000003,0.65340631999999998,0.73913043
151673,151673,GraphST,9,17,0.0058289400000000003,0.66328682999999999,0.78571429000000004
151673,151673,GraphST,9,18,0.01042911,0.62778714999999996,0.76991149999999997
151673,151673,GraphST,9,19,0.0010014399999999999,0.61619588000000003,0.75438596000000002
151673,151673,GraphST,9,20,0.010536739999999999,0.61185685000000001,0.75438596000000002
151673,151673,GraphST,10,12,0.00248132,0.62620089999999995,0.69491524999999998
151673,151673,GraphST,10,13,0.017409250000000001,0.52175579000000005,0.66666667000000002
151673,151673,GraphST,10,14,0.0029707700000000002,0.61357828000000003,0.73913043
151673,151673,GraphST,10,15,0.01409432,0.60893151999999995,0.73913043
151673,151673,GraphST,10,16,0.01687605,0.61286273999999996,0.72413793000000004
151673,151673,GraphST,10,17,0.0041559500000000003,0.63053711999999995,0.73913043
151673,151673,GraphST,10,19,0.0089834500000000005,0.57995792000000002,0.70940170999999996
151673,151673,GraphST,10,20,0.00055183999999999995,0.60683160999999997,0.72413793000000004
151673,151673,GraphST,11,16,0.019290439999999999,0.61000273000000005,0.76991149999999997
151673,151673,GraphST,11,18,0.015752499999999999,0.61781311000000005,0.75438596000000002
151673,151673,GraphST,12,13,0.01989057,0.51880342999999995,0.68067226999999997
151673,151673,GraphST,12,14,0.00048945,0.67183150999999997,0.75438596000000002
151673,151673,GraphST,12,15,0.011613,0.65296376,0.75438596000000002
151673,151673,GraphST,12,16,0.01439473,0.65911584999999995,0.78571429000000004
151673,151673,GraphST,12,17,0.0016746300000000001,0.65095088999999995,0.76991149999999997
151673,151673,GraphST,12,18,0.017932679999999999,0.62031990000000004,0.76991149999999997
151673,151673,GraphST,12,19,0.0065021300000000001,0.63072569000000001,0.73913043
151673,151673,GraphST,12,20,0.00303316,0.60829515000000001,0.70940170999999996
151673,151673,GraphST,13,20,0.01685741,0.58070109000000003,0.75438596000000002
151673,151673,GraphST,14,15,0.011123549999999999,0.63547195000000001,0.81818181999999995
151673,151673,GraphST,14,16,0.013905280000000001,0.65201620999999998,0.80180180000000001
151673,151673,GraphST,14,17,0.00118519,0.65241822000000005,0.76991149999999997
151673,151673,GraphST,14,18,0.017443230000000001,0.61874713999999997,0.80180180000000001
151673,151673,GraphST,14,19,0.0060126900000000002,0.60612940999999998,0.76991149999999997
151673,151673,GraphST,14,20,0.0035226099999999998,0.57544682999999996,0.73913043
151673,151673,GraphST,15,16,0.0027817300000000001,0.67408705999999996,0.83486238999999995
151673,151673,GraphST,15,17,0.0099383700000000002,0.65617773000000001,0.78571429000000004
151673,151673,GraphST,15,18,0.0063196800000000003,0.63226952000000003,0.76991149999999997
151673,151673,GraphST,15,19,0.00511087,0.63395692000000003,0.80180180000000001
151673,151673,GraphST,15,20,0.01464616,0.62113693999999997,0.78571429000000004
151673,151673,GraphST,16,17,0.0127201,0.67154678999999995,0.78571429000000004
151673,151673,GraphST,16,18,0.0035379500000000002,0.63041729999999996,0.76991149999999997
151673,151673,GraphST,16,19,0.0078925999999999996,0.64093714999999996,0.78571429000000004
151673,151673,GraphST,16,20,0.017427890000000001,0.61951652000000001,0.75438596000000002
151673,151673,GraphST,17,18,0.01625805,0.63636448999999995,0.73913043
151673,151673,GraphST,17,19,0.0048275000000000002,0.63417031000000001,0.81818181999999995
151673,151673,GraphST,17,20,0.0047077899999999999,0.61461089999999996,0.80180180000000001
151673,151673,GraphST,18,19,0.011430549999999999,0.62033601000000005,0.76991149999999997
151673,151673,GraphST,19,20,0.0095352900000000001,0.58429869999999995,0.83486238999999995
151673,151673,STAGATE,1,5,0.017519920000000001,0.49046004999999998,0.68067226999999997
151673,151673,STAGATE,1,6,0.018019,0.46715063000000001,0.70940170999999996
151673,151673,STAGATE,1,9,0.017157160000000001,0.48210617,0.72413793000000004
151673,151673,STAGATE,1,10,0.018314790000000001,0.53836333000000003,0.73913043
151673,151673,STAGATE,1,12,0.011463920000000001,0.47975090999999997,0.70940170999999996
151673,151673,STAGATE,1,13,0.0059757100000000004,0.52557796000000001,0.75438596000000002
151673,151673,STAGATE,1,14,0.01248168,0.49038309000000002,0.69491524999999998
151673,151673,STAGATE,1,15,0.01081434,0.59504648999999998,0.75438596000000002
151673,151673,STAGATE,1,19,0.0133195,0.56498945,0.70940170999999996
151673,151673,STAGATE,1,20,0.0065128199999999999,0.59474161999999997,0.66666667000000002
151673,151673,STAGATE,2,3,0.0172672,0.72426614,0.73913043
151673,151673,STAGATE,2,4,0.010788809999999999,0.75136473000000004,0.80180180000000001
151673,151673,STAGATE,2,7,0.0055186499999999999,0.70636986999999996,0.75438596000000002
151673,151673,STAGATE,2,10,0.0081257499999999993,0.72991801000000001,0.78571429000000004
151673,151673,STAGATE,2,11,0.00020158,0.71958999999999995,0.76991149999999997
151673,151673,STAGATE,2,14,0.01395885,0.70205079999999997,0.78571429000000004
151673,151673,STAGATE,2,15,0.015626190000000002,0.69957712000000005,0.78571429000000004
151673,151673,STAGATE,2,17,0.01181362,0.74716019,0.83486238999999995
151673,151673,STAGATE,2,19,0.01312104,0.69226768999999999,0.75438596000000002
151673,151673,STAGATE,3,4,0.0064783899999999997,0.75405833,0.78571429000000004
151673,151673,STAGATE,3,11,0.01706562,0.75818770999999996,0.85185184999999997
151673,151673,STAGATE,3,17,0.0054535800000000004,0.72796123999999995,0.75438596000000002
151673,151673,STAGATE,3,18,0.0048391399999999996,0.73585449000000003,0.76991149999999997
151673,151673,STAGATE,4,7,0.016307459999999999,0.73097984000000005,0.80180180000000001
151673,151673,STAGATE,4,10,0.01891456,0.75755742999999998,0.78571429000000004
151673,151673,STAGATE,4,11,0.01058722,0.76015880000000002,0.78571429000000004
151673,151673,STAGATE,4,17,0.0010248099999999999,0.7780262,0.85185184999999997
151673,151673,STAGATE,4,18,0.011317539999999999,0.76762123999999998,0.83486238999999995
151673,151673,STAGATE,5,6,0.00049908000000000005,0.70493349999999999,0.85185184999999997
151673,151673,STAGATE,5,8,0.0065237400000000001,0.44922535000000002,0.63934426
151673,151673,STAGATE,5,9,0.00036276,0.73290573999999997,0.80180180000000001
151673,151673,STAGATE,5,12,0.0060560099999999997,0.75158632000000003,0.81818181999999995
151673,151673,STAGATE,5,16,0.012012170000000001,0.68346143999999998,0.72413793000000004
151673,151673,STAGATE,5,20,0.011007110000000001,0.62794017999999996,0.73913043
151673,151673,STAGATE,6,8,0.0060246600000000003,0.45033542999999998,0.59999999999999998
151673,151673,STAGATE,6,9,0.00086184,0.73267009999999999,0.78571429000000004
151673,151673,STAGATE,6,12,0.0065550900000000004,0.72926913999999998,0.83486238999999995
151673,151673,STAGATE,6,16,0.01151309,0.65903924999999997,0.72413793000000004
151673,151673,STAGATE,6,20,0.011506189999999999,0.61393887999999996,0.73913043
151673,151673,STAGATE,7,10,0.0026071000000000002,0.72048882999999997,0.78571429000000004
151673,151673,STAGATE,7,11,0.0057202299999999998,0.71393541000000005,0.80180180000000001
151673,151673,STAGATE,7,13,0.01494618,0.73070774999999999,0.76991149999999997
151673,151673,STAGATE,7,14,0.0084402000000000001,0.70784658,0.75438596000000002
151673,151673,STAGATE,7,15,0.01010754,0.72065398999999997,0.78571429000000004
151673,151673,STAGATE,7,17,0.01733227,0.73223161000000003,0.78571429000000004
151673,151673,STAGATE,7,19,0.0076023899999999997,0.74931252000000004,0.78571429000000004
151673,151673,STAGATE,8,9,0.0068865000000000003,0.44938461000000002,0.59999999999999998
151673,151673,STAGATE,8,12,0.012579740000000001,0.44229774999999999,0.65289255999999996
151673,151673,STAGATE,8,16,0.0054884299999999999,0.41349686000000002,0.55038759999999998
151673,151673,STAGATE,8,20,0.017530839999999999,0.48208205999999998,0.66666667000000002
151673,151673,STAGATE,9,12,0.0056932500000000004,0.76419265999999997,0.83486238999999995
151673,151673,STAGATE,9,16,0.012374929999999999,0.67990103000000002,0.75438596000000002
151673,151673,STAGATE,9,20,0.01064435,0.62912071000000003,0.70940170999999996
151673,151673,STAGATE,10,11,0.0083273300000000008,0.74001455999999999,0.78571429000000004
151673,151673,STAGATE,10,13,0.012339080000000001,0.73054379000000003,0.76991149999999997
151673,151673,STAGATE,10,14,0.0058330999999999999,0.73547839999999998,0.78571429000000004
151673,151673,STAGATE,10,15,0.0075004499999999997,0.70974362000000002,0.80180180000000001
151673,151673,STAGATE,10,17,0.019939370000000001,0.74053314000000003,0.81818181999999995
151673,151673,STAGATE,10,19,0.0049952900000000003,0.71697047000000003,0.76991149999999997
151673,151673,STAGATE,11,14,0.01416044,0.68007247999999998,0.76991149999999997
151673,151673,STAGATE,11,15,0.01582778,0.74552567000000003,0.81818181999999995
151673,151673,STAGATE,11,17,0.011612030000000001,0.73153939999999995,0.85185184999999997
151673,151673,STAGATE,11,19,0.01332262,0.74265329000000002,0.78571429000000004
151673,151673,STAGATE,12,13,0.017439630000000001,0.71513234000000003,0.75438596000000002
151673,151673,STAGATE,12,16,0.01806818,0.67330953999999998,0.72413793000000004
151673,151673,STAGATE,12,20,0.0049510999999999999,0.62705327,0.73913043
151673,151673,STAGATE,13,14,0.0065059699999999998,0.71052521999999996,0.78571429000000004
151673,151673,STAGATE,13,15,0.00483863,0.71775467999999998,0.78571429000000004
151673,151673,STAGATE,13,19,0.0073437900000000002,0.73336676000000001,0.75438596000000002
151673,151673,STAGATE,13,20,0.012488529999999999,0.62981746000000005,0.72413793000000004
151673,151673,STAGATE,14,15,0.00166734,0.66604004000000006,0.75438596000000002
151673,151673,STAGATE,14,19,0.00083781000000000003,0.65623635000000002,0.70940170999999996
151673,151673,STAGATE,14,20,0.018994500000000001,0.61368670999999997,0.76991149999999997
151673,151673,STAGATE,15,19,0.0025051600000000002,0.75164677000000002,0.81818181999999995
151673,151673,STAGATE,15,20,0.017327160000000001,0.66363139000000004,0.76991149999999997
151673,151673,STAGATE,17,18,0.01029273,0.76042399000000005,0.83486238999999995
151673,151673,STAGATE,19,20,0.019832309999999999,0.63819296000000003,0.69491524999999998
151673,151673,SpaGCN,1,6,0.013588070000000001,0.57142744000000001,0.70940170999999996
151673,151673,SpaGCN,1,7,0.0037089800000000002,0.60055274999999997,0.70940170999999996
151673,151673,SpaGCN,1,8,0.016166389999999999,0.5238083,0.66666667000000002
151673,151673,SpaGCN,1,10,0.01092948,0.58137859000000003,0.69491524999999998
151673,151673,SpaGCN,1,13,0.01456262,0.70610751000000005,0.73913043
151673,151673,SpaGCN,1,19,0.017028580000000001,0.54963337999999995,0.68067226999999997
151673,151673,SpaGCN,1,20,0.019437960000000001,0.68999231000000005,0.70940170999999996
151673,151673,SpaGCN,2,9,0.0054958999999999997,0.65554433999999995,0.72413793000000004
151673,151673,SpaGCN,2,15,0.01236668,0.65782691999999998,0.70940170999999996
151673,151673,SpaGCN,2,18,0.01111081,0.72072287999999995,0.75438596000000002
151673,151673,SpaGCN,3,5,0.0020257999999999999,0.61887946999999999,0.61290323000000002
151673,151673,SpaGCN,3,8,0.019262459999999999,0.52080654000000004,0.58730159000000004
151673,151673,SpaGCN,3,11,0.00332191,0.54122402999999997,0.65289255999999996
151673,151673,SpaGCN,3,12,0.01396127,0.68515683000000005,0.69491524999999998
151673,151673,SpaGCN,3,14,0.01066317,0.74554231999999998,0.75438596000000002
151673,151673,SpaGCN,3,16,0.018320920000000001,0.44614656000000003,0.34228187999999998
151673,151673,SpaGCN,3,19,0.01840027,0.64313438000000001,0.70940170999999996
151673,151673,SpaGCN,3,20,0.015990890000000001,0.50455813999999999,0.52671756000000003
151673,151673,SpaGCN,5,6,0.019814970000000001,0.61993412999999997,0.57480315000000004
151673,151673,SpaGCN,5,8,0.017236660000000001,0.53244528000000002,0.59999999999999998
151673,151673,SpaGCN,5,11,0.0053477100000000003,0.54674016000000003,0.61290323000000002
151673,151673,SpaGCN,5,12,0.01193547,0.56698704,0.59999999999999998
151673,151673,SpaGCN,5,13,0.018840429999999998,0.49197149000000001,0.58730159000000004
151673,151673,SpaGCN,5,14,0.0086373800000000001,0.64953419999999995,0.63934426
151673,151673,SpaGCN,5,19,0.016374469999999999,0.62274724000000004,0.50375939999999997
151673,151673,SpaGCN,5,20,0.013965089999999999,0.50000739999999999,0.59999999999999998
151673,151673,SpaGCN,6,7,0.0098790900000000001,0.74119113000000003,0.78571429000000004
151673,151673,SpaGCN,6,8,0.0025783099999999999,0.51266716000000001,0.47058823999999999
151673,151673,SpaGCN,6,10,0.0026586000000000001,0.76309132000000002,0.78571429000000004
151673,151673,SpaGCN,6,12,0.0078794999999999994,0.65192611,0.65289255999999996
151673,151673,SpaGCN,6,13,0.00097453999999999998,0.52820807000000003,0.51515151999999997
151673,151673,SpaGCN,6,14,0.011177599999999999,0.75605422,0.78571429000000004
151673,151673,SpaGCN,6,19,0.0034405,0.72923260000000001,0.75438596000000002
151673,151673,SpaGCN,6,20,0.00584988,0.51349953999999998,0.47058823999999999
151673,151673,SpaGCN,7,8,0.0124574,0.50225078999999995,0.43884891999999998
151673,151673,SpaGCN,7,10,0.0072204900000000004,0.78849963999999995,0.80180180000000001
151673,151673,SpaGCN,7,12,0.017758590000000001,0.68986062000000004,0.72413793000000004
151673,151673,SpaGCN,7,13,0.01085363,0.52768029999999999,0.57480315000000004
151673,151673,SpaGCN,7,19,0.013319589999999999,0.74778423999999999,0.75438596000000002
151673,151673,SpaGCN,7,20,0.015728969999999998,0.52881069999999997,0.52671756000000003
151673,151673,SpaGCN,8,10,0.00523691,0.50343101000000001,0.47058823999999999
151673,151673,SpaGCN,8,12,0.0053011899999999999,0.52735219,0.50375939999999997
151673,151673,SpaGCN,8,13,0.00160377,0.54718173999999997,0.52671756000000003
151673,151673,SpaGCN,8,14,0.0085992800000000008,0.51201772000000001,0.48148148000000002
151673,151673,SpaGCN,8,19,0.00086218999999999998,0.48456469000000002,0.47058823999999999
151673,151673,SpaGCN,8,20,0.0032715700000000001,0.53562293000000005,0.48148148000000002
151673,151673,SpaGCN,9,15,0.017862579999999999,0.64318171999999996,0.69491524999999998
151673,151673,SpaGCN,9,17,0.01545375,0.51812022000000002,0.59999999999999998
151673,151673,SpaGCN,9,18,0.0056149099999999999,0.67260978000000005,0.69491524999999998
151673,151673,SpaGCN,10,12,0.0105381,0.63730902,0.68067226999999997
151673,151673,SpaGCN,10,13,0.00363314,0.52752631000000005,0.53846154000000002
151673,151673,SpaGCN,10,14,0.01383619,0.70646414999999996,0.69491524999999998
151673,151673,SpaGCN,10,19,0.0060990999999999997,0.73204917000000003,0.80180180000000001
151673,151673,SpaGCN,10,20,0.0085084800000000006,0.51498772999999998,0.49253731000000001
151673,151673,SpaGCN,11,12,0.017283179999999999,0.51187877000000004,0.58730159000000004
151673,151673,SpaGCN,11,14,0.01398509,0.50877501000000003,0.55038759999999998
151673,151673,SpaGCN,11,16,0.014999,0.50248777,0.49253731000000001
151673,151673,SpaGCN,11,20,0.019312800000000001,0.47612714,0.49253731000000001
151673,151673,SpaGCN,12,13,0.0069049599999999999,0.55631240999999998,0.66666667000000002
151673,151673,SpaGCN,12,14,0.00329809,0.69510101999999996,0.66666667000000002
151673,151673,SpaGCN,12,19,0.0044390000000000002,0.62550835000000005,0.57480315000000004
151673,151673,SpaGCN,12,20,0.0020296200000000002,0.58379592000000002,0.62601625999999999
151673,151673,SpaGCN,13,14,0.01020306,0.52864142000000003,0.52671756000000003
151673,151673,SpaGCN,13,19,0.0024659600000000001,0.48490696,0.49253731000000001
151673,151673,SpaGCN,13,20,0.0048753399999999997,0.75952554000000005,0.73913043
151673,151673,SpaGCN,14,19,0.0077370900000000003,0.74328550999999998,0.72413793000000004
151673,151673,SpaGCN,14,20,0.0053277200000000002,0.52920663000000001,0.49253731000000001
151673,151673,SpaGCN,16,17,0.0128901,0.48892640999999998,0.59999999999999998
151673,151673,SpaGCN,17,18,0.0098388399999999997,0.53748642000000002,0.59999999999999998
151673,151673,SpaGCN,19,20,0.00240938,0.49152214,0.43884891999999998
151673,151673,BANKSY,1,2,0.0034322200000000001,0.56447658000000001,0.92307691999999997
151673,151673,BANKSY,1,4,0.0049620899999999997,0.57747046000000002,0.92307691999999997
151673,151673,BANKSY,1,10,0.00364051,0.564272,0.92307691999999997
151673,151673,BANKSY,1,11,0.0099574799999999995,0.97144028000000004,0.92307691999999997
151673,151673,BANKSY,1,13,0.0034322200000000001,0.56447658000000001,0.92307691999999997
151673,151673,BANKSY,1,15,0.01152387,0.60330532000000003,0.96078430999999997
151673,151673,BANKSY,1,16,0.01041686,0.60109022999999995,0.92307691999999997
151673,151673,BANKSY,1,18,0.00364051,0.564272,0.92307691999999997
151673,151673,BANKSY,1,19,0.0042013500000000004,0.57214237999999995,0.5625
151673,151673,BANKSY,2,4,0.0083943100000000003,0.97018351999999997,0.98019802
151673,151673,BANKSY,2,10,0.00020829999999999999,0.99973825000000005,1
151673,151673,BANKSY,2,11,0.013389689999999999,0.57612222999999996,0.70940170999999996
151673,151673,BANKSY,2,13,0,1,1
151673,151673,BANKSY,2,15,0.01495609,0.59580147000000006,0.90476190000000001
151673,151673,BANKSY,2,16,0.01384908,0.59240367000000005,0.88679244999999995
151673,151673,BANKSY,2,18,0.00020829999999999999,0.99973825000000005,1
151673,151673,BANKSY,2,19,0.0076335600000000002,0.93140575999999997,0.90476190000000001
151673,151673,BANKSY,3,5,0.00040016999999999999,0.96442359,0.94174756999999998
151673,151673,BANKSY,3,6,0.00040016999999999999,0.96442359,0.94174756999999998
151673,151673,BANKSY,3,9,0.00040016999999999999,0.96442359,0.94174756999999998
151673,151673,BANKSY,3,12,0.00040016999999999999,0.96442359,0.94174756999999998
151673,151673,BANKSY,3,14,0.01953013,0.94061587999999996,0.88679244999999995
151673,151673,BANKSY,3,17,0.0001404,0.96269819000000001,0.94174756999999998
151673,151673,BANKSY,4,8,0.01806849,0.57913862999999999,0.90476190000000001
151673,151673,BANKSY,4,10,0.0086026100000000001,0.97044463000000003,0.98019802
151673,151673,BANKSY,4,11,0.0049953799999999998,0.59038796000000004,0.90476190000000001
151673,151673,BANKSY,4,13,0.0083943100000000003,0.97018351999999997,0.98019802
151673,151673,BANKSY,4,15,0.0065617799999999997,0.60747127999999995,0.90476190000000001
151673,151673,BANKSY,4,16,0.0054547700000000003,0.60400776,0.88679244999999995
151673,151673,BANKSY,4,18,0.0086026100000000001,0.97044463000000003,0.98019802
151673,151673,BANKSY,4,19,0.00076075000000000003,0.95454885,0.92307691999999997
151673,151673,BANKSY,4,20,0.019323099999999999,0.57669610999999998,0.90476190000000001
151673,151673,BANKSY,5,6,0,1,1
151673,151673,BANKSY,5,9,0,1,1
151673,151673,BANKSY,5,12,0,1,1
151673,151673,BANKSY,5,14,0.019930300000000001,0.96802458000000002,0.92307691999999997
151673,151673,BANKSY,5,17,0.00025976999999999999,0.99824044999999995,1
151673,151673,BANKSY,6,9,0,1,1
151673,151673,BANKSY,6,12,0,1,1
151673,151673,BANKSY,6,14,0.019930300000000001,0.96802458000000002,0.92307691999999997
151673,151673,BANKSY,6,17,0.00025976999999999999,0.99824044999999995,1
151673,151673,BANKSY,8,11,0.013073110000000001,0.96813819000000001,0.90476190000000001
151673,151673,BANKSY,8,15,0.01150671,0.59097473,0.88679244999999995
151673,151673,BANKSY,8,16,0.01261372,0.58872420999999997,0.88679244999999995
151673,151673,BANKSY,8,19,0.018829240000000001,0.57397810000000005,0.85185184999999997
151673,151673,BANKSY,8,20,0.0012546199999999999,0.99734535999999996,1
151673,151673,BANKSY,9,12,0,1,1
151673,151673,BANKSY,9,14,0.019930300000000001,0.96802458000000002,0.92307691999999997
151673,151673,BANKSY,9,17,0.00025976999999999999,0.99824044999999995,1
151673,151673,BANKSY,10,11,0.013597990000000001,0.57592027000000001,0.70940170999999996
151673,151673,BANKSY,10,13,0.00020829999999999999,0.99973825000000005,1
151673,151673,BANKSY,10,15,0.01516438,0.59557236000000002,0.90476190000000001
151673,151673,BANKSY,10,16,0.01405738,0.59217447000000001,0.88679244999999995
151673,151673,BANKSY,10,18,0,1,1
151673,151673,BANKSY,10,19,0.0078418600000000008,0.93118020000000001,0.90476190000000001
151673,151673,BANKSY,11,13,0.013389689999999999,0.57612222999999996,0.70940170999999996
151673,151673,BANKSY,11,15,0.00156639,0.61408810999999996,0.58730159000000004
151673,151673,BANKSY,11,16,0.00045938000000000001,0.61182462999999998,0.58730159000000004
151673,151673,BANKSY,11,18,0.013597990000000001,0.57592027000000001,0.70940170999999996
151673,151673,BANKSY,11,19,0.0057561299999999999,0.58445422999999996,0.90476190000000001
151673,151673,BANKSY,11,20,0.01432772,0.96901868999999996,0.90476190000000001
151673,151673,BANKSY,12,14,0.019930300000000001,0.96802458000000002,0.92307691999999997
151673,151673,BANKSY,12,17,0.00025976999999999999,0.99824044999999995,1
151673,151673,BANKSY,13,15,0.01495609,0.59580147000000006,0.90476190000000001
151673,151673,BANKSY,13,16,0.01384908,0.59240367000000005,0.88679244999999995
151673,151673,BANKSY,13,18,0.00020829999999999999,0.99973825000000005,1
151673,151673,BANKSY,13,19,0.0076335600000000002,0.93140575999999997,0.90476190000000001
151673,151673,BANKSY,14,17,0.01967052,0.96802986000000002,0.92307691999999997
151673,151673,BANKSY,15,16,0.0011070100000000001,0.99494057000000002,1
151673,151673,BANKSY,15,18,0.01516438,0.59557236000000002,0.90476190000000001
151673,151673,BANKSY,15,19,0.0073225199999999999,0.60362561999999997,0.57480315000000004
151673,151673,BANKSY,15,20,0.01276133,0.58992135999999995,0.88679244999999995
151673,151673,BANKSY,16,18,0.01405738,0.59217447000000001,0.88679244999999995
151673,151673,BANKSY,16,19,0.0062155200000000004,0.60085798000000001,0.57480315000000004
151673,151673,BANKSY,16,20,0.01386834,0.58767024000000001,0.88679244999999995
151673,151673,BANKSY,18,19,0.0078418600000000008,0.93118020000000001,0.90476190000000001
151673,151673,SEDR,1,4,0.01924616539,0.81516397119999995,0.75438596489999998
151673,151673,SEDR,1,9,0.0064128673920000002,0.81592860050000005,0.80180180180000005
151673,151673,SEDR,1,12,0.0050566339809999996,0.68618068379999997,0.73913043479999996
151673,151673,SEDR,1,16,0.0024374587799999999,0.80051465669999999,0.78571428570000001
151673,151673,SEDR,1,19,0.019118872660000001,0.74577704590000005,0.80180180180000005
151673,151673,SEDR,1,20,0.0084108449850000006,0.79295872190000005,0.7699115044
151673,151673,SEDR,2,3,0.01425988112,0.8876622207,0.85185185190000001
151673,151673,SEDR,2,10,0.01996056287,0.79299505309999996,0.80180180180000005
151673,151673,SEDR,2,11,0.01599336526,0.85351856039999996,0.83486238530000001
151673,151673,SEDR,2,14,0.0080143521629999995,0.75482351380000001,0.78571428570000001
151673,151673,SEDR,2,15,0.001951266411,0.78426489170000002,0.85185185190000001
151673,151673,SEDR,3,5,0.01548418488,0.86830939750000002,0.80180180180000005
151673,151673,SEDR,3,8,0.0075553018030000002,0.6729571017,0.6949152542
151673,151673,SEDR,3,15,0.01230861471,0.78348958040000005,0.80180180180000005
151673,151673,SEDR,3,17,0.0066042766810000004,0.74767270159999999,0.78571428570000001
151673,151673,SEDR,4,5,0.017384624630000001,0.79746610060000001,0.7699115044
151673,151673,SEDR,4,6,0.0111188334,0.78740156409999995,0.81818181820000002
151673,151673,SEDR,4,16,0.016808706610000002,0.81291457700000003,0.78571428570000001
151673,151673,SEDR,4,20,0.010835320400000001,0.80808123460000003,0.7699115044
151673,151673,SEDR,5,6,0.0062657912330000001,0.88619618970000003,0.81818181820000002
151673,151673,SEDR,5,8,0.0079288830769999995,0.71832648320000003,0.70940170940000002
151673,151673,SEDR,5,17,0.0088799081989999994,0.70469950309999996,0.6949152542
151673,151673,SEDR,6,8,0.014194674310000001,0.70263637840000004,0.73913043479999996
151673,151673,SEDR,6,17,0.015145699429999999,0.72996685260000005,0.7699115044
151673,151673,SEDR,8,15,0.019863916509999999,0.60904379330000002,0.68067226889999999
151673,151673,SEDR,8,17,0.00095102512179999997,0.54280929089999996,0.65289256200000001
151673,151673,SEDR,9,12,0.00135623341,0.68067366139999996,0.6949152542
151673,151673,SEDR,9,16,0.0088503261709999993,0.791906051,0.81818181820000002
151673,151673,SEDR,9,19,0.012706005269999999,0.75811118740000005,0.80180180180000005
151673,151673,SEDR,9,20,0.01482371238,0.77269857460000002,0.75438596489999998
151673,151673,SEDR,10,11,0.0039671976019999998,0.82706552619999996,0.80180180180000005
151673,151673,SEDR,10,14,0.011946210699999999,0.87548370539999998,0.86915887849999995
151673,151673,SEDR,10,18,0.001873882636,0.80652348460000001,0.80180180180000005
151673,151673,SEDR,11,14,0.0079790131020000005,0.80191157859999995,0.78571428570000001
151673,151673,SEDR,11,15,0.01794463168,0.82906067679999995,0.81818181820000002
151673,151673,SEDR,11,18,0.0058410802380000001,0.8520347197,0.83486238530000001
151673,151673,SEDR,12,16,0.0074940927609999999,0.75039999040000005,0.75438596489999998
151673,151673,SEDR,12,19,0.01406223868,0.77635023240000001,0.75438596489999998
151673,151673,SEDR,12,20,0.01346747897,0.75858386509999998,0.72413793100000001
151673,151673,SEDR,13,19,0.016637407020000002,0.87187188270000004,0.83486238530000001
151673,151673,SEDR,14,15,0.0099656185739999993,0.84913309309999996,0.80180180180000005
151673,151673,SEDR,14,18,0.013820093340000001,0.78996834859999998,0.80180180180000005
151673,151673,SEDR,15,17,0.018912891389999999,0.8304028966,0.78571428570000001
151673,151673,SEDR,16,20,0.0059733862050000003,0.80113350890000001,0.80180180180000005
151674,151674,GraphST,1,2,0.01159406,0.54739704,0.66666667000000002
151674,151674,GraphST,1,3,0.0034718599999999998,0.66387240999999997,0.78571429000000004
151674,151674,GraphST,1,5,0.0058642499999999997,0.62450647000000004,0.81818181999999995
151674,151674,GraphST,1,7,0.018472639999999999,0.62434436000000004,0.80180180000000001
151674,151674,GraphST,1,9,0.017763910000000001,0.60617863000000005,0.70940170999999996
151674,151674,GraphST,1,13,0.01757094,0.65091169000000004,0.78571429000000004
151674,151674,GraphST,1,18,0.00633418,0.66571457999999994,0.81818181999999995
151674,151674,GraphST,1,19,0.017343890000000001,0.62695128,0.72413793000000004
151674,151674,GraphST,2,3,0.01506591,0.54791188000000002,0.68067226999999997
151674,151674,GraphST,2,5,0.0057298000000000002,0.56432623000000004,0.69491524999999998
151674,151674,GraphST,2,6,0.017239270000000001,0.54039351000000002,0.81818181999999995
151674,151674,GraphST,2,9,0.0061698500000000002,0.54108705999999995,0.66666667000000002
151674,151674,GraphST,2,10,0.017798069999999999,0.50212796999999998,0.66666667000000002
151674,151674,GraphST,2,13,0.0059768900000000003,0.51334986000000005,0.73913043
151674,151674,GraphST,2,15,0.016931999999999999,0.56486537999999997,0.69491524999999998
151674,151674,GraphST,2,18,0.017928240000000002,0.55488797000000001,0.68067226999999997
151674,151674,GraphST,2,19,0.00574983,0.54209666000000001,0.66666667000000002
151674,151674,GraphST,3,5,0.0093361099999999999,0.65280737,0.81818181999999995
151674,151674,GraphST,3,7,0.01500079,0.64694309999999999,0.85185184999999997
151674,151674,GraphST,3,18,0.0028623300000000002,0.68697204999999995,0.83486238999999995
151674,151674,GraphST,4,6,0.0125323,0.59163096999999998,0.70940170999999996
151674,151674,GraphST,4,8,0.0013862499999999999,0.66118958999999999,0.80180180000000001
151674,151674,GraphST,4,10,0.0119735,0.56005181000000004,0.73913043
151674,151674,GraphST,4,12,0.0025324599999999998,0.55343463999999998,0.68067226999999997
151674,151674,GraphST,4,14,0.018505730000000001,0.60396662999999995,0.72413793000000004
151674,151674,GraphST,4,15,0.01283957,0.62109303999999999,0.75438596000000002
151674,151674,GraphST,4,16,0.00381131,0.50617025999999998,0.68067226999999997
151674,151674,GraphST,4,17,0.017433190000000001,0.57177754999999997,0.73913043
151674,151674,GraphST,4,20,0.0043841699999999997,0.60594731999999996,0.78571429000000004
151674,151674,GraphST,5,9,0.011899659999999999,0.61897013000000001,0.73913043
151674,151674,GraphST,5,13,0.01170669,0.63265267999999997,0.88679244999999995
151674,151674,GraphST,5,18,0.01219843,0.65967388000000005,0.81818181999999995
151674,151674,GraphST,5,19,0.011479629999999999,0.62385455999999995,0.78571429000000004
151674,151674,GraphST,6,8,0.01391855,0.61668270999999997,0.75438596000000002
151674,151674,GraphST,6,9,0.01106942,0.57016644999999999,0.73913043
151674,151674,GraphST,6,10,0.00055880000000000003,0.61779898,0.81818181999999995
151674,151674,GraphST,6,12,0.0099998399999999994,0.58143730000000005,0.72413793000000004
151674,151674,GraphST,6,13,0.011262380000000001,0.56340140000000005,0.72413793000000004
151674,151674,GraphST,6,15,0.00030727,0.55598312999999999,0.68067226999999997
151674,151674,GraphST,6,16,0.0087209899999999996,0.57425294000000005,0.73913043
151674,151674,GraphST,6,19,0.01148944,0.58303649000000002,0.70940170999999996
151674,151674,GraphST,6,20,0.016916469999999999,0.60879313000000002,0.76991149999999997
151674,151674,GraphST,7,18,0.01213846,0.63790842000000003,0.80180180000000001
151674,151674,GraphST,8,10,0.01335975,0.56606144999999997,0.75438596000000002
151674,151674,GraphST,8,12,0.0039187099999999997,0.55197035999999999,0.70940170999999996
151674,151674,GraphST,8,14,0.017119470000000001,0.61485069999999997,0.73913043
151674,151674,GraphST,8,15,0.01422583,0.65330502000000001,0.76991149999999997
151674,151674,GraphST,8,16,0.0051975600000000004,0.53252823999999999,0.69491524999999998
151674,151674,GraphST,8,17,0.016046939999999999,0.58437302999999996,0.75438596000000002
151674,151674,GraphST,8,20,0.0029979099999999999,0.61011751000000003,0.72413793000000004
151674,151674,GraphST,9,10,0.01162822,0.54609916999999997,0.69491524999999998
151674,151674,GraphST,9,13,0.00019296999999999999,0.64300674000000002,0.76991149999999997
151674,151674,GraphST,9,15,0.01076214,0.63214908000000003,0.76991149999999997
151674,151674,GraphST,9,16,0.019790410000000001,0.47784837000000002,0.66666667000000002
151674,151674,GraphST,9,19,0.00042002000000000001,0.67272664000000004,0.80180180000000001
151674,151674,GraphST,10,12,0.0094410399999999995,0.58988739999999995,0.81818181999999995
151674,151674,GraphST,10,13,0.011821190000000001,0.55611193000000003,0.70940170999999996
151674,151674,GraphST,10,15,0.00086607999999999997,0.53027533000000004,0.66666667000000002
151674,151674,GraphST,10,16,0.0081621899999999997,0.59985719000000004,0.85185184999999997
151674,151674,GraphST,10,19,0.01204824,0.58490602999999997,0.72413793000000004
151674,151674,GraphST,10,20,0.01635766,0.56340212999999995,0.72413793000000004
151674,151674,GraphST,11,14,0.0074596300000000001,0.58438164999999997,0.73913043
151674,151674,GraphST,11,17,0.0085321700000000004,0.62105891999999996,0.80180180000000001
151674,151674,GraphST,12,15,0.010307119999999999,0.54322893000000005,0.68067226999999997
151674,151674,GraphST,12,16,0.00127885,0.59830280999999996,0.76991149999999997
151674,151674,GraphST,12,17,0.019965650000000001,0.59068122000000001,0.75438596000000002
151674,151674,GraphST,12,20,0.0069166200000000001,0.5638396,0.73913043
151674,151674,GraphST,13,15,0.010955110000000001,0.64126004000000003,0.76991149999999997
151674,151674,GraphST,13,16,0.019983379999999999,0.52475393000000004,0.70940170999999996
151674,151674,GraphST,13,19,0.00022706000000000001,0.67420153000000005,0.73913043
151674,151674,GraphST,14,17,0.0010725400000000001,0.62051643999999995,0.78571429000000004
151674,151674,GraphST,14,20,0.01412156,0.63092086999999997,0.75438596000000002
151674,151674,GraphST,15,16,0.0090282699999999997,0.50333338999999999,0.68067226999999997
151674,151674,GraphST,15,19,0.01118217,0.64697315,0.76991149999999997
151674,151674,GraphST,15,20,0.017223740000000001,0.57410912000000003,0.73913043
151674,151674,GraphST,16,20,0.0081954699999999998,0.52994417999999999,0.73913043
151674,151674,GraphST,17,20,0.01304902,0.58709418000000002,0.75438596000000002
151674,151674,STAGATE,1,3,0.016632000000000001,0.63827204000000004,0.70940170999999996
151674,151674,STAGATE,1,4,0.01540425,0.55912068000000004,0.65289255999999996
151674,151674,STAGATE,1,6,0.0014480000000000001,0.68912921999999999,0.85185184999999997
151674,151674,STAGATE,1,8,0.01108811,0.56100108000000004,0.65289255999999996
151674,151674,STAGATE,1,10,0.017921920000000001,0.43510057000000002,0.59999999999999998
151674,151674,STAGATE,1,12,0.010723069999999999,0.69368651000000003,0.78571429000000004
151674,151674,STAGATE,1,14,0.011102549999999999,0.73004572999999995,0.81818181999999995
151674,151674,STAGATE,1,15,0.014482979999999999,0.43016188999999999,0.58730159000000004
151674,151674,STAGATE,1,16,0.01810635,0.55956728,0.73913043
151674,151674,STAGATE,1,17,0.00084769999999999995,0.51651453000000003,0.68067226999999997
151674,151674,STAGATE,1,19,0.0019913299999999999,0.72612893999999994,0.80180180000000001
151674,151674,STAGATE,1,20,0.0081146099999999995,0.54640200999999999,0.68067226999999997
151674,151674,STAGATE,2,4,0.01652731,0.61948585,0.83486238999999995
151674,151674,STAGATE,2,5,0.0015483599999999999,0.49889918999999999,0.62601625999999999
151674,151674,STAGATE,2,11,0.0030209,0.66638567999999998,0.81818181999999995
151674,151674,STAGATE,2,13,0.0030675500000000001,0.57277739999999999,0.81818181999999995
151674,151674,STAGATE,2,15,0.017448580000000002,0.50801987999999998,0.83486238999999995
151674,151674,STAGATE,2,16,0.013825199999999999,0.62617486,0.83486238999999995
151674,151674,STAGATE,3,6,0.01518399,0.70370436999999997,0.66666667000000002
151674,151674,STAGATE,3,9,0.015217120000000001,0.64298281000000002,0.72413793000000004
151674,151674,STAGATE,3,10,0.00128992,0.43727107999999998,0.58730159000000004
151674,151674,STAGATE,3,17,0.015784300000000001,0.46399051000000002,0.63934426
151674,151674,STAGATE,3,19,0.01862333,0.69072909999999998,0.70940170999999996
151674,151674,STAGATE,4,5,0.01497895,0.55251724999999996,0.72413793000000004
151674,151674,STAGATE,4,6,0.016852249999999999,0.60206232000000004,0.70940170999999996
151674,151674,STAGATE,4,8,0.0043161400000000004,0.68552246999999999,0.80180180000000001
151674,151674,STAGATE,4,11,0.01350641,0.66124194000000003,0.80180180000000001
151674,151674,STAGATE,4,12,0.0046811800000000001,0.52849467999999999,0.61290323000000002
151674,151674,STAGATE,4,13,0.013459749999999999,0.60387822000000002,0.81818181999999995
151674,151674,STAGATE,4,14,0.0043017000000000003,0.56682425999999997,0.68067226999999997
151674,151674,STAGATE,4,15,0.00092126999999999997,0.57687091000000001,0.80180180000000001
151674,151674,STAGATE,4,16,0.0027021100000000002,0.68523049000000003,0.83486238999999995
151674,151674,STAGATE,4,17,0.016251950000000001,0.61351162999999997,0.75438596000000002
151674,151674,STAGATE,4,19,0.01341292,0.60270467999999999,0.65289255999999996
151674,151674,STAGATE,4,20,0.00728964,0.67813270000000003,0.76991149999999997
151674,151674,STAGATE,5,8,0.019295090000000001,0.55109834999999996,0.69491524999999998
151674,151674,STAGATE,5,11,0.00147254,0.51774492999999999,0.63934426
151674,151674,STAGATE,5,12,0.019660130000000001,0.67222694999999999,0.72413793000000004
151674,151674,STAGATE,5,13,0.0015192000000000001,0.51393482000000001,0.69491524999999998
151674,151674,STAGATE,5,14,0.01928065,0.68351711000000004,0.72413793000000004
151674,151674,STAGATE,5,15,0.01590022,0.43309829,0.66666667000000002
151674,151674,STAGATE,5,16,0.012276850000000001,0.57188251999999995,0.69491524999999998
151674,151674,STAGATE,6,8,0.01253612,0.57507299999999995,0.72413793000000004
151674,151674,STAGATE,6,10,0.01647392,0.45818836000000002,0.62601625999999999
151674,151674,STAGATE,6,12,0.012171080000000001,0.67245507999999998,0.69491524999999998
151674,151674,STAGATE,6,14,0.012550550000000001,0.71628499000000001,0.83486238999999995
151674,151674,STAGATE,6,15,0.015930980000000001,0.47329146,0.65289255999999996
151674,151674,STAGATE,6,16,0.01955436,0.58318972000000002,0.68067226999999997
151674,151674,STAGATE,6,17,0.00060030000000000001,0.48215571000000002,0.65289255999999996
151674,151674,STAGATE,6,19,0.0034393399999999999,0.72740660999999995,0.85185184999999997
151674,151674,STAGATE,6,20,0.0095626099999999992,0.55222704,0.68067226999999997
151674,151674,STAGATE,7,9,0.0056181399999999998,0.60170920999999999,0.62601625999999999
151674,151674,STAGATE,7,10,0.019545340000000001,0.48938531000000002,0.66666667000000002
151674,151674,STAGATE,8,11,0.017822540000000001,0.67254760000000002,0.76991149999999997
151674,151674,STAGATE,8,12,0.00036504000000000002,0.55561689999999997,0.63934426
151674,151674,STAGATE,8,13,0.017775889999999999,0.58426794999999998,0.75438596000000002
151674,151674,STAGATE,8,14,1.4430000000000001e-05,0.57983059000000003,0.66666667000000002
151674,151674,STAGATE,8,15,0.0033948699999999999,0.54903343000000004,0.78571429000000004
151674,151674,STAGATE,8,16,0.0070182400000000002,0.68711222000000005,0.81818181999999995
151674,151674,STAGATE,8,17,0.01193581,0.63887791999999999,0.75438596000000002
151674,151674,STAGATE,8,19,0.0090967800000000005,0.56397054000000002,0.63934426
151674,151674,STAGATE,8,20,0.0029735,0.67530336999999996,0.80180180000000001
151674,151674,STAGATE,9,10,0.013927200000000001,0.39384802000000002,0.55038759999999998
151674,151674,STAGATE,10,17,0.017074220000000001,0.47428210999999998,0.68067226999999997
151674,151674,STAGATE,10,19,0.01991325,0.43364722999999999,0.5625
151674,151674,STAGATE,11,12,0.01818759,0.56630444000000002,0.69491524999999998
151674,151674,STAGATE,11,13,4.6659999999999997e-05,0.59446641,0.73913043
151674,151674,STAGATE,11,14,0.017808109999999999,0.55028421999999999,0.70940170999999996
151674,151674,STAGATE,11,15,0.01442768,0.53795504999999999,0.76991149999999997
151674,151674,STAGATE,11,16,0.010804299999999999,0.69698395000000002,0.81818181999999995
151674,151674,STAGATE,12,13,0.01814093,0.46833162,0.63934426
151674,151674,STAGATE,12,14,0.00037947000000000002,0.70736193999999997,0.80180180000000001
151674,151674,STAGATE,12,15,0.00375991,0.42996944999999998,0.72413793000000004
151674,151674,STAGATE,12,16,0.0073832799999999999,0.53981961999999994,0.68067226999999997
151674,151674,STAGATE,12,17,0.011570769999999999,0.50848521000000002,0.69491524999999998
151674,151674,STAGATE,12,19,0.00873174,0.70717300999999999,0.73913043
151674,151674,STAGATE,12,20,0.0026084599999999999,0.55414410000000003,0.69491524999999998
151674,151674,STAGATE,13,14,0.01776146,0.46771221000000002,0.68067226999999997
151674,151674,STAGATE,13,15,0.01438102,0.62650444999999999,0.83486238999999995
151674,151674,STAGATE,13,16,0.010757650000000001,0.61797621000000003,0.80180180000000001
151674,151674,STAGATE,14,15,0.0033804299999999998,0.42872484,0.61290323000000002
151674,151674,STAGATE,14,16,0.0070038100000000001,0.58046385,0.72413793000000004
151674,151674,STAGATE,14,17,0.011950240000000001,0.50731866999999997,0.68067226999999997
151674,151674,STAGATE,14,19,0.0091112099999999998,0.71902401000000005,0.80180180000000001
151674,151674,STAGATE,14,20,0.0029879300000000002,0.55357835,0.72413793000000004
151674,151674,STAGATE,15,16,0.0036233699999999999,0.56793340000000003,0.81818181999999995
151674,151674,STAGATE,15,17,0.015330679999999999,0.48446938000000001,0.68067226999999997
151674,151674,STAGATE,15,19,0.01249165,0.46479354000000001,0.75438596000000002
151674,151674,STAGATE,15,20,0.0063683699999999999,0.54126282999999997,0.81818181999999995
151674,151674,STAGATE,16,17,0.01895405,0.63098368999999999,0.80180180000000001
151674,151674,STAGATE,16,19,0.016115020000000001,0.58777254999999995,0.73913043
151674,151674,STAGATE,16,20,0.0099917400000000007,0.70213331000000001,0.80180180000000001
151674,151674,STAGATE,17,19,0.0028390300000000002,0.49414611000000003,0.68067226999999997
151674,151674,STAGATE,17,20,0.0089623099999999994,0.62139953999999997,0.76991149999999997
151674,151674,STAGATE,19,20,0.00612328,0.57353869999999996,0.73913043
151674,151674,SpaGCN,1,2,0.0043170600000000002,0.73183357999999998,0.78571429000000004
151674,151674,SpaGCN,1,3,0.0049458899999999997,0.73986845999999995,0.83486238999999995
151674,151674,SpaGCN,1,5,0.013021359999999999,0.68567900000000004,0.73913043
151674,151674,SpaGCN,1,7,0.018900549999999999,0.68635886000000002,0.76991149999999997
151674,151674,SpaGCN,1,8,0.019009669999999999,0.66511211999999997,0.76991149999999997
151674,151674,SpaGCN,1,10,0.014426039999999999,0.69609456000000003,0.73913043
151674,151674,SpaGCN,1,12,0.0049524,0.75862026999999999,0.80180180000000001
151674,151674,SpaGCN,1,13,0.0085520200000000005,0.75488239000000001,0.80180180000000001
151674,151674,SpaGCN,1,14,0.0086469700000000004,0.73352529,0.78571429000000004
151674,151674,SpaGCN,1,15,0.00199081,0.79500636000000002,0.85185184999999997
151674,151674,SpaGCN,1,18,0.018929140000000001,0.72406462999999999,0.81818181999999995
151674,151674,SpaGCN,1,20,0.01790957,0.73655517000000004,0.80180180000000001
151674,151674,SpaGCN,2,3,0.00062883000000000004,0.68330599999999997,0.80180180000000001
151674,151674,SpaGCN,2,5,0.0087042999999999999,0.79494706000000004,0.83486238999999995
151674,151674,SpaGCN,2,6,0.018580010000000001,0.74290113000000002,0.86915887999999997
151674,151674,SpaGCN,2,7,0.014583489999999999,0.70272749000000001,0.85185184999999997
151674,151674,SpaGCN,2,8,0.0146926,0.68848743999999995,0.83486238999999995
151674,151674,SpaGCN,2,10,0.01010897,0.76114062999999998,0.85185184999999997
151674,151674,SpaGCN,2,11,0.01957302,0.57821111000000003,0.66666667000000002
151674,151674,SpaGCN,2,12,0.0092694600000000002,0.75316885,0.83486238999999995
151674,151674,SpaGCN,2,13,0.0042349600000000003,0.73858166999999997,0.85185184999999997
151674,151674,SpaGCN,2,14,0.0043299100000000002,0.73710182000000002,0.85185184999999997
151674,151674,SpaGCN,2,15,0.0023262500000000002,0.70822786999999998,0.81818181999999995
151674,151674,SpaGCN,2,18,0.01461208,0.72038139999999995,0.80180180000000001
151674,151674,SpaGCN,2,20,0.01359251,0.74809440999999999,0.88679244999999995
151674,151674,SpaGCN,3,5,0.0080754699999999995,0.68668669000000004,0.75438596000000002
151674,151674,SpaGCN,3,6,0.017951180000000001,0.74550693999999995,0.78571429000000004
151674,151674,SpaGCN,3,7,0.013954660000000001,0.79703915000000003,0.85185184999999997
151674,151674,SpaGCN,3,8,0.01406378,0.75474332,0.85185184999999997
151674,151674,SpaGCN,3,10,0.0094801399999999997,0.73014045000000005,0.83486238999999995
151674,151674,SpaGCN,3,11,0.01894419,0.5173664,0.55038759999999998
151674,151674,SpaGCN,3,12,0.0098982900000000006,0.80892213999999996,0.86915887999999997
151674,151674,SpaGCN,3,13,0.0036061299999999999,0.77876182000000005,0.86915887999999997
151674,151674,SpaGCN,3,14,0.0037010799999999998,0.78970962,0.86915887999999997
151674,151674,SpaGCN,3,15,0.0029550800000000001,0.71367349000000002,0.80180180000000001
151674,151674,SpaGCN,3,18,0.013983249999999999,0.71434492999999999,0.85185184999999997
151674,151674,SpaGCN,3,19,0.019520019999999999,0.71652145,0.78571429000000004
151674,151674,SpaGCN,3,20,0.01296368,0.77758020999999999,0.86915887999999997
151674,151674,SpaGCN,4,5,0.016272579999999998,0.72631261000000003,0.85185184999999997
151674,151674,SpaGCN,4,6,0.0063968699999999998,0.77028421000000002,0.81818181999999995
151674,151674,SpaGCN,4,7,0.010393390000000001,0.782416,0.80180180000000001
151674,151674,SpaGCN,4,8,0.01028428,0.75479479000000005,0.76991149999999997
151674,151674,SpaGCN,4,10,0.01486791,0.73972008,0.76991149999999997
151674,151674,SpaGCN,4,11,0.0054038599999999999,0.55799805000000002,0.75438596000000002
151674,151674,SpaGCN,4,17,0.016159280000000002,0.58356052000000003,0.73913043
151674,151674,SpaGCN,4,18,0.0103648,0.68905987999999996,0.73913043
151674,151674,SpaGCN,4,19,0.0048280299999999996,0.73313713999999996,0.83486238999999995
151674,151674,SpaGCN,4,20,0.01138437,0.77407238,0.78571429000000004
151674,151674,SpaGCN,5,6,0.0098757099999999994,0.76275771000000003,0.83486238999999995
151674,151674,SpaGCN,5,7,0.0058791900000000003,0.72531749999999995,0.83486238999999995
151674,151674,SpaGCN,5,8,0.0059883100000000002,0.74337251999999998,0.81818181999999995
151674,151674,SpaGCN,5,10,0.00140467,0.75413870000000005,0.78571429000000004
151674,151674,SpaGCN,5,11,0.01086872,0.60990648000000003,0.68067226999999997
151674,151674,SpaGCN,5,12,0.017973759999999998,0.74685261999999997,0.78571429000000004
151674,151674,SpaGCN,5,13,0.0044693399999999996,0.76855061999999996,0.80180180000000001
151674,151674,SpaGCN,5,14,0.0043743899999999997,0.73321035999999995,0.81818181999999995
151674,151674,SpaGCN,5,15,0.01103055,0.65902925999999995,0.76991149999999997
151674,151674,SpaGCN,5,18,0.0059077799999999996,0.72799707000000002,0.78571429000000004
151674,151674,SpaGCN,5,19,0.01144455,0.77067269999999999,0.83486238999999995
151674,151674,SpaGCN,5,20,0.0048882099999999996,0.77679489000000002,0.81818181999999995
151674,151674,SpaGCN,6,7,0.0039965199999999999,0.77663367999999999,0.85185184999999997
151674,151674,SpaGCN,6,8,0.00388741,0.81323796999999998,0.86915887999999997
151674,151674,SpaGCN,6,10,0.0084710400000000009,0.82953637999999996,0.86915887999999997
151674,151674,SpaGCN,6,11,0.0009930099999999999,0.57373633999999996,0.68067226999999997
151674,151674,SpaGCN,6,13,0.01434505,0.79560781000000003,0.81818181999999995
151674,151674,SpaGCN,6,14,0.0142501,0.78643448999999999,0.83486238999999995
151674,151674,SpaGCN,6,18,0.0039679299999999997,0.75265746,0.78571429000000004
151674,151674,SpaGCN,6,19,0.0015688399999999999,0.78507864000000005,0.88679244999999995
151674,151674,SpaGCN,6,20,0.0049874999999999997,0.81847780000000003,0.85185184999999997
151674,151674,SpaGCN,7,8,0.00010912,0.81469566000000004,0.88679244999999995
151674,151674,SpaGCN,7,10,0.0044745200000000001,0.77501520000000002,0.86915887999999997
151674,151674,SpaGCN,7,11,0.0049895299999999998,0.55131943999999999,0.62601625999999999
151674,151674,SpaGCN,7,13,0.01034853,0.78072684000000003,0.90476190000000001
151674,151674,SpaGCN,7,14,0.01025358,0.79357761999999998,0.83486238999999995
151674,151674,SpaGCN,7,15,0.016909739999999999,0.68396122999999998,0.81818181999999995
151674,151674,SpaGCN,7,18,2.8589999999999999e-05,0.73143994999999995,0.86915887999999997
151674,151674,SpaGCN,7,19,0.0055653600000000001,0.77772885000000003,0.86915887999999997
151674,151674,SpaGCN,7,20,0.00099098000000000003,0.83289117999999995,0.90476190000000001
151674,151674,SpaGCN,8,10,0.00458363,0.79512271000000001,0.86915887999999997
151674,151674,SpaGCN,8,11,0.0048804199999999999,0.56428792000000005,0.65289255999999996
151674,151674,SpaGCN,8,13,0.010457640000000001,0.80959871000000005,0.90476190000000001
151674,151674,SpaGCN,8,14,0.010362690000000001,0.77473769999999997,0.90476190000000001
151674,151674,SpaGCN,8,15,0.01701886,0.67559734000000005,0.80180180000000001
151674,151674,SpaGCN,8,18,8.0519999999999995e-05,0.76955974000000005,0.85185184999999997
151674,151674,SpaGCN,8,19,0.0054562400000000002,0.80679471999999997,0.86915887999999997
151674,151674,SpaGCN,8,20,0.00110009,0.81491130000000001,0.86915887999999997
151674,151674,SpaGCN,9,16,0.01006772,0.71143020999999995,0.78571429000000004
151674,151674,SpaGCN,10,11,0.0094640499999999999,0.59138480000000004,0.62601625999999999
151674,151674,SpaGCN,10,12,0.019378429999999999,0.75921481000000002,0.83486238999999995
151674,151674,SpaGCN,10,13,0.0058740099999999998,0.79541589999999995,0.85185184999999997
151674,151674,SpaGCN,10,14,0.0057790599999999999,0.76823585000000005,0.85185184999999997
151674,151674,SpaGCN,10,15,0.01243522,0.70382641000000001,0.76991149999999997
151674,151674,SpaGCN,10,18,0.0045031100000000003,0.77223279,0.81818181999999995
151674,151674,SpaGCN,10,19,0.010039879999999999,0.77687951,0.85185184999999997
151674,151674,SpaGCN,10,20,0.0034835399999999998,0.82015444000000004,0.88679244999999995
151674,151674,SpaGCN,11,13,0.015338060000000001,0.54509479000000005,0.66666667000000002
151674,151674,SpaGCN,11,14,0.015243110000000001,0.54409415999999999,0.59999999999999998
151674,151674,SpaGCN,11,18,0.0049609399999999996,0.54787417999999999,0.62601625999999999
151674,151674,SpaGCN,11,19,0.00057583000000000005,0.61093030999999998,0.66666667000000002
151674,151674,SpaGCN,11,20,0.0059805099999999996,0.55904182000000002,0.61290323000000002
151674,151674,SpaGCN,12,13,0.01350442,0.79856066999999997,0.88679244999999995
151674,151674,SpaGCN,12,14,0.01359937,0.81888702000000002,0.86915887999999997
151674,151674,SpaGCN,12,15,0.00694321,0.76574352000000001,0.80180180000000001
151674,151674,SpaGCN,13,14,9.4950000000000004e-05,0.78740520000000003,0.90476190000000001
151674,151674,SpaGCN,13,15,0.0065612099999999996,0.72170902999999997,0.81818181999999995
151674,151674,SpaGCN,13,18,0.01037712,0.80333149999999998,0.90476190000000001
151674,151674,SpaGCN,13,19,0.01591389,0.78154758999999996,0.81818181999999995
151674,151674,SpaGCN,13,20,0.0093575499999999992,0.84252565999999995,0.92307691999999997
151674,151674,SpaGCN,14,15,0.0066561600000000004,0.75594797999999996,0.83486238999999995
151674,151674,SpaGCN,14,18,0.01028217,0.7384617,0.85185184999999997
151674,151674,SpaGCN,14,19,0.01581894,0.72860745000000005,0.85185184999999997
151674,151674,SpaGCN,14,20,0.0092625999999999993,0.82686693,0.88679244999999995
151674,151674,SpaGCN,15,18,0.016938330000000001,0.73098700000000005,0.85185184999999997
151674,151674,SpaGCN,15,20,0.015918760000000001,0.74876651999999999,0.81818181999999995
151674,151674,SpaGCN,18,19,0.0055367699999999999,0.76390226000000006,0.80180180000000001
151674,151674,SpaGCN,18,20,0.00101957,0.79534212000000004,0.88679244999999995
151674,151674,SpaGCN,19,20,0.0065563399999999999,0.78492848000000004,0.86915887999999997
151674,151674,BANKSY,1,2,0.00012053,0.99713417000000004,1
151674,151674,BANKSY,1,3,0,1,1
151674,151674,BANKSY,1,4,0.01793463,0.64957368000000004,0.92307691999999997
151674,151674,BANKSY,1,6,0.00012053,0.99713417000000004,1
151674,151674,BANKSY,1,7,0.0036910900000000002,0.81522311999999997,0.83486238999999995
151674,151674,BANKSY,1,11,0.0058019600000000001,0.96709208999999996,0.92307691999999997
151674,151674,BANKSY,1,12,0,1,1
151674,151674,BANKSY,1,13,0.00101001,0.72412529000000003,0.78571429000000004
151674,151674,BANKSY,1,15,0.0061555000000000004,0.96427030999999996,0.92307691999999997
151674,151674,BANKSY,1,16,0.0081850399999999993,0.64720632,0.76991149999999997
151674,151674,BANKSY,1,17,0.0058019600000000001,0.96709208999999996,0.92307691999999997
151674,151674,BANKSY,1,20,0.0059908000000000001,0.96520486000000005,0.92307691999999997
151674,151674,BANKSY,2,3,0.00012053,0.99713417000000004,1
151674,151674,BANKSY,2,4,0.018055160000000001,0.65175342999999997,0.92307691999999997
151674,151674,BANKSY,2,6,0,1,1
151674,151674,BANKSY,2,7,0.00357055,0.81606694999999996,0.81818181999999995
151674,151674,BANKSY,2,11,0.0056814200000000004,0.96614865000000005,0.92307691999999997
151674,151674,BANKSY,2,12,0.00012053,0.99713417000000004,1
151674,151674,BANKSY,2,13,0.0011305499999999999,0.72390789,0.80180180000000001
151674,151674,BANKSY,2,15,0.0060349599999999998,0.96332945999999997,0.92307691999999997
151674,151674,BANKSY,2,16,0.00830557,0.64663126000000004,0.78571429000000004
151674,151674,BANKSY,2,17,0.0056814200000000004,0.96614865000000005,0.92307691999999997
151674,151674,BANKSY,2,20,0.0058702600000000004,0.96426312999999997,0.92307691999999997
151674,151674,BANKSY,3,4,0.01793463,0.64957368000000004,0.92307691999999997
151674,151674,BANKSY,3,6,0.00012053,0.99713417000000004,1
151674,151674,BANKSY,3,7,0.0036910900000000002,0.81522311999999997,0.83486238999999995
151674,151674,BANKSY,3,11,0.0058019600000000001,0.96709208999999996,0.92307691999999997
151674,151674,BANKSY,3,12,0,1,1
151674,151674,BANKSY,3,13,0.00101001,0.72412529000000003,0.78571429000000004
151674,151674,BANKSY,3,15,0.0061555000000000004,0.96427030999999996,0.92307691999999997
151674,151674,BANKSY,3,16,0.0081850399999999993,0.64720632,0.76991149999999997
151674,151674,BANKSY,3,17,0.0058019600000000001,0.96709208999999996,0.92307691999999997
151674,151674,BANKSY,3,20,0.0059908000000000001,0.96520486000000005,0.92307691999999997
151674,151674,BANKSY,4,6,0.018055160000000001,0.65175342999999997,0.92307691999999997
151674,151674,BANKSY,4,12,0.01793463,0.64957368000000004,0.92307691999999997
151674,151674,BANKSY,4,13,0.016924620000000001,0.50395592,0.72413793000000004
151674,151674,BANKSY,4,16,0.0097495900000000007,0.46953277999999998,0.68067226999999997
151674,151674,BANKSY,5,8,0.0049836000000000004,0.96688012999999995,0.92307691999999997
151674,151674,BANKSY,5,19,0.0053522500000000002,0.96750471999999998,0.92307691999999997
151674,151674,BANKSY,6,7,0.00357055,0.81606694999999996,0.81818181999999995
151674,151674,BANKSY,6,11,0.0056814200000000004,0.96614865000000005,0.92307691999999997
151674,151674,BANKSY,6,12,0.00012053,0.99713417000000004,1
151674,151674,BANKSY,6,13,0.0011305499999999999,0.72390789,0.80180180000000001
151674,151674,BANKSY,6,15,0.0060349599999999998,0.96332945999999997,0.92307691999999997
151674,151674,BANKSY,6,16,0.00830557,0.64663126000000004,0.78571429000000004
151674,151674,BANKSY,6,17,0.0056814200000000004,0.96614865000000005,0.92307691999999997
151674,151674,BANKSY,6,20,0.0058702600000000004,0.96426312999999997,0.92307691999999997
151674,151674,BANKSY,7,11,0.0021108699999999999,0.81669817,0.92307691999999997
151674,151674,BANKSY,7,12,0.0036910900000000002,0.81522311999999997,0.83486238999999995
151674,151674,BANKSY,7,13,0.0047010999999999997,0.75507632999999996,0.76991149999999997
151674,151674,BANKSY,7,15,0.0024644100000000002,0.81917764999999998,0.92307691999999997
151674,151674,BANKSY,7,16,0.01187613,0.57358958000000004,0.68067226999999997
151674,151674,BANKSY,7,17,0.0021108699999999999,0.81669817,0.92307691999999997
151674,151674,BANKSY,7,20,0.0022997099999999999,0.81832870000000002,0.92307691999999997
151674,151674,BANKSY,8,19,0.00036864999999999999,0.99936552000000001,1
151674,151674,BANKSY,9,10,0.0012553200000000001,0.95907556999999999,0.92307691999999997
151674,151674,BANKSY,9,11,0.01922478,0.84833826000000001,0.85185184999999997
151674,151674,BANKSY,9,14,0.00014096000000000001,0.99741115999999996,1
151674,151674,BANKSY,9,15,0.018871240000000001,0.84572013999999995,0.85185184999999997
151674,151674,BANKSY,9,17,0.01922478,0.84833826000000001,0.85185184999999997
151674,151674,BANKSY,9,20,0.019035940000000001,0.84659508000000006,0.85185184999999997
151674,151674,BANKSY,10,14,0.00139628,0.96161370000000002,0.92307691999999997
151674,151674,BANKSY,11,12,0.0058019600000000001,0.96709208999999996,0.92307691999999997
151674,151674,BANKSY,11,13,0.0068119699999999997,0.72395337000000004,0.72413793000000004
151674,151674,BANKSY,11,14,0.01908381,0.84761481000000005,0.83486238999999995
151674,151674,BANKSY,11,15,0.00035354000000000001,0.99521466000000003,1
151674,151674,BANKSY,11,16,0.013986999999999999,0.63576600999999999,0.70940170999999996
151674,151674,BANKSY,11,17,0,1,1
151674,151674,BANKSY,11,20,0.00018883999999999999,0.99808335999999998,1
151674,151674,BANKSY,12,13,0.00101001,0.72412529000000003,0.78571429000000004
151674,151674,BANKSY,12,15,0.0061555000000000004,0.96427030999999996,0.92307691999999997
151674,151674,BANKSY,12,16,0.0081850399999999993,0.64720632,0.76991149999999997
151674,151674,BANKSY,12,17,0.0058019600000000001,0.96709208999999996,0.92307691999999997
151674,151674,BANKSY,12,20,0.0059908000000000001,0.96520486000000005,0.92307691999999997
151674,151674,BANKSY,13,15,0.0071655099999999999,0.72374101999999996,0.72413793000000004
151674,151674,BANKSY,13,16,0.0071750299999999998,0.66835586000000002,0.90476190000000001
151674,151674,BANKSY,13,17,0.0068119699999999997,0.72395337000000004,0.72413793000000004
151674,151674,BANKSY,13,20,0.0070008099999999997,0.72395337000000004,0.72413793000000004
151674,151674,BANKSY,14,15,0.018730279999999998,0.84499709999999995,0.83486238999999995
151674,151674,BANKSY,14,17,0.01908381,0.84761481000000005,0.83486238999999995
151674,151674,BANKSY,14,20,0.018894970000000001,0.84587215000000004,0.83486238999999995
151674,151674,BANKSY,15,16,0.014340530000000001,0.63493463000000006,0.70940170999999996
151674,151674,BANKSY,15,17,0.00035354000000000001,0.99521466000000003,1
151674,151674,BANKSY,15,20,0.00016469999999999999,0.99712637000000004,1
151674,151674,BANKSY,16,17,0.013986999999999999,0.63576600999999999,0.70940170999999996
151674,151674,BANKSY,16,20,0.01417584,0.63550023,0.70940170999999996
151674,151674,BANKSY,17,20,0.00018883999999999999,0.99808335999999998,1
151674,151674,SEDR,1,2,0.01603630193,0.76864492549999996,0.78571428570000001
151674,151674,SEDR,1,7,0.008395916719,0.71997872939999996,0.7699115044
151674,151674,SEDR,1,9,0.019731248520000001,0.78681164869999998,0.81818181820000002
151674,151674,SEDR,1,15,0.012395714659999999,0.83651362890000003,0.81818181820000002
151674,151674,SEDR,1,19,0.01081587193,0.68616520530000003,0.72413793100000001
151674,151674,SEDR,2,7,0.007640385207,0.74190108290000001,0.6949152542
151674,151674,SEDR,3,6,0.00040967848630000001,0.52498292989999995,0.36986301370000002
151674,151674,SEDR,3,11,0.0044992579229999998,0.50228015540000004,0.3605442177
151674,151674,SEDR,3,13,0.0059365976369999997,0.51807396890000001,0.43884892089999999
151674,151674,SEDR,3,20,0.0044508448069999996,0.56461747250000005,0.45985401460000003
151674,151674,SEDR,4,12,0.0064222958830000001,0.8665313402,0.7699115044
151674,151674,SEDR,4,14,0.0019344574299999999,0.8604788833,0.80180180180000005
151674,151674,SEDR,4,16,0.0034427593859999999,0.84215935259999997,0.75438596489999998
151674,151674,SEDR,5,12,0.018485871720000002,0.8897562041,0.85185185190000001
151674,151674,SEDR,5,18,0.0019885643549999998,0.90677223699999998,0.85185185190000001
151674,151674,SEDR,6,11,0.0049089364089999997,0.72731059080000005,0.62601626020000001
151674,151674,SEDR,6,13,0.0055269191509999998,0.75596369370000005,0.65289256200000001
151674,151674,SEDR,6,20,0.0040411663200000001,0.75194738220000001,0.6949152542
151674,151674,SEDR,7,19,0.019211788649999999,0.78050680179999998,0.75438596489999998
151674,151674,SEDR,8,17,0.016132197059999999,0.62273288400000004,0.68067226889999999
151674,151674,SEDR,9,10,0.001650216522,0.71312587640000002,0.62601626020000001
151674,151674,SEDR,9,13,0.019851683009999999,0.73314290530000004,0.6949152542
151674,151674,SEDR,9,15,0.0073355338609999996,0.76288238939999997,0.78571428570000001
151674,151674,SEDR,9,19,0.0089153765930000007,0.6731926023,0.68067226889999999
151674,151674,SEDR,10,13,0.018201466489999998,0.71334259550000001,0.61290322580000001
151674,151674,SEDR,10,15,0.0089857503830000005,0.62990556809999998,0.68067226889999999
151674,151674,SEDR,10,19,0.01056559311,0.64410771359999996,0.72413793100000001
151674,151674,SEDR,10,20,0.019687219320000001,0.69182472439999998,0.65289256200000001
151674,151674,SEDR,11,13,0.01043585556,0.71092289239999995,0.6949152542
151674,151674,SEDR,11,20,0.0089501027290000007,0.67394240299999997,0.59999999999999998
151674,151674,SEDR,12,14,0.0083567533130000007,0.87975089350000002,0.80180180180000005
151674,151674,SEDR,12,16,0.0098650552690000004,0.83651038,0.81818181820000002
151674,151674,SEDR,13,20,0.0014857528310000001,0.72558515020000003,0.68067226889999999
151674,151674,SEDR,14,16,0.001508301956,0.84339052810000004,0.78571428570000001
151674,151674,SEDR,15,19,0.001579842732,0.74649315009999995,0.75438596489999998
151675,151675,GraphST,1,2,0.00151417,0.58922730999999995,0.80180180000000001
151675,151675,GraphST,1,3,0.0066900500000000003,0.56562566999999997,0.73913043
151675,151675,GraphST,1,4,0.019404029999999999,0.59148632999999995,0.78571429000000004
151675,151675,GraphST,1,5,0.015980999999999999,0.55282076999999996,0.75438596000000002
151675,151675,GraphST,1,6,0.010142440000000001,0.54341499999999998,0.78571429000000004
151675,151675,GraphST,1,8,0.015755450000000001,0.58300410000000003,0.76991149999999997
151675,151675,GraphST,1,10,0.00674984,0.56245869000000004,0.75438596000000002
151675,151675,GraphST,1,13,0.0028515099999999998,0.55253430000000003,0.78571429000000004
151675,151675,GraphST,1,15,0.0015432899999999999,0.53424232000000005,0.78571429000000004
151675,151675,GraphST,1,16,0.01539811,0.60579278999999997,0.76991149999999997
151675,151675,GraphST,1,17,0.016315489999999998,0.56185459999999998,0.70940170999999996
151675,151675,GraphST,1,18,0.00337544,0.55748491,0.69491524999999998
151675,151675,GraphST,2,3,0.0051758799999999999,0.52726901999999998,0.75438596000000002
151675,151675,GraphST,2,5,0.017495170000000001,0.48783992999999998,0.78571429000000004
151675,151675,GraphST,2,6,0.01165661,0.49251714000000002,0.78571429000000004
151675,151675,GraphST,2,8,0.017269619999999999,0.63815741000000004,0.75438596000000002
151675,151675,GraphST,2,10,0.0082640100000000005,0.55105461,0.78571429000000004
151675,151675,GraphST,2,13,0.0043656800000000003,0.52647184999999996,0.76991149999999997
151675,151675,GraphST,2,15,2.9119999999999999e-05,0.49154869000000001,0.78571429000000004
151675,151675,GraphST,2,16,0.016912279999999998,0.64837093999999995,0.73913043
151675,151675,GraphST,2,17,0.017829660000000001,0.61475767000000003,0.66666667000000002
151675,151675,GraphST,2,18,0.0018612699999999999,0.63701629999999998,0.69491524999999998
151675,151675,GraphST,3,6,0.016832489999999999,0.56935179999999996,0.73913043
151675,151675,GraphST,3,10,0.013439889999999999,0.57193497000000004,0.76991149999999997
151675,151675,GraphST,3,13,0.0095415599999999993,0.56742548999999998,0.75438596000000002
151675,151675,GraphST,3,15,0.0051467600000000002,0.55707375000000003,0.76991149999999997
151675,151675,GraphST,3,18,0.00331461,0.52100084000000002,0.73913043
151675,151675,GraphST,4,5,0.0034230300000000001,0.54141623999999999,0.80180180000000001
151675,151675,GraphST,4,6,0.0092615900000000001,0.46821741,0.78571429000000004
151675,151675,GraphST,4,7,0.0084600600000000001,0.58984621999999998,0.72413793000000004
151675,151675,GraphST,4,8,0.0036485799999999998,0.69265933999999996,0.80180180000000001
151675,151675,GraphST,4,9,0.01158346,0.48684479000000003,0.80180180000000001
151675,151675,GraphST,4,10,0.012654200000000001,0.54074595000000003,0.80180180000000001
151675,151675,GraphST,4,11,0.0061491699999999998,0.51528423999999995,0.68067226999999997
151675,151675,GraphST,4,13,0.016552520000000001,0.5348832,0.78571429000000004
151675,151675,GraphST,4,14,0.0093410899999999998,0.56255781000000005,0.76991149999999997
151675,151675,GraphST,4,16,0.0040059199999999996,0.62092831999999998,0.73913043
151675,151675,GraphST,4,17,0.0030885499999999998,0.56730216,0.66666667000000002
151675,151675,GraphST,4,20,0.01070686,0.60589011999999998,0.80180180000000001
151675,151675,GraphST,5,6,0.0058385599999999996,0.52122482999999997,0.80180180000000001
151675,151675,GraphST,5,7,0.011883090000000001,0.47923141000000002,0.66666667000000002
151675,151675,GraphST,5,8,0.00022555000000000001,0.53589518000000003,0.80180180000000001
151675,151675,GraphST,5,9,0.015006490000000001,0.53074712000000002,0.81818181999999995
151675,151675,GraphST,5,10,0.0092311700000000003,0.5435449,0.83486238999999995
151675,151675,GraphST,5,11,0.0095721999999999995,0.44539620000000002,0.69491524999999998
151675,151675,GraphST,5,13,0.013129490000000001,0.52111373000000005,0.81818181999999995
151675,151675,GraphST,5,14,0.01276412,0.56232503,0.83486238999999995
151675,151675,GraphST,5,15,0.017524290000000001,0.53408728999999999,0.81818181999999995
151675,151675,GraphST,5,16,0.00058288999999999997,0.52015906000000001,0.76991149999999997
151675,151675,GraphST,5,17,0.00033449,0.45230366999999999,0.69491524999999998
151675,151675,GraphST,5,18,0.019356439999999999,0.51399711000000003,0.80180180000000001
151675,151675,GraphST,5,20,0.014129890000000001,0.51417349000000001,0.83486238999999995
151675,151675,GraphST,6,7,0.017721649999999999,0.43192953000000001,0.70940170999999996
151675,151675,GraphST,6,8,0.0056130099999999999,0.45475473,0.81818181999999995
151675,151675,GraphST,6,10,0.0033926099999999999,0.53809952000000005,0.80180180000000001
151675,151675,GraphST,6,11,0.015410760000000001,0.36217064999999998,0.66666667000000002
151675,151675,GraphST,6,13,0.0072909300000000002,0.54442460999999998,0.81818181999999995
151675,151675,GraphST,6,14,0.01860268,0.51899580000000001,0.75438596000000002
151675,151675,GraphST,6,15,0.01168574,0.54694350000000003,0.78571429000000004
151675,151675,GraphST,6,16,0.0052556699999999996,0.50007314999999997,0.75438596000000002
151675,151675,GraphST,6,17,0.0061730500000000002,0.39619210999999999,0.72413793000000004
151675,151675,GraphST,6,18,0.013517879999999999,0.44523976999999998,0.75438596000000002
151675,151675,GraphST,6,20,0.019968449999999999,0.44783479999999998,0.76991149999999997
151675,151675,GraphST,7,8,0.01210864,0.60312314,0.70940170999999996
151675,151675,GraphST,7,9,0.0031234000000000001,0.44412061000000003,0.69491524999999998
151675,151675,GraphST,7,11,0.0023108899999999999,0.67444979000000005,0.72413793000000004
151675,151675,GraphST,7,12,0.01366389,0.47386203999999998,0.49253731000000001
151675,151675,GraphST,7,14,0.00088102999999999999,0.60394243000000003,0.68067226999999997
151675,151675,GraphST,7,16,0.01246598,0.64376500999999997,0.72413793000000004
151675,151675,GraphST,7,17,0.011548610000000001,0.70473247999999999,0.73913043
151675,151675,GraphST,7,20,0.0022468000000000002,0.63205272999999995,0.69491524999999998
151675,151675,GraphST,8,9,0.015232040000000001,0.48625810000000003,0.80180180000000001
151675,151675,GraphST,8,10,0.0090056200000000006,0.55752473999999996,0.80180180000000001
151675,151675,GraphST,8,11,0.0097977499999999992,0.54409951000000001,0.68067226999999997
151675,151675,GraphST,8,13,0.012903939999999999,0.52346791999999998,0.76991149999999997
151675,151675,GraphST,8,14,0.01298967,0.57489266999999999,0.78571429000000004
151675,151675,GraphST,8,15,0.017298750000000002,0.50301903000000003,0.78571429000000004
151675,151675,GraphST,8,16,0.00035733999999999999,0.62632721000000002,0.73913043
151675,151675,GraphST,8,17,0.00056002999999999999,0.58627797000000004,0.72413793000000004
151675,151675,GraphST,8,18,0.019130899999999999,0.66961831999999999,0.76991149999999997
151675,151675,GraphST,8,20,0.014355440000000001,0.59881136999999995,0.78571429000000004
151675,151675,GraphST,9,11,0.0054342899999999996,0.38289842000000002,0.68067226999999997
151675,151675,GraphST,9,12,0.01054049,0.52315489000000004,0.44927536000000001
151675,151675,GraphST,9,14,0.00224237,0.53078934,0.80180180000000001
151675,151675,GraphST,9,16,0.01558938,0.47951025000000003,0.75438596000000002
151675,151675,GraphST,9,17,0.014672009999999999,0.40813904000000001,0.70940170999999996
151675,151675,GraphST,9,20,0.00087659999999999995,0.48950863999999999,0.81818181999999995
151675,151675,GraphST,10,11,0.01880337,0.44508217,0.65289255999999996
151675,151675,GraphST,10,13,0.0038983300000000002,0.55855242999999999,0.78571429000000004
151675,151675,GraphST,10,15,0.0082931299999999993,0.56023582999999999,0.83486238999999995
151675,151675,GraphST,10,16,0.0086482799999999995,0.55119366999999997,0.78571429000000004
151675,151675,GraphST,10,17,0.0095656500000000002,0.48375866000000001,0.72413793000000004
151675,151675,GraphST,10,18,0.01012528,0.53740385000000002,0.76991149999999997
151675,151675,GraphST,11,12,0.015974780000000001,0.39916836,0.49253731000000001
151675,151675,GraphST,11,14,0.00319192,0.54997421999999996,0.63934426
151675,151675,GraphST,11,16,0.01015509,0.59525019000000001,0.70940170999999996
151675,151675,GraphST,11,17,0.0092377099999999997,0.69761240000000002,0.72413793000000004
151675,151675,GraphST,11,20,0.0045576899999999997,0.61996030000000002,0.68067226999999997
151675,151675,GraphST,12,14,0.01278286,0.55064329000000001,0.51515151999999997
151675,151675,GraphST,12,20,0.01141709,0.47895104999999999,0.45985400999999998
151675,151675,GraphST,13,15,0.0043947999999999999,0.54819607000000004,0.78571429000000004
151675,151675,GraphST,13,16,0.0125466,0.52170333999999996,0.76991149999999997
151675,151675,GraphST,13,17,0.01346398,0.44347238,0.76991149999999997
151675,151675,GraphST,13,18,0.0062269500000000002,0.51324625999999995,0.73913043
151675,151675,GraphST,14,16,0.013347009999999999,0.61919104999999997,0.76991149999999997
151675,151675,GraphST,14,17,0.01242964,0.56177679999999997,0.66666667000000002
151675,151675,GraphST,14,20,0.0013657700000000001,0.62853842999999998,0.83486238999999995
151675,151675,GraphST,15,16,0.01694141,0.50550618999999997,0.75438596000000002
151675,151675,GraphST,15,17,0.017858780000000001,0.42708407999999998,0.68067226999999997
151675,151675,GraphST,15,18,0.0018321500000000001,0.49594770999999999,0.76991149999999997
151675,151675,GraphST,16,17,0.00091737000000000003,0.61502367000000002,0.72413793000000004
151675,151675,GraphST,16,18,0.018773560000000002,0.60685540000000004,0.69491524999999998
151675,151675,GraphST,16,20,0.01471278,0.63608575000000001,0.76991149999999997
151675,151675,GraphST,17,18,0.019690929999999999,0.57164588000000005,0.65289255999999996
151675,151675,GraphST,17,20,0.013795409999999999,0.62733921999999998,0.69491524999999998
151675,151675,STAGATE,1,9,0.0097871599999999996,0.51959219000000001,0.42857142999999998
151675,151675,STAGATE,1,10,0.00058308999999999998,0.55874151999999999,0.36054422000000003
151675,151675,STAGATE,1,11,0.01500581,0.57052404000000001,0.42857142999999998
151675,151675,STAGATE,1,13,0.0072073199999999997,0.57457681000000005,0.47058823999999999
151675,151675,STAGATE,1,14,0.0098822200000000006,0.54377171999999996,0.42857142999999998
151675,151675,STAGATE,1,15,0.00259114,0.50348817999999995,0.45985400999999998
151675,151675,STAGATE,1,16,0.017363079999999999,0.55019224,0.13636364000000001
151675,151675,STAGATE,2,3,0.01087341,0.64502638000000001,0.78571429000000004
151675,151675,STAGATE,2,6,0.01777219,0.65136799999999995,0.73913043
151675,151675,STAGATE,2,8,0.014940429999999999,0.61834537000000001,0.55038759999999998
151675,151675,STAGATE,2,12,0.00232993,0.65178636000000001,0.61290323000000002
151675,151675,STAGATE,2,17,0.01766065,0.62015807999999994,0.44927536000000001
151675,151675,STAGATE,2,18,0.00010362,0.57428573000000005,0.52671756000000003
151675,151675,STAGATE,2,19,0.0074771400000000002,0.59401453999999998,0.72413793000000004
151675,151675,STAGATE,3,5,0.01472476,0.70516078000000004,0.80180180000000001
151675,151675,STAGATE,3,6,0.0068987800000000002,0.73215887999999996,0.78571429000000004
151675,151675,STAGATE,3,7,0.01382121,0.66792172999999999,0.78571429000000004
151675,151675,STAGATE,3,8,0.0040670200000000002,0.66377355999999998,0.57480315000000004
151675,151675,STAGATE,3,12,0.013203339999999999,0.57106672000000003,0.49253731000000001
151675,151675,STAGATE,3,17,0.0067872399999999999,0.64167249000000004,0.55038759999999998
151675,151675,STAGATE,3,18,0.01076978,0.66927928000000003,0.66666667000000002
151675,151675,STAGATE,3,19,0.0033962699999999998,0.73587714999999998,0.80180180000000001
151675,151675,STAGATE,4,5,0.010719269999999999,0.73237885000000003,0.70940170999999996
151675,151675,STAGATE,4,6,0.018545240000000001,0.70930177000000005,0.76991149999999997
151675,151675,STAGATE,4,7,0.011622820000000001,0.74182987,0.78571429000000004
151675,151675,STAGATE,4,9,0.01045186,0.62846341999999999,0.63934426
151675,151675,STAGATE,4,10,0.019655929999999999,0.67912452000000001,0.72413793000000004
151675,151675,STAGATE,4,13,0.0130317,0.65873515999999999,0.65289255999999996
151675,151675,STAGATE,4,14,0.010356799999999999,0.61086202000000001,0.73913043
151675,151675,STAGATE,4,15,0.017647880000000001,0.59499394999999999,0.66666667000000002
151675,151675,STAGATE,4,17,0.018656789999999999,0.62405063000000005,0.44927536000000001
151675,151675,STAGATE,4,20,0.0042835299999999998,0.65687498,0.72413793000000004
151675,151675,STAGATE,5,6,0.0078259699999999998,0.70178244000000001,0.73913043
151675,151675,STAGATE,5,7,0.00090355000000000003,0.72430397000000002,0.80180180000000001
151675,151675,STAGATE,5,8,0.010657730000000001,0.64323938999999997,0.55038759999999998
151675,151675,STAGATE,5,17,0.00793752,0.63180278000000001,0.47058823999999999
151675,151675,STAGATE,5,19,0.01812103,0.69537413000000003,0.73913043
151675,151675,STAGATE,5,20,0.0064357399999999997,0.61782694999999999,0.75438596000000002
151675,151675,STAGATE,6,7,0.0069224200000000003,0.70972798999999998,0.76991149999999997
151675,151675,STAGATE,6,8,0.00283176,0.65168714999999999,0.55038759999999998
151675,151675,STAGATE,6,17,0.00011155,0.66533116999999997,0.52671756000000003
151675,151675,STAGATE,6,18,0.017668570000000001,0.60347357000000001,0.59999999999999998
151675,151675,STAGATE,6,19,0.01029505,0.72880838999999997,0.81818181999999995
151675,151675,STAGATE,6,20,0.01426172,0.59329215999999996,0.62601625999999999
151675,151675,STAGATE,7,8,0.0097541799999999994,0.67024503999999996,0.57480315000000004
151675,151675,STAGATE,7,17,0.0070339699999999996,0.65087667000000005,0.48148148000000002
151675,151675,STAGATE,7,19,0.01721748,0.65259407000000003,0.75438596000000002
151675,151675,STAGATE,7,20,0.00733929,0.66299288000000001,0.78571429000000004
151675,151675,STAGATE,8,12,0.017270359999999998,0.57446757000000004,0.68067226999999997
151675,151675,STAGATE,8,17,0.0027202099999999998,0.66536499000000005,0.65289255999999996
151675,151675,STAGATE,8,18,0.014836810000000001,0.64388973000000005,0.75438596000000002
151675,151675,STAGATE,8,19,0.00746329,0.61639186000000001,0.52671756000000003
151675,151675,STAGATE,8,20,0.017093480000000001,0.61078580000000005,0.68067226999999997
151675,151675,STAGATE,9,10,0.0092040799999999999,0.61072329000000003,0.81818181999999995
151675,151675,STAGATE,9,13,0.0025798499999999999,0.53150321,0.49253731000000001
151675,151675,STAGATE,9,14,9.5060000000000001e-05,0.51626894000000001,0.50375939999999997
151675,151675,STAGATE,9,15,0.00719603,0.65105765000000004,0.83486238999999995
151675,151675,STAGATE,9,20,0.014735379999999999,0.53711447999999995,0.76991149999999997
151675,151675,STAGATE,10,11,0.015588899999999999,0.63782296000000005,0.61290323000000002
151675,151675,STAGATE,10,13,0.00662423,0.66069761000000005,0.62601625999999999
151675,151675,STAGATE,10,14,0.0092991299999999992,0.63061628000000003,0.66666667000000002
151675,151675,STAGATE,10,15,0.0020080499999999999,0.59254123000000003,0.73913043
151675,151675,STAGATE,10,16,0.017946159999999999,0.66611186,0.85185184999999997
151675,151675,STAGATE,11,15,0.01759695,0.50578197999999996,0.50375939999999997
151675,151675,STAGATE,11,16,0.0023572699999999999,0.73685498999999999,0.76991149999999997
151675,151675,STAGATE,12,17,0.019990580000000001,0.59298209000000002,0.58730159000000004
151675,151675,STAGATE,12,18,0.00243356,0.56053246999999995,0.62601625999999999
151675,151675,STAGATE,12,19,0.0098070699999999993,0.54446050000000001,0.53846154000000002
151675,151675,STAGATE,13,14,0.0026749,0.72026937999999996,0.69491524999999998
151675,151675,STAGATE,13,15,0.0046161800000000001,0.53875658999999998,0.51515151999999997
151675,151675,STAGATE,13,20,0.017315230000000001,0.60121572999999995,0.72413793000000004
151675,151675,STAGATE,14,15,0.0072910800000000001,0.52129398000000005,0.52671756000000003
151675,151675,STAGATE,14,20,0.01464032,0.56099330000000003,0.66666667000000002
151675,151675,STAGATE,15,16,0.01995421,0.51656661999999998,0.72413793000000004
151675,151675,STAGATE,17,18,0.01755702,0.59800065999999996,0.61290323000000002
151675,151675,STAGATE,17,19,0.0101835,0.60220768999999996,0.42857142999999998
151675,151675,STAGATE,17,20,0.014373260000000001,0.59774815000000003,0.53846154000000002
151675,151675,STAGATE,18,19,0.0073735199999999997,0.65268559000000004,0.69491524999999998
151675,151675,SpaGCN,1,2,0.01588871,0.37495045999999999,0.41843972000000001
151675,151675,SpaGCN,1,3,0.0074787400000000002,0.46582417999999998,0.50375939999999997
151675,151675,SpaGCN,1,6,0.016119350000000001,0.46764269000000003,0.51515151999999997
151675,151675,SpaGCN,1,7,0.0059494700000000001,0.46481348,0.49253731000000001
151675,151675,SpaGCN,1,8,0.0072004499999999997,0.45275407000000001,0.55038759999999998
151675,151675,SpaGCN,1,10,0.019576650000000001,0.46908871000000002,0.53846154000000002
151675,151675,SpaGCN,1,11,0.011167160000000001,0.38090353999999998,0.38888888999999999
151675,151675,SpaGCN,1,12,0.0034841899999999999,0.47668350999999998,0.52671756000000003
151675,151675,SpaGCN,1,13,0.01295202,0.4717017,0.50375939999999997
151675,151675,SpaGCN,1,14,0.00036016999999999999,0.47157431,0.52671756000000003
151675,151675,SpaGCN,1,16,0.00250475,0.49050276999999998,0.50375939999999997
151675,151675,SpaGCN,1,18,0.0091430499999999998,0.38372043,0.42857142999999998
151675,151675,SpaGCN,1,19,0.00293539,0.48191680999999997,0.51515151999999997
151675,151675,SpaGCN,2,6,0.00023064,0.46652453999999999,0.55038759999999998
151675,151675,SpaGCN,2,7,0.0099392300000000003,0.48064400000000002,0.52671756000000003
151675,151675,SpaGCN,2,10,0.0036879399999999998,0.46307238000000001,0.55038759999999998
151675,151675,SpaGCN,2,12,0.01240452,0.47364883000000002,0.55038759999999998
151675,151675,SpaGCN,2,14,0.01552854,0.50704864000000005,0.62601625999999999
151675,151675,SpaGCN,2,16,0.01839346,0.50543123999999995,0.57480315000000004
151675,151675,SpaGCN,2,18,0.0067456499999999997,0.48282960000000003,0.63934426
151675,151675,SpaGCN,2,19,0.012953310000000001,0.47516486000000002,0.59999999999999998
151675,151675,SpaGCN,3,4,0.01409553,0.56660549999999998,0.45985400999999998
151675,151675,SpaGCN,3,7,0.013428209999999999,0.73423938,0.78571429000000004
151675,151675,SpaGCN,3,8,0.00027828,0.67000817999999995,0.85185184999999997
151675,151675,SpaGCN,3,11,0.0036884299999999999,0.53099370999999995,0.58730159000000004
151675,151675,SpaGCN,3,12,0.010962919999999999,0.82814562000000003,0.86915887999999997
151675,151675,SpaGCN,3,13,0.0054732799999999996,0.82854214999999998,0.81818181999999995
151675,151675,SpaGCN,3,14,0.0078388999999999993,0.78238328000000001,0.80180180000000001
151675,151675,SpaGCN,3,16,0.0049739800000000002,0.82530247999999995,0.85185184999999997
151675,151675,SpaGCN,3,18,0.016621790000000001,0.49576704999999999,0.66666667000000002
151675,151675,SpaGCN,3,19,0.010414130000000001,0.83395295000000003,0.86915887999999997
151675,151675,SpaGCN,3,20,0.015290679999999999,0.53507033000000004,0.57480315000000004
151675,151675,SpaGCN,4,5,0.00746885,0.56153481999999999,0.43884891999999998
151675,151675,SpaGCN,4,8,0.014373810000000001,0.47854837,0.34228187999999998
151675,151675,SpaGCN,4,9,0.013262410000000001,0.49695339999999999,0.36054422000000003
151675,151675,SpaGCN,4,11,0.010407100000000001,0.53926892999999998,0.45985400999999998
151675,151675,SpaGCN,4,13,0.0086222399999999998,0.55350326999999999,0.50375939999999997
151675,151675,SpaGCN,4,16,0.019069510000000001,0.56448180000000003,0.45985400999999998
151675,151675,SpaGCN,4,20,0.0011951500000000001,0.56225420999999998,0.42857142999999998
151675,151675,SpaGCN,5,9,0.0057935599999999997,0.45100071000000003,0.49253731000000001
151675,151675,SpaGCN,5,11,0.01787596,0.49740261000000002,0.59999999999999998
151675,151675,SpaGCN,5,13,0.016091100000000001,0.73757594000000004,0.81818181999999995
151675,151675,SpaGCN,5,15,0.012828549999999999,0.70315368,0.72413793000000004
151675,151675,SpaGCN,5,20,0.0062737000000000001,0.50383350999999998,0.57480315000000004
151675,151675,SpaGCN,6,7,0.010169869999999999,0.70101188999999997,0.69491524999999998
151675,151675,SpaGCN,6,10,0.0034573,0.78556018000000005,0.81818181999999995
151675,151675,SpaGCN,6,12,0.012635159999999999,0.79204973000000001,0.83486238999999995
151675,151675,SpaGCN,6,14,0.015759180000000001,0.72866646999999996,0.72413793000000004
151675,151675,SpaGCN,6,16,0.018624100000000001,0.75422908,0.75438596000000002
151675,151675,SpaGCN,6,18,0.0069762899999999996,0.47852377000000001,0.68067226999999997
151675,151675,SpaGCN,6,19,0.01318395,0.77444942000000005,0.83486238999999995
151675,151675,SpaGCN,7,8,0.013149920000000001,0.62603534000000005,0.66666667000000002
151675,151675,SpaGCN,7,10,0.013627169999999999,0.67542455999999995,0.63934426
151675,151675,SpaGCN,7,11,0.017116630000000001,0.51992446000000003,0.58730159000000004
151675,151675,SpaGCN,7,12,0.0024652799999999998,0.72584740999999997,0.73913043
151675,151675,SpaGCN,7,13,0.01890149,0.73206344999999995,0.75438596000000002
151675,151675,SpaGCN,7,14,0.0055893000000000002,0.71267888000000001,0.70940170999999996
151675,151675,SpaGCN,7,16,0.0084542300000000001,0.74267678999999998,0.73913043
151675,151675,SpaGCN,7,18,0.0031935800000000001,0.48792865000000002,0.63934426
151675,151675,SpaGCN,7,19,0.0030140800000000001,0.73317425999999997,0.69491524999999998
151675,151675,SpaGCN,8,11,0.00396671,0.4401699,0.55038759999999998
151675,151675,SpaGCN,8,12,0.01068464,0.68385481999999997,0.86915887999999997
151675,151675,SpaGCN,8,13,0.0057515700000000001,0.64547801999999999,0.73913043
151675,151675,SpaGCN,8,14,0.0075606199999999997,0.65862672,0.80180180000000001
151675,151675,SpaGCN,8,16,0.0046956999999999997,0.64866862000000003,0.80180180000000001
151675,151675,SpaGCN,8,18,0.0163435,0.45572193999999999,0.62601625999999999
151675,151675,SpaGCN,8,19,0.01013585,0.69026969000000005,0.90476190000000001
151675,151675,SpaGCN,8,20,0.01556897,0.41440474999999999,0.52671756000000003
151675,151675,SpaGCN,9,15,0.0070349899999999996,0.45027519999999999,0.50375939999999997
151675,151675,SpaGCN,9,17,0.01520326,0.41101579999999999,0.49253731000000001
151675,151675,SpaGCN,9,20,0.01206725,0.68840259000000004,0.69491524999999998
151675,151675,SpaGCN,10,12,0.016092459999999999,0.81538272000000001,0.90476190000000001
151675,151675,SpaGCN,10,14,0.019216480000000001,0.74205030999999999,0.78571429000000004
151675,151675,SpaGCN,10,18,0.01043359,0.48424991000000001,0.63934426
151675,151675,SpaGCN,10,19,0.01664125,0.76851570999999996,0.86915887999999997
151675,151675,SpaGCN,11,12,0.01465135,0.51580113999999999,0.5625
151675,151675,SpaGCN,11,13,0.0017848600000000001,0.53572248,0.59999999999999998
151675,151675,SpaGCN,11,14,0.011527330000000001,0.54736989000000003,0.65289255999999996
151675,151675,SpaGCN,11,16,0.0086624100000000006,0.55603175999999999,0.63934426
151675,151675,SpaGCN,11,19,0.01410256,0.52248985999999997,0.63934426
151675,151675,SpaGCN,11,20,0.01160226,0.59316528999999996,0.70940170999999996
151675,151675,SpaGCN,12,13,0.01643621,0.78674394000000003,0.75438596000000002
151675,151675,SpaGCN,12,14,0.0031240199999999999,0.79655911999999995,0.76991149999999997
151675,151675,SpaGCN,12,16,0.0059889399999999999,0.80678885,0.81818181999999995
151675,151675,SpaGCN,12,18,0.0056588599999999999,0.49240929,0.66666667000000002
151675,151675,SpaGCN,12,19,0.00054878999999999995,0.82105603999999999,0.86915887999999997
151675,151675,SpaGCN,13,14,0.01331219,0.79186069999999997,0.78571429000000004
151675,151675,SpaGCN,13,16,0.01044727,0.81372747000000001,0.78571429000000004
151675,151675,SpaGCN,13,19,0.015887410000000001,0.80472896999999999,0.76991149999999997
151675,151675,SpaGCN,13,20,0.0098174000000000004,0.55895578999999995,0.57480315000000004
151675,151675,SpaGCN,14,16,0.00286492,0.82728780000000002,0.76991149999999997
151675,151675,SpaGCN,14,18,0.0087828799999999999,0.52369840000000001,0.69491524999999998
151675,151675,SpaGCN,14,19,0.00257523,0.81189829999999996,0.83486238999999995
151675,151675,SpaGCN,15,17,0.0081682600000000001,0.55827614000000003,0.59999999999999998
151675,151675,SpaGCN,15,20,0.019102250000000001,0.51560267000000004,0.57480315000000004
151675,151675,SpaGCN,16,18,0.01164781,0.51619139000000003,0.68067226999999997
151675,151675,SpaGCN,16,19,0.0054401500000000004,0.83885546,0.80180180000000001
151675,151675,SpaGCN,18,19,0.0062076600000000003,0.48863793999999999,0.68067226999999997
151675,151675,BANKSY,1,3,0.00046002,0.73272784999999996,0.43884891999999998
151675,151675,BANKSY,1,7,0.01539071,0.61376728999999997,0.73913043
151675,151675,BANKSY,1,8,0.0098584099999999997,0.57303716999999998,0.68067226999999997
151675,151675,BANKSY,1,13,0.016198170000000001,0.61434692999999996,0.73913043
151675,151675,BANKSY,1,15,0.01526917,0.61496994000000005,0.73913043
151675,151675,BANKSY,1,16,0.015756289999999999,0.61297553000000005,0.73913043
151675,151675,BANKSY,1,17,0.016294989999999999,0.61133704,0.70940170999999996
151675,151675,BANKSY,2,11,0.0098917999999999992,0.70065997999999996,0.55038759999999998
151675,151675,BANKSY,3,7,0.01585073,0.67546574999999998,0.5625
151675,151675,BANKSY,3,8,0.01031843,0.63882192999999998,0.45985400999999998
151675,151675,BANKSY,3,13,0.016658200000000001,0.67607022999999999,0.5625
151675,151675,BANKSY,3,15,0.015729190000000001,0.67689178000000005,0.5625
151675,151675,BANKSY,3,16,0.016216310000000001,0.67573870000000003,0.5625
151675,151675,BANKSY,3,17,0.016755010000000001,0.67265105000000003,0.5625
151675,151675,BANKSY,4,12,0.01161293,0.58464163000000002,0.52671756000000003
151675,151675,BANKSY,4,20,0.0092188300000000008,0.84657256000000003,0.75438596000000002
151675,151675,BANKSY,5,10,0.0096805699999999995,0.75568016000000005,0.51515151999999997
151675,151675,BANKSY,5,14,0.011992249999999999,0.65343231000000002,0.70940170999999996
151675,151675,BANKSY,5,18,0.0081842800000000004,0.76170353000000002,0.50375939999999997
151675,151675,BANKSY,7,8,0.0055323000000000004,0.92689365000000001,0.86915887999999997
151675,151675,BANKSY,7,13,0.00080745999999999997,0.99653837999999995,1
151675,151675,BANKSY,7,15,0.00012154000000000001,0.99822966999999996,1
151675,151675,BANKSY,7,16,0.00036558000000000001,0.99900301000000002,1
151675,151675,BANKSY,7,17,0.00090428000000000004,0.99386412999999996,1
151675,151675,BANKSY,8,13,0.0063397599999999998,0.92691665999999995,0.86915887999999997
151675,151675,BANKSY,8,15,0.0054107599999999997,0.92517329999999998,0.86915887999999997
151675,151675,BANKSY,8,16,0.0058978700000000004,0.92767648999999996,0.86915887999999997
151675,151675,BANKSY,8,17,0.0064365799999999999,0.93120994999999995,0.88679244999999995
151675,151675,BANKSY,9,12,0.01403654,0.49796397999999997,0.58730159000000004
151675,151675,BANKSY,9,20,0.01643064,0.72102060999999995,0.69491524999999998
151675,151675,BANKSY,10,18,0.0014962899999999999,0.97181006999999997,0.92307691999999997
151675,151675,BANKSY,12,20,0.0023941000000000001,0.54368821000000001,0.49253731000000001
151675,151675,BANKSY,13,15,0.00092900999999999997,0.99476977,1
151675,151675,BANKSY,13,16,0.00044189000000000001,0.99725894999999998,1
151675,151675,BANKSY,13,17,9.6810000000000003e-05,0.99560778000000005,1
151675,151675,BANKSY,15,16,0.00048712000000000001,0.99723255,1
151675,151675,BANKSY,15,17,0.00102582,0.99210273999999998,1
151675,151675,BANKSY,16,17,0.00053870000000000003,0.99458535000000003,1
151675,151675,SEDR,1,3,0.0093474498819999998,0.76079797149999995,0.7699115044
151675,151675,SEDR,1,6,0.01331626275,0.74659001260000002,0.75438596489999998
151675,151675,SEDR,1,7,0.016858030959999999,0.74279916530000001,0.78571428570000001
151675,151675,SEDR,1,8,0.002737276405,0.75052862909999996,0.6949152542
151675,151675,SEDR,1,10,0.0041105155490000003,0.78891987630000004,0.75438596489999998
151675,151675,SEDR,1,18,0.01577970511,0.80054872919999998,0.81818181820000002
151675,151675,SEDR,1,20,0.01095802442,0.58835326919999997,0.58730158730000004
151675,151675,SEDR,2,5,0.018723935010000001,0.82038998519999995,0.70940170940000002
151675,151675,SEDR,2,17,0.01274385741,0.70718210940000004,0.70940170940000002
151675,151675,SEDR,3,7,0.0075105810740000003,0.75574960229999999,0.75438596489999998
151675,151675,SEDR,3,8,0.0066101734769999998,0.72263628729999996,0.65289256200000001
151675,151675,SEDR,3,10,0.01345796543,0.77472916869999997,0.75438596489999998
151675,151675,SEDR,3,13,0.015553653719999999,0.77715680379999996,0.7699115044
151675,151675,SEDR,3,18,0.0064322552320000004,0.78891874360000003,0.75438596489999998
151675,151675,SEDR,3,20,0.0016105745340000001,0.59440534469999995,0.58730158730000004
151675,151675,SEDR,4,12,0.01508950058,0.76319564080000002,0.78571428570000001
151675,151675,SEDR,4,19,0.0078426833479999999,0.77905954570000002,0.70940170940000002
151675,151675,SEDR,5,6,0.013063983790000001,0.78282713390000003,0.70940170940000002
151675,151675,SEDR,5,15,0.001410782969,0.794245062,0.78571428570000001
151675,151675,SEDR,5,16,0.0023881283159999998,0.79905969740000005,0.78571428570000001
151675,151675,SEDR,5,17,0.0059800775979999997,0.69986796679999996,0.70940170940000002
151675,151675,SEDR,6,8,0.016053539150000001,0.6897927734,0.61290322580000001
151675,151675,SEDR,6,10,0.0092057471990000007,0.79247247409999999,0.80180180180000005
151675,151675,SEDR,6,15,0.011653200819999999,0.87029856709999998,0.81818181820000002
151675,151675,SEDR,6,16,0.01067585547,0.7895929464,0.78571428570000001
151675,151675,SEDR,6,17,0.019044061380000001,0.72742011929999995,0.73913043479999996
151675,151675,SEDR,7,8,0.01412075455,0.70331118240000001,0.66666666669999997
151675,151675,SEDR,7,9,0.014452548609999999,0.7596051976,0.65289256200000001
151675,151675,SEDR,7,13,0.0080430726460000001,0.7765944924,0.78571428570000001
151675,151675,SEDR,7,18,0.0010783258410000001,0.84500979919999997,0.78571428570000001
151675,151675,SEDR,7,20,0.0059000065399999998,0.66213900390000002,0.62601626020000001
151675,151675,SEDR,8,10,0.0068477919529999999,0.74161978939999995,0.63934426229999997
151675,151675,SEDR,8,18,0.01304242871,0.75980102559999996,0.65289256200000001
151675,151675,SEDR,8,20,0.0082207480109999995,0.58428210650000001,0.61290322580000001
151675,151675,SEDR,9,11,0.010443249829999999,0.74074135149999998,0.63934426229999997
151675,151675,SEDR,9,13,0.0064094759629999996,0.75541157309999996,0.68067226889999999
151675,151675,SEDR,9,14,0.010330700559999999,0.70343659250000001,0.63934426229999997
151675,151675,SEDR,9,18,0.015530874449999999,0.78143013250000004,0.72413793100000001
151675,151675,SEDR,10,16,0.019881602670000002,0.79380592819999996,0.78571428570000001
151675,151675,SEDR,10,18,0.019890220659999999,0.86992913279999995,0.81818181820000002
151675,151675,SEDR,10,20,0.01506853996,0.63783462310000005,0.59999999999999998
151675,151675,SEDR,11,12,0.01085292193,0.7979733228,0.72413793100000001
151675,151675,SEDR,11,13,0.016852725789999998,0.86612748100000003,0.78571428570000001
151675,151675,SEDR,11,14,0.0001125492653,0.73116148719999996,0.5384615385
151675,151675,SEDR,12,14,0.010965471189999999,0.6946488234,0.66666666669999997
151675,151675,SEDR,13,14,0.01674017652,0.74593350089999999,0.63934426229999997
151675,151675,SEDR,13,18,0.0091213984880000008,0.80301199560000003,0.73913043479999996
151675,151675,SEDR,13,20,0.013943079190000001,0.66171340000000001,0.59999999999999998
151675,151675,SEDR,15,16,0.00097734534639999995,0.79508155960000004,0.78571428570000001
151675,151675,SEDR,15,17,0.0073908605669999999,0.71621246429999996,0.73913043479999996
151675,151675,SEDR,16,17,0.0083682059140000008,0.68839099839999995,0.75438596489999998
151675,151675,SEDR,18,20,0.0048216806979999999,0.65859990260000001,0.63934426229999997
151676,151676,GraphST,1,2,0.0061540299999999996,0.58015002000000004,0.73913043
151676,151676,GraphST,1,3,0.0030791299999999998,0.63323348999999995,0.78571429000000004
151676,151676,GraphST,1,4,0.00084712999999999998,0.59158454999999999,0.80180180000000001
151676,151676,GraphST,1,5,0.0046361700000000002,0.61232246999999995,0.70940170999999996
151676,151676,GraphST,1,6,0.00136535,0.56380191000000002,0.66666667000000002
151676,151676,GraphST,1,7,0.0084864299999999997,0.61860358999999998,0.73913043
151676,151676,GraphST,1,8,0.00023939,0.60248316000000002,0.75438596000000002
151676,151676,GraphST,1,9,0.0034743899999999999,0.56643314,0.73913043
151676,151676,GraphST,1,10,0.01566495,0.62092738999999997,0.76991149999999997
151676,151676,GraphST,1,11,0.0085619600000000004,0.58367161000000001,0.78571429000000004
151676,151676,GraphST,1,12,0.0012963300000000001,0.59675131999999997,0.72413793000000004
151676,151676,GraphST,1,13,0.01063192,0.57805983999999999,0.80180180000000001
151676,151676,GraphST,1,14,0.0054130699999999999,0.63085177999999997,0.70940170999999996
151676,151676,GraphST,1,15,0.015453629999999999,0.59065042000000001,0.76991149999999997
151676,151676,GraphST,1,16,0.0019930099999999999,0.59365403000000005,0.73913043
151676,151676,GraphST,1,17,0.01728615,0.55200755000000001,0.69491524999999998
151676,151676,GraphST,1,19,0.00708532,0.59575809999999996,0.78571429000000004
151676,151676,GraphST,1,20,0.0054123799999999996,0.61455236999999996,0.80180180000000001
151676,151676,GraphST,2,3,0.0030748899999999998,0.57188406000000003,0.73913043
151676,151676,GraphST,2,4,0.0070011600000000002,0.56764309999999996,0.70940170999999996
151676,151676,GraphST,2,5,0.01079019,0.56445540999999999,0.76991149999999997
151676,151676,GraphST,2,6,0.00751938,0.56668721,0.65289255999999996
151676,151676,GraphST,2,7,0.0023324000000000001,0.56918822000000002,0.70940170999999996
151676,151676,GraphST,2,8,0.0063934100000000004,0.58504486,0.72413793000000004
151676,151676,GraphST,2,9,0.0026796400000000001,0.54033078000000001,0.78571429000000004
151676,151676,GraphST,2,11,0.01471599,0.54101558000000005,0.69491524999999998
151676,151676,GraphST,2,12,0.0074503599999999996,0.54998005000000005,0.69491524999999998
151676,151676,GraphST,2,13,0.016785950000000001,0.55408767000000003,0.73913043
151676,151676,GraphST,2,14,0.00074096000000000003,0.56432941000000003,0.66666667000000002
151676,151676,GraphST,2,16,0.0081470399999999995,0.58509995000000004,0.70940170999999996
151676,151676,GraphST,2,19,0.01323935,0.57029534999999998,0.73913043
151676,151676,GraphST,2,20,0.00074164999999999995,0.59497714000000002,0.80180180000000001
151676,151676,GraphST,3,4,0.00392626,0.61751138999999999,0.78571429000000004
151676,151676,GraphST,3,5,0.0077152999999999996,0.60626526000000003,0.72413793000000004
151676,151676,GraphST,3,6,0.0044444899999999997,0.57809071999999995,0.68067226999999997
151676,151676,GraphST,3,7,0.0054072900000000004,0.63511227000000003,0.76991149999999997
151676,151676,GraphST,3,8,0.0033185200000000002,0.61098198000000004,0.76991149999999997
151676,151676,GraphST,3,9,0.00039525999999999998,0.59527165000000004,0.70940170999999996
151676,151676,GraphST,3,10,0.01874408,0.63063113000000004,0.81818181999999995
151676,151676,GraphST,3,11,0.01164109,0.59252501000000002,0.76991149999999997
151676,151676,GraphST,3,12,0.0043754700000000002,0.61998869000000001,0.72413793000000004
151676,151676,GraphST,3,13,0.013711060000000001,0.60698965000000005,0.80180180000000001
151676,151676,GraphST,3,14,0.0023339300000000001,0.62013109,0.69491524999999998
151676,151676,GraphST,3,15,0.018532759999999999,0.60398289999999999,0.78571429000000004
151676,151676,GraphST,3,16,0.0050721400000000002,0.60864563000000005,0.75438596000000002
151676,151676,GraphST,3,19,0.01016446,0.61409301000000005,0.73913043
151676,151676,GraphST,3,20,0.0023332399999999999,0.62899389000000006,0.78571429000000004
151676,151676,GraphST,4,5,0.0037890300000000001,0.60011382999999996,0.76991149999999997
151676,151676,GraphST,4,6,0.00051822000000000001,0.60866251000000005,0.75438596000000002
151676,151676,GraphST,4,7,0.0093335599999999994,0.61202641000000002,0.81818181999999995
151676,151676,GraphST,4,8,0.00060775,0.60380707,0.78571429000000004
151676,151676,GraphST,4,9,0.0043215199999999997,0.58156439999999998,0.76991149999999997
151676,151676,GraphST,4,10,0.014817820000000001,0.61378591999999998,0.80180180000000001
151676,151676,GraphST,4,11,0.0077148299999999998,0.59110870000000004,0.76991149999999997
151676,151676,GraphST,4,12,0.00044920000000000002,0.59337348999999995,0.73913043
151676,151676,GraphST,4,13,0.0097847899999999998,0.57023307999999995,0.81818181999999995
151676,151676,GraphST,4,14,0.0062601999999999996,0.59159735000000002,0.73913043
151676,151676,GraphST,4,15,0.0146065,0.62749252,0.80180180000000001
151676,151676,GraphST,4,16,0.0011458799999999999,0.63122621999999995,0.80180180000000001
151676,151676,GraphST,4,17,0.01643901,0.57300468000000004,0.72413793000000004
151676,151676,GraphST,4,19,0.0062381900000000002,0.60933439,0.75438596000000002
151676,151676,GraphST,4,20,0.0062595100000000002,0.59986362999999998,0.75438596000000002
151676,151676,GraphST,5,6,0.0032708099999999999,0.57198532000000002,0.70940170999999996
151676,151676,GraphST,5,7,0.01312259,0.58505448999999998,0.73913043
151676,151676,GraphST,5,8,0.0043967800000000003,0.57874369999999997,0.69491524999999998
151676,151676,GraphST,5,9,0.0081105599999999993,0.56274553000000005,0.73913043
151676,151676,GraphST,5,10,0.01102878,0.59554790000000002,0.76991149999999997
151676,151676,GraphST,5,11,0.0039257900000000002,0.56763313999999998,0.75438596000000002
151676,151676,GraphST,5,12,0.0033398299999999998,0.59770701999999998,0.70940170999999996
151676,151676,GraphST,5,13,0.0059957600000000002,0.56269563,0.73913043
151676,151676,GraphST,5,14,0.010049229999999999,0.57948854999999999,0.70940170999999996
151676,151676,GraphST,5,15,0.010817459999999999,0.57980690999999995,0.70940170999999996
151676,151676,GraphST,5,16,0.0026431599999999999,0.57606420999999997,0.76991149999999997
151676,151676,GraphST,5,17,0.01264998,0.54904096999999996,0.69491524999999998
151676,151676,GraphST,5,19,0.0024491600000000001,0.59596059999999995,0.70940170999999996
151676,151676,GraphST,5,20,0.01004854,0.57408274999999998,0.73913043
151676,151676,GraphST,6,7,0.0098517799999999992,0.58294111000000004,0.65289255999999996
151676,151676,GraphST,6,8,0.00112597,0.58408990999999999,0.75438596000000002
151676,151676,GraphST,6,9,0.0048397400000000004,0.57347144999999999,0.62601625999999999
151676,151676,GraphST,6,10,0.014299589999999999,0.59166289000000005,0.68067226999999997
151676,151676,GraphST,6,11,0.00719661,0.55910141000000002,0.75438596000000002
151676,151676,GraphST,6,12,6.902e-05,0.60584766999999995,0.68067226999999997
151676,151676,GraphST,6,13,0.00926657,0.58151998000000005,0.65289255999999996
151676,151676,GraphST,6,14,0.0067784200000000003,0.60537145999999997,0.72413793000000004
151676,151676,GraphST,6,15,0.01408828,0.59963938999999999,0.70940170999999996
151676,151676,GraphST,6,16,0.00062766000000000005,0.60888123000000005,0.75438596000000002
151676,151676,GraphST,6,17,0.015920790000000001,0.56652480999999999,0.68067226999999997
151676,151676,GraphST,6,19,0.0057199699999999996,0.59030585999999996,0.73913043
151676,151676,GraphST,6,20,0.00677773,0.58930338000000004,0.66666667000000002
151676,151676,GraphST,7,8,0.0087258100000000005,0.59639478999999995,0.75438596000000002
151676,151676,GraphST,7,9,0.0050120399999999997,0.56923524000000003,0.80180180000000001
151676,151676,GraphST,7,11,0.01704839,0.55770872999999999,0.75438596000000002
151676,151676,GraphST,7,12,0.0097827599999999997,0.60190213000000004,0.75438596000000002
151676,151676,GraphST,7,13,0.019118349999999999,0.58387221,0.81818181999999995
151676,151676,GraphST,7,14,0.0030733599999999998,0.63287906000000005,0.72413793000000004
151676,151676,GraphST,7,16,0.01047944,0.62966867999999998,0.80180180000000001
151676,151676,GraphST,7,19,0.015571750000000001,0.60552340000000004,0.78571429000000004
151676,151676,GraphST,7,20,0.00307405,0.61936508000000001,0.78571429000000004
151676,151676,GraphST,8,9,0.0037137799999999999,0.56090892000000003,0.73913043
151676,151676,GraphST,8,10,0.01542556,0.57596946000000004,0.73913043
151676,151676,GraphST,8,11,0.0083225799999999996,0.56377803000000004,0.81818181999999995
151676,151676,GraphST,8,12,0.0010569500000000001,0.59665511999999998,0.72413793000000004
151676,151676,GraphST,8,13,0.01039254,0.57113261000000004,0.73913043
151676,151676,GraphST,8,14,0.0056524499999999998,0.60518797000000002,0.75438596000000002
151676,151676,GraphST,8,15,0.01521425,0.58720176000000002,0.76991149999999997
151676,151676,GraphST,8,16,0.0017536299999999999,0.62911859000000003,0.76991149999999997
151676,151676,GraphST,8,17,0.017046760000000001,0.58092962000000004,0.76991149999999997
151676,151676,GraphST,8,19,0.00684594,0.58241167999999999,0.73913043
151676,151676,GraphST,8,20,0.0056517599999999996,0.61096505999999995,0.76991149999999997
151676,151676,GraphST,9,10,0.019139340000000001,0.57802005000000001,0.73913043
151676,151676,GraphST,9,11,0.012036349999999999,0.54754694999999998,0.73913043
151676,151676,GraphST,9,12,0.00477072,0.56276428999999994,0.70940170999999996
151676,151676,GraphST,9,13,0.01410631,0.57722556000000003,0.78571429000000004
151676,151676,GraphST,9,14,0.0019386799999999999,0.56895479000000004,0.66666667000000002
151676,151676,GraphST,9,15,0.01892802,0.60738031000000003,0.76991149999999997
151676,151676,GraphST,9,16,0.0054673999999999999,0.60270548000000002,0.73913043
151676,151676,GraphST,9,19,0.01055971,0.57448025000000003,0.70940170999999996
151676,151676,GraphST,9,20,0.0019379899999999999,0.59196258000000002,0.78571429000000004
151676,151676,GraphST,10,11,0.00710299,0.58684323000000005,0.75438596000000002
151676,151676,GraphST,10,12,0.01436861,0.63175689999999995,0.73913043
151676,151676,GraphST,10,13,0.00503302,0.61065040000000004,0.81818181999999995
151676,151676,GraphST,10,15,0.00021132,0.62230795999999999,0.75438596000000002
151676,151676,GraphST,10,16,0.01367194,0.61571292,0.80180180000000001
151676,151676,GraphST,10,17,0.0016211999999999999,0.58110099000000004,0.72413793000000004
151676,151676,GraphST,10,19,0.0085796199999999996,0.60415043000000002,0.78571429000000004
151676,151676,GraphST,11,12,0.0072656300000000004,0.58252892999999994,0.75438596000000002
151676,151676,GraphST,11,13,0.00206996,0.55547656999999995,0.75438596000000002
151676,151676,GraphST,11,14,0.013975029999999999,0.59631831000000002,0.75438596000000002
151676,151676,GraphST,11,15,0.0068916699999999999,0.55762906000000001,0.78571429000000004
151676,151676,GraphST,11,16,0.0065689499999999996,0.59255924000000004,0.76991149999999997
151676,151676,GraphST,11,17,0.0087241899999999997,0.55773033999999999,0.76991149999999997
151676,151676,GraphST,11,19,0.00147664,0.58863281999999995,0.75438596000000002
151676,151676,GraphST,11,20,0.01397434,0.58963591000000004,0.72413793000000004
151676,151676,GraphST,12,13,0.0093355899999999995,0.58311531000000005,0.75438596000000002
151676,151676,GraphST,12,14,0.0067093999999999999,0.59765067000000005,0.70940170999999996
151676,151676,GraphST,12,15,0.014157299999999999,0.57884000999999996,0.72413793000000004
151676,151676,GraphST,12,16,0.00069667999999999998,0.59660564999999999,0.72413793000000004
151676,151676,GraphST,12,17,0.01598981,0.55780313000000004,0.72413793000000004
151676,151676,GraphST,12,19,0.0057889899999999999,0.61219581000000001,0.73913043
151676,151676,GraphST,12,20,0.0067087099999999997,0.58581594999999997,0.69491524999999998
151676,151676,GraphST,13,14,0.016044989999999999,0.58064766999999995,0.72413793000000004
151676,151676,GraphST,13,15,0.0048217099999999999,0.58882411999999995,0.78571429000000004
151676,151676,GraphST,13,16,0.0086389099999999996,0.59630114000000001,0.76991149999999997
151676,151676,GraphST,13,17,0.0066542199999999998,0.55613035,0.70940170999999996
151676,151676,GraphST,13,19,0.0035466,0.57584480999999998,0.75438596000000002
151676,151676,GraphST,13,20,0.016044300000000001,0.60506833000000004,0.81818181999999995
151676,151676,GraphST,14,16,0.0074060799999999998,0.64117575000000004,0.76991149999999997
151676,151676,GraphST,14,19,0.01249839,0.59845557000000005,0.76991149999999997
151676,151676,GraphST,14,20,6.8999999999999996e-07,0.62335432000000002,0.68067226999999997
151676,151676,GraphST,15,16,0.01346062,0.60725134000000003,0.75438596000000002
151676,151676,GraphST,15,17,0.00183252,0.57134315000000002,0.70940170999999996
151676,151676,GraphST,15,19,0.0083683100000000003,0.59497301999999996,0.75438596000000002
151676,151676,GraphST,16,17,0.01529314,0.60498850999999998,0.75438596000000002
151676,151676,GraphST,16,19,0.0050923100000000001,0.60224734000000002,0.76991149999999997
151676,151676,GraphST,16,20,0.0074053900000000004,0.62691867000000001,0.76991149999999997
151676,151676,GraphST,17,19,0.010200819999999999,0.56870535,0.69491524999999998
151676,151676,GraphST,19,20,0.0124977,0.61482311000000001,0.73913043
151676,151676,STAGATE,1,2,0.00063767999999999995,0.56739912000000003,0.75438596000000002
151676,151676,STAGATE,1,3,0.0115905,0.58837655,0.72413793000000004
151676,151676,STAGATE,1,4,0.0066412299999999997,0.63044051000000001,0.72413793000000004
151676,151676,STAGATE,1,5,0.01663746,0.53896306999999999,0.72413793000000004
151676,151676,STAGATE,1,7,0.014825639999999999,0.61964942000000001,0.75438596000000002
151676,151676,STAGATE,1,8,0.01186626,0.57375295000000004,0.72413793000000004
151676,151676,STAGATE,1,10,0.012169920000000001,0.59402453,0.68067226999999997
151676,151676,STAGATE,1,12,0.013223179999999999,0.63858934999999994,0.73913043
151676,151676,STAGATE,1,13,0.0053154999999999999,0.62296757000000003,0.75438596000000002
151676,151676,STAGATE,1,14,0.00042658000000000003,0.66157960999999998,0.80180180000000001
151676,151676,STAGATE,1,16,0.0052448900000000003,0.62287183999999995,0.73913043
151676,151676,STAGATE,1,17,0.0042372199999999999,0.64129504999999998,0.76991149999999997
151676,151676,STAGATE,1,19,0.0017862100000000001,0.64789156999999997,0.72413793000000004
151676,151676,STAGATE,1,20,0.012810210000000001,0.57289990000000002,0.66666667000000002
151676,151676,STAGATE,2,3,0.01095283,0.55408325999999997,0.78571429000000004
151676,151676,STAGATE,2,4,0.0060035499999999999,0.53727015,0.73913043
151676,151676,STAGATE,2,5,0.017275140000000001,0.50657766000000004,0.83486238999999995
151676,151676,STAGATE,2,7,0.014187959999999999,0.55339307999999998,0.81818181999999995
151676,151676,STAGATE,2,8,0.01250394,0.69771514000000001,0.81818181999999995
151676,151676,STAGATE,2,10,0.011532239999999999,0.56804920000000003,0.81818181999999995
151676,151676,STAGATE,2,12,0.012585499999999999,0.55668012,0.70940170999999996
151676,151676,STAGATE,2,13,0.00467783,0.53349953000000006,0.76991149999999997
151676,151676,STAGATE,2,14,0.00106426,0.61318718000000005,0.80180180000000001
151676,151676,STAGATE,2,16,0.0046072099999999996,0.55886606999999999,0.76991149999999997
151676,151676,STAGATE,2,17,0.0048748999999999997,0.56287595000000001,0.80180180000000001
151676,151676,STAGATE,2,19,0.00114853,0.56613548000000002,0.78571429000000004
151676,151676,STAGATE,2,20,0.013447880000000001,0.66095150999999996,0.80180180000000001
151676,151676,STAGATE,3,4,0.0049492800000000003,0.67983526000000005,0.85185184999999997
151676,151676,STAGATE,3,7,0.0032351400000000001,0.68614927999999997,0.85185184999999997
151676,151676,STAGATE,3,10,0.00057941999999999998,0.70206703000000004,0.80180180000000001
151676,151676,STAGATE,3,11,0.012023239999999999,0.57407766999999998,0.76991149999999997
151676,151676,STAGATE,3,12,0.0016326699999999999,0.63313945999999999,0.68067226999999997
151676,151676,STAGATE,3,13,0.0062750000000000002,0.67623496000000005,0.83486238999999995
151676,151676,STAGATE,3,14,0.012017089999999999,0.68999379000000005,0.78571429000000004
151676,151676,STAGATE,3,16,0.0063456099999999998,0.67129638999999997,0.73913043
151676,151676,STAGATE,3,17,0.01582772,0.67733566000000001,0.81818181999999995
151676,151676,STAGATE,3,19,0.0098042900000000002,0.69074411000000002,0.80180180000000001
151676,151676,STAGATE,4,7,0.0081844099999999996,0.67396213000000005,0.81818181999999995
151676,151676,STAGATE,4,8,0.018507490000000001,0.59396914999999995,0.85185184999999997
151676,151676,STAGATE,4,10,0.0055286900000000002,0.66798922000000005,0.81818181999999995
151676,151676,STAGATE,4,11,0.016972520000000001,0.58677100000000004,0.83486238999999995
151676,151676,STAGATE,4,12,0.0065819499999999996,0.63618788000000004,0.68067226999999997
151676,151676,STAGATE,4,13,0.0013257200000000001,0.66241987000000002,0.80180180000000001
151676,151676,STAGATE,4,14,0.0070678099999999999,0.65772125999999997,0.76991149999999997
151676,151676,STAGATE,4,16,0.00139634,0.66598948999999996,0.70940170999999996
151676,151676,STAGATE,4,17,0.01087845,0.68307660999999997,0.83486238999999995
151676,151676,STAGATE,4,19,0.0048550199999999998,0.66317559000000004,0.75438596000000002
151676,151676,STAGATE,4,20,0.019451429999999999,0.62220794999999995,0.83486238999999995
151676,151676,STAGATE,5,8,0.0047711999999999997,0.53663413000000004,0.80180180000000001
151676,151676,STAGATE,5,14,0.01621088,0.61121769000000004,0.80180180000000001
151676,151676,STAGATE,5,17,0.01240024,0.63109177999999999,0.78571429000000004
151676,151676,STAGATE,5,19,0.01842367,0.62709344,0.83486238999999995
151676,151676,STAGATE,5,20,0.0038272599999999999,0.57207037999999999,0.85185184999999997
151676,151676,STAGATE,6,7,0.01918804,0.71230636999999997,0.76991149999999997
151676,151676,STAGATE,6,9,0.0043685599999999996,0.69722371999999999,0.70940170999999996
151676,151676,STAGATE,6,11,0.01039994,0.61405295000000004,0.76991149999999997
151676,151676,STAGATE,6,15,0.00233286,0.62288732999999996,0.76991149999999997
151676,151676,STAGATE,6,18,0.0091181999999999999,0.68399650999999995,0.69491524999999998
151676,151676,STAGATE,7,10,0.0026557199999999999,0.69127152999999997,0.80180180000000001
151676,151676,STAGATE,7,11,0.0087881000000000001,0.61892100999999999,0.81818181999999995
151676,151676,STAGATE,7,12,0.00160246,0.65563335,0.69491524999999998
151676,151676,STAGATE,7,13,0.0095101400000000003,0.70454457999999998,0.83486238999999995
151676,151676,STAGATE,7,14,0.01525223,0.69032475000000004,0.83486238999999995
151676,151676,STAGATE,7,15,0.016855180000000001,0.62025560999999996,0.78571429000000004
151676,151676,STAGATE,7,16,0.0095807500000000007,0.68092434999999996,0.76991149999999997
151676,151676,STAGATE,7,17,0.019062860000000001,0.71684545,0.86915887999999997
151676,151676,STAGATE,7,19,0.013039429999999999,0.68542736000000004,0.80180180000000001
151676,151676,STAGATE,8,13,0.017181760000000001,0.54613948999999995,0.80180180000000001
151676,151676,STAGATE,8,14,0.011439670000000001,0.61703105999999996,0.78571429000000004
151676,151676,STAGATE,8,16,0.017111149999999999,0.57522147000000001,0.72413793000000004
151676,151676,STAGATE,8,17,0.0076290400000000001,0.58868761000000003,0.81818181999999995
151676,151676,STAGATE,8,19,0.01365247,0.58924438999999995,0.80180180000000001
151676,151676,STAGATE,8,20,0.00094395000000000004,0.73140850999999996,0.81818181999999995
151676,151676,STAGATE,9,11,0.0147685,0.58341836000000002,0.66666667000000002
151676,151676,STAGATE,9,15,0.0067014199999999996,0.61127472000000005,0.65289255999999996
151676,151676,STAGATE,9,18,0.0047496400000000003,0.72665049000000004,0.75438596000000002
151676,151676,STAGATE,10,11,0.01144383,0.59209405000000004,0.78571429000000004
151676,151676,STAGATE,10,12,0.0010532600000000001,0.64590055999999996,0.66666667000000002
151676,151676,STAGATE,10,13,0.00685441,0.66879798999999995,0.76991149999999997
151676,151676,STAGATE,10,14,0.0125965,0.66872096000000003,0.73913043
151676,151676,STAGATE,10,15,0.019510900000000001,0.62698248000000001,0.73913043
151676,151676,STAGATE,10,16,0.0069250300000000004,0.66710714000000004,0.72413793000000004
151676,151676,STAGATE,10,17,0.016407140000000001,0.68363646,0.80180180000000001
151676,151676,STAGATE,10,19,0.010383710000000001,0.67492447,0.80180180000000001
151676,151676,STAGATE,11,12,0.01039057,0.57793954999999997,0.75438596000000002
151676,151676,STAGATE,11,13,0.01829824,0.59933817,0.75438596000000002
151676,151676,STAGATE,11,15,0.0080670800000000008,0.61443882000000005,0.75438596000000002
151676,151676,STAGATE,11,16,0.018368860000000001,0.57874882999999999,0.76991149999999997
151676,151676,STAGATE,11,18,0.01951814,0.62376883000000005,0.76991149999999997
151676,151676,STAGATE,12,13,0.0079076700000000003,0.67513414999999999,0.75438596000000002
151676,151676,STAGATE,12,14,0.01364976,0.72231305999999995,0.78571429000000004
151676,151676,STAGATE,12,15,0.018457640000000001,0.64551972999999996,0.75438596000000002
151676,151676,STAGATE,12,16,0.0079782900000000007,0.66799050999999998,0.75438596000000002
151676,151676,STAGATE,12,17,0.017460400000000001,0.67536799999999997,0.72413793000000004
151676,151676,STAGATE,12,19,0.011436969999999999,0.68031114999999998,0.70940170999999996
151676,151676,STAGATE,13,14,0.00574209,0.68699794999999997,0.81818181999999995
151676,151676,STAGATE,13,16,7.0619999999999998e-05,0.70545712000000005,0.80180180000000001
151676,151676,STAGATE,13,17,0.0095527300000000006,0.70336109999999996,0.83486238999999995
151676,151676,STAGATE,13,19,0.0035293,0.69670385999999995,0.83486238999999995
151676,151676,STAGATE,13,20,0.01812571,0.59100712,0.80180180000000001
151676,151676,STAGATE,14,16,0.0056714699999999996,0.69848394000000003,0.83486238999999995
151676,151676,STAGATE,14,17,0.0038106400000000001,0.72721265999999996,0.83486238999999995
151676,151676,STAGATE,14,19,0.0022127900000000001,0.72075771,0.76991149999999997
151676,151676,STAGATE,14,20,0.01238362,0.65008951999999998,0.70940170999999996
151676,151676,STAGATE,15,18,0.011451060000000001,0.62787227999999995,0.68067226999999997
151676,151676,STAGATE,16,17,0.0094821100000000002,0.70544324999999997,0.76991149999999997
151676,151676,STAGATE,16,19,0.00345868,0.70701738000000003,0.72413793000000004
151676,151676,STAGATE,16,20,0.018055089999999999,0.61117557,0.66666667000000002
151676,151676,STAGATE,17,19,0.0060234299999999998,0.69972774999999998,0.81818181999999995
151676,151676,STAGATE,17,20,0.0085729799999999991,0.61605409,0.83486238999999995
151676,151676,STAGATE,19,20,0.014596420000000001,0.62113253000000002,0.80180180000000001
151676,151676,SpaGCN,1,13,0.015838620000000001,0.75430134000000004,0.75438596000000002
151676,151676,SpaGCN,1,19,0.013040009999999999,0.51908694,0.63934426
151676,151676,SpaGCN,2,3,0.00094589999999999995,0.62217736000000001,0.69491524999999998
151676,151676,SpaGCN,2,4,0.01493177,0.62108752,0.65289255999999996
151676,151676,SpaGCN,2,5,0.01222904,0.61559739000000002,0.61290323000000002
151676,151676,SpaGCN,2,6,0.00725415,0.67620851000000004,0.66666667000000002
151676,151676,SpaGCN,2,7,0.014922039999999999,0.57473812999999996,0.61290323000000002
151676,151676,SpaGCN,2,8,0.0086523199999999998,0.59106435000000002,0.63934426
151676,151676,SpaGCN,2,9,0.0061739500000000001,0.61303231000000002,0.69491524999999998
151676,151676,SpaGCN,2,10,0.0058601,0.50676363000000002,0.63934426
151676,151676,SpaGCN,2,11,0.010088939999999999,0.57523091999999998,0.63934426
151676,151676,SpaGCN,2,12,0.00651674,0.61090937000000001,0.68067226999999997
151676,151676,SpaGCN,2,14,0.0022751899999999999,0.61773047999999997,0.72413793000000004
151676,151676,SpaGCN,2,15,0.0092117599999999994,0.66913593000000005,0.73913043
151676,151676,SpaGCN,2,16,0.0022166,0.56709001000000003,0.61290323000000002
151676,151676,SpaGCN,2,17,0.016692350000000002,0.58091820000000005,0.59999999999999998
151676,151676,SpaGCN,2,20,0.012135369999999999,0.65883004000000001,0.70940170999999996
151676,151676,SpaGCN,3,4,0.01587767,0.58503665999999999,0.61290323000000002
151676,151676,SpaGCN,3,5,0.01317493,0.68264667000000001,0.70940170999999996
151676,151676,SpaGCN,3,6,0.0063082600000000004,0.69521858000000003,0.70940170999999996
151676,151676,SpaGCN,3,7,0.01397614,0.65045350000000002,0.66666667000000002
151676,151676,SpaGCN,3,8,0.0095982099999999994,0.68834463999999995,0.75438596000000002
151676,151676,SpaGCN,3,9,0.0052280499999999997,0.60254730000000001,0.65289255999999996
151676,151676,SpaGCN,3,10,0.0049141999999999996,0.60046968999999994,0.73913043
151676,151676,SpaGCN,3,11,0.0091430399999999998,0.56586113999999998,0.66666667000000002
151676,151676,SpaGCN,3,12,0.0055708499999999996,0.79342687999999995,0.81818181999999995
151676,151676,SpaGCN,3,14,0.0032210899999999998,0.69677834000000005,0.70940170999999996
151676,151676,SpaGCN,3,15,0.0082658699999999998,0.69351183999999999,0.73913043
151676,151676,SpaGCN,3,16,0.00127071,0.69683167999999995,0.70940170999999996
151676,151676,SpaGCN,3,17,0.017638250000000001,0.68734698999999999,0.75438596000000002
151676,151676,SpaGCN,3,20,0.01118948,0.61704407999999999,0.66666667000000002
151676,151676,SpaGCN,4,5,0.0027027399999999999,0.59880475,0.59999999999999998
151676,151676,SpaGCN,4,8,0.0062794499999999998,0.57806046,0.65289255999999996
151676,151676,SpaGCN,4,14,0.012656580000000001,0.60913611000000001,0.68067226999999997
151676,151676,SpaGCN,4,16,0.017148380000000001,0.58837276000000005,0.65289255999999996
151676,151676,SpaGCN,4,17,0.0017605800000000001,0.57044251999999995,0.61290323000000002
151676,151676,SpaGCN,4,18,0.010165850000000001,0.63266305,0.69491524999999998
151676,151676,SpaGCN,5,6,0.019483190000000001,0.64244583,0.69491524999999998
151676,151676,SpaGCN,5,8,0.0035767199999999998,0.64264606000000002,0.68067226999999997
151676,151676,SpaGCN,5,9,0.018402979999999999,0.57986775999999995,0.63934426
151676,151676,SpaGCN,5,10,0.018089129999999998,0.50857889000000001,0.62601625999999999
151676,151676,SpaGCN,5,12,0.01874578,0.70494239999999997,0.70940170999999996
151676,151676,SpaGCN,5,14,0.0099538500000000002,0.68549484999999999,0.70940170999999996
151676,151676,SpaGCN,5,16,0.014445639999999999,0.77380665999999998,0.75438596000000002
151676,151676,SpaGCN,5,17,0.0044633199999999998,0.69522114000000002,0.65289255999999996
151676,151676,SpaGCN,5,18,0.012868589999999999,0.56836717000000003,0.66666667000000002
151676,151676,SpaGCN,6,7,0.0076678900000000001,0.58651105999999997,0.61290323000000002
151676,151676,SpaGCN,6,8,0.015906469999999999,0.64896359000000003,0.70940170999999996
151676,151676,SpaGCN,6,9,0.0010801999999999999,0.59214997000000003,0.66666667000000002
151676,151676,SpaGCN,6,10,0.0013940599999999999,0.57055506,0.66666667000000002
151676,151676,SpaGCN,6,11,0.0028347899999999998,0.55674424,0.63934426
151676,151676,SpaGCN,6,12,0.00073740999999999998,0.66547250999999996,0.69491524999999998
151676,151676,SpaGCN,6,13,0.01423807,0.66359058000000004,0.72413793000000004
151676,151676,SpaGCN,6,14,0.0095293400000000007,0.63702060000000005,0.68067226999999997
151676,151676,SpaGCN,6,15,0.0019576099999999998,0.70369161999999996,0.73913043
151676,151676,SpaGCN,6,16,0.00503755,0.59283534999999998,0.62601625999999999
151676,151676,SpaGCN,6,19,0.017036679999999998,0.51259463999999999,0.68067226999999997
151676,151676,SpaGCN,6,20,0.0048812200000000004,0.62765351999999996,0.63934426
151676,151676,SpaGCN,7,9,0.00874809,0.62223706999999995,0.68067226999999997
151676,151676,SpaGCN,7,10,0.0090619399999999992,0.48198507000000002,0.63934426
151676,151676,SpaGCN,7,11,0.0048330999999999999,0.64041046000000001,0.66666667000000002
151676,151676,SpaGCN,7,12,0.0084052999999999992,0.64158707000000004,0.68067226999999997
151676,151676,SpaGCN,7,13,0.0065701800000000001,0.59370467000000005,0.59999999999999998
151676,151676,SpaGCN,7,14,0.017197230000000001,0.65338731999999999,0.68067226999999997
151676,151676,SpaGCN,7,15,0.0057102799999999999,0.66424223000000004,0.66666667000000002
151676,151676,SpaGCN,7,16,0.01270544,0.6410074,0.69491524999999998
151676,151676,SpaGCN,7,19,0.0093687900000000001,0.47348348000000001,0.58730159000000004
151676,151676,SpaGCN,7,20,0.0027866700000000002,0.63082716999999999,0.72413793000000004
151676,151676,SpaGCN,8,9,0.014826270000000001,0.63055833999999999,0.69491524999999998
151676,151676,SpaGCN,8,10,0.01451241,0.55209991000000003,0.69491524999999998
151676,151676,SpaGCN,8,11,0.018741259999999999,0.57057407000000004,0.68067226999999997
151676,151676,SpaGCN,8,12,0.01516906,0.69802702999999999,0.72413793000000004
151676,151676,SpaGCN,8,14,0.00637713,0.70873807,0.72413793000000004
151676,151676,SpaGCN,8,15,0.017864080000000001,0.67902205000000004,0.70940170999999996
151676,151676,SpaGCN,8,16,0.010868920000000001,0.64820646000000004,0.69491524999999998
151676,151676,SpaGCN,8,17,0.00804004,0.69396542999999999,0.72413793000000004
151676,151676,SpaGCN,8,18,0.0164453,0.55636101000000004,0.63934426
151676,151676,SpaGCN,9,10,0.00031385000000000001,0.49694182999999997,0.63934426
151676,151676,SpaGCN,9,11,0.0039149900000000001,0.59044565999999998,0.65289255999999996
151676,151676,SpaGCN,9,12,0.00034279999999999998,0.60885619999999996,0.68067226999999997
151676,151676,SpaGCN,9,13,0.01531827,0.67197841000000003,0.75438596000000002
151676,151676,SpaGCN,9,14,0.0084491400000000008,0.64592607999999996,0.75438596000000002
151676,151676,SpaGCN,9,15,0.0030378100000000002,0.68853470000000006,0.76991149999999997
151676,151676,SpaGCN,9,16,0.0039573500000000001,0.58105819000000003,0.61290323000000002
151676,151676,SpaGCN,9,19,0.018116879999999998,0.50611828999999997,0.63934426
151676,151676,SpaGCN,9,20,0.0059614200000000003,0.71139308000000001,0.72413793000000004
151676,151676,SpaGCN,10,11,0.0042288400000000002,0.44787763000000003,0.58730159000000004
151676,151676,SpaGCN,10,12,0.00065665000000000005,0.61557402000000006,0.73913043
151676,151676,SpaGCN,10,13,0.015632130000000001,0.57101804,0.65289255999999996
151676,151676,SpaGCN,10,14,0.0081352899999999999,0.52431386999999996,0.63934426
151676,151676,SpaGCN,10,15,0.0033516700000000002,0.58915123000000003,0.68067226999999997
151676,151676,SpaGCN,10,16,0.0036434900000000001,0.52010002,0.57480315000000004
151676,151676,SpaGCN,10,19,0.018430729999999999,0.45667965999999999,0.61290323000000002
151676,151676,SpaGCN,10,20,0.0062752800000000003,0.53586442999999995,0.65289255999999996
151676,151676,SpaGCN,11,12,0.0035722000000000002,0.55682398,0.63934426
151676,151676,SpaGCN,11,13,0.01140328,0.54191988999999996,0.57480315000000004
151676,151676,SpaGCN,11,14,0.012364129999999999,0.61453371000000001,0.75438596000000002
151676,151676,SpaGCN,11,15,0.00087717999999999997,0.56995565999999998,0.63934426
151676,151676,SpaGCN,11,16,0.0078723400000000002,0.58624173999999996,0.69491524999999998
151676,151676,SpaGCN,11,19,0.01420189,0.45227708999999999,0.5625
151676,151676,SpaGCN,11,20,0.0020464300000000001,0.62481452000000004,0.68067226999999997
151676,151676,SpaGCN,12,13,0.014975479999999999,0.64958280000000002,0.65289255999999996
151676,151676,SpaGCN,12,14,0.0087919299999999999,0.69541028000000005,0.69491524999999998
151676,151676,SpaGCN,12,15,0.0026950199999999998,0.71011906000000002,0.75438596000000002
151676,151676,SpaGCN,12,16,0.00430014,0.73588290000000001,0.75438596000000002
151676,151676,SpaGCN,12,19,0.017774089999999999,0.56794129999999998,0.65289255999999996
151676,151676,SpaGCN,12,20,0.0056186300000000003,0.61912922999999997,0.66666667000000002
151676,151676,SpaGCN,13,15,0.01228046,0.74154109000000001,0.73913043
151676,151676,SpaGCN,13,16,0.01927562,0.58265703999999996,0.59999999999999998
151676,151676,SpaGCN,13,19,0.00279861,0.53096580000000004,0.69491524999999998
151676,151676,SpaGCN,13,20,0.0093568499999999999,0.68503362999999995,0.73913043
151676,151676,SpaGCN,14,15,0.011486949999999999,0.68984847000000005,0.80180180000000001
151676,151676,SpaGCN,14,16,0.0044917899999999998,0.68375255999999995,0.72413793000000004
151676,151676,SpaGCN,14,17,0.01441716,0.69349625000000004,0.72413793000000004
151676,151676,SpaGCN,14,20,0.014410559999999999,0.64971836000000005,0.70940170999999996
151676,151676,SpaGCN,15,16,0.0069951600000000003,0.63975314000000005,0.66666667000000002
151676,151676,SpaGCN,15,19,0.01507907,0.53212837000000002,0.66666667000000002
151676,151676,SpaGCN,15,20,0.0029236100000000001,0.69914321999999995,0.72413793000000004
151676,151676,SpaGCN,16,17,0.018908959999999999,0.67067493,0.65289255999999996
151676,151676,SpaGCN,16,20,0.0099187700000000004,0.58484955999999999,0.61290323000000002
151676,151676,SpaGCN,17,18,0.0084052699999999994,0.52654314000000002,0.59999999999999998
151676,151676,SpaGCN,19,20,0.01215546,0.51647841999999999,0.65289255999999996
151676,151676,BANKSY,1,3,0.0064043700000000004,0.96628384,0.96078430999999997
151676,151676,BANKSY,1,5,0.0070393299999999999,0.97461708000000002,0.96078430999999997
151676,151676,BANKSY,1,6,0.0037088899999999998,0.82673004000000005,0.83486238999999995
151676,151676,BANKSY,1,8,0.0061489700000000001,0.57190348999999996,0.63934426
151676,151676,BANKSY,1,10,0.0029824600000000001,0.82746470000000005,0.83486238999999995
151676,151676,BANKSY,1,11,0.01077994,0.58001358999999997,0.58730159000000004
151676,151676,BANKSY,1,12,0.0059943399999999999,0.96269795999999996,0.96078430999999997
151676,151676,BANKSY,1,15,0.0010541700000000001,0.99307769000000001,0.98019802
151676,151676,BANKSY,1,16,0.0071050499999999999,0.96149804000000005,0.98019802
151676,151676,BANKSY,1,17,0.0064043700000000004,0.96628384,0.96078430999999997
151676,151676,BANKSY,1,19,0.0064043700000000004,0.96628384,0.96078430999999997
151676,151676,BANKSY,1,20,0.0062987800000000004,0.96397646999999997,0.96078430999999997
151676,151676,BANKSY,3,5,0.00063495000000000001,0.98866286000000003,0.96078430999999997
151676,151676,BANKSY,3,6,0.010113260000000001,0.82378393000000005,0.94174756999999998
151676,151676,BANKSY,3,8,0.01255335,0.58257831000000004,0.61290323000000002
151676,151676,BANKSY,3,10,0.0093868400000000005,0.82312827,0.92307691999999997
151676,151676,BANKSY,3,11,0.017184310000000001,0.57484358000000002,0.59999999999999998
151676,151676,BANKSY,3,12,0.00041002999999999998,0.99487634000000003,0.98019802
151676,151676,BANKSY,3,15,0.0074585399999999996,0.95948387999999996,0.96078430999999997
151676,151676,BANKSY,3,16,0.00070067000000000003,0.99319232000000002,0.98019802
151676,151676,BANKSY,3,17,0,1,1
151676,151676,BANKSY,3,19,0,1,1
151676,151676,BANKSY,3,20,0.00010559,0.99529610999999996,1
151676,151676,BANKSY,4,7,0.017118669999999999,0.66820639999999998,0.61290323000000002
151676,151676,BANKSY,4,9,0.0092262100000000003,0.89639970999999996,0.72413793000000004
151676,151676,BANKSY,4,14,0.017335739999999999,0.71133698999999995,0.58730159000000004
151676,151676,BANKSY,5,6,0.010748219999999999,0.82776141999999997,0.92307691999999997
151676,151676,BANKSY,5,8,0.0131883,0.58020914999999995,0.62601625999999999
151676,151676,BANKSY,5,10,0.010021789999999999,0.82712121999999999,0.92307691999999997
151676,151676,BANKSY,5,11,0.017819270000000002,0.57402600999999998,0.59999999999999998
151676,151676,BANKSY,5,12,0.00104499,0.98358672999999996,0.96078430999999997
151676,151676,BANKSY,5,15,0.0080935,0.96777950999999995,0.96078430999999997
151676,151676,BANKSY,5,16,6.5720000000000001e-05,0.98670696000000002,0.98019802
151676,151676,BANKSY,5,17,0.00063495000000000001,0.98866286000000003,0.96078430999999997
151676,151676,BANKSY,5,19,0.00063495000000000001,0.98866286000000003,0.96078430999999997
151676,151676,BANKSY,5,20,0.00074054999999999998,0.98631672999999997,0.96078430999999997
151676,151676,BANKSY,6,8,0.0024400899999999998,0.61651222999999999,0.65289255999999996
151676,151676,BANKSY,6,10,0.00072641999999999997,0.99461769,0.98019802
151676,151676,BANKSY,6,11,0.0070710499999999997,0.60461259999999994,0.58730159000000004
151676,151676,BANKSY,6,12,0.0097032300000000002,0.82050803999999999,0.94174756999999998
151676,151676,BANKSY,6,13,0.019938629999999999,0.65051219000000005,0.78571429000000004
151676,151676,BANKSY,6,15,0.0026547200000000002,0.82457258,0.81818181999999995
151676,151676,BANKSY,6,16,0.010813929999999999,0.82059426000000002,0.94174756999999998
151676,151676,BANKSY,6,17,0.010113260000000001,0.82378393000000005,0.94174756999999998
151676,151676,BANKSY,6,19,0.010113260000000001,0.82378393000000005,0.94174756999999998
151676,151676,BANKSY,6,20,0.01000767,0.81999971000000005,0.94174756999999998
151676,151676,BANKSY,7,14,0.00021707000000000001,0.79958949000000001,0.80180180000000001
151676,151676,BANKSY,7,18,0.010978760000000001,0.58546067999999996,0.5625
151676,151676,BANKSY,8,10,0.00316651,0.61477276000000003,0.63934426
151676,151676,BANKSY,8,11,0.0046309699999999999,0.84773377000000005,0.81818181999999995
151676,151676,BANKSY,8,12,0.012143309999999999,0.58013745999999999,0.61290323000000002
151676,151676,BANKSY,8,13,0.01749854,0.39704633,0.55038759999999998
151676,151676,BANKSY,8,15,0.00509481,0.56827720000000004,0.63934426
151676,151676,BANKSY,8,16,0.01325402,0.58069132999999995,0.61290323000000002
151676,151676,BANKSY,8,17,0.01255335,0.58257831000000004,0.61290323000000002
151676,151676,BANKSY,8,19,0.01255335,0.58257831000000004,0.61290323000000002
151676,151676,BANKSY,8,20,0.01244776,0.57967506999999996,0.61290323000000002
151676,151676,BANKSY,10,11,0.0077974799999999999,0.60541305000000001,0.57480315000000004
151676,151676,BANKSY,10,12,0.0089768000000000001,0.82122565000000003,0.92307691999999997
151676,151676,BANKSY,10,15,0.00192829,0.82531273000000005,0.81818181999999995
151676,151676,BANKSY,10,16,0.010087509999999999,0.81994012000000005,0.92307691999999997
151676,151676,BANKSY,10,17,0.0093868400000000005,0.82312827,0.92307691999999997
151676,151676,BANKSY,10,19,0.0093868400000000005,0.82312827,0.92307691999999997
151676,151676,BANKSY,10,20,0.0092812499999999996,0.81934624,0.92307691999999997
151676,151676,BANKSY,11,12,0.016774279999999999,0.57359985000000002,0.59999999999999998
151676,151676,BANKSY,11,13,0.01286757,0.44200313000000002,0.55038759999999998
151676,151676,BANKSY,11,15,0.0097257699999999999,0.57784975999999999,0.58730159000000004
151676,151676,BANKSY,11,16,0.01788499,0.57214726000000005,0.59999999999999998
151676,151676,BANKSY,11,17,0.017184310000000001,0.57484358000000002,0.59999999999999998
151676,151676,BANKSY,11,19,0.017184310000000001,0.57484358000000002,0.59999999999999998
151676,151676,BANKSY,11,20,0.017078719999999999,0.57162712999999998,0.59999999999999998
151676,151676,BANKSY,12,15,0.00704851,0.95591565000000001,0.96078430999999997
151676,151676,BANKSY,12,16,0.00111071,0.99685802999999995,1
151676,151676,BANKSY,12,17,0.00041002999999999998,0.99487634000000003,0.98019802
151676,151676,BANKSY,12,19,0.00041002999999999998,0.99487634000000003,0.98019802
151676,151676,BANKSY,12,20,0.00030444000000000001,0.99724062999999996,1
151676,151676,BANKSY,14,18,0.010761690000000001,0.60772446000000002,0.62601625999999999
151676,151676,BANKSY,15,16,0.00815922,0.95471967999999996,0.96078430999999997
151676,151676,BANKSY,15,17,0.0074585399999999996,0.95948387999999996,0.96078430999999997
151676,151676,BANKSY,15,19,0.0074585399999999996,0.95948387999999996,0.96078430999999997
151676,151676,BANKSY,15,20,0.0073529499999999996,0.95718736000000004,0.96078430999999997
151676,151676,BANKSY,16,17,0.00070067000000000003,0.99319232000000002,0.98019802
151676,151676,BANKSY,16,19,0.00070067000000000003,0.99319232000000002,0.98019802
151676,151676,BANKSY,16,20,0.00080626000000000005,0.99555298000000003,0.98019802
151676,151676,BANKSY,17,19,0,1,1
151676,151676,BANKSY,17,20,0.00010559,0.99529610999999996,1
151676,151676,BANKSY,19,20,0.00010559,0.99529610999999996,1
151676,151676,SEDR,1,2,0.01780729587,0.7957397866,0.73913043479999996
151676,151676,SEDR,1,6,0.00027562366600000001,0.77964000229999997,0.73913043479999996
151676,151676,SEDR,1,8,0.013580112,0.81399239150000002,0.81818181820000002
151676,151676,SEDR,1,9,0.003029851784,0.83685307600000003,0.7699115044
151676,151676,SEDR,1,13,0.0087433557740000008,0.85014782349999996,0.75438596489999998
151676,151676,SEDR,1,16,0.0070727203799999996,0.89123214640000004,0.83486238530000001
151676,151676,SEDR,1,17,0.0082625133500000003,0.8914942253,0.85185185190000001
151676,151676,SEDR,2,3,0.01208878299,0.74463489220000001,0.6949152542
151676,151676,SEDR,2,4,0.0096376557070000004,0.7214311457,0.72413793100000001
151676,151676,SEDR,2,6,0.018082919530000002,0.7782628211,0.68067226889999999
151676,151676,SEDR,2,8,0.0042271838650000003,0.80927485840000002,0.75438596489999998
151676,151676,SEDR,2,13,0.009063940094,0.7411791392,0.6949152542
151676,151676,SEDR,2,16,0.01073457549,0.78898981869999996,0.73913043479999996
151676,151676,SEDR,2,17,0.0095447825180000005,0.78150974110000004,0.70940170940000002
151676,151676,SEDR,2,18,0.013171731900000001,0.76388571959999996,0.75438596489999998
151676,151676,SEDR,3,4,0.0024511272850000002,0.79021477389999994,0.68067226889999999
151676,151676,SEDR,3,8,0.016315966859999999,0.80672348380000003,0.78571428570000001
151676,151676,SEDR,3,18,0.0010829489080000001,0.83757608059999999,0.78571428570000001
151676,151676,SEDR,4,8,0.013864839570000001,0.74780858670000006,0.75438596489999998
151676,151676,SEDR,4,13,0.018701595800000002,0.7762473822,0.73913043479999996
151676,151676,SEDR,4,17,0.019182438230000001,0.76495753700000002,0.6949152542
151676,151676,SEDR,4,18,0.0035340761929999998,0.75939724220000004,0.73913043479999996
151676,151676,SEDR,6,8,0.013855735669999999,0.85828293290000002,0.85185185190000001
151676,151676,SEDR,6,9,0.002754228118,0.75758078979999999,0.72413793100000001
151676,151676,SEDR,6,13,0.0090189794399999999,0.74851853719999994,0.78571428570000001
151676,151676,SEDR,6,16,0.0073483440460000004,0.75896767310000002,0.72413793100000001
151676,151676,SEDR,6,17,0.0085381370159999994,0.77083115400000002,0.73913043479999996
151676,151676,SEDR,8,9,0.016609963790000001,0.76376406640000005,0.7699115044
151676,151676,SEDR,8,13,0.0048367562280000002,0.78066868509999998,0.80180180180000005
151676,151676,SEDR,8,16,0.0065073916219999996,0.7675785705,0.75438596489999998
151676,151676,SEDR,8,17,0.0053175986519999998,0.76978026170000002,0.73913043479999996
151676,151676,SEDR,8,18,0.017398915769999999,0.79771417570000003,0.81818181820000002
151676,151676,SEDR,9,13,0.01177320756,0.83685059100000003,0.78571428570000001
151676,151676,SEDR,9,16,0.01010257216,0.81330923590000004,0.7699115044
151676,151676,SEDR,9,17,0.011292365130000001,0.79391901710000001,0.7699115044
151676,151676,SEDR,10,11,0.0067164325650000004,0.70245792289999998,0.70940170940000002
151676,151676,SEDR,10,15,0.0068954204249999998,0.73492949880000003,0.73913043479999996
151676,151676,SEDR,10,19,0.0093896246419999992,0.70130056360000004,0.65289256200000001
151676,151676,SEDR,10,20,0.0065348415209999997,0.70097951999999997,0.66666666669999997
151676,151676,SEDR,11,12,0.017068915630000001,0.79046532869999997,0.7699115044
151676,151676,SEDR,11,15,0.0001789878599,0.68999482830000003,0.73913043479999996
151676,151676,SEDR,11,19,0.01610605721,0.75500831810000002,0.70940170940000002
151676,151676,SEDR,11,20,0.013251274089999999,0.77687936810000002,0.6949152542
151676,151676,SEDR,12,15,0.01688992777,0.74005754089999998,0.70940170940000002
151676,151676,SEDR,13,16,0.0016706353939999999,0.83063745200000005,0.7699115044
151676,151676,SEDR,13,17,0.00048084242410000001,0.82791031159999995,0.72413793100000001
151676,151676,SEDR,15,19,0.01628504507,0.71152566169999998,0.73913043479999996
151676,151676,SEDR,15,20,0.013430261949999999,0.71811391400000002,0.72413793100000001
151676,151676,SEDR,16,17,0.0011897929690000001,0.91525565499999995,0.83486238530000001
151676,151676,SEDR,18,19,0.019171017709999998,0.77510670820000005,0.78571428570000001
151676,151676,SEDR,19,20,0.002854783121,0.81415677870000003,0.83486238530000001
STARmap,STARmap,GraphST,1,17,0.019846579999999999,0.59813187000000001,0.65289255999999996
STARmap,STARmap,GraphST,3,5,0.00014271999999999999,0.70258140000000002,0.76991149999999997
STARmap,STARmap,GraphST,3,7,0.0041034399999999999,0.67226808000000005,0.70940170999999996
STARmap,STARmap,GraphST,3,9,0.012052469999999999,0.64670121000000003,0.75438596000000002
STARmap,STARmap,GraphST,3,10,0.00613029,0.66496759999999999,0.70940170999999996
STARmap,STARmap,GraphST,3,11,0.0092269199999999996,0.56336916999999997,0.50375939999999997
STARmap,STARmap,GraphST,3,13,0.0092037100000000004,0.56072973999999998,0.47058823999999999
STARmap,STARmap,GraphST,3,14,0.0061415799999999998,0.65478848999999995,0.69491524999999998
STARmap,STARmap,GraphST,3,18,0.01300985,0.68250708999999998,0.78571429000000004
STARmap,STARmap,GraphST,3,20,0.018868739999999998,0.54375147000000001,0.57480315000000004
STARmap,STARmap,GraphST,4,6,0.0039803399999999997,0.74735110999999999,0.76991149999999997
STARmap,STARmap,GraphST,4,8,0.0038123499999999999,0.66443964,0.69491524999999998
STARmap,STARmap,GraphST,4,12,0.0015895499999999999,0.55353436,0.57480315000000004
STARmap,STARmap,GraphST,4,15,0.0083166999999999998,0.57409779000000005,0.51515151999999997
STARmap,STARmap,GraphST,4,19,0.0048599999999999997,0.54418102999999995,0.53846154000000002
STARmap,STARmap,GraphST,4,20,0.017776429999999999,0.70175352999999996,0.76991149999999997
STARmap,STARmap,GraphST,5,7,0.00396072,0.69863633000000003,0.72413793000000004
STARmap,STARmap,GraphST,5,9,0.01190975,0.70086000999999998,0.76991149999999997
STARmap,STARmap,GraphST,5,10,0.0062729999999999999,0.76088909999999998,0.78571429000000004
STARmap,STARmap,GraphST,5,11,0.0090842000000000006,0.61629356999999996,0.49253731000000001
STARmap,STARmap,GraphST,5,13,0.0090609999999999996,0.59708992999999999,0.44927536000000001
STARmap,STARmap,GraphST,5,14,0.00599886,0.75439433,0.73913043
STARmap,STARmap,GraphST,5,18,0.012867129999999999,0.74182168999999998,0.73913043
STARmap,STARmap,GraphST,5,20,0.018726019999999999,0.61185584999999998,0.53846154000000002
STARmap,STARmap,GraphST,6,8,0.0077926799999999997,0.66998988999999998,0.69491524999999998
STARmap,STARmap,GraphST,6,12,0.0055698800000000001,0.55151446000000004,0.51515151999999997
STARmap,STARmap,GraphST,6,15,0.01229703,0.57417269999999998,0.55038759999999998
STARmap,STARmap,GraphST,6,19,0.0088403300000000004,0.54681345000000003,0.55038759999999998
STARmap,STARmap,GraphST,7,9,0.0079490299999999993,0.65932568000000003,0.73913043
STARmap,STARmap,GraphST,7,10,0.01023372,0.67361852,0.73913043
STARmap,STARmap,GraphST,7,11,0.0051234799999999997,0.66293500000000005,0.59999999999999998
STARmap,STARmap,GraphST,7,13,0.0051002799999999996,0.59859629999999997,0.70940170999999996
STARmap,STARmap,GraphST,7,14,0.0020381399999999999,0.65792547000000001,0.65289255999999996
STARmap,STARmap,GraphST,7,18,0.00890641,0.71930640999999995,0.73913043
STARmap,STARmap,GraphST,7,20,0.0147653,0.66273581999999998,0.63934426
STARmap,STARmap,GraphST,8,12,0.0022228,0.52378811999999997,0.51515151999999997
STARmap,STARmap,GraphST,8,15,0.0045043499999999998,0.53413743000000002,0.50375939999999997
STARmap,STARmap,GraphST,8,18,0.019822969999999999,0.55756821000000001,0.52671756000000003
STARmap,STARmap,GraphST,8,19,0.00104765,0.53077881000000005,0.57480315000000004
STARmap,STARmap,GraphST,8,20,0.01396408,0.69938440000000002,0.73913043
STARmap,STARmap,GraphST,9,10,0.018182759999999999,0.67215013000000001,0.70940170999999996
STARmap,STARmap,GraphST,9,11,0.00282555,0.61152850999999997,0.55038759999999998
STARmap,STARmap,GraphST,9,13,0.0028487600000000001,0.56404312999999995,0.55038759999999998
STARmap,STARmap,GraphST,9,14,0.0059108900000000002,0.64905475000000001,0.65289255999999996
STARmap,STARmap,GraphST,9,15,0.016275999999999999,0.70024167000000004,0.66666667000000002
STARmap,STARmap,GraphST,9,18,0.00095737999999999997,0.66306704000000005,0.70940170999999996
STARmap,STARmap,GraphST,9,19,0.019732699999999999,0.62008030999999997,0.66666667000000002
STARmap,STARmap,GraphST,9,20,0.0068162600000000002,0.62333981999999999,0.62601625999999999
STARmap,STARmap,GraphST,10,11,0.01535721,0.62233269999999996,0.55038759999999998
STARmap,STARmap,GraphST,10,13,0.015334,0.57490814999999995,0.45985400999999998
STARmap,STARmap,GraphST,10,14,0.012271860000000001,0.68271018000000006,0.72413793000000004
STARmap,STARmap,GraphST,10,16,0.016615620000000001,0.70427651999999996,0.72413793000000004
STARmap,STARmap,GraphST,10,18,0.01914014,0.74019411000000002,0.73913043
STARmap,STARmap,GraphST,11,13,2.321e-05,0.64595528999999996,0.57480315000000004
STARmap,STARmap,GraphST,11,14,0.0030853399999999998,0.63791977,0.50375939999999997
STARmap,STARmap,GraphST,11,15,0.019101549999999998,0.59584658999999995,0.51515151999999997
STARmap,STARmap,GraphST,11,18,0.0037829299999999999,0.63353152000000001,0.55038759999999998
STARmap,STARmap,GraphST,11,20,0.0096418100000000007,0.74029971999999999,0.59999999999999998
STARmap,STARmap,GraphST,12,15,0.0067271500000000003,0.69739804000000005,0.73913043
STARmap,STARmap,GraphST,12,19,0.0032704499999999998,0.61817615000000004,0.68067226999999997
STARmap,STARmap,GraphST,12,20,0.016186889999999999,0.59162482999999999,0.55038759999999998
STARmap,STARmap,GraphST,13,14,0.0030621400000000001,0.60779453000000006,0.51515151999999997
STARmap,STARmap,GraphST,13,15,0.019124760000000001,0.55102797000000003,0.41843972000000001
STARmap,STARmap,GraphST,13,18,0.00380614,0.56138756999999995,0.49253731000000001
STARmap,STARmap,GraphST,13,20,0.0096650199999999999,0.66127385999999999,0.57480315000000004
STARmap,STARmap,GraphST,14,18,0.0068682700000000001,0.70158454000000003,0.66666667000000002
STARmap,STARmap,GraphST,14,20,0.01272716,0.62073266000000005,0.49253731000000001
STARmap,STARmap,GraphST,15,18,0.01531862,0.76438914999999996,0.75438596000000002
STARmap,STARmap,GraphST,15,19,0.0034567000000000001,0.65520679999999998,0.72413793000000004
STARmap,STARmap,GraphST,15,20,0.0094597299999999995,0.60180166999999996,0.51515151999999997
STARmap,STARmap,GraphST,18,19,0.018775320000000002,0.65612583999999996,0.69491524999999998
STARmap,STARmap,GraphST,18,20,0.0058588800000000003,0.61534498000000004,0.62601625999999999
STARmap,STARmap,GraphST,19,20,0.01291644,0.56266757000000001,0.50375939999999997
STARmap,STARmap,STAGATE,1,2,0.0020502200000000002,0.58616948000000002,0.72413793000000004
STARmap,STARmap,STAGATE,1,3,0.00082735999999999997,0.63555837000000004,0.73913043
STARmap,STARmap,STAGATE,1,5,0.011850029999999999,0.67518012000000005,0.78571429000000004
STARmap,STARmap,STAGATE,1,7,0.018096049999999999,0.52228386000000004,0.65289255999999996
STARmap,STARmap,STAGATE,1,9,0.01132739,0.57414957,0.68067226999999997
STARmap,STARmap,STAGATE,1,13,0.0039944400000000001,0.59974788000000001,0.75438596000000002
STARmap,STARmap,STAGATE,1,14,0.01654311,0.57525996000000001,0.69491524999999998
STARmap,STARmap,STAGATE,1,19,0.01547654,0.59775619000000002,0.72413793000000004
STARmap,STARmap,STAGATE,2,3,0.0012228600000000001,0.64049739999999999,0.72413793000000004
STARmap,STARmap,STAGATE,2,5,0.013900259999999999,0.68865229999999999,0.78571429000000004
STARmap,STARmap,STAGATE,2,7,0.016045830000000001,0.53592463000000001,0.68067226999999997
STARmap,STARmap,STAGATE,2,9,0.01337761,0.70530733999999995,0.76991149999999997
STARmap,STARmap,STAGATE,2,13,0.0060446700000000003,0.57737724000000001,0.63934426
STARmap,STARmap,STAGATE,2,14,0.018593330000000002,0.66009585999999998,0.75438596000000002
STARmap,STARmap,STAGATE,2,19,0.017526770000000001,0.70601891000000006,0.81818181999999995
STARmap,STARmap,STAGATE,3,5,0.0126774,0.65900278999999995,0.76991149999999997
STARmap,STARmap,STAGATE,3,7,0.01726869,0.57203271,0.70940170999999996
STARmap,STARmap,STAGATE,3,9,0.012154750000000001,0.60022014999999995,0.73913043
STARmap,STARmap,STAGATE,3,13,0.0048218100000000002,0.60239255000000003,0.70940170999999996
STARmap,STARmap,STAGATE,3,14,0.017370469999999999,0.59513563000000003,0.75438596000000002
STARmap,STARmap,STAGATE,3,19,0.0163039,0.62625604000000001,0.73913043
STARmap,STARmap,STAGATE,4,6,0.0018203,0.70170895,0.75438596000000002
STARmap,STARmap,STAGATE,4,10,0.0087151899999999994,0.73134381000000004,0.76991149999999997
STARmap,STARmap,STAGATE,4,11,0.0012185399999999999,0.71573520000000002,0.78571429000000004
STARmap,STARmap,STAGATE,4,12,0.0042497799999999999,0.72777153000000006,0.80180180000000001
STARmap,STARmap,STAGATE,4,14,0.016053089999999999,0.73122259000000001,0.76991149999999997
STARmap,STARmap,STAGATE,4,15,0.0090308100000000002,0.75146778999999997,0.81818181999999995
STARmap,STARmap,STAGATE,4,16,0.0040105799999999997,0.68559252000000004,0.75438596000000002
STARmap,STARmap,STAGATE,4,17,0.013006439999999999,0.71437406999999997,0.80180180000000001
STARmap,STARmap,STAGATE,4,18,0.00166764,0.58823482999999999,0.62601625999999999
STARmap,STARmap,STAGATE,4,19,0.01711965,0.72686640999999996,0.78571429000000004
STARmap,STARmap,STAGATE,4,20,0.0028794200000000002,0.69955257000000004,0.75438596000000002
STARmap,STARmap,STAGATE,5,6,0.018925859999999999,0.67495696000000005,0.75438596000000002
STARmap,STARmap,STAGATE,5,9,0.00052264,0.66778404000000002,0.70940170999999996
STARmap,STARmap,STAGATE,5,11,0.019527619999999999,0.64944864000000002,0.73913043
STARmap,STARmap,STAGATE,5,12,0.016496380000000001,0.68255312999999995,0.76991149999999997
STARmap,STARmap,STAGATE,5,13,0.0078555900000000008,0.63711094999999995,0.76991149999999997
STARmap,STARmap,STAGATE,5,14,0.0046930799999999996,0.64302380999999997,0.75438596000000002
STARmap,STARmap,STAGATE,5,15,0.011715349999999999,0.69677436000000004,0.76991149999999997
STARmap,STARmap,STAGATE,5,16,0.01673558,0.71290217,0.76991149999999997
STARmap,STARmap,STAGATE,5,19,0.0036265099999999999,0.69722010000000001,0.76991149999999997
STARmap,STARmap,STAGATE,6,9,0.019448509999999999,0.74171598000000005,0.76991149999999997
STARmap,STARmap,STAGATE,6,10,0.01053549,0.71955625999999995,0.76991149999999997
STARmap,STARmap,STAGATE,6,11,0.00060176000000000001,0.73484616999999997,0.75438596000000002
STARmap,STARmap,STAGATE,6,12,0.0024294799999999999,0.70544673000000002,0.75438596000000002
STARmap,STARmap,STAGATE,6,14,0.01423279,0.71217136999999997,0.76991149999999997
STARmap,STARmap,STAGATE,6,15,0.0072105099999999998,0.74729095999999995,0.80180180000000001
STARmap,STARmap,STAGATE,6,16,0.0021902800000000002,0.68903146000000004,0.76991149999999997
STARmap,STARmap,STAGATE,6,17,0.01482674,0.72531714999999997,0.76991149999999997
STARmap,STARmap,STAGATE,6,18,0.0034879400000000001,0.61849089000000002,0.65289255999999996
STARmap,STARmap,STAGATE,6,19,0.01529936,0.71790403999999997,0.73913043
STARmap,STARmap,STAGATE,6,20,0.0046997200000000001,0.72713081999999996,0.81818181999999995
STARmap,STARmap,STAGATE,9,12,0.017019030000000001,0.73069656000000005,0.76991149999999997
STARmap,STARmap,STAGATE,9,13,0.0073329500000000004,0.54666408,0.63934426
STARmap,STARmap,STAGATE,9,14,0.0052157200000000001,0.73337967999999998,0.80180180000000001
STARmap,STARmap,STAGATE,9,15,0.012237990000000001,0.71127954999999998,0.78571429000000004
STARmap,STARmap,STAGATE,9,16,0.017258220000000001,0.65577026000000005,0.75438596000000002
STARmap,STARmap,STAGATE,9,19,0.0041491499999999999,0.73364547999999996,0.83486238999999995
STARmap,STARmap,STAGATE,10,11,0.00993373,0.78278588999999998,0.85185184999999997
STARmap,STARmap,STAGATE,10,12,0.012964969999999999,0.74584996000000003,0.76991149999999997
STARmap,STARmap,STAGATE,10,15,0.017746000000000001,0.76311424000000005,0.80180180000000001
STARmap,STARmap,STAGATE,10,16,0.012725770000000001,0.69641587999999999,0.78571429000000004
STARmap,STARmap,STAGATE,10,17,0.0042912499999999999,0.75358917999999997,0.80180180000000001
STARmap,STARmap,STAGATE,10,18,0.0070475499999999996,0.60063500999999997,0.68067226999999997
STARmap,STARmap,STAGATE,10,20,0.0058357699999999997,0.75652763999999995,0.81818181999999995
STARmap,STARmap,STAGATE,11,12,0.0030312400000000001,0.73986843999999996,0.76991149999999997
STARmap,STARmap,STAGATE,11,14,0.01483455,0.73242231999999996,0.81818181999999995
STARmap,STARmap,STAGATE,11,15,0.0078122699999999996,0.75110403999999997,0.78571429000000004
STARmap,STARmap,STAGATE,11,16,0.00279204,0.66425891999999997,0.75438596000000002
STARmap,STARmap,STAGATE,11,17,0.01422498,0.71605163000000005,0.81818181999999995
STARmap,STARmap,STAGATE,11,18,0.0028861799999999999,0.58995021000000003,0.66666667000000002
STARmap,STARmap,STAGATE,11,19,0.01590111,0.74192879,0.80180180000000001
STARmap,STARmap,STAGATE,11,20,0.0040979600000000003,0.76448397999999995,0.83486238999999995
STARmap,STARmap,STAGATE,12,14,0.011803309999999999,0.72769938999999995,0.76991149999999997
STARmap,STARmap,STAGATE,12,15,0.0047810300000000003,0.75325394999999995,0.80180180000000001
STARmap,STARmap,STAGATE,12,16,0.00023919999999999999,0.68602991000000002,0.76991149999999997
STARmap,STARmap,STAGATE,12,17,0.017256219999999999,0.72846,0.75438596000000002
STARmap,STARmap,STAGATE,12,18,0.0059174199999999996,0.60730174000000003,0.62601625999999999
STARmap,STARmap,STAGATE,12,19,0.01286987,0.73824800999999995,0.76991149999999997
STARmap,STARmap,STAGATE,12,20,0.0071291999999999996,0.69779999000000004,0.73913043
STARmap,STARmap,STAGATE,13,14,0.01254867,0.53883009000000004,0.68067226999999997
STARmap,STARmap,STAGATE,13,15,0.019570939999999998,0.57912001000000002,0.65289255999999996
STARmap,STARmap,STAGATE,13,19,0.0114821,0.55319063999999996,0.65289255999999996
STARmap,STARmap,STAGATE,14,15,0.0070222699999999997,0.73248807999999999,0.78571429000000004
STARmap,STARmap,STAGATE,14,16,0.012042499999999999,0.66962785999999996,0.76991149999999997
STARmap,STARmap,STAGATE,14,18,0.017720730000000001,0.56148989000000005,0.65289255999999996
STARmap,STARmap,STAGATE,14,19,0.00106657,0.72360922000000005,0.76991149999999997
STARmap,STARmap,STAGATE,14,20,0.01893251,0.70435559999999997,0.81818181999999995
STARmap,STARmap,STAGATE,15,16,0.0050202299999999997,0.71083258000000005,0.80180180000000001
STARmap,STARmap,STAGATE,15,18,0.01069845,0.62380860999999999,0.65289255999999996
STARmap,STARmap,STAGATE,15,19,0.0080888399999999999,0.73704999000000004,0.80180180000000001
STARmap,STARmap,STAGATE,15,20,0.011910230000000001,0.70781221999999999,0.76991149999999997
STARmap,STARmap,STAGATE,16,17,0.017017020000000001,0.69479042999999996,0.75438596000000002
STARmap,STARmap,STAGATE,16,18,0.0056782200000000003,0.64193204000000004,0.72413793000000004
STARmap,STARmap,STAGATE,16,19,0.01310907,0.67414929000000001,0.73913043
STARmap,STARmap,STAGATE,16,20,0.0068900100000000002,0.64844888999999994,0.80180180000000001
STARmap,STARmap,STAGATE,17,18,0.0113388,0.59638875999999996,0.65289255999999996
STARmap,STARmap,STAGATE,17,20,0.01012702,0.71484133999999999,0.80180180000000001
STARmap,STARmap,STAGATE,18,19,0.018787290000000002,0.57697277000000002,0.62601625999999999
STARmap,STARmap,STAGATE,18,20,0.00121178,0.57672303999999996,0.65289255999999996
STARmap,STARmap,STAGATE,19,20,0.019999079999999999,0.70854026999999997,0.78571429000000004
STARmap,STARmap,SpaGCN,1,4,0.00366841,0.43415261999999999,0.26582277999999998
STARmap,STARmap,SpaGCN,1,8,0.0157179,0.55561366999999995,0.49253731000000001
STARmap,STARmap,SpaGCN,1,10,0.011493,0.46995657000000002,0.51515151999999997
STARmap,STARmap,SpaGCN,1,12,0.0077029100000000003,0.48016562000000002,0.4084507
STARmap,STARmap,SpaGCN,2,3,0.01844405,0.40252362000000003,0.49253731000000001
STARmap,STARmap,SpaGCN,2,17,0.013385650000000001,0.36479603999999999,0.52671756000000003
STARmap,STARmap,SpaGCN,4,8,0.019386299999999999,0.48000082999999999,0.55038759999999998
STARmap,STARmap,SpaGCN,4,10,0.01516141,0.36823014999999998,0.32450330999999999
STARmap,STARmap,SpaGCN,4,12,0.011371320000000001,0.57852071000000005,0.50375939999999997
STARmap,STARmap,SpaGCN,5,9,0.0032054800000000001,0.65257522999999995,0.66666667000000002
STARmap,STARmap,SpaGCN,5,13,0.01888985,0.62094718000000004,0.65289255999999996
STARmap,STARmap,SpaGCN,5,14,0.012007139999999999,0.66815546999999997,0.73913043
STARmap,STARmap,SpaGCN,6,13,0.0125667,0.56710331999999997,0.61290323000000002
STARmap,STARmap,SpaGCN,6,14,0.01944941,0.64231656000000004,0.70940170999999996
STARmap,STARmap,SpaGCN,6,15,0.0096973500000000004,0.55210837000000001,0.69491524999999998
STARmap,STARmap,SpaGCN,6,19,0.0082156999999999994,0.61151580999999999,0.75438596000000002
STARmap,STARmap,SpaGCN,7,20,0.00011993,0.82280536999999998,0.81818181999999995
STARmap,STARmap,SpaGCN,8,10,0.0042249000000000002,0.45855282000000003,0.57480315000000004
STARmap,STARmap,SpaGCN,8,12,0.0080149799999999997,0.48792332999999999,0.57480315000000004
STARmap,STARmap,SpaGCN,9,13,0.01568437,0.72303550999999999,0.80180180000000001
STARmap,STARmap,SpaGCN,9,14,0.0088016599999999993,0.71231358,0.78571429000000004
STARmap,STARmap,SpaGCN,10,12,0.0037900899999999999,0.42303447,0.50375939999999997
STARmap,STARmap,SpaGCN,11,16,0.00013855000000000001,0.46137676999999999,0.57480315000000004
STARmap,STARmap,SpaGCN,13,14,0.0068827100000000002,0.67999971999999997,0.73913043
STARmap,STARmap,SpaGCN,15,19,0.0014816600000000001,0.58336306999999998,0.70940170999999996
STARmap,STARmap,SpaGCN,18,20,0.019907009999999999,0.71552112000000001,0.75438596000000002
STARmap,STARmap,BANKSY,1,2,0.00779498,0.93731478999999995,1
STARmap,STARmap,BANKSY,1,3,0.01139773,0.92661092,0.83486238999999995
STARmap,STARmap,BANKSY,1,4,0.00779498,0.93731478999999995,1
STARmap,STARmap,BANKSY,1,5,0.01108892,0.86903337000000003,0.78571429000000004
STARmap,STARmap,BANKSY,1,6,0.010608660000000001,0.96547623999999999,0.92307691999999997
STARmap,STARmap,BANKSY,1,8,0.00420025,0.97921276000000002,0.98019802
STARmap,STARmap,BANKSY,1,9,0.015040019999999999,0.94500521000000004,0.83486238999999995
STARmap,STARmap,BANKSY,1,10,0.010912160000000001,0.92238818,0.83486238999999995
STARmap,STARmap,BANKSY,1,13,0.0084575999999999991,0.94135055999999995,0.90476190000000001
STARmap,STARmap,BANKSY,1,14,0.0070115400000000001,0.93643208,0.96078430999999997
STARmap,STARmap,BANKSY,1,15,0.0082254000000000008,0.96023524000000005,0.88679244999999995
STARmap,STARmap,BANKSY,1,16,0.015040019999999999,0.94500521000000004,0.83486238999999995
STARmap,STARmap,BANKSY,1,17,0.0091467000000000007,0.96802186000000001,0.90476190000000001
STARmap,STARmap,BANKSY,1,20,0.0033427499999999998,0.94502070999999999,0.83486238999999995
STARmap,STARmap,BANKSY,2,3,0.00360275,0.98908156000000003,1
STARmap,STARmap,BANKSY,2,4,0,1,1
STARmap,STARmap,BANKSY,2,5,0.00329394,0.89706125999999997,0.78571429000000004
STARmap,STARmap,BANKSY,2,6,0.0028136799999999998,0.94272252000000001,0.88679244999999995
STARmap,STARmap,BANKSY,2,8,0.00359472,0.95467493999999997,0.96078430999999997
STARmap,STARmap,BANKSY,2,9,0.0072450400000000003,0.96072946999999997,0.88679244999999995
STARmap,STARmap,BANKSY,2,10,0.0031171800000000002,0.98476395999999999,1
STARmap,STARmap,BANKSY,2,13,0.016252570000000001,0.88433530000000005,0.83486238999999995
STARmap,STARmap,BANKSY,2,14,0.00078344000000000005,0.99912851000000003,1
STARmap,STARmap,BANKSY,2,15,0.00043041999999999999,0.94372644999999999,0.88679244999999995
STARmap,STARmap,BANKSY,2,16,0.0072450400000000003,0.96072946999999997,0.88679244999999995
STARmap,STARmap,BANKSY,2,17,0.016941680000000001,0.91138381999999996,0.83486238999999995
STARmap,STARmap,BANKSY,2,20,0.01113773,0.88890011999999996,0.80180180000000001
STARmap,STARmap,BANKSY,3,4,0.00360275,0.98908156000000003,1
STARmap,STARmap,BANKSY,3,5,0.00030881000000000002,0.88791878999999996,0.78571429000000004
STARmap,STARmap,BANKSY,3,6,0.00078905999999999996,0.94620778999999999,0.88679244999999995
STARmap,STARmap,BANKSY,3,8,0.0071974700000000001,0.94571274000000005,0.88679244999999995
STARmap,STARmap,BANKSY,3,9,0.0036422899999999999,0.96423745999999999,0.88679244999999995
STARmap,STARmap,BANKSY,3,10,0.00048556000000000001,0.99548006,1
STARmap,STARmap,BANKSY,3,13,0.019855319999999999,0.87547878999999995,0.83486238999999995
STARmap,STARmap,BANKSY,3,14,0.0043861899999999999,0.98991364999999998,1
STARmap,STARmap,BANKSY,3,15,0.0031723300000000001,0.95416595999999998,0.88679244999999995
STARmap,STARmap,BANKSY,3,16,0.0036422899999999999,0.96423745999999999,0.88679244999999995
STARmap,STARmap,BANKSY,3,20,0.01474048,0.87995108,0.78571429000000004
STARmap,STARmap,BANKSY,4,5,0.00329394,0.89706125999999997,0.78571429000000004
STARmap,STARmap,BANKSY,4,6,0.0028136799999999998,0.94272252000000001,0.88679244999999995
STARmap,STARmap,BANKSY,4,8,0.00359472,0.95467493999999997,0.96078430999999997
STARmap,STARmap,BANKSY,4,9,0.0072450400000000003,0.96072946999999997,0.88679244999999995
STARmap,STARmap,BANKSY,4,10,0.0031171800000000002,0.98476395999999999,1
STARmap,STARmap,BANKSY,4,13,0.016252570000000001,0.88433530000000005,0.83486238999999995
STARmap,STARmap,BANKSY,4,14,0.00078344000000000005,0.99912851000000003,1
STARmap,STARmap,BANKSY,4,15,0.00043041999999999999,0.94372644999999999,0.88679244999999995
STARmap,STARmap,BANKSY,4,16,0.0072450400000000003,0.96072946999999997,0.88679244999999995
STARmap,STARmap,BANKSY,4,17,0.016941680000000001,0.91138381999999996,0.83486238999999995
STARmap,STARmap,BANKSY,4,20,0.01113773,0.88890011999999996,0.80180180000000001
STARmap,STARmap,BANKSY,5,6,0.00048024999999999999,0.87511037000000003,0.78571429000000004
STARmap,STARmap,BANKSY,5,8,0.0068886599999999996,0.88345205999999998,0.78571429000000004
STARmap,STARmap,BANKSY,5,9,0.0039510999999999999,0.88788142000000003,0.78571429000000004
STARmap,STARmap,BANKSY,5,10,0.00017674999999999999,0.88432966000000002,0.78571429000000004
STARmap,STARmap,BANKSY,5,13,0.01954651,0.88838348,0.83486238999999995
STARmap,STARmap,BANKSY,5,14,0.0040773800000000002,0.89628110000000005,0.78571429000000004
STARmap,STARmap,BANKSY,5,15,0.00286352,0.87343892999999995,0.78571429000000004
STARmap,STARmap,BANKSY,5,16,0.0039510999999999999,0.88788142000000003,0.78571429000000004
STARmap,STARmap,BANKSY,5,20,0.014431670000000001,0.86476892999999999,0.80180180000000001
STARmap,STARmap,BANKSY,6,8,0.0064084099999999998,0.98451031,0.98019802
STARmap,STARmap,BANKSY,6,9,0.0044313599999999996,0.97851774000000002,0.92307691999999997
STARmap,STARmap,BANKSY,6,10,0.0003035,0.94697966,0.88679244999999995
STARmap,STARmap,BANKSY,6,13,0.019066260000000002,0.91229537999999999,0.90476190000000001
STARmap,STARmap,BANKSY,6,14,0.0035971200000000001,0.94184405999999998,0.88679244999999995
STARmap,STARmap,BANKSY,6,15,0.0023832699999999998,0.98395513999999995,0.90476190000000001
STARmap,STARmap,BANKSY,6,16,0.0044313599999999996,0.97851774000000002,0.92307691999999997
STARmap,STARmap,BANKSY,6,17,0.01975536,0.94802955,0.90476190000000001
STARmap,STARmap,BANKSY,6,20,0.013951420000000001,0.91415676999999995,0.76991149999999997
STARmap,STARmap,BANKSY,7,11,0.0021907200000000002,0.99737962999999996,1
STARmap,STARmap,BANKSY,7,12,0.0027952099999999998,0.99657938999999995,0.96078430999999997
STARmap,STARmap,BANKSY,8,9,0.01083977,0.96321241000000002,0.90476190000000001
STARmap,STARmap,BANKSY,8,10,0.0067119099999999998,0.94148410999999999,0.88679244999999995
STARmap,STARmap,BANKSY,8,13,0.01265785,0.92124576000000002,0.90476190000000001
STARmap,STARmap,BANKSY,8,14,0.0028112800000000002,0.95553447000000002,1
STARmap,STARmap,BANKSY,8,15,0.00402514,0.98088922999999995,0.96078430999999997
STARmap,STARmap,BANKSY,8,16,0.01083977,0.96321241000000002,0.90476190000000001
STARmap,STARmap,BANKSY,8,17,0.01334696,0.94944470000000003,0.90476190000000001
STARmap,STARmap,BANKSY,8,20,0.0075430100000000002,0.92549055999999996,0.83486238999999995
STARmap,STARmap,BANKSY,9,10,0.0041278599999999997,0.96501473000000004,0.88679244999999995
STARmap,STARmap,BANKSY,9,14,0.0080284799999999993,0.95985363000000001,0.88679244999999995
STARmap,STARmap,BANKSY,9,15,0.0068146200000000004,0.96697549000000005,0.88679244999999995
STARmap,STARmap,BANKSY,9,16,0,1,1
STARmap,STARmap,BANKSY,9,20,0.01838277,0.89469743999999995,0.76991149999999997
STARmap,STARmap,BANKSY,10,13,0.01936976,0.87200434000000004,0.83486238999999995
STARmap,STARmap,BANKSY,10,14,0.00390062,0.98557609999999995,1
STARmap,STARmap,BANKSY,10,15,0.0026867699999999998,0.95593099000000004,0.88679244999999995
STARmap,STARmap,BANKSY,10,16,0.0041278599999999997,0.96501473000000004,0.88679244999999995
STARmap,STARmap,BANKSY,10,20,0.014254920000000001,0.87643926999999999,0.76991149999999997
STARmap,STARmap,BANKSY,11,12,0.00060448999999999995,0.99919979000000003,1
STARmap,STARmap,BANKSY,13,14,0.015469139999999999,0.88350784000000004,0.83486238999999995
STARmap,STARmap,BANKSY,13,15,0.016682990000000002,0.91077357999999997,0.86915887999999997
STARmap,STARmap,BANKSY,13,17,0.0006891,0.91648536999999997,0.88679244999999995
STARmap,STARmap,BANKSY,13,20,0.0051148399999999998,0.93598196,0.94174756999999998
STARmap,STARmap,BANKSY,14,15,0.00121386,0.94450694999999996,0.88679244999999995
STARmap,STARmap,BANKSY,14,16,0.0080284799999999993,0.95985363000000001,0.88679244999999995
STARmap,STARmap,BANKSY,14,17,0.016158240000000001,0.91215473999999996,0.83486238999999995
STARmap,STARmap,BANKSY,14,20,0.01035429,0.88832246999999998,0.80180180000000001
STARmap,STARmap,BANKSY,15,16,0.0068146200000000004,0.96697549000000005,0.88679244999999995
STARmap,STARmap,BANKSY,15,17,0.017372100000000001,0.95491857000000002,0.92307691999999997
STARmap,STARmap,BANKSY,15,20,0.011568149999999999,0.91513285,0.80180180000000001
STARmap,STARmap,BANKSY,16,20,0.01838277,0.89469743999999995,0.76991149999999997
STARmap,STARmap,BANKSY,17,20,0.0058039500000000004,0.94271172999999997,0.88679244999999995
STARmap,STARmap,BANKSY,18,19,0.0028312599999999999,0.98464300999999999,0.96078430999999997
STARmap,STARmap,SEDR,1,2,0.019656875550000001,0.86372458490000004,0.86915887849999995
STARmap,STARmap,SEDR,1,6,0.0090595945269999999,0.81783684869999995,0.85185185190000001
STARmap,STARmap,SEDR,1,11,0.001857692658,0.71716041580000001,0.57480314960000001
STARmap,STARmap,SEDR,1,17,0.0065629663829999997,0.72583204130000001,0.61290322580000001
STARmap,STARmap,SEDR,2,6,0.01059728102,0.83251692470000005,0.85185185190000001
STARmap,STARmap,SEDR,2,11,0.017799182890000001,0.78162201019999999,0.72413793100000001
STARmap,STARmap,SEDR,2,12,0.0044701248290000004,0.84992224019999996,0.86915887849999995
STARmap,STARmap,SEDR,2,17,0.013093909169999999,0.75531262659999998,0.70940170940000002
STARmap,STARmap,SEDR,4,5,0.004350752395,0.81524131919999998,0.83486238530000001
STARmap,STARmap,SEDR,4,7,0.0039190635639999999,0.82406828399999998,0.83486238530000001
STARmap,STARmap,SEDR,4,8,0.00068904425010000005,0.84420464910000004,0.83486238530000001
STARmap,STARmap,SEDR,4,9,0.015422935259999999,0.81094352739999997,0.83486238530000001
STARmap,STARmap,SEDR,4,13,0.0023360820110000001,0.8710420888,0.83486238530000001
STARmap,STARmap,SEDR,4,19,0.0040901935229999999,0.84919304740000001,0.86915887849999995
STARmap,STARmap,SEDR,4,20,0.00038614039939999998,0.84938177250000002,0.78571428570000001
STARmap,STARmap,SEDR,5,7,0.0082698159580000003,0.77281320769999995,0.78571428570000001
STARmap,STARmap,SEDR,5,8,0.0036617081439999999,0.8620002886,0.83486238530000001
STARmap,STARmap,SEDR,5,9,0.011072182870000001,0.7870583981,0.80180180180000005
STARmap,STARmap,SEDR,5,10,0.01684978552,0.79947390250000006,0.70940170940000002
STARmap,STARmap,SEDR,5,13,0.0066868344060000001,0.87550425480000005,0.80180180180000005
STARmap,STARmap,SEDR,5,19,0.0084409459180000007,0.86561858120000001,0.85185185190000001
STARmap,STARmap,SEDR,5,20,0.0039646119949999998,0.82780763540000002,0.80180180180000005
STARmap,STARmap,SEDR,6,11,0.0072019018689999997,0.76110855649999998,0.59999999999999998
STARmap,STARmap,SEDR,6,12,0.01506740585,0.81246369500000004,0.83486238530000001
STARmap,STARmap,SEDR,6,17,0.0024966281440000002,0.71363747119999998,0.59999999999999998
STARmap,STARmap,SEDR,7,8,0.0046081078140000004,0.81757702109999997,0.85185185190000001
STARmap,STARmap,SEDR,7,9,0.019341998829999998,0.81653677049999995,0.81818181820000002
STARmap,STARmap,SEDR,7,13,0.001582981553,0.83001831950000005,0.83486238530000001
STARmap,STARmap,SEDR,7,19,0.00017112995939999999,0.80208056189999999,0.86915887849999995
STARmap,STARmap,SEDR,7,20,0.0043052039629999997,0.83246141549999997,0.78571428570000001
STARmap,STARmap,SEDR,8,9,0.01473389101,0.81893805720000001,0.78571428570000001
STARmap,STARmap,SEDR,8,13,0.0030251262610000002,0.91348783489999996,0.88679245279999996
STARmap,STARmap,SEDR,8,19,0.0047792377730000004,0.87827678689999999,0.88679245279999996
STARmap,STARmap,SEDR,8,20,0.00030290385079999999,0.83785693589999999,0.75438596489999998
STARmap,STARmap,SEDR,9,10,0.0057776026470000002,0.83370218080000003,0.70940170940000002
STARmap,STARmap,SEDR,9,13,0.017759017280000001,0.81896245020000003,0.83486238530000001
STARmap,STARmap,SEDR,9,14,0.018240473310000001,0.82207553899999997,0.80180180180000005
STARmap,STARmap,SEDR,9,16,0.0090373197880000006,0.68648492520000004,0.47058823529999999
STARmap,STARmap,SEDR,9,18,0.012826855329999999,0.77246579370000001,0.75438596489999998
STARmap,STARmap,SEDR,9,19,0.019513128790000001,0.78713115389999999,0.85185185190000001
STARmap,STARmap,SEDR,9,20,0.015036794859999999,0.81139602899999996,0.81818181820000002
STARmap,STARmap,SEDR,10,14,0.012462870670000001,0.79970135580000001,0.65289256200000001
STARmap,STARmap,SEDR,10,16,0.003259717141,0.66801302880000002,0.51515151520000002
STARmap,STARmap,SEDR,10,18,0.0070492526810000001,0.77985863499999997,0.70940170940000002
STARmap,STARmap,SEDR,11,17,0.0047052737250000004,0.8075207351,0.72413793100000001
STARmap,STARmap,SEDR,12,17,0.017564033989999998,0.67027573959999998,0.57480314960000001
STARmap,STARmap,SEDR,13,19,0.0017541115119999999,0.88465667709999996,0.86915887849999995
STARmap,STARmap,SEDR,13,20,0.0027222224099999999,0.87098408360000001,0.78571428570000001
STARmap,STARmap,SEDR,14,16,0.0092031535250000004,0.72141620699999998,0.49253731340000001
STARmap,STARmap,SEDR,14,18,0.0054136179860000003,0.7764290921,0.78571428570000001
STARmap,STARmap,SEDR,16,18,0.0037895355390000001,0.67864817629999996,0.7699115044
STARmap,STARmap,SEDR,19,20,0.0044763339219999997,0.85921864469999998,0.80180180180000005
HBCA1,HBCA1,GraphST,1,12,0.00643729,0.68111778000000001,0.71676982
HBCA1,HBCA1,GraphST,1,14,0.019032670000000002,0.69552471999999999,0.70940170999999996
HBCA1,HBCA1,GraphST,1,15,0.01919908,0.70516477,0.73163418000000002
HBCA1,HBCA1,GraphST,1,16,0.0023912600000000001,0.67952475000000001,0.73163418000000002
HBCA1,HBCA1,GraphST,1,18,0.0063463199999999999,0.66545989000000005,0.68803418999999999
HBCA1,HBCA1,GraphST,2,4,0.019030760000000001,0.72286676000000005,0.70952658999999996
HBCA1,HBCA1,GraphST,2,5,0.012421649999999999,0.66636143999999997,0.69540230000000003
HBCA1,HBCA1,GraphST,2,7,0.00081985000000000001,0.69110992000000004,0.68779376000000003
HBCA1,HBCA1,GraphST,2,8,0.019421509999999999,0.65693860000000004,0.68067226999999997
HBCA1,HBCA1,GraphST,2,9,0.0029275999999999998,0.64586034000000003,0.70289855000000001
HBCA1,HBCA1,GraphST,2,10,0.0015223299999999999,0.61050366,0.66666667000000002
HBCA1,HBCA1,GraphST,2,11,0.0079858499999999992,0.70971048999999997,0.73926194999999995
HBCA1,HBCA1,GraphST,2,13,0.016407649999999999,0.71886704000000001,0.74675820000000004
HBCA1,HBCA1,GraphST,2,17,0.01229558,0.69868123999999998,0.72413793000000004
HBCA1,HBCA1,GraphST,2,19,0.01356889,0.67100844999999998,0.71676982
HBCA1,HBCA1,GraphST,2,20,0.0049639699999999998,0.71351604999999996,0.73163418000000002
HBCA1,HBCA1,GraphST,3,12,0.013602990000000001,0.73700051,0.75452096999999996
HBCA1,HBCA1,GraphST,3,14,0.0010076099999999999,0.71234776,0.73189384000000002
HBCA1,HBCA1,GraphST,3,15,0.00084119999999999996,0.73148866000000001,0.76214873000000005
HBCA1,HBCA1,GraphST,3,16,0.017649020000000001,0.73635662999999996,0.77781290000000003
HBCA1,HBCA1,GraphST,4,6,0.0048730800000000001,0.74898653000000004,0.71702284000000005
HBCA1,HBCA1,GraphST,4,7,0.01821091,0.73638817000000001,0.76296987000000005
HBCA1,HBCA1,GraphST,4,11,0.01104492,0.71910112000000004,0.71702284000000005
HBCA1,HBCA1,GraphST,4,13,0.0026231100000000001,0.75319723000000005,0.73926194999999995
HBCA1,HBCA1,GraphST,4,17,0.0067351800000000003,0.72858698,0.77005013
HBCA1,HBCA1,GraphST,4,18,0.019650310000000001,0.74690073999999995,0.74675820000000004
HBCA1,HBCA1,GraphST,4,20,0.014066789999999999,0.74371317999999997,0.72529189000000005
HBCA1,HBCA1,GraphST,5,7,0.0132415,0.69108473000000004,0.73965661000000005
HBCA1,HBCA1,GraphST,5,8,0.0069998600000000001,0.65467516999999997,0.74702471999999998
HBCA1,HBCA1,GraphST,5,9,0.0094940500000000004,0.60829389,0.68779376000000003
HBCA1,HBCA1,GraphST,5,10,0.010899320000000001,0.58787721000000004,0.68114713999999998
HBCA1,HBCA1,GraphST,5,19,0.00114725,0.69621131000000003,0.75492610999999998
HBCA1,HBCA1,GraphST,5,20,0.017385620000000001,0.70712503000000004,0.75452096999999996
HBCA1,HBCA1,GraphST,6,11,0.015918000000000002,0.73095452000000005,0.72413793000000004
HBCA1,HBCA1,GraphST,6,13,0.0074961999999999997,0.74605087999999997,0.68779376000000003
HBCA1,HBCA1,GraphST,6,17,0.01160826,0.70168070000000005,0.65977960999999996
HBCA1,HBCA1,GraphST,6,18,0.014777230000000001,0.72342280000000003,0.67366946999999999
HBCA1,HBCA1,GraphST,6,20,0.018939870000000001,0.71397052999999999,0.70952658999999996
HBCA1,HBCA1,GraphST,7,9,0.0037474600000000002,0.63427942999999998,0.70215848000000003
HBCA1,HBCA1,GraphST,7,10,0.0023421800000000001,0.60389881999999995,0.68067226999999997
HBCA1,HBCA1,GraphST,7,11,0.0071659899999999997,0.68304096999999997,0.70952658999999996
HBCA1,HBCA1,GraphST,7,13,0.015587800000000001,0.70786256000000003,0.75452096999999996
HBCA1,HBCA1,GraphST,7,17,0.01147573,0.68696036999999999,0.72413793000000004
HBCA1,HBCA1,GraphST,7,19,0.01438875,0.68285101000000004,0.76214873000000005
HBCA1,HBCA1,GraphST,7,20,0.0041441200000000003,0.69341233000000002,0.66852058000000003
HBCA1,HBCA1,GraphST,8,9,0.016493910000000001,0.60265946999999997,0.65334426000000001
HBCA1,HBCA1,GraphST,8,10,0.017899180000000001,0.59177252999999996,0.65977960999999996
HBCA1,HBCA1,GraphST,8,19,0.0058526200000000002,0.67451622,0.75452096999999996
HBCA1,HBCA1,GraphST,9,10,0.0014052699999999999,0.61072029999999999,0.67366946999999999
HBCA1,HBCA1,GraphST,9,11,0.01091345,0.63738382000000005,0.74702471999999998
HBCA1,HBCA1,GraphST,9,13,0.019335249999999998,0.64064600000000005,0.70215848000000003
HBCA1,HBCA1,GraphST,9,17,0.015223189999999999,0.63084421000000002,0.64634146000000003
HBCA1,HBCA1,GraphST,9,19,0.010641289999999999,0.61181538000000002,0.67390391000000005
HBCA1,HBCA1,GraphST,9,20,0.0078915800000000005,0.64386849999999995,0.56884458999999998
HBCA1,HBCA1,GraphST,10,11,0.0095081799999999998,0.62220754,0.63289788999999996
HBCA1,HBCA1,GraphST,10,13,0.017929980000000002,0.62136765999999999,0.68067226999999997
HBCA1,HBCA1,GraphST,10,17,0.013817909999999999,0.61928824999999998,0.66666667000000002
HBCA1,HBCA1,GraphST,10,19,0.01204657,0.58219147000000004,0.65977960999999996
HBCA1,HBCA1,GraphST,10,20,0.0064863000000000004,0.61134599999999995,0.64678774999999999
HBCA1,HBCA1,GraphST,11,13,0.0084218100000000001,0.72028080000000005,0.73163418000000002
HBCA1,HBCA1,GraphST,11,17,0.0043097400000000003,0.70151021000000002,0.68779376000000003
HBCA1,HBCA1,GraphST,11,20,0.0030218699999999999,0.71335433000000004,0.67366946999999999
HBCA1,HBCA1,GraphST,12,14,0.01259538,0.69613778000000004,0.70215848000000003
HBCA1,HBCA1,GraphST,12,15,0.01276179,0.72896229000000001,0.72413793000000004
HBCA1,HBCA1,GraphST,12,16,0.0040460299999999999,0.71436334999999995,0.74702471999999998
HBCA1,HBCA1,GraphST,12,18,0.012783610000000001,0.68348377999999999,0.70990134999999999
HBCA1,HBCA1,GraphST,13,17,0.0041120699999999998,0.72323256999999996,0.77781290000000003
HBCA1,HBCA1,GraphST,13,20,0.011443679999999999,0.72260431000000003,0.72465060999999997
HBCA1,HBCA1,GraphST,14,15,0.00016640000000000001,0.72714482999999996,0.76214873000000005
HBCA1,HBCA1,GraphST,14,16,0.016641420000000001,0.69598636000000003,0.75452096999999996
HBCA1,HBCA1,GraphST,15,16,0.016807820000000001,0.71663410000000005,0.71676982
HBCA1,HBCA1,GraphST,16,18,0.0087375700000000001,0.67794979,0.71676982
HBCA1,HBCA1,GraphST,17,20,0.0073316099999999997,0.72123917000000004,0.71676982
HBCA1,HBCA1,GraphST,19,20,0.01853287,0.70908495999999999,0.74755799999999994
HBCA1,HBCA1,STAGATE,1,2,0.0063470000000000002,0.79440909999999998,0.68779376000000003
HBCA1,HBCA1,STAGATE,1,4,0.01165599,0.77488115999999996,0.71676982
HBCA1,HBCA1,STAGATE,1,5,0.0047808599999999996,0.78586497,0.68803418999999999
HBCA1,HBCA1,STAGATE,1,6,0.01592329,0.83103002000000004,0.77865613
HBCA1,HBCA1,STAGATE,1,7,0.019405430000000001,0.75238157999999999,0.79375804000000005
HBCA1,HBCA1,STAGATE,1,10,0.011652549999999999,0.77435045000000002,0.71702284000000005
HBCA1,HBCA1,STAGATE,1,11,0.01192227,0.78408942999999998,0.66046576000000001
HBCA1,HBCA1,STAGATE,1,12,0.0023944999999999999,0.78316702999999999,0.73965661000000005
HBCA1,HBCA1,STAGATE,1,13,0.0019068500000000001,0.79886338000000001,0.72426606999999998
HBCA1,HBCA1,STAGATE,1,14,0.0061011199999999998,0.76993423999999999,0.73319327999999995
HBCA1,HBCA1,STAGATE,1,15,0.014876149999999999,0.81137873999999999,0.76242235999999997
HBCA1,HBCA1,STAGATE,1,16,0.00076818999999999998,0.79105358000000003,0.74675820000000004
HBCA1,HBCA1,STAGATE,1,17,0.0034237600000000001,0.82318206000000005,0.76991149999999997
HBCA1,HBCA1,STAGATE,1,19,0.013723910000000001,0.79197624,0.67235732999999998
HBCA1,HBCA1,STAGATE,2,4,0.0053089900000000004,0.78715455999999995,0.71752912000000002
HBCA1,HBCA1,STAGATE,2,5,0.01112786,0.83288693000000003,0.74675820000000004
HBCA1,HBCA1,STAGATE,2,7,0.013058429999999999,0.75353619000000005,0.69491524999999998
HBCA1,HBCA1,STAGATE,2,10,0.00530555,0.78254329,0.69540230000000003
HBCA1,HBCA1,STAGATE,2,11,0.018269270000000001,0.80565573999999995,0.68779376000000003
HBCA1,HBCA1,STAGATE,2,12,0.0039525000000000003,0.78131611999999995,0.70990134999999999
HBCA1,HBCA1,STAGATE,2,13,0.0044401500000000003,0.79231870999999998,0.70215848000000003
HBCA1,HBCA1,STAGATE,2,14,0.00024588000000000002,0.80927800000000005,0.73913043
HBCA1,HBCA1,STAGATE,2,16,0.0071151900000000004,0.78810276000000001,0.73926194999999995
HBCA1,HBCA1,STAGATE,2,17,0.0097707599999999999,0.82027682999999996,0.73913043
HBCA1,HBCA1,STAGATE,2,19,0.0073769200000000004,0.81448993999999997,0.75438596000000002
HBCA1,HBCA1,STAGATE,4,5,0.016436849999999999,0.79216291999999999,0.74031477000000001
HBCA1,HBCA1,STAGATE,4,7,0.0077494399999999998,0.77016072999999996,0.74675820000000004
HBCA1,HBCA1,STAGATE,4,10,3.4400000000000001e-06,0.78769805999999998,0.71702284000000005
HBCA1,HBCA1,STAGATE,4,12,0.0092614900000000007,0.79993795000000001,0.76214873000000005
HBCA1,HBCA1,STAGATE,4,13,0.0097491399999999999,0.77567653000000003,0.73163418000000002
HBCA1,HBCA1,STAGATE,4,14,0.0055548699999999999,0.78010661000000003,0.75438596000000002
HBCA1,HBCA1,STAGATE,4,16,0.01242418,0.78615672999999997,0.73926194999999995
HBCA1,HBCA1,STAGATE,4,17,0.015079749999999999,0.77633757999999997,0.73926194999999995
HBCA1,HBCA1,STAGATE,4,19,0.00206792,0.76650463000000002,0.72413793000000004
HBCA1,HBCA1,STAGATE,5,6,0.01114243,0.81623226999999998,0.71702284000000005
HBCA1,HBCA1,STAGATE,5,10,0.016433409999999999,0.80323235999999998,0.70215848000000003
HBCA1,HBCA1,STAGATE,5,11,0.0071414099999999999,0.79479719999999998,0.69540230000000003
HBCA1,HBCA1,STAGATE,5,12,0.0071753600000000004,0.80393846000000002,0.78571429000000004
HBCA1,HBCA1,STAGATE,5,13,0.0066877100000000004,0.80522598999999995,0.73163418000000002
HBCA1,HBCA1,STAGATE,5,14,0.010881979999999999,0.81445467999999999,0.76214873000000005
HBCA1,HBCA1,STAGATE,5,15,0.01009529,0.82651103999999997,0.78585665000000005
HBCA1,HBCA1,STAGATE,5,16,0.0040126700000000003,0.79692589000000003,0.74835852999999997
HBCA1,HBCA1,STAGATE,5,17,0.0013571,0.81929571999999995,0.77005013
HBCA1,HBCA1,STAGATE,5,19,0.01850477,0.81144674999999999,0.70952658999999996
HBCA1,HBCA1,STAGATE,6,11,0.0040010200000000001,0.81246094000000002,0.73163418000000002
HBCA1,HBCA1,STAGATE,6,12,0.01831779,0.79756514999999994,0.77781290000000003
HBCA1,HBCA1,STAGATE,6,13,0.017830140000000001,0.81029514000000002,0.75560176000000001
HBCA1,HBCA1,STAGATE,6,15,0.0010471499999999999,0.82248189000000005,0.76379176000000004
HBCA1,HBCA1,STAGATE,6,16,0.015155099999999999,0.81106323000000002,0.78585665000000005
HBCA1,HBCA1,STAGATE,6,17,0.01249953,0.83010055999999999,0.74675820000000004
HBCA1,HBCA1,STAGATE,7,10,0.0077528800000000002,0.73519880999999998,0.69540230000000003
HBCA1,HBCA1,STAGATE,7,12,0.01701093,0.78947319000000005,0.77781290000000003
HBCA1,HBCA1,STAGATE,7,13,0.01749858,0.75501094999999996,0.73965661000000005
HBCA1,HBCA1,STAGATE,7,14,0.01330431,0.76309576999999995,0.73926194999999995
HBCA1,HBCA1,STAGATE,7,19,0.0056815199999999998,0.75068102999999997,0.68851525000000002
HBCA1,HBCA1,STAGATE,7,20,0.018901919999999999,0.79928547999999999,0.76991149999999997
HBCA1,HBCA1,STAGATE,8,9,0.0056288400000000004,0.70124410000000004,0.7024051
HBCA1,HBCA1,STAGATE,8,18,0.00016513000000000001,0.71866083999999997,0.72465060999999997
HBCA1,HBCA1,STAGATE,8,20,0.0033784499999999999,0.77195179000000003,0.76991149999999997
HBCA1,HBCA1,STAGATE,9,18,0.0054637100000000001,0.71171894000000002,0.72426606999999998
HBCA1,HBCA1,STAGATE,9,20,0.0090072899999999994,0.73485120000000004,0.77781290000000003
HBCA1,HBCA1,STAGATE,10,12,0.0092580500000000003,0.77244546000000003,0.73913043
HBCA1,HBCA1,STAGATE,10,13,0.0097456999999999995,0.78824209000000001,0.72413793000000004
HBCA1,HBCA1,STAGATE,10,14,0.0055514300000000004,0.78906080999999995,0.70952658999999996
HBCA1,HBCA1,STAGATE,10,16,0.01242074,0.78505811999999997,0.74031477000000001
HBCA1,HBCA1,STAGATE,10,17,0.015076320000000001,0.78913705000000001,0.70363925999999999
HBCA1,HBCA1,STAGATE,10,19,0.00207136,0.78894277999999995,0.70215848000000003
HBCA1,HBCA1,STAGATE,11,12,0.014316769999999999,0.77266181,0.73913043
HBCA1,HBCA1,STAGATE,11,13,0.01382912,0.76683053999999995,0.71052632000000004
HBCA1,HBCA1,STAGATE,11,14,0.01802339,0.77281460999999996,0.68923734999999997
HBCA1,HBCA1,STAGATE,11,15,0.0029538699999999999,0.78853333000000003,0.60707370999999999
HBCA1,HBCA1,STAGATE,11,16,0.01115408,0.77394512999999998,0.70952658999999996
HBCA1,HBCA1,STAGATE,11,17,0.0084985100000000008,0.78952526999999995,0.61300812999999998
HBCA1,HBCA1,STAGATE,12,13,0.00048765000000000001,0.78426940999999994,0.76296987000000005
HBCA1,HBCA1,STAGATE,12,14,0.0037066199999999999,0.78957116000000005,0.73913043
HBCA1,HBCA1,STAGATE,12,15,0.017270649999999999,0.79888541000000002,0.79375804000000005
HBCA1,HBCA1,STAGATE,12,16,0.0031626900000000001,0.80893839000000001,0.74675820000000004
HBCA1,HBCA1,STAGATE,12,17,0.0058182599999999996,0.79286272000000002,0.77781290000000003
HBCA1,HBCA1,STAGATE,12,19,0.01132941,0.77877927000000002,0.70940170999999996
HBCA1,HBCA1,STAGATE,13,14,0.0041942699999999999,0.79786102000000003,0.76214873000000005
HBCA1,HBCA1,STAGATE,13,15,0.016782990000000001,0.80871579000000005,0.72619047999999997
HBCA1,HBCA1,STAGATE,13,16,0.0026750400000000001,0.79546285999999999,0.76242235999999997
HBCA1,HBCA1,STAGATE,13,17,0.0053306100000000004,0.83633334999999998,0.74675820000000004
HBCA1,HBCA1,STAGATE,13,19,0.011817070000000001,0.80501615999999998,0.74675820000000004
HBCA1,HBCA1,STAGATE,14,16,0.00686931,0.79360344000000005,0.73913043
HBCA1,HBCA1,STAGATE,14,17,0.0095248799999999995,0.79221775000000005,0.74675820000000004
HBCA1,HBCA1,STAGATE,14,19,0.0076227999999999999,0.81022088999999997,0.78585665000000005
HBCA1,HBCA1,STAGATE,15,16,0.014107959999999999,0.80579747000000002,0.78585665000000005
HBCA1,HBCA1,STAGATE,15,17,0.01145238,0.83207788999999999,0.78585665000000005
HBCA1,HBCA1,STAGATE,16,17,0.0026555699999999999,0.79964572,0.73926194999999995
HBCA1,HBCA1,STAGATE,16,19,0.014492100000000001,0.79187545000000004,0.77809388000000002
HBCA1,HBCA1,STAGATE,17,19,0.017147679999999998,0.80821500000000002,0.70215848000000003
HBCA1,HBCA1,STAGATE,18,20,0.0035435800000000002,0.76591571000000003,0.73189384000000002
HBCA1,HBCA1,SpaGCN,1,3,0.012408239999999999,0.67941728999999995,0.72413793000000004
HBCA1,HBCA1,SpaGCN,1,5,0.0041683600000000003,0.64680318999999997,0.70940170999999996
HBCA1,HBCA1,SpaGCN,1,8,0.012054230000000001,0.73858166999999997,0.78585665000000005
HBCA1,HBCA1,SpaGCN,1,10,0.0047576600000000004,0.66652816000000004,0.76991149999999997
HBCA1,HBCA1,SpaGCN,1,11,0.01263269,0.66189114000000004,0.76991149999999997
HBCA1,HBCA1,SpaGCN,1,17,0.0030008999999999999,0.67643909000000002,0.76214873000000005
HBCA1,HBCA1,SpaGCN,2,4,0.01054942,0.65720168999999995,0.61290323000000002
HBCA1,HBCA1,SpaGCN,2,6,0.011828989999999999,0.67917660000000002,0.61290323000000002
HBCA1,HBCA1,SpaGCN,2,7,0.0063752000000000001,0.70691978,0.68067226999999997
HBCA1,HBCA1,SpaGCN,2,9,0.014102160000000001,0.65338359999999995,0.68067226999999997
HBCA1,HBCA1,SpaGCN,2,12,0.00038253000000000001,0.74124140999999999,0.62601625999999999
HBCA1,HBCA1,SpaGCN,2,13,0.014570130000000001,0.66541139000000005,0.63934426
HBCA1,HBCA1,SpaGCN,2,14,0.01014408,0.72621813999999996,0.65289255999999996
HBCA1,HBCA1,SpaGCN,2,15,0.0090638799999999999,0.69141173,0.69491524999999998
HBCA1,HBCA1,SpaGCN,2,16,0.01087365,0.72800545000000005,0.65289255999999996
HBCA1,HBCA1,SpaGCN,2,18,0.00117712,0.72479857999999997,0.65289255999999996
HBCA1,HBCA1,SpaGCN,2,19,0.019449520000000001,0.72171867999999995,0.63934426
HBCA1,HBCA1,SpaGCN,2,20,0.01963819,0.65636280999999996,0.63934426
HBCA1,HBCA1,SpaGCN,3,5,0.0082398799999999998,0.67611487000000003,0.70940170999999996
HBCA1,HBCA1,SpaGCN,3,10,0.017165900000000001,0.64695250000000004,0.74675820000000004
HBCA1,HBCA1,SpaGCN,3,11,0.00022445000000000001,0.66789569999999998,0.76991149999999997
HBCA1,HBCA1,SpaGCN,3,17,0.01540914,0.68024256000000005,0.77809388000000002
HBCA1,HBCA1,SpaGCN,4,7,0.0041742100000000002,0.70626608999999996,0.72413793000000004
HBCA1,HBCA1,SpaGCN,4,8,0.018273540000000001,0.70886092999999994,0.76991149999999997
HBCA1,HBCA1,SpaGCN,4,9,0.0035527499999999999,0.71939185999999999,0.81818181999999995
HBCA1,HBCA1,SpaGCN,4,12,0.010931949999999999,0.74847134999999998,0.75560176000000001
HBCA1,HBCA1,SpaGCN,4,13,0.0040207100000000003,0.71265807999999997,0.71140203000000002
HBCA1,HBCA1,SpaGCN,4,14,0.00040534000000000002,0.72589678000000002,0.70990134999999999
HBCA1,HBCA1,SpaGCN,4,15,0.00148554,0.74459410999999998,0.77781290000000003
HBCA1,HBCA1,SpaGCN,4,16,0.00032423,0.71536031,0.74675820000000004
HBCA1,HBCA1,SpaGCN,4,18,0.011726540000000001,0.71237845,0.75438596000000002
HBCA1,HBCA1,SpaGCN,4,19,0.0089000999999999993,0.68557546999999996,0.70952658999999996
HBCA1,HBCA1,SpaGCN,4,20,0.0090887699999999995,0.73931685999999996,0.76214873000000005
HBCA1,HBCA1,SpaGCN,5,8,0.016222589999999999,0.67012950999999998,0.73965661000000005
HBCA1,HBCA1,SpaGCN,5,10,0.0089260099999999998,0.69220064999999997,0.69491524999999998
HBCA1,HBCA1,SpaGCN,5,11,0.0084643300000000008,0.65592391999999999,0.65289255999999996
HBCA1,HBCA1,SpaGCN,5,17,0.0071692600000000002,0.65402565000000001,0.71752912000000002
HBCA1,HBCA1,SpaGCN,6,7,0.0182042,0.72711581999999997,0.72413793000000004
HBCA1,HBCA1,SpaGCN,6,12,0.01144646,0.71290551999999996,0.62601625999999999
HBCA1,HBCA1,SpaGCN,6,18,0.010651870000000001,0.68764380000000003,0.70940170999999996
HBCA1,HBCA1,SpaGCN,7,9,0.0077269599999999997,0.67710351999999996,0.69491524999999998
HBCA1,HBCA1,SpaGCN,7,12,0.0067577399999999999,0.71283927999999996,0.66666667000000002
HBCA1,HBCA1,SpaGCN,7,13,0.0081949199999999996,0.70186808999999994,0.66666667000000002
HBCA1,HBCA1,SpaGCN,7,14,0.0037688800000000001,0.74123954999999997,0.75438596000000002
HBCA1,HBCA1,SpaGCN,7,15,0.0026886800000000001,0.69964824000000003,0.63934426
HBCA1,HBCA1,SpaGCN,7,16,0.0044984400000000003,0.73943075000000003,0.70940170999999996
HBCA1,HBCA1,SpaGCN,7,18,0.0075523300000000003,0.72261514999999998,0.72413793000000004
HBCA1,HBCA1,SpaGCN,7,19,0.01307431,0.76951000999999997,0.75438596000000002
HBCA1,HBCA1,SpaGCN,7,20,0.013262980000000001,0.66597360999999999,0.68067226999999997
HBCA1,HBCA1,SpaGCN,8,9,0.014720789999999999,0.70176815999999997,0.79462418000000001
HBCA1,HBCA1,SpaGCN,8,10,0.0072965800000000004,0.69675041000000004,0.80180180000000001
HBCA1,HBCA1,SpaGCN,8,13,0.014252829999999999,0.70621604999999998,0.78571429000000004
HBCA1,HBCA1,SpaGCN,8,14,0.01867887,0.71369656000000004,0.72413793000000004
HBCA1,HBCA1,SpaGCN,8,15,0.01975907,0.73836919000000001,0.76991149999999997
HBCA1,HBCA1,SpaGCN,8,16,0.01794931,0.75187802000000004,0.76991149999999997
HBCA1,HBCA1,SpaGCN,8,17,0.00905334,0.72992827999999998,0.82652210000000004
HBCA1,HBCA1,SpaGCN,8,19,0.0093734400000000002,0.70873430000000004,0.76991149999999997
HBCA1,HBCA1,SpaGCN,8,20,0.0091847700000000001,0.73726066999999995,0.76991149999999997
HBCA1,HBCA1,SpaGCN,9,12,0.0144847,0.69066366000000001,0.66666667000000002
HBCA1,HBCA1,SpaGCN,9,13,0.00046796000000000001,0.71098072000000001,0.76991149999999997
HBCA1,HBCA1,SpaGCN,9,14,0.0039580800000000001,0.67033849000000001,0.72413793000000004
HBCA1,HBCA1,SpaGCN,9,15,0.00503828,0.71465023000000005,0.75438596000000002
HBCA1,HBCA1,SpaGCN,9,16,0.0032285199999999999,0.70210616999999997,0.76991149999999997
HBCA1,HBCA1,SpaGCN,9,18,0.015279289999999999,0.73235130000000004,0.72413793000000004
HBCA1,HBCA1,SpaGCN,9,19,0.0053473499999999998,0.67623796999999997,0.72413793000000004
HBCA1,HBCA1,SpaGCN,9,20,0.00553602,0.68620126999999997,0.70940170999999996
HBCA1,HBCA1,SpaGCN,10,11,0.017390340000000001,0.65083243999999996,0.73913043
HBCA1,HBCA1,SpaGCN,10,17,0.00175676,0.69306595000000004,0.80194805000000002
HBCA1,HBCA1,SpaGCN,10,19,0.016670020000000001,0.68709757999999999,0.67719298000000006
HBCA1,HBCA1,SpaGCN,10,20,0.016481340000000001,0.69635592999999996,0.73319327999999995
HBCA1,HBCA1,SpaGCN,11,17,0.015633580000000001,0.67394195000000001,0.75452096999999996
HBCA1,HBCA1,SpaGCN,12,13,0.01495266,0.70655314999999996,0.68257334999999997
HBCA1,HBCA1,SpaGCN,12,14,0.01052661,0.7761209,0.70215848000000003
HBCA1,HBCA1,SpaGCN,12,15,0.0094464100000000006,0.75519040999999998,0.78571429000000004
HBCA1,HBCA1,SpaGCN,12,16,0.011256179999999999,0.72569813000000005,0.70940170999999996
HBCA1,HBCA1,SpaGCN,12,18,0.00079458999999999997,0.76204603000000004,0.76991149999999997
HBCA1,HBCA1,SpaGCN,12,19,0.01983205,0.71196682,0.7024051
HBCA1,HBCA1,SpaGCN,13,14,0.0044260499999999999,0.69611133999999997,0.63934426
HBCA1,HBCA1,SpaGCN,13,15,0.0055062499999999999,0.72353824,0.75560176000000001
HBCA1,HBCA1,SpaGCN,13,16,0.0036964799999999998,0.71445535000000004,0.70363925999999999
HBCA1,HBCA1,SpaGCN,13,18,0.015747250000000001,0.72676138000000001,0.81818181999999995
HBCA1,HBCA1,SpaGCN,13,19,0.0048793899999999999,0.70591693,0.71676982
HBCA1,HBCA1,SpaGCN,13,20,0.0050680600000000001,0.69403415000000002,0.67601683000000001
HBCA1,HBCA1,SpaGCN,14,15,0.0010801999999999999,0.74054785999999995,0.74675820000000004
HBCA1,HBCA1,SpaGCN,14,16,0.00072957000000000002,0.74867477000000004,0.73926194999999995
HBCA1,HBCA1,SpaGCN,14,18,0.0113212,0.71734454999999997,0.65289255999999996
HBCA1,HBCA1,SpaGCN,14,19,0.00930543,0.72375577999999996,0.74675820000000004
HBCA1,HBCA1,SpaGCN,14,20,0.00949411,0.70675531000000003,0.68779376000000003
HBCA1,HBCA1,SpaGCN,15,16,0.00180977,0.77917431999999998,0.78571429000000004
HBCA1,HBCA1,SpaGCN,15,18,0.010241,0.76167724000000003,0.76991149999999997
HBCA1,HBCA1,SpaGCN,15,19,0.01038563,0.71308037999999996,0.70990134999999999
HBCA1,HBCA1,SpaGCN,15,20,0.01057431,0.73655839999999995,0.72529189000000005
HBCA1,HBCA1,SpaGCN,16,18,0.012050770000000001,0.7904603,0.78571429000000004
HBCA1,HBCA1,SpaGCN,16,19,0.0085758699999999993,0.75674178999999997,0.70952658999999996
HBCA1,HBCA1,SpaGCN,16,20,0.0087645399999999995,0.70193415000000003,0.77005013
HBCA1,HBCA1,SpaGCN,17,19,0.01842678,0.68394341999999997,0.74702471999999998
HBCA1,HBCA1,SpaGCN,17,20,0.0182381,0.67312441999999995,0.73965661000000005
HBCA1,HBCA1,SpaGCN,19,20,0.00018866999999999999,0.67932265000000003,0.75438596000000002
HBCA1,HBCA1,BANKSY,1,2,0.012146280000000001,0.89059215000000003,0.87797566999999999
HBCA1,HBCA1,BANKSY,1,3,0.0021732000000000001,0.87209935999999999,0.87797566999999999
HBCA1,HBCA1,BANKSY,1,4,0.0086616599999999998,0.88108514000000004,0.77781290000000003
HBCA1,HBCA1,BANKSY,1,5,0.0039247400000000003,0.89857757000000005,0.86050537000000005
HBCA1,HBCA1,BANKSY,1,8,0.0045153199999999998,0.9490712,0.86050537000000005
HBCA1,HBCA1,BANKSY,1,11,0.00027441999999999999,0.91148432000000001,0.86915887999999997
HBCA1,HBCA1,BANKSY,1,16,0.0059871600000000001,0.92305738000000004,0.83501683999999998
HBCA1,HBCA1,BANKSY,1,17,0.00225005,0.87191410000000003,0.86915887999999997
HBCA1,HBCA1,BANKSY,1,18,0.00078616999999999999,0.90193316000000001,0.89577717999999995
HBCA1,HBCA1,BANKSY,1,20,0.0038371500000000001,0.90874748000000005,0.87797566999999999
HBCA1,HBCA1,BANKSY,2,3,0.0099730800000000005,0.93326719999999996,0.91427000999999997
HBCA1,HBCA1,BANKSY,2,4,0.0034846199999999999,0.96641206000000002,0.89577717999999995
HBCA1,HBCA1,BANKSY,2,5,0.016071019999999998,0.91724278000000004,0.88696039000000004
HBCA1,HBCA1,BANKSY,2,8,0.016661599999999999,0.89284954000000005,0.82743657999999998
HBCA1,HBCA1,BANKSY,2,11,0.0124207,0.92861649000000002,0.89577717999999995
HBCA1,HBCA1,BANKSY,2,16,0.018133449999999999,0.88735682999999999,0.82652210000000004
HBCA1,HBCA1,BANKSY,2,17,0.0098962300000000007,0.94321374000000002,0.94174756999999998
HBCA1,HBCA1,BANKSY,2,18,0.01293246,0.93002295999999995,0.92307691999999997
HBCA1,HBCA1,BANKSY,2,20,0.0083091399999999996,0.92898316000000003,0.87830688000000001
HBCA1,HBCA1,BANKSY,3,4,0.0064884599999999997,0.92817185999999996,0.85185184999999997
HBCA1,HBCA1,BANKSY,3,5,0.0060979399999999996,0.92525252999999996,0.88696039000000004
HBCA1,HBCA1,BANKSY,3,8,0.0066885199999999999,0.88349118999999998,0.86050537000000005
HBCA1,HBCA1,BANKSY,3,11,0.0024476200000000002,0.90982563000000005,0.94174756999999998
HBCA1,HBCA1,BANKSY,3,16,0.0081603700000000001,0.86685603,0.76991149999999997
HBCA1,HBCA1,BANKSY,3,17,7.6849999999999998e-05,0.93870540999999996,0.87830688000000001
HBCA1,HBCA1,BANKSY,3,18,0.0029593800000000002,0.92188024999999996,0.88696039000000004
HBCA1,HBCA1,BANKSY,3,20,0.00166394,0.90551833999999998,0.86932215000000002
HBCA1,HBCA1,BANKSY,4,5,0.012586399999999999,0.90989781999999997,0.84335711999999996
HBCA1,HBCA1,BANKSY,4,8,0.01317698,0.896173,0.80999180999999998
HBCA1,HBCA1,BANKSY,4,11,0.0089360800000000008,0.92537946000000004,0.85185184999999997
HBCA1,HBCA1,BANKSY,4,16,0.01464883,0.88012696999999995,0.78699640999999998
HBCA1,HBCA1,BANKSY,4,17,0.0064116099999999999,0.92898561000000002,0.84429712999999995
HBCA1,HBCA1,BANKSY,4,18,0.0094478400000000008,0.90845018,0.79375804000000005
HBCA1,HBCA1,BANKSY,4,20,0.0048245199999999997,0.92452140999999999,0.83486238999999995
HBCA1,HBCA1,BANKSY,5,8,0.00059057999999999995,0.90662792999999997,0.86050537000000005
HBCA1,HBCA1,BANKSY,5,9,0.01848114,0.84195841000000005,0.75438596000000002
HBCA1,HBCA1,BANKSY,5,11,0.0036503199999999999,0.95690321,0.93241225000000005
HBCA1,HBCA1,BANKSY,5,16,0.0020624200000000001,0.91145405000000002,0.85185184999999997
HBCA1,HBCA1,BANKSY,5,17,0.0061747900000000003,0.92930778000000003,0.90476190000000001
HBCA1,HBCA1,BANKSY,5,18,0.0031385699999999998,0.97598742000000005,0.93241225000000005
HBCA1,HBCA1,BANKSY,5,20,0.0077618899999999996,0.95941469999999995,0.90476190000000001
HBCA1,HBCA1,BANKSY,6,10,0.0134585,0.93186133999999998,0.89577717999999995
HBCA1,HBCA1,BANKSY,6,12,0.019216090000000002,0.92052226000000004,0.86050537000000005
HBCA1,HBCA1,BANKSY,6,13,0.014378129999999999,0.83342905,0.84335711999999996
HBCA1,HBCA1,BANKSY,6,14,0.014632879999999999,0.91206025000000002,0.80999180999999998
HBCA1,HBCA1,BANKSY,6,15,0.015205700000000001,0.87179459000000004,0.81878306999999995
HBCA1,HBCA1,BANKSY,6,19,0.01450036,0.93831282000000005,0.90476190000000001
HBCA1,HBCA1,BANKSY,7,9,0.0042331499999999998,0.97129131999999996,0.90476190000000001
HBCA1,HBCA1,BANKSY,7,12,0.0090414599999999994,0.93853154000000005,0.89577717999999995
HBCA1,HBCA1,BANKSY,7,14,0.01362468,0.91880300000000004,0.82682683000000001
HBCA1,HBCA1,BANKSY,7,15,0.01305186,0.90480939000000005,0.89577717999999995
HBCA1,HBCA1,BANKSY,8,9,0.01789056,0.85189413999999997,0.80194805000000002
HBCA1,HBCA1,BANKSY,8,11,0.0042408999999999997,0.93261660000000002,0.87830688000000001
HBCA1,HBCA1,BANKSY,8,16,0.0014718400000000001,0.93592003000000001,0.82743657999999998
HBCA1,HBCA1,BANKSY,8,17,0.0067653699999999997,0.88042321999999995,0.83501683999999998
HBCA1,HBCA1,BANKSY,8,18,0.0037291500000000001,0.89910824,0.86915887999999997
HBCA1,HBCA1,BANKSY,8,20,0.0083524700000000007,0.91683283000000004,0.83486238999999995
HBCA1,HBCA1,BANKSY,9,12,0.013274609999999999,0.93169738999999996,0.88679244999999995
HBCA1,HBCA1,BANKSY,9,14,0.017857830000000002,0.91560839999999999,0.83486238999999995
HBCA1,HBCA1,BANKSY,9,15,0.01728501,0.89680196999999995,0.90476190000000001
HBCA1,HBCA1,BANKSY,9,16,0.016418720000000001,0.82106524000000003,0.74702471999999998
HBCA1,HBCA1,BANKSY,10,13,0.00091964,0.84249001000000001,0.86915887999999997
HBCA1,HBCA1,BANKSY,10,19,0.0010418599999999999,0.97291527,0.92307691999999997
HBCA1,HBCA1,BANKSY,11,16,0.00571274,0.92161229,0.86915887999999997
HBCA1,HBCA1,BANKSY,11,17,0.00252447,0.91244957000000004,0.87830688000000001
HBCA1,HBCA1,BANKSY,11,18,0.00051175000000000005,0.94645937999999996,0.90476190000000001
HBCA1,HBCA1,BANKSY,11,20,0.0041115700000000002,0.96494484000000003,0.90476190000000001
HBCA1,HBCA1,BANKSY,12,14,0.0045832199999999998,0.95806153000000005,0.90476190000000001
HBCA1,HBCA1,BANKSY,12,15,0.0040103999999999999,0.91437661999999997,0.87830688000000001
HBCA1,HBCA1,BANKSY,13,19,0.00012223,0.84534228,0.90476190000000001
HBCA1,HBCA1,BANKSY,14,15,0.00057282000000000003,0.88742118000000003,0.73965661000000005
HBCA1,HBCA1,BANKSY,16,17,0.00823722,0.87629650999999997,0.84335711999999996
HBCA1,HBCA1,BANKSY,16,18,0.00520099,0.90770755999999997,0.86915887999999997
HBCA1,HBCA1,BANKSY,16,20,0.0098243099999999993,0.93446611000000002,0.90476190000000001
HBCA1,HBCA1,BANKSY,17,18,0.00303623,0.92570474000000003,0.90476190000000001
HBCA1,HBCA1,BANKSY,17,20,0.00158709,0.90730237999999996,0.82682683000000001
HBCA1,HBCA1,BANKSY,18,20,0.0046233200000000002,0.94733003999999998,0.90476190000000001
HBCA1,HBCA1,SEDR,1,2,0.00055028216669999997,0.60973390520000004,0.68079096049999999
HBCA1,HBCA1,SEDR,1,4,0.0006669795059,0.62166624240000001,0.79375804380000003
HBCA1,HBCA1,SEDR,1,6,0.0078212496879999996,0.62409910970000004,0.74702471770000001
HBCA1,HBCA1,SEDR,1,8,0.004460662709,0.59432249309999996,0.71676982020000002
HBCA1,HBCA1,SEDR,1,9,0.011246736300000001,0.66680447639999996,0.85201063190000004
HBCA1,HBCA1,SEDR,2,4,0.001217261673,0.72903467720000004,0.80180180180000005
HBCA1,HBCA1,SEDR,2,6,0.0083715318549999994,0.68871683549999996,0.7699115044
HBCA1,HBCA1,SEDR,2,8,0.0039103805429999998,0.6134213288,0.71752911689999999
HBCA1,HBCA1,SEDR,2,9,0.010696454140000001,0.56231066009999997,0.74242424240000005
HBCA1,HBCA1,SEDR,3,7,0.01317278507,0.68368943859999998,0.80194805189999996
HBCA1,HBCA1,SEDR,3,10,0.01450960859,0.83456491860000004,0.88696039159999995
HBCA1,HBCA1,SEDR,3,11,0.00083542230529999996,0.74373328620000001,0.82682682679999997
HBCA1,HBCA1,SEDR,3,13,0.001612356996,0.67273060299999998,0.79375804380000003
HBCA1,HBCA1,SEDR,3,14,0.00058398588619999997,0.73900163370000005,0.86082741910000005
HBCA1,HBCA1,SEDR,3,15,0.00045814045149999999,0.74321322830000003,0.87797566569999996
HBCA1,HBCA1,SEDR,3,19,0.0042135672079999997,0.79864021640000005,0.86050536519999998
HBCA1,HBCA1,SEDR,3,20,0.006985886042,0.76555045399999999,0.86050536519999998
HBCA1,HBCA1,SEDR,4,6,0.007154270182,0.70766916189999995,0.7862838915
HBCA1,HBCA1,SEDR,4,8,0.0051276422150000004,0.62659573859999995,0.75438596489999998
HBCA1,HBCA1,SEDR,4,9,0.011913715809999999,0.57770304260000005,0.71140203319999995
HBCA1,HBCA1,SEDR,5,9,0.016470561599999999,0.59624321339999997,0.82652210179999996
HBCA1,HBCA1,SEDR,5,17,0.00029292334680000001,0.61960593060000002,0.79375804380000003
HBCA1,HBCA1,SEDR,6,8,0.012281912399999999,0.62215294539999999,0.80999180999999998
HBCA1,HBCA1,SEDR,6,9,0.019067985990000001,0.58997145679999996,0.78571428570000001
HBCA1,HBCA1,SEDR,7,10,0.0013368235190000001,0.71369349029999996,0.85185185190000001
HBCA1,HBCA1,SEDR,7,11,0.014008207369999999,0.65649080309999996,0.82652210179999996
HBCA1,HBCA1,SEDR,7,13,0.01478514207,0.619415457,0.84367034829999998
HBCA1,HBCA1,SEDR,7,14,0.013756770959999999,0.63720400269999999,0.7704661183
HBCA1,HBCA1,SEDR,7,15,0.01363092552,0.64166764769999995,0.86050536519999998
HBCA1,HBCA1,SEDR,7,16,0.0080190110460000002,0.68895089399999998,0.81833209360000003
HBCA1,HBCA1,SEDR,7,18,0.0097251652559999999,0.53486837409999999,0.80194805189999996
HBCA1,HBCA1,SEDR,7,19,0.0089592178610000007,0.64337287430000001,0.70990135180000002
HBCA1,HBCA1,SEDR,7,20,0.0061868990279999999,0.66814768339999997,0.86915887849999995
HBCA1,HBCA1,SEDR,8,9,0.0067860735960000003,0.5753884614,0.71676982020000002
HBCA1,HBCA1,SEDR,9,17,0.016177638250000001,0.65378771999999996,0.84335711859999996
HBCA1,HBCA1,SEDR,10,11,0.01534503089,0.76021872310000005,0.83486238530000001
HBCA1,HBCA1,SEDR,10,12,0.01978253554,0.60701862640000004,0.79375804380000003
HBCA1,HBCA1,SEDR,10,13,0.016121965580000001,0.67123185630000004,0.84335711859999996
HBCA1,HBCA1,SEDR,10,14,0.015093594470000001,0.73590390500000002,0.85201063190000004
HBCA1,HBCA1,SEDR,10,15,0.014967749040000001,0.73557412099999997,0.90476190479999996
HBCA1,HBCA1,SEDR,10,16,0.0066821875270000001,0.82519148649999996,0.87797566569999996
HBCA1,HBCA1,SEDR,10,18,0.0083883417369999998,0.54392624190000005,0.77809388339999996
HBCA1,HBCA1,SEDR,10,19,0.010296041380000001,0.76868404260000001,0.84335711859999996
HBCA1,HBCA1,SEDR,10,20,0.0075237225459999996,0.76649817139999998,0.88696039159999995
HBCA1,HBCA1,SEDR,11,13,0.00077693469119999997,0.66691170209999995,0.81833209360000003
HBCA1,HBCA1,SEDR,11,14,0.00025143641909999999,0.78073745059999999,0.84367034829999998
HBCA1,HBCA1,SEDR,11,15,0.00037728185379999997,0.74310203210000003,0.85185185190000001
HBCA1,HBCA1,SEDR,11,19,0.0050489895139999999,0.7501361648,0.82652210179999996
HBCA1,HBCA1,SEDR,11,20,0.0078213083470000007,0.73660722180000004,0.82652210179999996
HBCA1,HBCA1,SEDR,12,16,0.013100348019999999,0.5916513243,0.78585665309999997
HBCA1,HBCA1,SEDR,12,18,0.01139419381,0.66960103360000001,0.80194805189999996
HBCA1,HBCA1,SEDR,13,14,0.0010283711099999999,0.68975938120000002,0.7699115044
HBCA1,HBCA1,SEDR,13,15,0.001154216545,0.67092002240000004,0.78699641009999999
HBCA1,HBCA1,SEDR,13,19,0.0058259242050000002,0.63270722290000003,0.72426607210000005
HBCA1,HBCA1,SEDR,13,20,0.0085982430379999992,0.69170503459999999,0.81818181820000002
HBCA1,HBCA1,SEDR,14,15,0.00012584543470000001,0.78579094699999996,0.85201063190000004
HBCA1,HBCA1,SEDR,14,19,0.0047975530949999996,0.73384804209999999,0.77115987460000002
HBCA1,HBCA1,SEDR,14,20,0.0075698719280000003,0.77462379169999995,0.86050536519999998
HBCA1,HBCA1,SEDR,15,19,0.0046717076599999997,0.70858231679999995,0.83501683500000001
HBCA1,HBCA1,SEDR,15,20,0.0074440264929999996,0.7832910045,0.88679245279999996
HBCA1,HBCA1,SEDR,16,18,0.0017061542099999999,0.54335550600000004,0.7704661183
HBCA1,HBCA1,SEDR,16,19,0.01697822891,0.7405278435,0.79375804380000003
HBCA1,HBCA1,SEDR,16,20,0.014205910069999999,0.78102424739999998,0.81818181820000002
HBCA1,HBCA1,SEDR,18,19,0.018684383119999998,0.51729794120000006,0.70990135180000002
HBCA1,HBCA1,SEDR,18,20,0.015912064279999999,0.58449518119999999,0.82682682679999997
HBCA1,HBCA1,SEDR,19,20,0.0027723188339999999,0.69742291869999995,0.80180180180000005
Bregma −0.04,Bregma −0.04,GraphST,1,2,0.013652120760000001,0.30599779249999998,0.84335711859999996
Bregma −0.04,Bregma −0.04,GraphST,1,5,0.004991277578,0.45695599990000002,0.90476190479999996
Bregma −0.04,Bregma −0.04,GraphST,1,6,0.018243400430000001,0.29699037690000002,0.88696039159999995
Bregma −0.04,Bregma −0.04,GraphST,1,7,0.0067282747859999997,0.45236306440000001,0.87797566569999996
Bregma −0.04,Bregma −0.04,GraphST,1,8,0.0069038769480000003,0.25313787720000003,0.83501683500000001
Bregma −0.04,Bregma −0.04,GraphST,1,9,0.0034239632650000002,0.28414961509999997,0.85328185329999995
Bregma −0.04,Bregma −0.04,GraphST,1,10,0.017569574229999999,0.26159643890000001,0.86082741910000005
Bregma −0.04,Bregma −0.04,GraphST,1,11,0.01329968588,0.28367476800000002,0.85201063190000004
Bregma −0.04,Bregma −0.04,GraphST,1,13,0.016373661120000001,0.23548173359999999,0.86082741910000005
Bregma −0.04,Bregma −0.04,GraphST,1,14,0.0050039503880000002,0.28697529999999999,0.90545322569999998
Bregma −0.04,Bregma −0.04,GraphST,1,15,0.0030381975,0.47694096139999997,0.89577717879999996
Bregma −0.04,Bregma −0.04,GraphST,1,18,0.0099485885319999991,0.29928963990000002,0.91391941389999998
Bregma −0.04,Bregma −0.04,GraphST,1,20,0.01121599193,0.29603400959999998,0.85201063190000004
Bregma −0.04,Bregma −0.04,GraphST,2,5,0.018643398339999999,0.36679591719999999,0.85201063190000004
Bregma −0.04,Bregma −0.04,GraphST,2,7,0.0069238459760000001,0.2420993467,0.82682682679999997
Bregma −0.04,Bregma −0.04,GraphST,2,9,0.017076084030000001,0.42981490210000001,0.88679245279999996
Bregma −0.04,Bregma −0.04,GraphST,2,10,0.0039174534649999999,0.39885142569999998,0.87797566569999996
Bregma −0.04,Bregma −0.04,GraphST,2,13,0.002721540362,0.37004468060000001,0.91391941389999998
Bregma −0.04,Bregma −0.04,GraphST,2,14,0.018656071149999998,0.45367588129999997,0.90493468799999999
Bregma −0.04,Bregma −0.04,GraphST,2,15,0.01061392326,0.28642330189999998,0.82682682679999997
Bregma −0.04,Bregma −0.04,GraphST,2,20,0.0024361288329999998,0.55354275350000004,0.9230769231
Bregma −0.04,Bregma −0.04,GraphST,5,6,0.013252122850000001,0.36852771449999999,0.89577717879999996
Bregma −0.04,Bregma −0.04,GraphST,5,7,0.01171955236,0.34031038390000001,0.86050536519999998
Bregma −0.04,Bregma −0.04,GraphST,5,8,0.0019125993699999999,0.31571023069999998,0.87797566569999996
Bregma −0.04,Bregma −0.04,GraphST,5,9,0.001567314313,0.31580637230000003,0.87896965419999995
Bregma −0.04,Bregma −0.04,GraphST,5,11,0.0083084083050000007,0.3285476209,0.87896965419999995
Bregma −0.04,Bregma −0.04,GraphST,5,12,0.015819029549999999,0.38093976219999998,0.93241224789999999
Bregma −0.04,Bregma −0.04,GraphST,5,14,1.267281026e-05,0.38073103009999998,0.89611790079999998
Bregma −0.04,Bregma −0.04,GraphST,5,15,0.008029475078,0.491761218,0.89611790079999998
Bregma −0.04,Bregma −0.04,GraphST,5,16,0.018445145119999999,0.36091588359999999,0.86932215229999998
Bregma −0.04,Bregma −0.04,GraphST,5,18,0.004957310954,0.35762833090000001,0.90476190479999996
Bregma −0.04,Bregma −0.04,GraphST,5,20,0.01620726951,0.36837856019999998,0.89577717879999996
Bregma −0.04,Bregma −0.04,GraphST,6,8,0.01133952348,0.55657865910000004,0.90545322569999998
Bregma −0.04,Bregma −0.04,GraphST,6,9,0.01481943717,0.54018458960000004,0.9230769231
Bregma −0.04,Bregma −0.04,GraphST,6,11,0.0049437145499999996,0.53203016690000005,0.92325473879999997
Bregma −0.04,Bregma −0.04,GraphST,6,12,0.0025669066920000001,0.58258332130000001,0.9230769231
Bregma −0.04,Bregma −0.04,GraphST,6,14,0.01323945004,0.44330744789999998,0.89577717879999996
Bregma −0.04,Bregma −0.04,GraphST,6,16,0.0051930222609999997,0.28498259250000002,0.8108816781
Bregma −0.04,Bregma −0.04,GraphST,6,18,0.0082948119009999995,0.57949749989999999,0.88679245279999996
Bregma −0.04,Bregma −0.04,GraphST,6,19,0.013691936490000001,0.30733916090000002,0.86981214500000004
Bregma −0.04,Bregma −0.04,GraphST,7,8,0.01363215173,0.23169925769999999,0.80999180999999998
Bregma −0.04,Bregma −0.04,GraphST,7,9,0.01015223805,0.24547487279999999,0.90493468799999999
Bregma −0.04,Bregma −0.04,GraphST,7,10,0.01084129944,0.28129008890000001,0.87797566569999996
Bregma −0.04,Bregma −0.04,GraphST,7,13,0.0096453863390000005,0.2830531892,0.86082741910000005
Bregma −0.04,Bregma −0.04,GraphST,7,14,0.011732225170000001,0.23029828229999999,0.86915887849999995
Bregma −0.04,Bregma −0.04,GraphST,7,15,0.0036900772860000001,0.41657419099999998,0.91391941389999998
Bregma −0.04,Bregma −0.04,GraphST,7,18,0.016676863319999999,0.25666024640000001,0.86082741910000005
Bregma −0.04,Bregma −0.04,GraphST,7,20,0.0044877171430000003,0.26946546840000002,0.82743658210000004
Bregma −0.04,Bregma −0.04,GraphST,8,9,0.0034799136830000001,0.5656718328,0.88679245279999996
Bregma −0.04,Bregma −0.04,GraphST,8,11,0.0063958089350000004,0.42882031079999999,0.90545322569999998
Bregma −0.04,Bregma −0.04,GraphST,8,12,0.01390643018,0.4719689957,0.89611790079999998
Bregma −0.04,Bregma −0.04,GraphST,8,14,0.0018999265600000001,0.44352516520000002,0.91391941389999998
Bregma −0.04,Bregma −0.04,GraphST,8,15,0.0099420744490000008,0.2789434294,0.87896965419999995
Bregma −0.04,Bregma −0.04,GraphST,8,16,0.016532545749999999,0.25633619870000002,0.89611790079999998
Bregma −0.04,Bregma −0.04,GraphST,8,18,0.0030447115840000001,0.63543075640000002,0.91391941389999998
Bregma −0.04,Bregma −0.04,GraphST,8,20,0.018119868880000001,0.50274780649999995,0.8967997123
Bregma −0.04,Bregma −0.04,GraphST,9,11,0.0098757226180000001,0.43183954079999998,0.92325473879999997
Bregma −0.04,Bregma −0.04,GraphST,9,12,0.01738634386,0.49480914440000001,0.90493468799999999
Bregma −0.04,Bregma −0.04,GraphST,9,13,0.019797624390000001,0.47669899780000002,0.86932215229999998
Bregma −0.04,Bregma −0.04,GraphST,9,14,0.0015799871230000001,0.44163029570000001,0.85185185190000001
Bregma −0.04,Bregma −0.04,GraphST,9,15,0.0064621607660000002,0.26695954249999998,0.90493468799999999
Bregma −0.04,Bregma −0.04,GraphST,9,18,0.0065246252670000003,0.62964702849999998,0.88696039159999995
Bregma −0.04,Bregma −0.04,GraphST,9,20,0.01463995519,0.4787692053,0.88679245279999996
Bregma −0.04,Bregma −0.04,GraphST,10,13,0.0011959131030000001,0.34243434020000002,0.85185185190000001
Bregma −0.04,Bregma −0.04,GraphST,10,15,0.01453137673,0.2750405501,0.87797566569999996
Bregma −0.04,Bregma −0.04,GraphST,10,20,0.0063535822979999997,0.39655511290000001,0.84335711859999996
Bregma −0.04,Bregma −0.04,GraphST,11,12,0.0075106212420000002,0.50900968049999995,0.91391941389999998
Bregma −0.04,Bregma −0.04,GraphST,11,14,0.0082957354949999996,0.39043181529999998,0.90493468799999999
Bregma −0.04,Bregma −0.04,GraphST,11,15,0.016337883380000001,0.3003691866,0.91391941389999998
Bregma −0.04,Bregma −0.04,GraphST,11,16,0.01013673681,0.30078742339999998,0.78585665309999997
Bregma −0.04,Bregma −0.04,GraphST,11,18,0.0033510973509999998,0.45844336159999999,0.90493468799999999
Bregma −0.04,Bregma −0.04,GraphST,11,19,0.018635651039999999,0.31069836839999998,0.84523809520000004
Bregma −0.04,Bregma −0.04,GraphST,12,14,0.015806356739999999,0.45702356150000001,0.9230769231
Bregma −0.04,Bregma −0.04,GraphST,12,16,0.0026261155679999999,0.2958724392,0.82682682679999997
Bregma −0.04,Bregma −0.04,GraphST,12,18,0.01086171859,0.53677568409999998,0.90493468799999999
Bregma −0.04,Bregma −0.04,GraphST,12,19,0.011125029789999999,0.34115147169999999,0.86932215229999998
Bregma −0.04,Bregma −0.04,GraphST,13,15,0.01333546362,0.25322600830000003,0.85201063190000004
Bregma −0.04,Bregma −0.04,GraphST,13,20,0.0051576691960000002,0.44152473060000003,0.89577717879999996
Bregma −0.04,Bregma −0.04,GraphST,14,15,0.0080421478889999998,0.29002539859999998,0.8799646955
Bregma −0.04,Bregma −0.04,GraphST,14,16,0.01843247231,0.24857754100000001,0.87896965419999995
Bregma −0.04,Bregma −0.04,GraphST,14,18,0.0049446381439999998,0.49434140189999998,0.90476190479999996
Bregma −0.04,Bregma −0.04,GraphST,14,20,0.01621994232,0.48089153480000002,0.89577717879999996
Bregma −0.04,Bregma −0.04,GraphST,15,18,0.012986786029999999,0.29100676990000002,0.88679245279999996
Bregma −0.04,Bregma −0.04,GraphST,15,20,0.0081777944290000008,0.30660388599999999,0.86981214500000004
Bregma −0.04,Bregma −0.04,GraphST,16,18,0.01348783416,0.26478456360000002,0.90493468799999999
Bregma −0.04,Bregma −0.04,GraphST,16,19,0.0084989142259999997,0.45875611440000003,0.91427001279999998
Bregma −0.04,Bregma −0.04,STAGATE,1,3,0.0047294145390000004,0.55660117200000003,0.85201063190000004
Bregma −0.04,Bregma −0.04,STAGATE,1,5,0.01038494113,0.61006528280000005,0.89611790079999998
Bregma −0.04,Bregma −0.04,STAGATE,1,9,0.0096926423010000005,0.70445430809999998,0.95126594330000003
Bregma −0.04,Bregma −0.04,STAGATE,1,20,0.0030694460389999998,0.67896136460000001,0.87797566569999996
Bregma −0.04,Bregma −0.04,STAGATE,2,19,0.0082338703630000006,0.40442064350000001,0.90493468799999999
Bregma −0.04,Bregma −0.04,STAGATE,3,5,0.0056555265949999999,0.56413760550000003,0.88696039159999995
Bregma −0.04,Bregma −0.04,STAGATE,3,9,0.014422056839999999,0.57927606460000003,0.86050536519999998
Bregma −0.04,Bregma −0.04,STAGATE,3,20,0.0077988605770000002,0.54421710570000004,0.82652210179999996
Bregma −0.04,Bregma −0.04,STAGATE,4,8,0.0072031722799999996,0.56268999500000005,0.86981214500000004
Bregma −0.04,Bregma −0.04,STAGATE,4,16,0.0069640014449999996,0.53853011750000002,0.87896965419999995
Bregma −0.04,Bregma −0.04,STAGATE,4,17,0.0095153948679999999,0.50658425750000002,0.84649421380000001
Bregma −0.04,Bregma −0.04,STAGATE,4,18,0.01350411847,0.77610542579999997,0.94174757279999999
Bregma −0.04,Bregma −0.04,STAGATE,5,20,0.01345438717,0.66073922139999997,0.88696039159999995
Bregma −0.04,Bregma −0.04,STAGATE,6,12,0.01895671875,0.74525021430000005,0.94174757279999999
Bregma −0.04,Bregma −0.04,STAGATE,6,13,0.01018567213,0.45312314799999998,0.86050536519999998
Bregma −0.04,Bregma −0.04,STAGATE,7,8,0.01718746291,0.40931912609999999,0.80999180999999998
Bregma −0.04,Bregma −0.04,STAGATE,7,16,0.01742663375,0.39899012350000002,0.77781289509999996
Bregma −0.04,Bregma −0.04,STAGATE,8,16,0.00023917083520000001,0.74252766550000004,0.94193061840000003
Bregma −0.04,Bregma −0.04,STAGATE,8,17,0.016718567149999999,0.64706394460000005,0.8967997123
Bregma −0.04,Bregma −0.04,STAGATE,9,20,0.0066231962620000003,0.64362471349999995,0.88679245279999996
Bregma −0.04,Bregma −0.04,STAGATE,10,12,0.0015587193659999999,0.68980503569999996,0.9230769231
Bregma −0.04,Bregma −0.04,STAGATE,10,13,0.01032976599,0.46256384290000002,0.87797566569999996
Bregma −0.04,Bregma −0.04,STAGATE,10,19,0.01448832437,0.3963577257,0.91391941389999998
Bregma −0.04,Bregma −0.04,STAGATE,12,13,0.0087710466250000008,0.47149387079999999,0.86932215229999998
Bregma −0.04,Bregma −0.04,STAGATE,12,19,0.016047043729999998,0.41421177139999998,0.90493468799999999
Bregma −0.04,Bregma −0.04,STAGATE,16,17,0.016479396310000002,0.66921509300000004,0.88679245279999996
Bregma −0.04,Bregma −0.04,STAGATE,17,18,0.0039887236050000002,0.49120067849999999,0.82058920889999998
Bregma −0.04,Bregma −0.04,SpaGCN,2,3,0.01242262387,0.3616630535,0.92325473879999997
Bregma −0.04,Bregma −0.04,SpaGCN,2,5,0.01250242224,0.29435914520000001,0.86981214500000004
Bregma −0.04,Bregma −0.04,SpaGCN,2,6,0.003034736358,0.299610502,0.90545322569999998
Bregma −0.04,Bregma −0.04,SpaGCN,2,16,0.01166916455,0.40130881099999999,0.92325473879999997
Bregma −0.04,Bregma −0.04,SpaGCN,2,17,0.01193111921,0.31814209980000002,0.88696039159999995
Bregma −0.04,Bregma −0.04,SpaGCN,2,18,0.0049198913580000003,0.39252238839999998,0.92325473879999997
Bregma −0.04,Bregma −0.04,SpaGCN,2,19,0.0037408551419999998,0.37369066849999999,0.90493468799999999
Bregma −0.04,Bregma −0.04,SpaGCN,3,5,7.9798374469999996e-05,0.33531899279999999,0.86981214500000004
Bregma −0.04,Bregma −0.04,SpaGCN,3,6,0.0093878875089999994,0.28510349159999998,0.90493468799999999
Bregma −0.04,Bregma −0.04,SpaGCN,3,14,0.0077560107900000001,0.31945198089999999,0.86932215229999998
Bregma −0.04,Bregma −0.04,SpaGCN,3,16,0.00075345931670000004,0.40293235640000002,0.93241224789999999
Bregma −0.04,Bregma −0.04,SpaGCN,3,18,0.0075027325089999999,0.41715005729999999,0.95126594330000003
Bregma −0.04,Bregma −0.04,SpaGCN,3,19,0.008681768724,0.4953917182,0.94174757279999999
Bregma −0.04,Bregma −0.04,SpaGCN,4,8,0.013523553230000001,0.4742855352,0.91391941389999998
Bregma −0.04,Bregma −0.04,SpaGCN,4,9,0.015338416489999999,0.39467414070000001,0.83873144399999999
Bregma −0.04,Bregma −0.04,SpaGCN,4,10,0.0055727941480000001,0.28152338129999999,0.78699641009999999
Bregma −0.04,Bregma −0.04,SpaGCN,4,11,0.0078588717869999998,0.35901214669999998,0.87797566569999996
Bregma −0.04,Bregma −0.04,SpaGCN,4,12,0.01253065756,0.37949508859999997,0.87830687829999998
Bregma −0.04,Bregma −0.04,SpaGCN,4,13,0.0018010670039999999,0.4454599205,0.90545322569999998
Bregma −0.04,Bregma −0.04,SpaGCN,4,15,0.012234846069999999,0.37231887159999999,0.81444991789999999
Bregma −0.04,Bregma −0.04,SpaGCN,4,17,0.01238000031,0.39515950500000002,0.90545322569999998
Bregma −0.04,Bregma −0.04,SpaGCN,5,6,0.0094676858829999995,0.35561002819999998,0.82835197859999998
Bregma −0.04,Bregma −0.04,SpaGCN,5,14,0.007676212416,0.33749556850000001,0.87062937060000001
Bregma −0.04,Bregma −0.04,SpaGCN,5,16,0.00083325769110000004,0.31037697759999999,0.86932215229999998
Bregma −0.04,Bregma −0.04,SpaGCN,5,18,0.007582530883,0.28704784500000002,0.86981214500000004
Bregma −0.04,Bregma −0.04,SpaGCN,5,19,0.0087615670990000005,0.32741973810000002,0.86147186149999999
Bregma −0.04,Bregma −0.04,SpaGCN,6,14,0.017143898300000002,0.32120573800000002,0.92378838330000002
Bregma −0.04,Bregma −0.04,SpaGCN,6,16,0.0086344281920000005,0.3026678867,0.90493468799999999
Bregma −0.04,Bregma −0.04,SpaGCN,6,17,0.01496585557,0.35926783740000001,0.92325473879999997
Bregma −0.04,Bregma −0.04,SpaGCN,6,18,0.0018851549999999999,0.2616420552,0.90493468799999999
Bregma −0.04,Bregma −0.04,SpaGCN,6,19,0.00070611878429999999,0.2918262714,0.93241224789999999
Bregma −0.04,Bregma −0.04,SpaGCN,7,8,0.014657491809999999,0.38200917340000001,0.87797566569999996
Bregma −0.04,Bregma −0.04,SpaGCN,7,9,0.01284262855,0.35391676239999997,0.88746438750000001
Bregma −0.04,Bregma −0.04,SpaGCN,7,12,0.01565038748,0.34705440910000002,0.85328185329999995
Bregma −0.04,Bregma −0.04,SpaGCN,7,15,0.015946198969999999,0.35077140449999999,0.87062937060000001
Bregma −0.04,Bregma −0.04,SpaGCN,7,20,0.0001220993843,0.4190177953,0.86243936239999996
Bregma −0.04,Bregma −0.04,SpaGCN,8,9,0.001814863252,0.3945112818,0.87062937060000001
Bregma −0.04,Bregma −0.04,SpaGCN,8,10,0.0079507590860000005,0.29260541200000001,0.81177242169999997
Bregma −0.04,Bregma −0.04,SpaGCN,8,11,0.0056646814469999999,0.40671356310000001,0.91391941389999998
Bregma −0.04,Bregma −0.04,SpaGCN,8,12,0.00099289567589999996,0.35905069140000001,0.86981214500000004
Bregma −0.04,Bregma −0.04,SpaGCN,8,13,0.011722486230000001,0.5655775555,0.93277310920000001
Bregma −0.04,Bregma −0.04,SpaGCN,8,15,0.001288707168,0.35485039819999997,0.82957393479999997
Bregma −0.04,Bregma −0.04,SpaGCN,8,20,0.014535392419999999,0.4204794624,0.89611790079999998
Bregma −0.04,Bregma −0.04,SpaGCN,9,10,0.0097656223379999994,0.26119690969999998,0.79404666130000001
Bregma −0.04,Bregma −0.04,SpaGCN,9,11,0.0074795446989999997,0.31916933190000002,0.85439560439999995
Bregma −0.04,Bregma −0.04,SpaGCN,9,12,0.0028077589279999998,0.3548680219,0.79983857950000004
Bregma −0.04,Bregma −0.04,SpaGCN,9,13,0.01353734948,0.40332282429999999,0.87177468729999996
Bregma −0.04,Bregma −0.04,SpaGCN,9,15,0.00310357042,0.45700451289999999,0.93241224789999999
Bregma −0.04,Bregma −0.04,SpaGCN,9,20,0.01272052917,0.41577798129999999,0.82557464110000001
Bregma −0.04,Bregma −0.04,SpaGCN,10,11,0.0022860776390000001,0.28749421110000001,0.81296144380000002
Bregma −0.04,Bregma −0.04,SpaGCN,10,12,0.00695786341,0.26144744469999998,0.80180180180000005
Bregma −0.04,Bregma −0.04,SpaGCN,10,13,0.0037717271440000002,0.33928523469999999,0.82194616980000001
Bregma −0.04,Bregma −0.04,SpaGCN,10,15,0.0066620519180000002,0.29614988869999997,0.78585665309999997
Bregma −0.04,Bregma −0.04,SpaGCN,10,17,0.017952794460000001,0.27999878540000001,0.82194616980000001
Bregma −0.04,Bregma −0.04,SpaGCN,11,12,0.0046717857710000003,0.37396184360000001,0.86981214500000004
Bregma −0.04,Bregma −0.04,SpaGCN,11,13,0.0060578047829999999,0.40165629310000001,0.89577717879999996
Bregma −0.04,Bregma −0.04,SpaGCN,11,15,0.0043759742789999997,0.31829558070000002,0.83733670459999998
Bregma −0.04,Bregma −0.04,SpaGCN,12,13,0.010729590549999999,0.38294724720000001,0.87830687829999998
Bregma −0.04,Bregma −0.04,SpaGCN,12,15,0.00029581149199999998,0.37874088020000002,0.78373236089999998
Bregma −0.04,Bregma −0.04,SpaGCN,12,20,0.015528288100000001,0.48355155379999998,0.91391941389999998
Bregma −0.04,Bregma −0.04,SpaGCN,13,15,0.01043377906,0.34605963969999998,0.84649421380000001
Bregma −0.04,Bregma −0.04,SpaGCN,13,17,0.014181067320000001,0.42394186389999999,0.91391941389999998
Bregma −0.04,Bregma −0.04,SpaGCN,14,16,0.0085094701070000008,0.34506251570000002,0.87797566569999996
Bregma −0.04,Bregma −0.04,SpaGCN,14,18,0.0152587433,0.32991400770000001,0.88696039159999995
Bregma −0.04,Bregma −0.04,SpaGCN,14,19,0.01643777951,0.32882334000000002,0.90493468799999999
Bregma −0.04,Bregma −0.04,SpaGCN,15,20,0.015824099590000001,0.33263327059999998,0.79983857950000004
Bregma −0.04,Bregma −0.04,SpaGCN,16,18,0.0067492731920000002,0.4323836298,0.94193061840000003
Bregma −0.04,Bregma −0.04,SpaGCN,16,19,0.0079283094079999998,0.4056578736,0.94174757279999999
Bregma −0.04,Bregma −0.04,SpaGCN,17,18,0.016851010570000002,0.32771924320000001,0.91427001279999998
Bregma −0.04,Bregma −0.04,SpaGCN,17,19,0.015671974349999999,0.34095994400000001,0.91427001279999998
Bregma −0.04,Bregma −0.04,SpaGCN,18,19,0.0011790362150000001,0.43171532109999999,0.94174757279999999
Bregma −0.04,Bregma −0.04,BANKSY,1,2,0.001930278727,0.51754379559999997,0.97049116680000003
Bregma −0.04,Bregma −0.04,BANKSY,1,3,0.0011159236380000001,0.51030632760000005,0.97049116680000003
Bregma −0.04,Bregma −0.04,BANKSY,1,4,0.000322762958,0.99891091949999999,1
Bregma −0.04,Bregma −0.04,BANKSY,1,5,0.0012589095409999999,0.51509450710000004,0.97049116680000003
Bregma −0.04,Bregma −0.04,BANKSY,1,6,0.00047148619479999999,0.9984026735,1
Bregma −0.04,Bregma −0.04,BANKSY,1,7,0.01029632602,0.56750068789999997,0.98019801979999999
Bregma −0.04,Bregma −0.04,BANKSY,1,8,0.000322762958,0.99891091949999999,1
Bregma −0.04,Bregma −0.04,BANKSY,1,9,0.000322762958,0.99891091949999999,1
Bregma −0.04,Bregma −0.04,BANKSY,1,10,0.00047148619479999999,0.9984026735,1
Bregma −0.04,Bregma −0.04,BANKSY,1,11,0.000322762958,0.99891091949999999,1
Bregma −0.04,Bregma −0.04,BANKSY,1,12,0,1,1
Bregma −0.04,Bregma −0.04,BANKSY,1,15,0.000322762958,0.99891091949999999,1
Bregma −0.04,Bregma −0.04,BANKSY,1,16,0,1,1
Bregma −0.04,Bregma −0.04,BANKSY,1,18,0.00076128667980000005,0.51123008240000001,0.97049116680000003
Bregma −0.04,Bregma −0.04,BANKSY,1,20,0.0020126291080000002,0.51588757439999999,0.97049116680000003
Bregma −0.04,Bregma −0.04,BANKSY,2,3,0.0030462023639999999,0.96073921390000006,1
Bregma −0.04,Bregma −0.04,BANKSY,2,4,0.0016075157680000001,0.51747327590000003,0.97049116680000003
Bregma −0.04,Bregma −0.04,BANKSY,2,5,0.0006713691851,0.98983389430000002,1
Bregma −0.04,Bregma −0.04,BANKSY,2,6,0.001458792532,0.51711437459999998,0.97049116680000003
Bregma −0.04,Bregma −0.04,BANKSY,2,7,0.0083660472899999994,0.68638668810000003,0.97049116680000003
Bregma −0.04,Bregma −0.04,BANKSY,2,8,0.0016075157680000001,0.51693231250000005,0.97049116680000003
Bregma −0.04,Bregma −0.04,BANKSY,2,9,0.0016075157680000001,0.51693231250000005,0.97049116680000003
Bregma −0.04,Bregma −0.04,BANKSY,2,10,0.001458792532,0.51711437459999998,0.97049116680000003
Bregma −0.04,Bregma −0.04,BANKSY,2,11,0.0016075157680000001,0.51747327590000003,0.97049116680000003
Bregma −0.04,Bregma −0.04,BANKSY,2,12,0.001930278727,0.51754379559999997,0.97049116680000003
Bregma −0.04,Bregma −0.04,BANKSY,2,15,0.0016075157680000001,0.51747327590000003,0.97049116680000003
Bregma −0.04,Bregma −0.04,BANKSY,2,16,0.001930278727,0.51754379559999997,0.97049116680000003
Bregma −0.04,Bregma −0.04,BANKSY,2,18,0.001168992047,0.97594373919999999,1
Bregma −0.04,Bregma −0.04,BANKSY,2,20,8.2350381210000005e-05,0.99177147539999999,1
Bregma −0.04,Bregma −0.04,BANKSY,3,4,0.001438686596,0.51023532640000002,0.97049116680000003
Bregma −0.04,Bregma −0.04,BANKSY,3,5,0.002374833179,0.96950529360000004,1
Bregma −0.04,Bregma −0.04,BANKSY,3,6,0.0015874098330000001,0.50989060509999995,0.97049116680000003
Bregma −0.04,Bregma −0.04,BANKSY,3,7,0.011412249649999999,0.68617146480000002,0.97049116680000003
Bregma −0.04,Bregma −0.04,BANKSY,3,8,0.001438686596,0.50972547020000003,0.97049116680000003
Bregma −0.04,Bregma −0.04,BANKSY,3,9,0.001438686596,0.50972547020000003,0.97049116680000003
Bregma −0.04,Bregma −0.04,BANKSY,3,10,0.0015874098330000001,0.50989060509999995,0.97049116680000003
Bregma −0.04,Bregma −0.04,BANKSY,3,11,0.001438686596,0.51023532640000002,0.97049116680000003
Bregma −0.04,Bregma −0.04,BANKSY,3,12,0.0011159236380000001,0.51030632760000005,0.97049116680000003
Bregma −0.04,Bregma −0.04,BANKSY,3,15,0.001438686596,0.51023532640000002,0.97049116680000003
Bregma −0.04,Bregma −0.04,BANKSY,3,16,0.0011159236380000001,0.51030632760000005,0.97049116680000003
Bregma −0.04,Bregma −0.04,BANKSY,3,18,0.0018772103180000001,0.98286321200000004,1
Bregma −0.04,Bregma −0.04,BANKSY,3,20,0.0031285527460000002,0.9687743231,1
Bregma −0.04,Bregma −0.04,BANKSY,4,5,0.00093614658339999997,0.51502371010000003,0.97049116680000003
Bregma −0.04,Bregma −0.04,BANKSY,4,6,0.00014872323670000001,0.99949123959999997,1
Bregma −0.04,Bregma −0.04,BANKSY,4,7,0.0099735630590000006,0.5674302014,0.98019801979999999
Bregma −0.04,Bregma −0.04,BANKSY,4,8,0,0.99898265529999997,1
Bregma −0.04,Bregma −0.04,BANKSY,4,9,0,0.99898265529999997,1
Bregma −0.04,Bregma −0.04,BANKSY,4,10,0.00014872323670000001,0.99949123959999997,1
Bregma −0.04,Bregma −0.04,BANKSY,4,11,0,1,1
Bregma −0.04,Bregma −0.04,BANKSY,4,12,0.000322762958,0.99891091949999999,1
Bregma −0.04,Bregma −0.04,BANKSY,4,15,0,1,1
Bregma −0.04,Bregma −0.04,BANKSY,4,16,0.000322762958,0.99891091949999999,1
Bregma −0.04,Bregma −0.04,BANKSY,4,18,0.00043852372179999999,0.51115905979999998,0.97049116680000003
Bregma −0.04,Bregma −0.04,BANKSY,4,20,0.00168986615,0.51581711610000003,0.97049116680000003
Bregma −0.04,Bregma −0.04,BANKSY,5,6,0.00078742334659999999,0.51466944380000001,0.97049116680000003
Bregma −0.04,Bregma −0.04,BANKSY,5,7,0.0090374164750000006,0.68574152479999995,0.97049116680000003
Bregma −0.04,Bregma −0.04,BANKSY,5,8,0.00093614658339999997,0.51449132279999998,0.97049116680000003
Bregma −0.04,Bregma −0.04,BANKSY,5,9,0.00093614658339999997,0.51449132279999998,0.97049116680000003
Bregma −0.04,Bregma −0.04,BANKSY,5,10,0.00078742334659999999,0.51466944380000001,0.97049116680000003
Bregma −0.04,Bregma −0.04,BANKSY,5,11,0.00093614658339999997,0.51502371010000003,0.97049116680000003
Bregma −0.04,Bregma −0.04,BANKSY,5,12,0.0012589095409999999,0.51509450710000004,0.97049116680000003
Bregma −0.04,Bregma −0.04,BANKSY,5,15,0.00093614658339999997,0.51502371010000003,0.97049116680000003
Bregma −0.04,Bregma −0.04,BANKSY,5,16,0.0012589095409999999,0.51509450710000004,0.97049116680000003
Bregma −0.04,Bregma −0.04,BANKSY,5,18,0.00049762286159999998,0.98600291929999995,1
Bregma −0.04,Bregma −0.04,BANKSY,5,20,0.00075371956629999997,0.99683488730000003,1
Bregma −0.04,Bregma −0.04,BANKSY,6,7,0.0098248398219999995,0.56772015799999997,0.98019801979999999
Bregma −0.04,Bregma −0.04,BANKSY,6,8,0.00014872323670000001,0.99949123959999997,1
Bregma −0.04,Bregma −0.04,BANKSY,6,9,0.00014872323670000001,0.99949123959999997,1
Bregma −0.04,Bregma −0.04,BANKSY,6,10,0,1,1
Bregma −0.04,Bregma −0.04,BANKSY,6,11,0.00014872323670000001,0.99949123959999997,1
Bregma −0.04,Bregma −0.04,BANKSY,6,12,0.00047148619479999999,0.9984026735,1
Bregma −0.04,Bregma −0.04,BANKSY,6,15,0.00014872323670000001,0.99949123959999997,1
Bregma −0.04,Bregma −0.04,BANKSY,6,16,0.00047148619479999999,0.9984026735,1
Bregma −0.04,Bregma −0.04,BANKSY,6,18,0.00028980048509999999,0.51081233879999999,0.97049116680000003
Bregma −0.04,Bregma −0.04,BANKSY,6,20,0.0015411429129999999,0.51546152280000002,0.97049116680000003
Bregma −0.04,Bregma −0.04,BANKSY,7,8,0.0099735630590000006,0.5674302014,0.98019801979999999
Bregma −0.04,Bregma −0.04,BANKSY,7,9,0.0099735630590000006,0.5674302014,0.98019801979999999
Bregma −0.04,Bregma −0.04,BANKSY,7,10,0.0098248398219999995,0.56772015799999997,0.98019801979999999
Bregma −0.04,Bregma −0.04,BANKSY,7,11,0.0099735630590000006,0.5674302014,0.98019801979999999
Bregma −0.04,Bregma −0.04,BANKSY,7,12,0.01029632602,0.56750068789999997,0.98019801979999999
Bregma −0.04,Bregma −0.04,BANKSY,7,15,0.0099735630590000006,0.5674302014,0.98019801979999999
Bregma −0.04,Bregma −0.04,BANKSY,7,16,0.01029632602,0.56750068789999997,0.98019801979999999
Bregma −0.04,Bregma −0.04,BANKSY,7,18,0.0095350393369999994,0.68159539960000004,0.95163747139999999
Bregma −0.04,Bregma −0.04,BANKSY,7,20,0.0082836969090000004,0.68582137949999999,0.97049116680000003
Bregma −0.04,Bregma −0.04,BANKSY,8,9,0,1,1
Bregma −0.04,Bregma −0.04,BANKSY,8,10,0.00014872323670000001,0.99949123959999997,1
Bregma −0.04,Bregma −0.04,BANKSY,8,11,0,0.99898265529999997,1
Bregma −0.04,Bregma −0.04,BANKSY,8,12,0.000322762958,0.99891091949999999,1
Bregma −0.04,Bregma −0.04,BANKSY,8,15,0,0.99898265529999997,1
Bregma −0.04,Bregma −0.04,BANKSY,8,16,0.000322762958,0.99891091949999999,1
Bregma −0.04,Bregma −0.04,BANKSY,8,18,0.00043852372179999999,0.51063968719999997,0.97049116680000003
Bregma −0.04,Bregma −0.04,BANKSY,8,20,0.00168986615,0.51528315810000003,0.97049116680000003
Bregma −0.04,Bregma −0.04,BANKSY,9,10,0.00014872323670000001,0.99949123959999997,1
Bregma −0.04,Bregma −0.04,BANKSY,9,11,0,0.99898265529999997,1
Bregma −0.04,Bregma −0.04,BANKSY,9,12,0.000322762958,0.99891091949999999,1
Bregma −0.04,Bregma −0.04,BANKSY,9,15,0,0.99898265529999997,1
Bregma −0.04,Bregma −0.04,BANKSY,9,16,0.000322762958,0.99891091949999999,1
Bregma −0.04,Bregma −0.04,BANKSY,9,18,0.00043852372179999999,0.51063968719999997,0.97049116680000003
Bregma −0.04,Bregma −0.04,BANKSY,9,20,0.00168986615,0.51528315810000003,0.97049116680000003
Bregma −0.04,Bregma −0.04,BANKSY,10,11,0.00014872323670000001,0.99949123959999997,1
Bregma −0.04,Bregma −0.04,BANKSY,10,12,0.00047148619479999999,0.9984026735,1
Bregma −0.04,Bregma −0.04,BANKSY,10,15,0.00014872323670000001,0.99949123959999997,1
Bregma −0.04,Bregma −0.04,BANKSY,10,16,0.00047148619479999999,0.9984026735,1
Bregma −0.04,Bregma −0.04,BANKSY,10,18,0.00028980048509999999,0.51081233879999999,0.97049116680000003
Bregma −0.04,Bregma −0.04,BANKSY,10,20,0.0015411429129999999,0.51546152280000002,0.97049116680000003
Bregma −0.04,Bregma −0.04,BANKSY,11,12,0.000322762958,0.99891091949999999,1
Bregma −0.04,Bregma −0.04,BANKSY,11,15,0,1,1
Bregma −0.04,Bregma −0.04,BANKSY,11,16,0.000322762958,0.99891091949999999,1
Bregma −0.04,Bregma −0.04,BANKSY,11,18,0.00043852372179999999,0.51115905979999998,0.97049116680000003
Bregma −0.04,Bregma −0.04,BANKSY,11,20,0.00168986615,0.51581711610000003,0.97049116680000003
Bregma −0.04,Bregma −0.04,BANKSY,12,15,0.000322762958,0.99891091949999999,1
Bregma −0.04,Bregma −0.04,BANKSY,12,16,0,1,1
Bregma −0.04,Bregma −0.04,BANKSY,12,18,0.00076128667980000005,0.51123008240000001,0.97049116680000003
Bregma −0.04,Bregma −0.04,BANKSY,12,20,0.0020126291080000002,0.51588757439999999,0.97049116680000003
Bregma −0.04,Bregma −0.04,BANKSY,14,17,0.0030421213679999999,0.98369986350000005,1
Bregma −0.04,Bregma −0.04,BANKSY,14,19,0.004224361827,0.97571805570000003,1
Bregma −0.04,Bregma −0.04,BANKSY,15,16,0.000322762958,0.99891091949999999,1
Bregma −0.04,Bregma −0.04,BANKSY,15,18,0.00043852372179999999,0.51115905979999998,0.97049116680000003
Bregma −0.04,Bregma −0.04,BANKSY,15,20,0.00168986615,0.51581711610000003,0.97049116680000003
Bregma −0.04,Bregma −0.04,BANKSY,16,18,0.00076128667980000005,0.51123008240000001,0.97049116680000003
Bregma −0.04,Bregma −0.04,BANKSY,16,20,0.0020126291080000002,0.51588757439999999,0.97049116680000003
Bregma −0.04,Bregma −0.04,BANKSY,17,19,0.0011822404600000001,0.99193735810000006,1
Bregma −0.04,Bregma −0.04,BANKSY,18,20,0.0012513424279999999,0.98286891830000001,1
Bregma −0.04,Bregma −0.04,SEDR,1,2,0.011706319519999999,0.775795821,0.8799646955
Bregma −0.04,Bregma −0.04,SEDR,1,4,0.0083555095130000007,0.63630722210000001,0.80999180999999998
Bregma −0.04,Bregma −0.04,SEDR,1,7,0.0043673979530000004,0.67463086620000001,0.90476190479999996
Bregma −0.04,Bregma −0.04,SEDR,1,8,0.018402366310000001,0.6567914668,0.8799646955
Bregma −0.04,Bregma −0.04,SEDR,1,10,0.011694509000000001,0.38548670759999998,0.84335711859999996
Bregma −0.04,Bregma −0.04,SEDR,1,12,0.012415740539999999,0.71211111329999999,0.94174757279999999
Bregma −0.04,Bregma −0.04,SEDR,1,13,0.0032145591090000001,0.78032546889999999,0.89782334949999998
Bregma −0.04,Bregma −0.04,SEDR,1,15,0.0074740634760000002,0.64757441199999999,0.81818181820000002
Bregma −0.04,Bregma −0.04,SEDR,1,17,0.017079898919999999,0.53104167759999998,0.87896965419999995
Bregma −0.04,Bregma −0.04,SEDR,1,18,0.01215412273,0.74687087549999998,0.88948306600000004
Bregma −0.04,Bregma −0.04,SEDR,1,19,0.01338354688,0.56848246729999996,0.92378838330000002
Bregma −0.04,Bregma −0.04,SEDR,2,7,0.0073389215669999999,0.66399880259999999,0.93241224789999999
Bregma −0.04,Bregma −0.04,SEDR,2,8,0.0066960467940000001,0.71666708300000004,0.96078431369999995
Bregma −0.04,Bregma −0.04,SEDR,2,9,0.019029395300000002,0.4159836052,0.91427001279999998
Bregma −0.04,Bregma −0.04,SEDR,2,10,1.18105243e-05,0.41103323260000002,0.95126594330000003
Bregma −0.04,Bregma −0.04,SEDR,2,11,0.0148195233,0.46505640609999999,0.8799646955
Bregma −0.04,Bregma −0.04,SEDR,2,12,0.00070942102110000001,0.67098005599999999,0.91391941389999998
Bregma −0.04,Bregma −0.04,SEDR,2,13,0.01492087863,0.80733672300000003,0.97049116680000003
Bregma −0.04,Bregma −0.04,SEDR,2,15,0.019180382999999999,0.69289704210000003,0.95126594330000003
Bregma −0.04,Bregma −0.04,SEDR,2,16,0.0091782581380000002,0.54378213990000002,0.92325473879999997
Bregma −0.04,Bregma −0.04,SEDR,2,17,0.005373579402,0.54162817379999995,0.91427001279999998
Bregma −0.04,Bregma −0.04,SEDR,2,18,0.00044780321510000002,0.80355023950000004,0.96078431369999995
Bregma −0.04,Bregma −0.04,SEDR,2,19,0.001677227362,0.5751577873,0.96078431369999995
Bregma −0.04,Bregma −0.04,SEDR,3,4,0.017677330969999999,0.52701230170000002,0.86932215229999998
Bregma −0.04,Bregma −0.04,SEDR,3,15,0.018558777009999999,0.53942981509999999,0.86981214500000004
Bregma −0.04,Bregma −0.04,SEDR,4,7,0.012722907469999999,0.61470880459999999,0.93241224789999999
Bregma −0.04,Bregma −0.04,SEDR,4,13,0.0051409504049999997,0.69354464569999996,0.9230769231
Bregma −0.04,Bregma −0.04,SEDR,4,15,0.00088144603770000005,0.79016801619999999,0.96078431369999995
Bregma −0.04,Bregma −0.04,SEDR,5,6,0.0047623743790000004,0.5059870286,0.91427001279999998
Bregma −0.04,Bregma −0.04,SEDR,5,8,0.015180410409999999,0.51409294009999995,0.88830497909999995
Bregma −0.04,Bregma −0.04,SEDR,5,9,0.002847061894,0.45067014049999998,0.81818181820000002
Bregma −0.04,Bregma −0.04,SEDR,5,11,0.0070569339000000003,0.653426442,0.95126594330000003
Bregma −0.04,Bregma −0.04,SEDR,5,14,0.012789982199999999,0.48779945530000002,0.84367034829999998
Bregma −0.04,Bregma −0.04,SEDR,5,16,0.01269819906,0.66277060290000001,0.91391941389999998
Bregma −0.04,Bregma −0.04,SEDR,5,17,0.016502877799999999,0.67521237599999995,0.90493468799999999
Bregma −0.04,Bregma −0.04,SEDR,5,20,0.0015988919079999999,0.68989159119999999,0.94193061840000003
Bregma −0.04,Bregma −0.04,SEDR,6,8,0.01994278478,0.4702567949,0.86534790910000003
Bregma −0.04,Bregma −0.04,SEDR,6,9,0.007609436273,0.4942611871,0.88948306600000004
Bregma −0.04,Bregma −0.04,SEDR,6,11,0.011819308279999999,0.53014303409999997,0.95126594330000003
Bregma −0.04,Bregma −0.04,SEDR,6,14,0.0080276078220000002,0.48646922889999999,0.97049116680000003
Bregma −0.04,Bregma −0.04,SEDR,6,16,0.017460573439999998,0.50267574650000002,0.92325473879999997
Bregma −0.04,Bregma −0.04,SEDR,6,20,0.0031634824709999999,0.52610008919999995,0.88746438750000001
Bregma −0.04,Bregma −0.04,SEDR,7,8,0.01403496836,0.60645822790000004,0.93241224789999999
Bregma −0.04,Bregma −0.04,SEDR,7,10,0.0073271110430000001,0.40440935160000002,0.8967997123
Bregma −0.04,Bregma −0.04,SEDR,7,12,0.0080483425879999994,0.6070420862,0.84523809520000004
Bregma −0.04,Bregma −0.04,SEDR,7,13,0.007581957062,0.68526742259999995,0.94193061840000003
Bregma −0.04,Bregma −0.04,SEDR,7,15,0.01184146143,0.62051327249999999,0.8799646955
Bregma −0.04,Bregma −0.04,SEDR,7,16,0.01651717971,0.47719032960000002,0.92325473879999997
Bregma −0.04,Bregma −0.04,SEDR,7,17,0.01271250097,0.48849470220000002,0.93241224789999999
Bregma −0.04,Bregma −0.04,SEDR,7,18,0.0077867247820000004,0.65332647129999999,0.92325473879999997
Bregma −0.04,Bregma −0.04,SEDR,7,19,0.0090161489290000001,0.52794515819999999,0.93277310920000001
Bregma −0.04,Bregma −0.04,SEDR,8,9,0.01233334851,0.46272212639999999,0.93277310920000001
Bregma −0.04,Bregma −0.04,SEDR,8,10,0.0067078573179999998,0.43432409869999999,0.96078431369999995
Bregma −0.04,Bregma −0.04,SEDR,8,11,0.0081234765049999994,0.50551527330000001,0.8799646955
Bregma −0.04,Bregma −0.04,SEDR,8,12,0.0059866257729999997,0.56850340700000002,0.93241224789999999
Bregma −0.04,Bregma −0.04,SEDR,8,16,0.0024822113440000002,0.54665527680000003,0.93241224789999999
Bregma −0.04,Bregma −0.04,SEDR,8,17,0.0013224673920000001,0.55525027780000002,0.91391941389999998
Bregma −0.04,Bregma −0.04,SEDR,8,18,0.0062482435790000004,0.69468020070000003,0.97049116680000003
Bregma −0.04,Bregma −0.04,SEDR,8,19,0.0050188194319999999,0.54710701340000001,0.97049116680000003
Bregma −0.04,Bregma −0.04,SEDR,8,20,0.016779302310000001,0.53906965780000005,0.88746438750000001
Bregma −0.04,Bregma −0.04,SEDR,9,10,0.019041205830000001,0.50125123069999999,0.93241224789999999
Bregma −0.04,Bregma −0.04,SEDR,9,11,0.0042098720059999999,0.57724679629999998,0.82652210179999996
Bregma −0.04,Bregma −0.04,SEDR,9,12,0.018319974280000002,0.4146707396,0.77809388339999996
Bregma −0.04,Bregma −0.04,SEDR,9,14,0.015637044100000001,0.59788980839999994,0.86243936239999996
Bregma −0.04,Bregma −0.04,SEDR,9,16,0.009851137167,0.46641811430000002,0.88746438750000001
Bregma −0.04,Bregma −0.04,SEDR,9,17,0.0136558159,0.47592845680000001,0.8967997123
Bregma −0.04,Bregma −0.04,SEDR,9,18,0.018581592090000001,0.40952528519999998,0.90545322569999998
Bregma −0.04,Bregma −0.04,SEDR,9,19,0.01735216794,0.479875828,0.91427001279999998
Bregma −0.04,Bregma −0.04,SEDR,9,20,0.0044459538020000001,0.49141838739999999,0.84335711859999996
Bregma −0.04,Bregma −0.04,SEDR,10,11,0.014831333820000001,0.52178352790000004,0.88746438750000001
Bregma −0.04,Bregma −0.04,SEDR,10,12,0.00072123154540000003,0.41207736960000002,0.77809388339999996
Bregma −0.04,Bregma −0.04,SEDR,10,13,0.014909068100000001,0.42961052080000001,0.94193061840000003
Bregma −0.04,Bregma −0.04,SEDR,10,15,0.019168572469999999,0.51792663819999996,0.95126594330000003
Bregma −0.04,Bregma −0.04,SEDR,10,16,0.0091900686629999995,0.59271246200000005,0.8967997123
Bregma −0.04,Bregma −0.04,SEDR,10,17,0.0053853899259999997,0.60906650679999996,0.90545322569999998
Bregma −0.04,Bregma −0.04,SEDR,10,18,0.00045961373939999999,0.4136074347,0.95126594330000003
Bregma −0.04,Bregma −0.04,SEDR,10,19,0.0016890378869999999,0.54955015429999998,0.96078431369999995
Bregma −0.04,Bregma −0.04,SEDR,11,12,0.01411010228,0.4981352839,0.87062937060000001
Bregma −0.04,Bregma −0.04,SEDR,11,14,0.019846916100000001,0.47193491209999999,0.83501683500000001
Bregma −0.04,Bregma −0.04,SEDR,11,16,0.0056412651610000001,0.63582899960000006,0.91391941389999998
Bregma −0.04,Bregma −0.04,SEDR,11,17,0.0094459438970000004,0.64521867840000002,0.9230769231
Bregma −0.04,Bregma −0.04,SEDR,11,18,0.014371720080000001,0.45285537300000001,0.86243936239999996
Bregma −0.04,Bregma −0.04,SEDR,11,19,0.01314229594,0.62973561879999995,0.90545322569999998
Bregma −0.04,Bregma −0.04,SEDR,11,20,0.0086558258079999992,0.65777396450000003,0.9230769231
Bregma −0.04,Bregma −0.04,SEDR,12,13,0.015630299649999999,0.67956607749999998,0.9230769231
Bregma −0.04,Bregma −0.04,SEDR,12,15,0.019889804019999999,0.56761411080000002,0.81833209360000003
Bregma −0.04,Bregma −0.04,SEDR,12,16,0.0084688371169999999,0.6010900616,0.89782334949999998
Bregma −0.04,Bregma −0.04,SEDR,12,17,0.0046641583809999996,0.60466118040000005,0.87062937060000001
Bregma −0.04,Bregma −0.04,SEDR,12,18,0.00026161780610000002,0.67433159030000001,0.94193061840000003
Bregma −0.04,Bregma −0.04,SEDR,12,19,0.00096780634110000001,0.5541572857,0.86373092929999995
Bregma −0.04,Bregma −0.04,SEDR,13,15,0.0042595043669999997,0.69543614180000002,0.94174757279999999
Bregma −0.04,Bregma −0.04,SEDR,13,18,0.01536868184,0.79381084790000001,0.96078431369999995
Bregma −0.04,Bregma −0.04,SEDR,13,19,0.016598105990000001,0.60164918820000002,0.97049116680000003
Bregma −0.04,Bregma −0.04,SEDR,14,20,0.01119109029,0.5446305897,0.86050536519999998
Bregma −0.04,Bregma −0.04,SEDR,15,18,0.019628186209999999,0.68503805149999997,0.95126594330000003
Bregma −0.04,Bregma −0.04,SEDR,16,17,0.0038046787359999998,0.82928537830000004,0.96078431369999995
Bregma −0.04,Bregma −0.04,SEDR,16,18,0.0087304549229999997,0.55302854859999995,0.94193061840000003
Bregma −0.04,Bregma −0.04,SEDR,16,19,0.007501030776,0.64234154310000002,0.95126594330000003
Bregma −0.04,Bregma −0.04,SEDR,16,20,0.014297090970000001,0.82272445329999999,0.95126594330000003
Bregma −0.04,Bregma −0.04,SEDR,17,18,0.0049257761870000003,0.53318306680000005,0.93277310920000001
Bregma −0.04,Bregma −0.04,SEDR,17,19,0.0036963520399999998,0.6610435885,0.93241224789999999
Bregma −0.04,Bregma −0.04,SEDR,17,20,0.01810176971,0.80736717499999999,0.93241224789999999
Bregma −0.04,Bregma −0.04,SEDR,18,19,0.0012294241470000001,0.56742042000000004,0.96078431369999995
Bregma −0.09,Bregma −0.09,GraphST,1,3,0.013093141520000001,0.54507182740000004,0.89577717879999996
Bregma −0.09,Bregma −0.09,GraphST,1,4,0.010974075410000001,0.58202382880000003,0.91391941389999998
Bregma −0.09,Bregma −0.09,GraphST,1,20,0.01569680671,0.60180309539999999,0.89577717879999996
Bregma −0.09,Bregma −0.09,GraphST,2,6,0.0066412356179999998,0.54060205829999997,0.91391941389999998
Bregma −0.09,Bregma −0.09,GraphST,3,4,0.0021190661050000002,0.59444013900000003,0.87797566569999996
Bregma −0.09,Bregma −0.09,GraphST,5,8,0.0088961785520000006,0.57821533780000001,0.92325473879999997
Bregma −0.09,Bregma −0.09,GraphST,5,11,0.01751186582,0.56161695160000003,0.89611790079999998
Bregma −0.09,Bregma −0.09,GraphST,5,14,0.0082979026939999992,0.52307153360000003,0.90476190479999996
Bregma −0.09,Bregma −0.09,GraphST,5,18,0.00733316066,0.49292977929999998,0.88679245279999996
Bregma −0.09,Bregma −0.09,GraphST,5,19,0.01008685458,0.59615582199999995,0.92325473879999997
Bregma −0.09,Bregma −0.09,GraphST,6,9,0.01528320624,0.50029430600000002,0.89577717879999996
Bregma −0.09,Bregma −0.09,GraphST,7,11,0.01176669019,0.42022203879999998,0.91391941389999998
Bregma −0.09,Bregma −0.09,GraphST,7,12,0.0011487877989999999,0.41884352809999997,0.90476190479999996
Bregma −0.09,Bregma −0.09,GraphST,7,13,0.0046329517429999998,0.46168717339999998,0.90545322569999998
Bregma −0.09,Bregma −0.09,GraphST,7,15,0.012519738319999999,0.60922094829999995,0.94174757279999999
Bregma −0.09,Bregma −0.09,GraphST,7,16,0.01730131763,0.41507860489999998,0.92325473879999997
Bregma −0.09,Bregma −0.09,GraphST,7,17,0.0038747040800000002,0.43320212679999998,0.91391941389999998
Bregma −0.09,Bregma −0.09,GraphST,7,19,0.019191701429999999,0.44847025439999999,0.90476190479999996
Bregma −0.09,Bregma −0.09,GraphST,8,10,0.017625869839999999,0.542582385,0.91391941389999998
Bregma −0.09,Bregma −0.09,GraphST,8,14,0.01719408125,0.59746408920000005,0.9230769231
Bregma −0.09,Bregma −0.09,GraphST,8,18,0.016229339209999999,0.55418072939999996,0.90493468799999999
Bregma −0.09,Bregma −0.09,GraphST,8,19,0.01898303313,0.60228322190000005,0.9230769231
Bregma −0.09,Bregma −0.09,GraphST,9,10,0.0054633161159999997,0.45466288529999999,0.87062937060000001
Bregma −0.09,Bregma −0.09,GraphST,11,12,0.01061790239,0.5986626518,0.93241224789999999
Bregma −0.09,Bregma −0.09,GraphST,11,13,0.0071337384490000001,0.50211246499999995,0.86932215229999998
Bregma −0.09,Bregma −0.09,GraphST,11,14,0.0092139631269999994,0.47420252930000001,0.87797566569999996
Bregma −0.09,Bregma −0.09,GraphST,11,17,0.0078919861119999997,0.4774138148,0.84367034829999998
Bregma −0.09,Bregma −0.09,GraphST,11,18,0.010178705160000001,0.56420258599999995,0.89577717879999996
Bregma −0.09,Bregma −0.09,GraphST,11,19,0.0074250112380000004,0.55422330860000002,0.89577717879999996
Bregma −0.09,Bregma −0.09,GraphST,12,13,0.0034841639439999999,0.51890046010000002,0.89577717879999996
Bregma −0.09,Bregma −0.09,GraphST,12,14,0.019831865519999999,0.50591566030000001,0.90476190479999996
Bregma −0.09,Bregma −0.09,GraphST,12,15,0.01366852612,0.41899547529999998,0.90476190479999996
Bregma −0.09,Bregma −0.09,GraphST,12,16,0.018450105429999999,0.52765417260000003,0.94174757279999999
Bregma −0.09,Bregma −0.09,GraphST,12,17,0.0027259162809999998,0.51808548679999999,0.87797566569999996
Bregma −0.09,Bregma −0.09,GraphST,12,19,0.018042913630000001,0.5848904774,0.9230769231
Bregma −0.09,Bregma −0.09,GraphST,13,14,0.016347701579999999,0.56233021230000002,0.91391941389999998
Bregma −0.09,Bregma −0.09,GraphST,13,15,0.01715269006,0.44933347899999998,0.92325473879999997
Bregma −0.09,Bregma −0.09,GraphST,13,17,0.0007582476632,0.54220264900000004,0.93241224789999999
Bregma −0.09,Bregma −0.09,GraphST,13,18,0.017312443609999999,0.53896259830000004,0.89577717879999996
Bregma −0.09,Bregma −0.09,GraphST,13,19,0.014558749689999999,0.57699631419999997,0.88679245279999996
Bregma −0.09,Bregma −0.09,GraphST,14,17,0.017105949240000001,0.49782450070000001,0.9230769231
Bregma −0.09,Bregma −0.09,GraphST,14,18,0.00096474203420000002,0.49715290029999998,0.89577717879999996
Bregma −0.09,Bregma −0.09,GraphST,14,19,0.0017889518879999999,0.56619600069999998,0.89577717879999996
Bregma −0.09,Bregma −0.09,GraphST,15,16,0.0047815793059999999,0.39305192109999998,0.91427001279999998
Bregma −0.09,Bregma −0.09,GraphST,15,17,0.016394442400000001,0.41114933980000001,0.90476190479999996
Bregma −0.09,Bregma −0.09,GraphST,17,18,0.018070691270000001,0.45727497189999999,0.88696039159999995
Bregma −0.09,Bregma −0.09,GraphST,17,19,0.01531699735,0.54596731649999997,0.86915887849999995
Bregma −0.09,Bregma −0.09,GraphST,18,19,0.002753693923,0.52192574790000001,0.87830687829999998
Bregma −0.09,Bregma −0.09,STAGATE,1,3,0.0077498273400000003,0.59764469909999995,0.91391941389999998
Bregma −0.09,Bregma −0.09,STAGATE,1,5,6.2162132729999997e-05,0.54377971329999997,0.87797566569999996
Bregma −0.09,Bregma −0.09,STAGATE,1,6,0.0043427191460000004,0.6361707124,0.91427001279999998
Bregma −0.09,Bregma −0.09,STAGATE,1,7,0.01694201964,0.68414276360000004,0.9230769231
Bregma −0.09,Bregma −0.09,STAGATE,1,9,0.0046109904279999997,0.73734918009999995,0.91391941389999998
Bregma −0.09,Bregma −0.09,STAGATE,1,10,0.001646054181,0.60418563690000004,0.87797566569999996
Bregma −0.09,Bregma −0.09,STAGATE,1,11,0.001378382979,0.62602086810000002,0.92325473879999997
Bregma −0.09,Bregma −0.09,STAGATE,1,12,0.01714970071,0.60992459600000004,0.92325473879999997
Bregma −0.09,Bregma −0.09,STAGATE,1,14,0.0071773515019999999,0.50417574740000004,0.87797566569999996
Bregma −0.09,Bregma −0.09,STAGATE,1,16,0.0098433420319999996,0.53229632090000001,0.88679245279999996
Bregma −0.09,Bregma −0.09,STAGATE,1,19,0.01110387373,0.66494779039999996,0.87062937060000001
Bregma −0.09,Bregma −0.09,STAGATE,2,7,0.01413527679,0.60733175260000005,0.85439560439999995
Bregma −0.09,Bregma −0.09,STAGATE,2,12,0.01392759572,0.71554593229999996,0.9230769231
Bregma −0.09,Bregma −0.09,STAGATE,2,17,0.0039851838419999999,0.68730567460000003,0.86932215229999998
Bregma −0.09,Bregma −0.09,STAGATE,2,20,0.014729930239999999,0.64189333189999997,0.85248713549999999
Bregma −0.09,Bregma −0.09,STAGATE,3,5,0.0078119894730000004,0.52314091019999998,0.86082741910000005
Bregma −0.09,Bregma −0.09,STAGATE,3,6,0.0034071081939999999,0.74839011219999996,0.94174757279999999
Bregma −0.09,Bregma −0.09,STAGATE,3,9,0.012360817769999999,0.54452216379999996,0.87830687829999998
Bregma −0.09,Bregma −0.09,STAGATE,3,10,0.0093958815210000001,0.68846459729999998,0.91427001279999998
Bregma −0.09,Bregma −0.09,STAGATE,3,11,0.0091282103189999995,0.76011843059999995,0.94174757279999999
Bregma −0.09,Bregma −0.09,STAGATE,3,14,0.014927178839999999,0.56536114969999995,0.90476190479999996
Bregma −0.09,Bregma −0.09,STAGATE,3,16,0.0020935146920000001,0.66000692090000002,0.90493468799999999
Bregma −0.09,Bregma −0.09,STAGATE,3,19,0.003354046394,0.77638703919999996,0.91427001279999998
Bregma −0.09,Bregma −0.09,STAGATE,5,6,0.0044048812789999996,0.54562599899999997,0.87830687829999998
Bregma −0.09,Bregma −0.09,STAGATE,5,7,0.016879857509999999,0.47835348420000001,0.86915887849999995
Bregma −0.09,Bregma −0.09,STAGATE,5,9,0.0045488282949999997,0.62093832169999996,0.90545322569999998
Bregma −0.09,Bregma −0.09,STAGATE,5,10,0.001583892048,0.54281566370000001,0.88696039159999995
Bregma −0.09,Bregma −0.09,STAGATE,5,11,0.001316220846,0.53550983330000002,0.88696039159999995
Bregma −0.09,Bregma −0.09,STAGATE,5,12,0.017087538570000001,0.51672578390000001,0.86932215229999998
Bregma −0.09,Bregma −0.09,STAGATE,5,14,0.0071151893689999999,0.53707606539999997,0.87797566569999996
Bregma −0.09,Bregma −0.09,STAGATE,5,16,0.0099055041650000005,0.59125348359999996,0.86082741910000005
Bregma −0.09,Bregma −0.09,STAGATE,5,19,0.01116603587,0.47084219980000003,0.75237220689999995
Bregma −0.09,Bregma −0.09,STAGATE,6,9,0.0089537095739999992,0.58431821630000003,0.90493468799999999
Bregma −0.09,Bregma −0.09,STAGATE,6,10,0.0059887733270000002,0.75078513069999997,0.9230769231
Bregma −0.09,Bregma −0.09,STAGATE,6,11,0.0057211021250000004,0.8350996544,0.95126594330000003
Bregma −0.09,Bregma −0.09,STAGATE,6,14,0.01152007065,0.54296208810000002,0.90476190479999996
Bregma −0.09,Bregma −0.09,STAGATE,6,16,0.0055006228860000001,0.72272214680000002,0.91391941389999998
Bregma −0.09,Bregma −0.09,STAGATE,6,19,0.0067611545869999999,0.6931656021,0.86981214500000004
Bregma −0.09,Bregma −0.09,STAGATE,7,9,0.01233102921,0.58933532560000002,0.91391941389999998
Bregma −0.09,Bregma −0.09,STAGATE,7,10,0.01529596546,0.62347449079999995,0.90493468799999999
Bregma −0.09,Bregma −0.09,STAGATE,7,11,0.01556363666,0.62759790179999997,0.9230769231
Bregma −0.09,Bregma −0.09,STAGATE,7,12,0.0002076810651,0.65163575230000004,0.94174757279999999
Bregma −0.09,Bregma −0.09,STAGATE,7,14,0.0097646681389999997,0.52983025849999998,0.89577717879999996
Bregma −0.09,Bregma −0.09,STAGATE,7,17,0.01015009295,0.60073582780000001,0.88679245279999996
Bregma −0.09,Bregma −0.09,STAGATE,9,10,0.0029649362459999999,0.56800024169999996,0.88679245279999996
Bregma −0.09,Bregma −0.09,STAGATE,9,11,0.0032326074480000001,0.59067864329999997,0.91427001279999998
Bregma −0.09,Bregma −0.09,STAGATE,9,12,0.01253871028,0.57230794070000002,0.90493468799999999
Bregma −0.09,Bregma −0.09,STAGATE,9,14,0.0025663610750000002,0.51393637120000002,0.88679245279999996
Bregma −0.09,Bregma −0.09,STAGATE,9,16,0.01445433246,0.55453136150000004,0.87797566569999996
Bregma −0.09,Bregma −0.09,STAGATE,9,19,0.015714864160000001,0.59569318010000005,0.84367034829999998
Bregma −0.09,Bregma −0.09,STAGATE,10,11,0.00026767120199999998,0.71130573239999995,0.93241224789999999
Bregma −0.09,Bregma −0.09,STAGATE,10,12,0.01550364653,0.74792750090000004,0.91391941389999998
Bregma −0.09,Bregma −0.09,STAGATE,10,14,0.0055312973210000001,0.59684056460000001,0.94174757279999999
Bregma −0.09,Bregma −0.09,STAGATE,10,16,0.011489396210000001,0.73670697090000004,0.91391941389999998
Bregma −0.09,Bregma −0.09,STAGATE,10,19,0.01274992791,0.64759243420000001,0.85328185329999995
Bregma −0.09,Bregma −0.09,STAGATE,11,12,0.015771317730000001,0.82263405700000003,0.96078431369999995
Bregma −0.09,Bregma −0.09,STAGATE,11,14,0.0057989685229999999,0.53739684310000002,0.89611790079999998
Bregma −0.09,Bregma −0.09,STAGATE,11,16,0.011221725009999999,0.67262336980000004,0.90493468799999999
Bregma −0.09,Bregma −0.09,STAGATE,11,19,0.01248225671,0.69039727470000001,0.87062937060000001
Bregma −0.09,Bregma −0.09,STAGATE,12,14,0.0099723492049999998,0.5601138993,0.90493468799999999
Bregma −0.09,Bregma −0.09,STAGATE,12,17,0.0099424118820000008,0.74959784409999997,0.90476190479999996
Bregma −0.09,Bregma −0.09,STAGATE,14,16,0.017020693529999999,0.51766837020000001,0.89611790079999998
Bregma −0.09,Bregma −0.09,STAGATE,14,17,0.01991476109,0.57624445300000005,0.90476190479999996
Bregma −0.09,Bregma −0.09,STAGATE,14,19,0.018281225240000001,0.51682924490000004,0.77809388339999996
Bregma −0.09,Bregma −0.09,STAGATE,15,18,0.0055404460659999998,0.66312591509999996,0.86915887849999995
Bregma −0.09,Bregma −0.09,STAGATE,16,19,0.0012605317010000001,0.6047285818,0.86050536519999998
Bregma −0.09,Bregma −0.09,STAGATE,17,20,0.018715114080000001,0.64073606729999999,0.86082741910000005
Bregma −0.09,Bregma −0.09,SpaGCN,1,4,0.015993709169999999,0.3638162412,0.89611790079999998
Bregma −0.09,Bregma −0.09,SpaGCN,1,5,0.016142579319999999,0.45297155319999999,0.91391941389999998
Bregma −0.09,Bregma −0.09,SpaGCN,1,16,0.01775979728,0.54799891840000003,0.94174757279999999
Bregma −0.09,Bregma −0.09,SpaGCN,1,20,0.018447244120000001,0.45036946919999998,0.9230769231
Bregma −0.09,Bregma −0.09,SpaGCN,2,6,0.001579120714,0.4180914637,0.93241224789999999
Bregma −0.09,Bregma −0.09,SpaGCN,2,10,0.01238037509,0.3674150786,0.90476190479999996
Bregma −0.09,Bregma −0.09,SpaGCN,2,17,0.01936157246,0.30695039559999998,0.89611790079999998
Bregma −0.09,Bregma −0.09,SpaGCN,3,8,0.01117671384,0.29831925030000001,0.86981214500000004
Bregma −0.09,Bregma −0.09,SpaGCN,4,5,0.00014887015620000001,0.36398191870000002,0.88746438750000001
Bregma −0.09,Bregma −0.09,SpaGCN,4,16,0.0017660881120000001,0.361801229,0.92325473879999997
Bregma −0.09,Bregma −0.09,SpaGCN,4,17,0.016068299849999999,0.3570436588,0.88696039159999995
Bregma −0.09,Bregma −0.09,SpaGCN,5,16,0.0016172179550000001,0.43979287540000001,0.9230769231
Bregma −0.09,Bregma −0.09,SpaGCN,5,17,0.015919429700000001,0.35524582069999999,0.86981214500000004
Bregma −0.09,Bregma −0.09,SpaGCN,6,10,0.01395949581,0.46048224409999999,0.93241224789999999
Bregma −0.09,Bregma −0.09,SpaGCN,7,9,0.0043082681160000001,0.43064230790000002,0.92325473879999997
Bregma −0.09,Bregma −0.09,SpaGCN,7,11,0.0033396231009999999,0.53396483189999999,0.93241224789999999
Bregma −0.09,Bregma −0.09,SpaGCN,7,12,0.014192526759999999,0.66572924769999997,0.94193061840000003
Bregma −0.09,Bregma −0.09,SpaGCN,7,13,0.014394736579999999,0.45834821739999998,0.90545322569999998
Bregma −0.09,Bregma −0.09,SpaGCN,7,14,0.0072541168750000001,0.52101730290000003,0.94193061840000003
Bregma −0.09,Bregma −0.09,SpaGCN,9,11,0.00096864501500000001,0.57377477740000005,0.95126594330000003
Bregma −0.09,Bregma −0.09,SpaGCN,9,12,0.01850079487,0.42981909979999999,0.94174757279999999
Bregma −0.09,Bregma −0.09,SpaGCN,9,13,0.018703004700000001,0.54355337400000003,0.95126594330000003
Bregma −0.09,Bregma −0.09,SpaGCN,9,14,0.002945848759,0.62571445459999997,0.95126594330000003
Bregma −0.09,Bregma −0.09,SpaGCN,10,17,0.0069811973709999996,0.31527996489999999,0.86915887849999995
Bregma −0.09,Bregma −0.09,SpaGCN,11,12,0.017532149859999999,0.51866756300000005,0.94174757279999999
Bregma −0.09,Bregma −0.09,SpaGCN,11,13,0.01773435969,0.51919737590000004,0.93241224789999999
Bregma −0.09,Bregma −0.09,SpaGCN,11,14,0.0039144937740000002,0.6526802196,0.96078431369999995
Bregma −0.09,Bregma −0.09,SpaGCN,12,13,0.00020220982840000001,0.46877351890000002,0.92325473879999997
Bregma −0.09,Bregma −0.09,SpaGCN,12,15,0.0088613632300000005,0.4581801613,0.93241224789999999
Bregma −0.09,Bregma −0.09,SpaGCN,12,18,0.012507253790000001,0.43415506840000001,0.92325473879999997
Bregma −0.09,Bregma −0.09,SpaGCN,13,15,0.0086591534020000003,0.48447583020000001,0.94174757279999999
Bregma −0.09,Bregma −0.09,SpaGCN,13,18,0.01230504396,0.42375017809999999,0.90493468799999999
Bregma −0.09,Bregma −0.09,SpaGCN,15,18,0.0036458905620000001,0.45814048940000002,0.89577717879999996
Bregma −0.09,Bregma −0.09,SpaGCN,15,20,0.016024114870000002,0.46381578779999999,0.91391941389999998
Bregma −0.09,Bregma −0.09,SpaGCN,16,17,0.014302211739999999,0.32917789720000001,0.90493468799999999
Bregma −0.09,Bregma −0.09,SpaGCN,18,20,0.01237822431,0.52973533049999999,0.91427001279999998
Bregma −0.09,Bregma −0.09,BANKSY,1,4,3.5888730520000001e-05,0.99942715029999996,1
Bregma −0.09,Bregma −0.09,BANKSY,1,10,0.00054484190820000002,0.9988547888,1
Bregma −0.09,Bregma −0.09,BANKSY,1,12,0.00054484190820000002,0.9988547888,1
Bregma −0.09,Bregma −0.09,BANKSY,2,3,0.00066472565219999997,0.93131878710000005,0.97049116680000003
Bregma −0.09,Bregma −0.09,BANKSY,2,5,0.00082847814030000003,0.92121175659999999,0.97049116680000003
Bregma −0.09,Bregma −0.09,BANKSY,2,6,0.00066472565219999997,0.93131878710000005,0.97049116680000003
Bregma −0.09,Bregma −0.09,BANKSY,2,7,0.00066472565219999997,0.93131878710000005,0.97049116680000003
Bregma −0.09,Bregma −0.09,BANKSY,2,8,0.00069082771940000005,0.91897548129999995,0.98019801979999999
Bregma −0.09,Bregma −0.09,BANKSY,2,9,0.00066472565219999997,0.93131878710000005,0.97049116680000003
Bregma −0.09,Bregma −0.09,BANKSY,2,11,0.00066472565219999997,0.93131878710000005,0.97049116680000003
Bregma −0.09,Bregma −0.09,BANKSY,2,13,0.00082847814030000003,0.92121175659999999,0.97049116680000003
Bregma −0.09,Bregma −0.09,BANKSY,2,14,0.00066472565219999997,0.93131878710000005,0.97049116680000003
Bregma −0.09,Bregma −0.09,BANKSY,2,15,0.0011159904189999999,0.91770691569999996,0.97049116680000003
Bregma −0.09,Bregma −0.09,BANKSY,2,16,0.00066472565219999997,0.93131878710000005,0.97049116680000003
Bregma −0.09,Bregma −0.09,BANKSY,2,17,0.00066472565219999997,0.93131878710000005,0.97049116680000003
Bregma −0.09,Bregma −0.09,BANKSY,2,18,0.00039112306970000001,0.93081594339999996,0.97049116680000003
Bregma −0.09,Bregma −0.09,BANKSY,2,19,0.00066472565219999997,0.93131878710000005,0.97049116680000003
Bregma −0.09,Bregma −0.09,BANKSY,2,20,0.00066472565219999997,0.93131878710000005,0.97049116680000003
Bregma −0.09,Bregma −0.09,BANKSY,3,5,0.00016375248810000001,0.95063529530000002,0.98019801979999999
Bregma −0.09,Bregma −0.09,BANKSY,3,6,0,1,1
Bregma −0.09,Bregma −0.09,BANKSY,3,7,0,1,1
Bregma −0.09,Bregma −0.09,BANKSY,3,8,2.6102067210000001e-05,0.943341396,0.98019801979999999
Bregma −0.09,Bregma −0.09,BANKSY,3,9,0,1,1
Bregma −0.09,Bregma −0.09,BANKSY,3,11,0,1,1
Bregma −0.09,Bregma −0.09,BANKSY,3,13,0.00016375248810000001,0.95063529530000002,0.98019801979999999
Bregma −0.09,Bregma −0.09,BANKSY,3,14,0,1,1
Bregma −0.09,Bregma −0.09,BANKSY,3,15,0.001780716071,0.95023581739999996,0.98019801979999999
Bregma −0.09,Bregma −0.09,BANKSY,3,16,0,1,1
Bregma −0.09,Bregma −0.09,BANKSY,3,17,0,1,1
Bregma −0.09,Bregma −0.09,BANKSY,3,18,0.00027360258250000002,0.99948720300000005,1
Bregma −0.09,Bregma −0.09,BANKSY,3,19,0,1,1
Bregma −0.09,Bregma −0.09,BANKSY,3,20,0,1,1
Bregma −0.09,Bregma −0.09,BANKSY,4,10,0.00058073063870000001,0.99828291489999998,1
Bregma −0.09,Bregma −0.09,BANKSY,4,12,0.00058073063870000001,0.99828291489999998,1
Bregma −0.09,Bregma −0.09,BANKSY,5,6,0.00016375248810000001,0.95063529530000002,0.98019801979999999
Bregma −0.09,Bregma −0.09,BANKSY,5,7,0.00016375248810000001,0.95063529530000002,0.98019801979999999
Bregma −0.09,Bregma −0.09,BANKSY,5,8,0.00013765042090000001,0.98910053419999999,1
Bregma −0.09,Bregma −0.09,BANKSY,5,9,0.00016375248810000001,0.95063529530000002,0.98019801979999999
Bregma −0.09,Bregma −0.09,BANKSY,5,11,0.00016375248810000001,0.95063529530000002,0.98019801979999999
Bregma −0.09,Bregma −0.09,BANKSY,5,13,0,1,1
Bregma −0.09,Bregma −0.09,BANKSY,5,14,0.00016375248810000001,0.95063529530000002,0.98019801979999999
Bregma −0.09,Bregma −0.09,BANKSY,5,15,0.0019444685599999999,0.98149198010000005,0.98019801979999999
Bregma −0.09,Bregma −0.09,BANKSY,5,16,0.00016375248810000001,0.95063529530000002,0.98019801979999999
Bregma −0.09,Bregma −0.09,BANKSY,5,17,0.00016375248810000001,0.95063529530000002,0.98019801979999999
Bregma −0.09,Bregma −0.09,BANKSY,5,18,0.00043735507060000002,0.95014061370000003,0.98019801979999999
Bregma −0.09,Bregma −0.09,BANKSY,5,19,0.00016375248810000001,0.95063529530000002,0.98019801979999999
Bregma −0.09,Bregma −0.09,BANKSY,5,20,0.00016375248810000001,0.95063529530000002,0.98019801979999999
Bregma −0.09,Bregma −0.09,BANKSY,6,7,0,1,1
Bregma −0.09,Bregma −0.09,BANKSY,6,8,2.6102067210000001e-05,0.943341396,0.98019801979999999
Bregma −0.09,Bregma −0.09,BANKSY,6,9,0,1,1
Bregma −0.09,Bregma −0.09,BANKSY,6,11,0,1,1
Bregma −0.09,Bregma −0.09,BANKSY,6,13,0.00016375248810000001,0.95063529530000002,0.98019801979999999
Bregma −0.09,Bregma −0.09,BANKSY,6,14,0,1,1
Bregma −0.09,Bregma −0.09,BANKSY,6,15,0.001780716071,0.95023581739999996,0.98019801979999999
Bregma −0.09,Bregma −0.09,BANKSY,6,16,0,1,1
Bregma −0.09,Bregma −0.09,BANKSY,6,17,0,1,1
Bregma −0.09,Bregma −0.09,BANKSY,6,18,0.00027360258250000002,0.99948720300000005,1
Bregma −0.09,Bregma −0.09,BANKSY,6,19,0,1,1
Bregma −0.09,Bregma −0.09,BANKSY,6,20,0,1,1
Bregma −0.09,Bregma −0.09,BANKSY,7,8,2.6102067210000001e-05,0.943341396,0.98019801979999999
Bregma −0.09,Bregma −0.09,BANKSY,7,9,0,1,1
Bregma −0.09,Bregma −0.09,BANKSY,7,11,0,1,1
Bregma −0.09,Bregma −0.09,BANKSY,7,13,0.00016375248810000001,0.95063529530000002,0.98019801979999999
Bregma −0.09,Bregma −0.09,BANKSY,7,14,0,1,1
Bregma −0.09,Bregma −0.09,BANKSY,7,15,0.001780716071,0.95023581739999996,0.98019801979999999
Bregma −0.09,Bregma −0.09,BANKSY,7,16,0,1,1
Bregma −0.09,Bregma −0.09,BANKSY,7,17,0,1,1
Bregma −0.09,Bregma −0.09,BANKSY,7,18,0.00027360258250000002,0.99948720300000005,1
Bregma −0.09,Bregma −0.09,BANKSY,7,19,0,1,1
Bregma −0.09,Bregma −0.09,BANKSY,7,20,0,1,1
Bregma −0.09,Bregma −0.09,BANKSY,8,9,2.6102067210000001e-05,0.943341396,0.98019801979999999
Bregma −0.09,Bregma −0.09,BANKSY,8,11,2.6102067210000001e-05,0.943341396,0.98019801979999999
Bregma −0.09,Bregma −0.09,BANKSY,8,13,0.00013765042090000001,0.98910053419999999,1
Bregma −0.09,Bregma −0.09,BANKSY,8,14,2.6102067210000001e-05,0.943341396,0.98019801979999999
Bregma −0.09,Bregma −0.09,BANKSY,8,15,0.0018068181390000001,0.98924848519999997,0.99009900989999999
Bregma −0.09,Bregma −0.09,BANKSY,8,16,2.6102067210000001e-05,0.943341396,0.98019801979999999
Bregma −0.09,Bregma −0.09,BANKSY,8,17,2.6102067210000001e-05,0.943341396,0.98019801979999999
Bregma −0.09,Bregma −0.09,BANKSY,8,18,0.00029970464969999999,0.94284935479999998,0.98019801979999999
Bregma −0.09,Bregma −0.09,BANKSY,8,19,2.6102067210000001e-05,0.943341396,0.98019801979999999
Bregma −0.09,Bregma −0.09,BANKSY,8,20,2.6102067210000001e-05,0.943341396,0.98019801979999999
Bregma −0.09,Bregma −0.09,BANKSY,9,11,0,1,1
Bregma −0.09,Bregma −0.09,BANKSY,9,13,0.00016375248810000001,0.95063529530000002,0.98019801979999999
Bregma −0.09,Bregma −0.09,BANKSY,9,14,0,1,1
Bregma −0.09,Bregma −0.09,BANKSY,9,15,0.001780716071,0.95023581739999996,0.98019801979999999
Bregma −0.09,Bregma −0.09,BANKSY,9,16,0,1,1
Bregma −0.09,Bregma −0.09,BANKSY,9,17,0,1,1
Bregma −0.09,Bregma −0.09,BANKSY,9,18,0.00027360258250000002,0.99948720300000005,1
Bregma −0.09,Bregma −0.09,BANKSY,9,19,0,1,1
Bregma −0.09,Bregma −0.09,BANKSY,9,20,0,1,1
Bregma −0.09,Bregma −0.09,BANKSY,10,12,0,1,1
Bregma −0.09,Bregma −0.09,BANKSY,11,13,0.00016375248810000001,0.95063529530000002,0.98019801979999999
Bregma −0.09,Bregma −0.09,BANKSY,11,14,0,1,1
Bregma −0.09,Bregma −0.09,BANKSY,11,15,0.001780716071,0.95023581739999996,0.98019801979999999
Bregma −0.09,Bregma −0.09,BANKSY,11,16,0,1,1
Bregma −0.09,Bregma −0.09,BANKSY,11,17,0,1,1
Bregma −0.09,Bregma −0.09,BANKSY,11,18,0.00027360258250000002,0.99948720300000005,1
Bregma −0.09,Bregma −0.09,BANKSY,11,19,0,1,1
Bregma −0.09,Bregma −0.09,BANKSY,11,20,0,1,1
Bregma −0.09,Bregma −0.09,BANKSY,13,14,0.00016375248810000001,0.95063529530000002,0.98019801979999999
Bregma −0.09,Bregma −0.09,BANKSY,13,15,0.0019444685599999999,0.98149198010000005,0.98019801979999999
Bregma −0.09,Bregma −0.09,BANKSY,13,16,0.00016375248810000001,0.95063529530000002,0.98019801979999999
Bregma −0.09,Bregma −0.09,BANKSY,13,17,0.00016375248810000001,0.95063529530000002,0.98019801979999999
Bregma −0.09,Bregma −0.09,BANKSY,13,18,0.00043735507060000002,0.95014061370000003,0.98019801979999999
Bregma −0.09,Bregma −0.09,BANKSY,13,19,0.00016375248810000001,0.95063529530000002,0.98019801979999999
Bregma −0.09,Bregma −0.09,BANKSY,13,20,0.00016375248810000001,0.95063529530000002,0.98019801979999999
Bregma −0.09,Bregma −0.09,BANKSY,14,15,0.001780716071,0.95023581739999996,0.98019801979999999
Bregma −0.09,Bregma −0.09,BANKSY,14,16,0,1,1
Bregma −0.09,Bregma −0.09,BANKSY,14,17,0,1,1
Bregma −0.09,Bregma −0.09,BANKSY,14,18,0.00027360258250000002,0.99948720300000005,1
Bregma −0.09,Bregma −0.09,BANKSY,14,19,0,1,1
Bregma −0.09,Bregma −0.09,BANKSY,14,20,0,1,1
Bregma −0.09,Bregma −0.09,BANKSY,15,16,0.001780716071,0.95023581739999996,0.98019801979999999
Bregma −0.09,Bregma −0.09,BANKSY,15,17,0.001780716071,0.95023581739999996,0.98019801979999999
Bregma −0.09,Bregma −0.09,BANKSY,15,18,0.001507113489,0.94973866009999997,0.98019801979999999
Bregma −0.09,Bregma −0.09,BANKSY,15,19,0.001780716071,0.95023581739999996,0.98019801979999999
Bregma −0.09,Bregma −0.09,BANKSY,15,20,0.001780716071,0.95023581739999996,0.98019801979999999
Bregma −0.09,Bregma −0.09,BANKSY,16,17,0,1,1
Bregma −0.09,Bregma −0.09,BANKSY,16,18,0.00027360258250000002,0.99948720300000005,1
Bregma −0.09,Bregma −0.09,BANKSY,16,19,0,1,1
Bregma −0.09,Bregma −0.09,BANKSY,16,20,0,1,1
Bregma −0.09,Bregma −0.09,BANKSY,17,18,0.00027360258250000002,0.99948720300000005,1
Bregma −0.09,Bregma −0.09,BANKSY,17,19,0,1,1
Bregma −0.09,Bregma −0.09,BANKSY,17,20,0,1,1
Bregma −0.09,Bregma −0.09,BANKSY,18,19,0.00027360258250000002,0.99948720300000005,1
Bregma −0.09,Bregma −0.09,BANKSY,18,20,0.00027360258250000002,0.99948720300000005,1
Bregma −0.09,Bregma −0.09,BANKSY,19,20,0,1,1
Bregma −0.09,Bregma −0.09,SEDR,1,4,0.001693981651,0.55241224649999998,0.86915887849999995
Bregma −0.09,Bregma −0.09,SEDR,1,7,0.0046668014970000001,0.69841072609999999,0.89611790079999998
Bregma −0.09,Bregma −0.09,SEDR,1,13,0.016021553519999999,0.71447827860000002,0.95126594330000003
Bregma −0.09,Bregma −0.09,SEDR,2,11,0.0010571291749999999,0.54673953529999997,0.85582953859999999
Bregma −0.09,Bregma −0.09,SEDR,2,18,0.015219092659999999,0.51077091139999997,0.85582953859999999
Bregma −0.09,Bregma −0.09,SEDR,2,20,0.01066372357,0.50806666889999996,0.86050536519999998
Bregma −0.09,Bregma −0.09,SEDR,3,5,0.0152849448,0.53514736919999994,0.95126594330000003
Bregma −0.09,Bregma −0.09,SEDR,3,6,0.0046466133409999999,0.71567689820000002,0.92325473879999997
Bregma −0.09,Bregma −0.09,SEDR,4,7,0.0029728198459999999,0.62465271280000001,0.90631808280000004
Bregma −0.09,Bregma −0.09,SEDR,4,13,0.017715535170000001,0.55083161179999995,0.86050536519999998
Bregma −0.09,Bregma −0.09,SEDR,5,6,0.010638331460000001,0.55230180600000001,0.91391941389999998
Bregma −0.09,Bregma −0.09,SEDR,5,8,0.01099050235,0.65250785440000003,0.94193061840000003
Bregma −0.09,Bregma −0.09,SEDR,8,14,0.017697244819999999,0.4780154714,0.85201063190000004
Bregma −0.09,Bregma −0.09,SEDR,9,15,0.01163879363,0.54083309940000002,0.88696039159999995
Bregma −0.09,Bregma −0.09,SEDR,10,12,0.0111986332,0.54481204729999999,0.78799489140000001
Bregma −0.09,Bregma −0.09,SEDR,10,13,0.01363443909,0.57873706889999998,0.84335711859999996
Bregma −0.09,Bregma −0.09,SEDR,10,19,0.019201595200000001,0.62453824449999995,0.86932215229999998
Bregma −0.09,Bregma −0.09,SEDR,11,18,0.014161963479999999,0.44289482870000002,0.88830497909999995
Bregma −0.09,Bregma −0.09,SEDR,11,20,0.0096065943930000001,0.54562242620000001,0.90545322569999998
Bregma −0.09,Bregma −0.09,SEDR,12,19,0.0080029619990000002,0.58519541829999999,0.91391941389999998
Bregma −0.09,Bregma −0.09,SEDR,14,18,0.0061442472129999998,0.52094966359999995,0.86915887849999995
Bregma −0.09,Bregma −0.09,SEDR,14,20,0.010699616299999999,0.72124483979999998,0.91427001279999998
Bregma −0.09,Bregma −0.09,SEDR,18,20,0.0045553690899999997,0.41860703770000002,0.81953519149999998
Bregma −0.14,Bregma −0.14,GraphST,1,7,0.0047492524530000002,0.4599733936,0.90476190479999996
Bregma −0.14,Bregma −0.14,GraphST,1,11,0.01183568346,0.51912859700000002,0.90476190479999996
Bregma −0.14,Bregma −0.14,GraphST,1,15,0.0096202348360000002,0.52412751970000004,0.88696039159999995
Bregma −0.14,Bregma −0.14,GraphST,2,3,0.010673560889999999,0.4560155487,0.89611790079999998
Bregma −0.14,Bregma −0.14,GraphST,2,4,0.0084744935590000004,0.53062749789999997,0.89611790079999998
Bregma −0.14,Bregma −0.14,GraphST,2,6,0.0026467923259999998,0.55578543439999994,0.9230769231
Bregma −0.14,Bregma −0.14,GraphST,2,8,0.01223940328,0.58215459660000002,0.94174757279999999
Bregma −0.14,Bregma −0.14,GraphST,2,9,0.016521976899999999,0.58838380859999995,0.9230769231
Bregma −0.14,Bregma −0.14,GraphST,2,12,0.00083215681340000004,0.50222013450000003,0.83733670459999998
Bregma −0.14,Bregma −0.14,GraphST,2,13,0.0079101132200000007,0.4114398963,0.87797566569999996
Bregma −0.14,Bregma −0.14,GraphST,2,14,0.012676848379999999,0.53215895120000001,0.91391941389999998
Bregma −0.14,Bregma −0.14,GraphST,2,17,0.0045406880289999996,0.44750589940000002,0.86147186149999999
Bregma −0.14,Bregma −0.14,GraphST,2,18,0.0028122573079999999,0.52957415779999994,0.90476190479999996
Bregma −0.14,Bregma −0.14,GraphST,2,19,0.0045087357609999998,0.57087219209999995,0.9230769231
Bregma −0.14,Bregma −0.14,GraphST,2,20,0.0053107455799999998,0.56246299970000002,0.90476190479999996
Bregma −0.14,Bregma −0.14,GraphST,3,4,0.01914805445,0.44600032899999997,0.91427001279999998
Bregma −0.14,Bregma −0.14,GraphST,3,5,0.013059218290000001,0.57587554620000003,0.89611790079999998
Bregma −0.14,Bregma −0.14,GraphST,3,6,0.01332035321,0.4613403076,0.86147186149999999
Bregma −0.14,Bregma −0.14,GraphST,3,9,0.0058484160100000003,0.45971492460000002,0.8967997123
Bregma −0.14,Bregma −0.14,GraphST,3,10,0.016762865030000001,0.4348702243,0.85328185329999995
Bregma −0.14,Bregma −0.14,GraphST,3,12,0.0098414040740000003,0.42261877069999998,0.91391941389999998
Bregma −0.14,Bregma −0.14,GraphST,3,13,0.01858367411,0.55159146349999999,0.86082741910000005
Bregma −0.14,Bregma −0.14,GraphST,3,14,0.0020032874920000001,0.4438730521,0.83548034019999995
Bregma −0.14,Bregma −0.14,GraphST,3,17,0.0061328728580000002,0.44563947520000002,0.82682682679999997
Bregma −0.14,Bregma −0.14,GraphST,3,18,0.0078613035799999995,0.4634150742,0.90493468799999999
Bregma −0.14,Bregma −0.14,GraphST,3,19,0.006164825126,0.44344149960000001,0.86147186149999999
Bregma −0.14,Bregma −0.14,GraphST,3,20,0.015984306470000001,0.47115417180000002,0.89611790079999998
Bregma −0.14,Bregma −0.14,GraphST,4,6,0.0058277012329999997,0.55180538130000001,0.88746438750000001
Bregma −0.14,Bregma −0.14,GraphST,4,8,0.003764909718,0.55714752840000004,0.90545322569999998
Bregma −0.14,Bregma −0.14,GraphST,4,12,0.0093066503719999999,0.46694900350000001,0.91391941389999998
Bregma −0.14,Bregma −0.14,GraphST,4,13,0.00056438033869999997,0.42440917750000001,0.89577717879999996
Bregma −0.14,Bregma −0.14,GraphST,4,16,0.0143429921,0.41566330950000002,0.93241224789999999
Bregma −0.14,Bregma −0.14,GraphST,4,17,0.013015181589999999,0.45544091730000003,0.86147186149999999
Bregma −0.14,Bregma −0.14,GraphST,4,18,0.011286750870000001,0.50829812070000002,0.89611790079999998
Bregma −0.14,Bregma −0.14,GraphST,4,19,0.012983229319999999,0.51248308760000005,0.86981214500000004
Bregma −0.14,Bregma −0.14,GraphST,4,20,0.0031637479790000002,0.53947204140000005,0.91391941389999998
Bregma −0.14,Bregma −0.14,GraphST,5,7,0.01926260996,0.58371815650000003,0.92325473879999997
Bregma −0.14,Bregma −0.14,GraphST,5,9,0.0072108022760000003,0.44458363099999998,0.93241224789999999
Bregma −0.14,Bregma −0.14,GraphST,5,10,0.0037036467430000002,0.37667311879999998,0.89577717879999996
Bregma −0.14,Bregma −0.14,GraphST,5,11,0.012176178960000001,0.56706214499999996,0.9230769231
Bregma −0.14,Bregma −0.14,GraphST,5,14,0.01105593079,0.43138839029999998,0.88696039159999995
Bregma −0.14,Bregma −0.14,GraphST,5,15,0.01439162758,0.56468031910000005,0.94174757279999999
Bregma −0.14,Bregma −0.14,GraphST,5,17,0.019192091139999999,0.44058950559999999,0.84335711859999996
Bregma −0.14,Bregma −0.14,GraphST,5,19,0.019224043409999999,0.4559625933,0.90493468799999999
Bregma −0.14,Bregma −0.14,GraphST,6,8,0.0095926109510000006,0.60963972040000003,0.93241224789999999
Bregma −0.14,Bregma −0.14,GraphST,6,9,0.01916876922,0.56920145779999998,0.91391941389999998
Bregma −0.14,Bregma −0.14,GraphST,6,12,0.0034789491390000002,0.45981953640000001,0.82058920889999998
Bregma −0.14,Bregma −0.14,GraphST,6,13,0.005263320894,0.42403163989999998,0.88679245279999996
Bregma −0.14,Bregma −0.14,GraphST,6,14,0.015323640709999999,0.54635807700000005,0.91427001279999998
Bregma −0.14,Bregma −0.14,GraphST,6,17,0.0071874803550000003,0.4625078963,0.85201063190000004
Bregma −0.14,Bregma −0.14,GraphST,6,18,0.0054590496330000002,0.5773218846,0.87797566569999996
Bregma −0.14,Bregma −0.14,GraphST,6,19,0.0071555280869999996,0.59179731940000002,0.94174757279999999
Bregma −0.14,Bregma −0.14,GraphST,6,20,0.002663953254,0.49848394629999998,0.91391941389999998
Bregma −0.14,Bregma −0.14,GraphST,7,10,0.015558963219999999,0.38825860290000003,0.88746438750000001
Bregma −0.14,Bregma −0.14,GraphST,7,11,0.0070864310070000002,0.64227559069999995,0.91391941389999998
Bregma −0.14,Bregma −0.14,GraphST,7,15,0.004870982383,0.66268053019999995,0.92325473879999997
Bregma −0.14,Bregma −0.14,GraphST,8,12,0.01307156009,0.4959555511,0.84649421380000001
Bregma −0.14,Bregma −0.14,GraphST,8,13,0.0043292900569999997,0.42635549509999998,0.89577717879999996
Bregma −0.14,Bregma −0.14,GraphST,8,16,0.010578082379999999,0.4377702678,0.91427001279999998
Bregma −0.14,Bregma −0.14,GraphST,8,17,0.016780091309999998,0.46273051529999998,0.83486238530000001
Bregma −0.14,Bregma −0.14,GraphST,8,18,0.015051660580000001,0.54480567020000004,0.9230769231
Bregma −0.14,Bregma −0.14,GraphST,8,19,0.016748139039999999,0.58374131579999999,0.94174757279999999
Bregma −0.14,Bregma −0.14,GraphST,8,20,0.0069286576969999998,0.57567403750000001,0.92325473879999997
Bregma −0.14,Bregma −0.14,GraphST,9,10,0.01091444902,0.44601117909999999,0.88696039159999995
Bregma −0.14,Bregma −0.14,GraphST,9,11,0.019386981229999999,0.49088836279999998,0.9230769231
Bregma −0.14,Bregma −0.14,GraphST,9,12,0.01568982008,0.47082391880000002,0.83110367890000003
Bregma −0.14,Bregma −0.14,GraphST,9,14,0.0038451285169999998,0.49810146709999997,0.90476190479999996
Bregma −0.14,Bregma −0.14,GraphST,9,17,0.011981288870000001,0.45600085680000002,0.84335711859999996
Bregma −0.14,Bregma −0.14,GraphST,9,18,0.013709719590000001,0.52583395669999999,0.93241224789999999
Bregma −0.14,Bregma −0.14,GraphST,9,19,0.01201324114,0.5843855979,0.91391941389999998
Bregma −0.14,Bregma −0.14,GraphST,10,11,0.0084725322139999996,0.4116961999,0.91391941389999998
Bregma −0.14,Bregma −0.14,GraphST,10,14,0.014759577540000001,0.51284335130000003,0.90476190479999996
Bregma −0.14,Bregma −0.14,GraphST,10,15,0.01068798084,0.40174319860000002,0.90493468799999999
Bregma −0.14,Bregma −0.14,GraphST,11,15,0.0022154486240000002,0.67222125580000003,0.91391941389999998
Bregma −0.14,Bregma −0.14,GraphST,12,13,0.0087422700340000006,0.43300821900000003,0.85248713549999999
Bregma −0.14,Bregma −0.14,GraphST,12,14,0.01184469157,0.46164965400000002,0.80899608869999995
Bregma −0.14,Bregma −0.14,GraphST,12,17,0.0037085312160000002,0.38507421139999998,0.85248713549999999
Bregma −0.14,Bregma −0.14,GraphST,12,18,0.001980100494,0.43370328159999999,0.80899608869999995
Bregma −0.14,Bregma −0.14,GraphST,12,19,0.0036765789479999999,0.46029113640000002,0.82194616980000001
Bregma −0.14,Bregma −0.14,GraphST,12,20,0.0061429023930000002,0.55300731859999996,0.85328185329999995
Bregma −0.14,Bregma −0.14,GraphST,13,16,0.01490737244,0.53787661529999997,0.88696039159999995
Bregma −0.14,Bregma −0.14,GraphST,13,17,0.012450801250000001,0.48264471209999998,0.80999180999999998
Bregma −0.14,Bregma −0.14,GraphST,13,18,0.010722370530000001,0.449911803,0.89577717879999996
Bregma −0.14,Bregma −0.14,GraphST,13,19,0.012418848979999999,0.43070413880000002,0.88696039159999995
Bregma −0.14,Bregma −0.14,GraphST,13,20,0.00259936764,0.4235959359,0.91391941389999998
Bregma −0.14,Bregma −0.14,GraphST,14,17,0.0081361603499999994,0.4820298864,0.82682682679999997
Bregma −0.14,Bregma −0.14,GraphST,14,18,0.0098645910720000004,0.57818272280000005,0.90493468799999999
Bregma −0.14,Bregma −0.14,GraphST,14,19,0.0081681126180000001,0.5279481063,0.88696039159999995
Bregma −0.14,Bregma −0.14,GraphST,14,20,0.017987593959999999,0.46343274309999999,0.88696039159999995
Bregma −0.14,Bregma −0.14,GraphST,16,20,0.017506740079999999,0.47545504389999999,0.93241224789999999
Bregma −0.14,Bregma −0.14,GraphST,17,18,0.0017284307219999999,0.48874939620000002,0.83486238530000001
Bregma −0.14,Bregma −0.14,GraphST,17,19,3.195226829e-05,0.49123854080000001,0.86981214500000004
Bregma −0.14,Bregma −0.14,GraphST,17,20,0.0098514336089999995,0.3867692002,0.81028833550000001
Bregma −0.14,Bregma −0.14,GraphST,18,19,0.0016964784540000001,0.55130475889999997,0.89577717879999996
Bregma −0.14,Bregma −0.14,GraphST,18,20,0.0081230028870000002,0.46389619069999999,0.90493468799999999
Bregma −0.14,Bregma −0.14,GraphST,19,20,0.0098194813410000005,0.51655193509999997,0.90545322569999998
Bregma −0.14,Bregma −0.14,STAGATE,1,11,0.01416738192,0.56314929970000005,0.96097279629999999
Bregma −0.14,Bregma −0.14,STAGATE,1,20,0.019035704810000002,0.53207553669999996,0.94193061840000003
Bregma −0.14,Bregma −0.14,STAGATE,2,9,0.0096539003200000004,0.63038309469999998,0.92325473879999997
Bregma −0.14,Bregma −0.14,STAGATE,2,11,0.0167886979,0.65588877280000002,0.96078431369999995
Bregma −0.14,Bregma −0.14,STAGATE,2,20,0.01192037501,0.70480202700000005,0.95126594330000003
Bregma −0.14,Bregma −0.14,STAGATE,3,6,0.0075932677079999997,0.77587194250000002,0.94174757279999999
Bregma −0.14,Bregma −0.14,STAGATE,3,7,0.0019174441160000001,0.77078457209999995,0.94174757279999999
Bregma −0.14,Bregma −0.14,STAGATE,3,10,0.002487271343,0.76169811590000003,0.93241224789999999
Bregma −0.14,Bregma −0.14,STAGATE,3,15,0.0085745751139999996,0.73385208020000003,0.94193061840000003
Bregma −0.14,Bregma −0.14,STAGATE,3,16,0.0039012930170000001,0.60748488119999999,0.91391941389999998
Bregma −0.14,Bregma −0.14,STAGATE,3,17,0.0030992909750000002,0.51537782779999997,0.90476190479999996
Bregma −0.14,Bregma −0.14,STAGATE,3,18,0.00085658964960000003,0.85171025619999996,0.95126594330000003
Bregma −0.14,Bregma −0.14,STAGATE,4,5,0.0040681136750000003,0.63035778360000005,0.90493468799999999
Bregma −0.14,Bregma −0.14,STAGATE,6,7,0.0095107118250000004,0.82239264970000003,0.95126594330000003
Bregma −0.14,Bregma −0.14,STAGATE,6,10,0.0051059963649999996,0.83428263039999995,0.96097279629999999
Bregma −0.14,Bregma −0.14,STAGATE,6,15,0.00098130740540000008,0.82733620809999997,0.97049116680000003
Bregma −0.14,Bregma −0.14,STAGATE,6,16,0.0036919746910000001,0.64036330669999997,0.90476190479999996
Bregma −0.14,Bregma −0.14,STAGATE,6,17,0.0044939767339999999,0.54440467849999996,0.89577717879999996
Bregma −0.14,Bregma −0.14,STAGATE,6,18,0.0067366780589999996,0.80190296130000005,0.95126594330000003
Bregma −0.14,Bregma −0.14,STAGATE,7,10,0.0044047154590000004,0.77718626059999996,0.92325473879999997
Bregma −0.14,Bregma −0.14,STAGATE,7,15,0.01049201923,0.80773091679999998,0.96097279629999999
Bregma −0.14,Bregma −0.14,STAGATE,7,16,0.0058187371329999999,0.60254297749999997,0.87830687829999998
Bregma −0.14,Bregma −0.14,STAGATE,7,17,0.0050167350909999997,0.53746881449999995,0.86932215229999998
Bregma −0.14,Bregma −0.14,STAGATE,7,18,0.0027740337659999999,0.77269097840000001,0.94193061840000003
Bregma −0.14,Bregma −0.14,STAGATE,8,13,0.0079130158249999995,0.44442705799999999,0.86932215229999998
Bregma −0.14,Bregma −0.14,STAGATE,8,14,0.001774557908,0.53779020609999995,0.88679245279999996
Bregma −0.14,Bregma −0.14,STAGATE,8,19,0.0034865614819999998,0.42851708249999998,0.87797566569999996
Bregma −0.14,Bregma −0.14,STAGATE,9,12,0.01180583084,0.76918424809999997,0.95126594330000003
Bregma −0.14,Bregma −0.14,STAGATE,10,15,0.0060873037709999996,0.82767926030000005,0.96078431369999995
Bregma −0.14,Bregma −0.14,STAGATE,10,16,0.001414021674,0.61007684929999995,0.86981214500000004
Bregma −0.14,Bregma −0.14,STAGATE,10,17,0.00061201963170000003,0.52553102789999995,0.86981214500000004
Bregma −0.14,Bregma −0.14,STAGATE,10,18,0.001630681693,0.76455886559999997,0.93277310920000001
Bregma −0.14,Bregma −0.14,STAGATE,11,20,0.0048683228840000004,0.66684212980000002,0.97049116680000003
Bregma −0.14,Bregma −0.14,STAGATE,13,14,0.0061384579170000002,0.61002821510000005,0.93241224789999999
Bregma −0.14,Bregma −0.14,STAGATE,13,19,0.0044264543429999997,0.79278834460000003,0.96078431369999995
Bregma −0.14,Bregma −0.14,STAGATE,14,19,0.001712003574,0.67370169800000002,0.95126594330000003
Bregma −0.14,Bregma −0.14,STAGATE,15,16,0.004673282097,0.64327790409999996,0.87830687829999998
Bregma −0.14,Bregma −0.14,STAGATE,15,17,0.0054752841390000003,0.55735533739999998,0.87830687829999998
Bregma −0.14,Bregma −0.14,STAGATE,15,18,0.007717985464,0.76049669330000003,0.94193061840000003
Bregma −0.14,Bregma −0.14,STAGATE,16,17,0.00080200204229999999,0.68796120500000002,0.98019801979999999
Bregma −0.14,Bregma −0.14,STAGATE,16,18,0.003044703367,0.59405521709999998,0.88696039159999995
Bregma −0.14,Bregma −0.14,STAGATE,17,18,0.0022427013250000002,0.49613672139999998,0.88696039159999995
Bregma −0.14,Bregma −0.14,SpaGCN,1,2,0.0060508390509999999,0.46160614030000002,0.94174757279999999
Bregma −0.14,Bregma −0.14,SpaGCN,1,6,0.014848851450000001,0.48952809730000002,0.9230769231
Bregma −0.14,Bregma −0.14,SpaGCN,1,8,0.01404168831,0.51040982729999995,0.94174757279999999
Bregma −0.14,Bregma −0.14,SpaGCN,1,9,0.0096356292120000006,0.50559115430000001,0.94174757279999999
Bregma −0.14,Bregma −0.14,SpaGCN,1,12,0.01713542329,0.62788251579999999,0.94174757279999999
Bregma −0.14,Bregma −0.14,SpaGCN,1,14,0.0030995010759999999,0.5816749551,0.96097279629999999
Bregma −0.14,Bregma −0.14,SpaGCN,1,15,0.001206212293,0.53386040830000003,0.95126594330000003
Bregma −0.14,Bregma −0.14,SpaGCN,1,19,0.0077305389009999998,0.56619998949999994,0.97049116680000003
Bregma −0.14,Bregma −0.14,SpaGCN,1,20,0.0069071336469999998,0.55957771059999994,0.96078431369999995
Bregma −0.14,Bregma −0.14,SpaGCN,2,6,0.0087980123959999993,0.4176294062,0.9230769231
Bregma −0.14,Bregma −0.14,SpaGCN,2,8,0.0079908492600000002,0.41685108199999998,0.92325473879999997
Bregma −0.14,Bregma −0.14,SpaGCN,2,9,0.015686468259999999,0.4044474589,0.9230769231
Bregma −0.14,Bregma −0.14,SpaGCN,2,11,0.017312283460000001,0.4339701883,0.92325473879999997
Bregma −0.14,Bregma −0.14,SpaGCN,2,14,0.0091503401270000007,0.448932938,0.93241224789999999
Bregma −0.14,Bregma −0.14,SpaGCN,2,15,0.007257051344,0.41144115999999997,0.93241224789999999
Bregma −0.14,Bregma −0.14,SpaGCN,2,19,0.0016796998500000001,0.45544019949999998,0.94174757279999999
Bregma −0.14,Bregma −0.14,SpaGCN,2,20,0.012957972700000001,0.44021285339999999,0.94174757279999999
Bregma −0.14,Bregma −0.14,SpaGCN,3,17,0.012850834970000001,0.25257293520000001,0.88746438750000001
Bregma −0.14,Bregma −0.14,SpaGCN,4,16,0.0036816689929999999,0.39131614739999998,0.9230769231
Bregma −0.14,Bregma −0.14,SpaGCN,6,8,0.00080716313620000002,0.47611740870000002,0.9230769231
Bregma −0.14,Bregma −0.14,SpaGCN,6,10,0.016447989369999999,0.58032487529999999,0.93241224789999999
Bregma −0.14,Bregma −0.14,SpaGCN,6,11,0.0085142710619999992,0.50730798720000003,0.90476190479999996
Bregma −0.14,Bregma −0.14,SpaGCN,6,13,0.012502115810000001,0.52202923599999995,0.9230769231
Bregma −0.14,Bregma −0.14,SpaGCN,6,14,0.017948352519999999,0.53090168859999998,0.9230769231
Bregma −0.14,Bregma −0.14,SpaGCN,6,15,0.01605506374,0.40364425749999999,0.90476190479999996
Bregma −0.14,Bregma −0.14,SpaGCN,6,19,0.0071183125460000003,0.49211046209999998,0.9230769231
Bregma −0.14,Bregma −0.14,SpaGCN,7,18,0.01581154701,0.61505949209999999,0.94174757279999999
Bregma −0.14,Bregma −0.14,SpaGCN,8,10,0.017255152499999999,0.58969739470000004,0.93241224789999999
Bregma −0.14,Bregma −0.14,SpaGCN,8,11,0.009321434198,0.47397631239999999,0.93241224789999999
Bregma −0.14,Bregma −0.14,SpaGCN,8,13,0.01330927895,0.52384439049999998,0.93277310920000001
Bregma −0.14,Bregma −0.14,SpaGCN,8,14,0.017141189389999999,0.53965222759999998,0.93241224789999999
Bregma −0.14,Bregma −0.14,SpaGCN,8,15,0.015247900599999999,0.45595217719999998,0.93241224789999999
Bregma −0.14,Bregma −0.14,SpaGCN,8,19,0.0063111494100000004,0.59826093140000003,0.95126594330000003
Bregma −0.14,Bregma −0.14,SpaGCN,9,12,0.0074997940769999999,0.56582316239999997,0.94193061840000003
Bregma −0.14,Bregma −0.14,SpaGCN,9,14,0.0065361281359999999,0.52607135230000002,0.95126594330000003
Bregma −0.14,Bregma −0.14,SpaGCN,9,15,0.0084294169189999997,0.53355359189999996,0.93241224789999999
Bregma −0.14,Bregma −0.14,SpaGCN,9,18,0.015327491380000001,0.48403109750000001,0.93241224789999999
Bregma −0.14,Bregma −0.14,SpaGCN,9,19,0.01736616811,0.51802128709999995,0.94174757279999999
Bregma −0.14,Bregma −0.14,SpaGCN,9,20,0.002728495565,0.52828962550000003,0.95126594330000003
Bregma −0.14,Bregma −0.14,SpaGCN,10,11,0.0079337183039999998,0.53676765039999996,0.93241224789999999
Bregma −0.14,Bregma −0.14,SpaGCN,10,13,0.0039458735569999999,0.57401220360000005,0.9230769231
Bregma −0.14,Bregma −0.14,SpaGCN,11,13,0.0039878447480000004,0.48381223359999997,0.93241224789999999
Bregma −0.14,Bregma −0.14,SpaGCN,11,19,0.01563258361,0.51181374859999995,0.93241224789999999
Bregma −0.14,Bregma −0.14,SpaGCN,12,14,0.014035922209999999,0.67937774870000001,0.96078431369999995
Bregma −0.14,Bregma −0.14,SpaGCN,12,15,0.015929210999999999,0.49338730559999999,0.93241224789999999
Bregma −0.14,Bregma −0.14,SpaGCN,12,18,0.0078276973080000003,0.47657002129999998,0.93241224789999999
Bregma −0.14,Bregma −0.14,SpaGCN,12,20,0.010228289640000001,0.6841997876,0.95126594330000003
Bregma −0.14,Bregma −0.14,SpaGCN,13,19,0.019620428360000001,0.62273036520000002,0.94174757279999999
Bregma −0.14,Bregma −0.14,SpaGCN,14,15,0.001893288783,0.4939742942,0.95126594330000003
Bregma −0.14,Bregma −0.14,SpaGCN,14,19,0.010830039979999999,0.70736114429999997,0.96078431369999995
Bregma −0.14,Bregma −0.14,SpaGCN,14,20,0.0038076325709999999,0.61862113819999998,0.96078431369999995
Bregma −0.14,Bregma −0.14,SpaGCN,15,19,0.0089367511939999998,0.46093628920000002,0.94174757279999999
Bregma −0.14,Bregma −0.14,SpaGCN,15,20,0.0057009213539999997,0.45616734409999998,0.94193061840000003
Bregma −0.14,Bregma −0.14,SpaGCN,18,20,0.018055986949999998,0.46412101639999997,0.95126594330000003
Bregma −0.14,Bregma −0.14,SpaGCN,19,20,0.01463767255,0.60310106409999997,0.96097279629999999
Bregma −0.14,Bregma −0.14,BANKSY,1,2,0.0015716432729999999,0.9717666157,1
Bregma −0.14,Bregma −0.14,BANKSY,1,4,0.00056232786289999999,0.98743165769999997,1
Bregma −0.14,Bregma −0.14,BANKSY,1,7,0.0074921926750000003,0.58261547589999996,0.99009900989999999
Bregma −0.14,Bregma −0.14,BANKSY,1,8,0.002905527702,0.69681413699999994,0.99009900989999999
Bregma −0.14,Bregma −0.14,BANKSY,1,9,0.00034202362579999998,0.98309523529999998,1
Bregma −0.14,Bregma −0.14,BANKSY,1,12,0.00056232786289999999,0.98743165769999997,1
Bregma −0.14,Bregma −0.14,BANKSY,1,13,0.00064034857899999997,0.98838792689999999,1
Bregma −0.14,Bregma −0.14,BANKSY,1,15,0.0002429750543,0.97772939459999997,1
Bregma −0.14,Bregma −0.14,BANKSY,1,16,0.0032420715330000001,0.69731349129999998,0.99009900989999999
Bregma −0.14,Bregma −0.14,BANKSY,1,18,0.0048890084080000003,0.64605171169999998,0.99009900989999999
Bregma −0.14,Bregma −0.14,BANKSY,1,19,0.00056787393760000002,0.98533278599999996,1
Bregma −0.14,Bregma −0.14,BANKSY,1,20,0.00059756541599999995,0.98504392870000002,1
Bregma −0.14,Bregma −0.14,BANKSY,2,4,0.002133971136,0.98415975950000001,1
Bregma −0.14,Bregma −0.14,BANKSY,2,7,0.0059205494019999999,0.58051446309999999,0.98019801979999999
Bregma −0.14,Bregma −0.14,BANKSY,2,8,0.001333884429,0.68714524359999996,0.98019801979999999
Bregma −0.14,Bregma −0.14,BANKSY,2,9,0.0019136668989999999,0.98850402130000004,1
Bregma −0.14,Bregma −0.14,BANKSY,2,12,0.002133971136,0.98415975950000001,1
Bregma −0.14,Bregma −0.14,BANKSY,2,13,0.002211991852,0.98319786440000001,1
Bregma −0.14,Bregma −0.14,BANKSY,2,15,0.0013286682190000001,0.99293764539999996,1
Bregma −0.14,Bregma −0.14,BANKSY,2,16,0.0016704282589999999,0.68761845460000004,0.98019801979999999
Bregma −0.14,Bregma −0.14,BANKSY,2,18,0.0064606516809999999,0.65530222780000003,0.98019801979999999
Bregma −0.14,Bregma −0.14,BANKSY,2,19,0.0021395172110000001,0.98624766080000004,1
Bregma −0.14,Bregma −0.14,BANKSY,2,20,0.002169208689,0.98654538560000005,1
Bregma −0.14,Bregma −0.14,BANKSY,3,5,0.0001622584178,0.99945106939999995,1
Bregma −0.14,Bregma −0.14,BANKSY,3,6,0.00039684194100000003,0.9968859176,1
Bregma −0.14,Bregma −0.14,BANKSY,3,10,0.00035436249149999998,0.99797217439999997,1
Bregma −0.14,Bregma −0.14,BANKSY,3,11,0.0001622584178,0.99945106939999995,1
Bregma −0.14,Bregma −0.14,BANKSY,3,14,9.4862810880000001e-05,0.99633698130000004,1
Bregma −0.14,Bregma −0.14,BANKSY,3,17,0,1,1
Bregma −0.14,Bregma −0.14,BANKSY,4,7,0.0080545205379999995,0.58213838129999995,0.99009900989999999
Bregma −0.14,Bregma −0.14,BANKSY,4,8,0.0034678555640000001,0.69289506609999996,0.99009900989999999
Bregma −0.14,Bregma −0.14,BANKSY,4,9,0.000220304237,0.99561611780000003,1
Bregma −0.14,Bregma −0.14,BANKSY,4,12,0,1,1
Bregma −0.14,Bregma −0.14,BANKSY,4,13,7.8020716170000001e-05,0.99826365250000004,1
Bregma −0.14,Bregma −0.14,BANKSY,4,15,0.00080530291720000001,0.98961327960000001,1
Bregma −0.14,Bregma −0.14,BANKSY,4,16,0.0038043993950000001,0.69338254359999996,0.99009900989999999
Bregma −0.14,Bregma −0.14,BANKSY,4,18,0.0043266805450000003,0.65161418569999996,0.99009900989999999
Bregma −0.14,Bregma −0.14,BANKSY,4,19,5.5460746959999998e-06,0.99729115420000003,1
Bregma −0.14,Bregma −0.14,BANKSY,4,20,3.5237553179999998e-05,0.99758931620000002,1
Bregma −0.14,Bregma −0.14,BANKSY,5,6,0.00023458352319999999,0.99633845139999999,1
Bregma −0.14,Bregma −0.14,BANKSY,5,10,0.0001921040737,0.99852108139999995,1
Bregma −0.14,Bregma −0.14,BANKSY,5,11,0,1,1
Bregma −0.14,Bregma −0.14,BANKSY,5,14,6.7395606899999996e-05,0.99688589120000004,1
Bregma −0.14,Bregma −0.14,BANKSY,5,17,0.0001622584178,0.99945106939999995,1
Bregma −0.14,Bregma −0.14,BANKSY,6,10,4.2479449470000001e-05,0.99595248209999998,1
Bregma −0.14,Bregma −0.14,BANKSY,6,11,0.00023458352319999999,0.99633845139999999,1
Bregma −0.14,Bregma −0.14,BANKSY,6,14,0.00030197913010000002,0.99540716070000002,1
Bregma −0.14,Bregma −0.14,BANKSY,6,17,0.00039684194100000003,0.9968859176,1
Bregma −0.14,Bregma −0.14,BANKSY,7,8,0.0045866649740000003,0.76202855800000002,1
Bregma −0.14,Bregma −0.14,BANKSY,7,9,0.0078342163010000007,0.58188685520000005,0.99009900989999999
Bregma −0.14,Bregma −0.14,BANKSY,7,12,0.0080545205379999995,0.58213838129999995,0.99009900989999999
Bregma −0.14,Bregma −0.14,BANKSY,7,13,0.0081325412539999999,0.58175485400000004,0.99009900989999999
Bregma −0.14,Bregma −0.14,BANKSY,7,15,0.0072492176210000002,0.57997023430000005,0.99009900989999999
Bregma −0.14,Bregma −0.14,BANKSY,7,16,0.0042501211429999998,0.76212666129999995,1
Bregma −0.14,Bregma −0.14,BANKSY,7,18,0.012381201079999999,0.733346367,1
Bregma −0.14,Bregma −0.14,BANKSY,7,19,0.0080600666130000009,0.58200469960000001,0.99009900989999999
Bregma −0.14,Bregma −0.14,BANKSY,7,20,0.0080897580909999999,0.58224887839999995,0.99009900989999999
Bregma −0.14,Bregma −0.14,BANKSY,8,9,0.003247551327,0.69145420680000003,0.99009900989999999
Bregma −0.14,Bregma −0.14,BANKSY,8,12,0.0034678555640000001,0.69289506609999996,0.99009900989999999
Bregma −0.14,Bregma −0.14,BANKSY,8,13,0.0035458762810000001,0.69265757859999999,0.99009900989999999
Bregma −0.14,Bregma −0.14,BANKSY,8,15,0.0026625526469999999,0.68800758399999995,0.99009900989999999
Bregma −0.14,Bregma −0.14,BANKSY,8,16,0.00033654383089999997,0.99913180020000003,1
Bregma −0.14,Bregma −0.14,BANKSY,8,18,0.0077945361099999999,0.65685737499999997,1
Bregma −0.14,Bregma −0.14,BANKSY,8,19,0.0034734016390000001,0.6920571928,0.99009900989999999
Bregma −0.14,Bregma −0.14,BANKSY,8,20,0.0035030931180000001,0.69229459609999999,0.99009900989999999
Bregma −0.14,Bregma −0.14,BANKSY,9,12,0.000220304237,0.99561611780000003,1
Bregma −0.14,Bregma −0.14,BANKSY,9,13,0.00029832495319999998,0.99464203169999998,1
Bregma −0.14,Bregma −0.14,BANKSY,9,15,0.00058499868009999996,0.99292505539999998,1
Bregma −0.14,Bregma −0.14,BANKSY,9,16,0.0035840951580000001,0.69193780829999996,0.99009900989999999
Bregma −0.14,Bregma −0.14,BANKSY,9,18,0.0045469847819999999,0.65346901120000001,0.99009900989999999
Bregma −0.14,Bregma −0.14,BANKSY,9,19,0.0002258503117,0.9977244971,1
Bregma −0.14,Bregma −0.14,BANKSY,9,20,0.00025554179020000002,0.99802285310000005,1
Bregma −0.14,Bregma −0.14,BANKSY,10,11,0.0001921040737,0.99852108139999995,1
Bregma −0.14,Bregma −0.14,BANKSY,10,14,0.00025949968060000003,0.99836265260000001,1
Bregma −0.14,Bregma −0.14,BANKSY,10,17,0.00035436249149999998,0.99797217439999997,1
Bregma −0.14,Bregma −0.14,BANKSY,11,14,6.7395606899999996e-05,0.99688589120000004,1
Bregma −0.14,Bregma −0.14,BANKSY,11,17,0.0001622584178,0.99945106939999995,1
Bregma −0.14,Bregma −0.14,BANKSY,12,13,7.8020716170000001e-05,0.99826365250000004,1
Bregma −0.14,Bregma −0.14,BANKSY,12,15,0.00080530291720000001,0.98961327960000001,1
Bregma −0.14,Bregma −0.14,BANKSY,12,16,0.0038043993950000001,0.69338254359999996,0.99009900989999999
Bregma −0.14,Bregma −0.14,BANKSY,12,18,0.0043266805450000003,0.65161418569999996,0.99009900989999999
Bregma −0.14,Bregma −0.14,BANKSY,12,19,5.5460746959999998e-06,0.99729115420000003,1
Bregma −0.14,Bregma −0.14,BANKSY,12,20,3.5237553179999998e-05,0.99758931620000002,1
Bregma −0.14,Bregma −0.14,BANKSY,13,15,0.00088332363329999999,0.98923858320000002,1
Bregma −0.14,Bregma −0.14,BANKSY,13,16,0.0038824201120000001,0.69314583539999997,0.99009900989999999
Bregma −0.14,Bregma −0.14,BANKSY,13,18,0.0042486598289999998,0.65096787219999996,0.99009900989999999
Bregma −0.14,Bregma −0.14,BANKSY,13,19,7.247464147e-05,0.99690912629999995,1
Bregma −0.14,Bregma −0.14,BANKSY,13,20,4.2783162990000003e-05,0.99661287160000001,1
Bregma −0.14,Bregma −0.14,BANKSY,14,17,9.4862810880000001e-05,0.99633698130000004,1
Bregma −0.14,Bregma −0.14,BANKSY,15,16,0.002999096478,0.68848621870000004,0.99009900989999999
Bregma −0.14,Bregma −0.14,BANKSY,15,18,0.0051319834619999996,0.65417048909999997,0.99009900989999999
Bregma −0.14,Bregma −0.14,BANKSY,15,19,0.00081084899179999996,0.9912570705,1
Bregma −0.14,Bregma −0.14,BANKSY,15,20,0.00084054047029999998,0.99095796930000002,1
Bregma −0.14,Bregma −0.14,BANKSY,16,18,0.0081310799400000008,0.65684003189999995,1
Bregma −0.14,Bregma −0.14,BANKSY,16,19,0.0038099454700000002,0.69254245039999995,0.99009900989999999
Bregma −0.14,Bregma −0.14,BANKSY,16,20,0.0038396369490000001,0.69277978549999997,0.99009900989999999
Bregma −0.14,Bregma −0.14,BANKSY,18,19,0.0043211344699999998,0.65230480530000001,0.99009900989999999
Bregma −0.14,Bregma −0.14,BANKSY,18,20,0.0042914429919999999,0.65256774250000005,0.99009900989999999
Bregma −0.14,Bregma −0.14,BANKSY,19,20,2.969147848e-05,0.99970151539999996,1
Bregma −0.14,Bregma −0.14,SEDR,1,2,0.01267646913,0.56741661870000004,0.94174757279999999
Bregma −0.14,Bregma −0.14,SEDR,1,6,0.015735452850000001,0.52279341629999998,0.96078431369999995
Bregma −0.14,Bregma −0.14,SEDR,1,7,0.017881413190000001,0.60594648929999995,0.94193061840000003
Bregma −0.14,Bregma −0.14,SEDR,1,12,0.015571398130000001,0.55173021170000003,0.95126594330000003
Bregma −0.14,Bregma −0.14,SEDR,1,15,0.01110089977,0.5207673961,0.96078431369999995
Bregma −0.14,Bregma −0.14,SEDR,1,16,0.01088747441,0.56794906710000004,0.95126594330000003
Bregma −0.14,Bregma −0.14,SEDR,1,17,0.01129915599,0.59797637520000002,0.93277310920000001
Bregma −0.14,Bregma −0.14,SEDR,2,5,0.014240805489999999,0.65702176680000002,0.91427001279999998
Bregma −0.14,Bregma −0.14,SEDR,2,6,0.0030589837160000001,0.65994334060000004,0.95126594330000003
Bregma −0.14,Bregma −0.14,SEDR,2,17,0.0013773131410000001,0.74213854369999999,0.93241224789999999
Bregma −0.14,Bregma −0.14,SEDR,3,7,0.0035735358289999998,0.70462368689999999,0.94193061840000003
Bregma −0.14,Bregma −0.14,SEDR,3,9,0.0062105941260000002,0.53471608709999996,0.75492610839999996
Bregma −0.14,Bregma −0.14,SEDR,3,12,0.0058835508969999999,0.51449924309999995,0.92378838330000002
Bregma −0.14,Bregma −0.14,SEDR,3,14,0.01463890667,0.58584059850000003,0.92378838330000002
Bregma −0.14,Bregma −0.14,SEDR,3,15,0.01035404925,0.597771779,0.91497159610000001
Bregma −0.14,Bregma −0.14,SEDR,3,16,0.01056747462,0.55914087300000004,0.92378838330000002
Bregma −0.14,Bregma −0.14,SEDR,3,18,0.0084377950889999997,0.62534311490000005,0.92378838330000002
Bregma −0.14,Bregma −0.14,SEDR,3,19,0.0136018783,0.62366781469999999,0.93277310920000001
Bregma −0.14,Bregma −0.14,SEDR,3,20,0.019950420640000001,0.59232553340000005,0.91427001279999998
Bregma −0.14,Bregma −0.14,SEDR,4,8,0.01384569855,0.72864622469999996,0.92378838330000002
Bregma −0.14,Bregma −0.14,SEDR,4,10,0.0074683970259999998,0.84233955459999998,0.96078431369999995
Bregma −0.14,Bregma −0.14,SEDR,4,13,0.016441538330000002,0.89642207959999998,0.96078431369999995
Bregma −0.14,Bregma −0.14,SEDR,4,20,0.01708337976,0.71722492280000005,0.93277310920000001
Bregma −0.14,Bregma −0.14,SEDR,5,6,0.011181821769999999,0.76453745829999997,0.96078431369999995
Bregma −0.14,Bregma −0.14,SEDR,5,17,0.01561811863,0.59382119050000004,0.85201063190000004
Bregma −0.14,Bregma −0.14,SEDR,6,17,0.0044362968560000002,0.6333688811,0.86534790910000003
Bregma −0.14,Bregma −0.14,SEDR,7,9,0.009784129955,0.51651231320000002,0.71702284449999998
Bregma −0.14,Bregma −0.14,SEDR,7,12,0.0023100150680000001,0.55499514309999998,0.95126594330000003
Bregma −0.14,Bregma −0.14,SEDR,7,14,0.018212442499999999,0.59031823780000003,0.95126594330000003
Bregma −0.14,Bregma −0.14,SEDR,7,15,0.0067805134220000002,0.5795755185,0.94174757279999999
Bregma −0.14,Bregma −0.14,SEDR,7,16,0.0069939387880000002,0.62727572249999997,0.95126594330000003
Bregma −0.14,Bregma −0.14,SEDR,7,18,0.01201133092,0.5777455722,0.94193061840000003
Bregma −0.14,Bregma −0.14,SEDR,7,19,0.01717541413,0.54145286530000003,0.94174757279999999
Bregma −0.14,Bregma −0.14,SEDR,8,9,0.01697750772,0.53790793000000003,0.73163418290000004
Bregma −0.14,Bregma −0.14,SEDR,8,10,0.0063773015259999998,0.77881614020000001,0.98019801979999999
Bregma −0.14,Bregma −0.14,SEDR,8,13,0.0025958397769999999,0.77386980139999995,0.98019801979999999
Bregma −0.14,Bregma −0.14,SEDR,8,14,0.0085491951770000005,0.65922874860000003,0.98019801979999999
Bregma −0.14,Bregma −0.14,SEDR,8,18,0.01475030676,0.60618605979999995,0.95126594330000003
Bregma −0.14,Bregma −0.14,SEDR,8,19,0.0095862235529999996,0.60414254779999998,0.95126594330000003
Bregma −0.14,Bregma −0.14,SEDR,8,20,0.0032376812070000001,0.61039173680000003,0.98019801979999999
Bregma −0.14,Bregma −0.14,SEDR,9,12,0.012094145020000001,0.59118730669999997,0.77115987460000002
Bregma −0.14,Bregma −0.14,SEDR,9,13,0.01438166795,0.60073551030000005,0.84523809520000004
Bregma −0.14,Bregma −0.14,SEDR,9,14,0.0084283125460000007,0.61162716090000002,0.77213204739999997
Bregma −0.14,Bregma −0.14,SEDR,9,15,0.016564643380000001,0.6029822252,0.78699641009999999
Bregma −0.14,Bregma −0.14,SEDR,9,16,0.016778068739999999,0.67917071289999997,0.84043900380000003
Bregma −0.14,Bregma −0.14,SEDR,9,18,0.002227200963,0.60022761530000002,0.77950015819999996
Bregma −0.14,Bregma −0.14,SEDR,9,19,0.0073912841699999999,0.59919995000000004,0.76379176380000002
Bregma −0.14,Bregma −0.14,SEDR,9,20,0.01373982652,0.62059348260000002,0.77950015819999996
Bregma −0.14,Bregma −0.14,SEDR,10,13,0.0089731413020000001,0.88194503160000004,0.98019801979999999
Bregma −0.14,Bregma −0.14,SEDR,10,14,0.0149264967,0.7348050357,0.98019801979999999
Bregma −0.14,Bregma −0.14,SEDR,10,19,0.015963525079999999,0.65591826590000002,0.96078431369999995
Bregma −0.14,Bregma −0.14,SEDR,10,20,0.0096149827319999999,0.67177979929999998,0.98019801979999999
Bregma −0.14,Bregma −0.14,SEDR,12,15,0.0044704983540000002,0.71255625700000003,0.97049116680000003
Bregma −0.14,Bregma −0.14,SEDR,12,16,0.0046839237200000002,0.62617622380000004,0.98019801979999999
Bregma −0.14,Bregma −0.14,SEDR,12,18,0.01432134599,0.70708393380000001,0.97049116680000003
Bregma −0.14,Bregma −0.14,SEDR,12,19,0.01948542919,0.69586518040000001,0.96078431369999995
Bregma −0.14,Bregma −0.14,SEDR,13,14,0.0059533554010000002,0.77379893509999997,0.97049116680000003
Bregma −0.14,Bregma −0.14,SEDR,13,18,0.01215446698,0.70479207359999996,0.95126594330000003
Bregma −0.14,Bregma −0.14,SEDR,13,19,0.0069903837759999997,0.7062197415,0.95126594330000003
Bregma −0.14,Bregma −0.14,SEDR,13,20,0.00064184143,0.71085595260000001,0.98019801979999999
Bregma −0.14,Bregma −0.14,SEDR,14,18,0.0062011115830000003,0.765436538,0.95126594330000003
Bregma −0.14,Bregma −0.14,SEDR,14,19,0.001037028375,0.76253673609999995,0.95126594330000003
Bregma −0.14,Bregma −0.14,SEDR,14,20,0.0053115139710000004,0.76411843329999996,0.98019801979999999
Bregma −0.14,Bregma −0.14,SEDR,15,16,0.0002134253666,0.60253129679999995,0.96078431369999995
Bregma −0.14,Bregma −0.14,SEDR,15,18,0.018791844339999999,0.83891669670000002,0.97049116680000003
Bregma −0.14,Bregma −0.14,SEDR,16,18,0.019005269710000001,0.59783868149999997,0.96078431369999995
Bregma −0.14,Bregma −0.14,SEDR,18,19,0.0051640832070000003,0.78570348450000005,0.96078431369999995
Bregma −0.14,Bregma −0.14,SEDR,18,20,0.011512625550000001,0.80597898940000001,0.96078431369999995
Bregma −0.14,Bregma −0.14,SEDR,19,20,0.0063485423459999999,0.82922373009999994,0.97049116680000003
Bregma −0.19,Bregma −0.19,GraphST,1,2,0.0055602792589999998,0.64845668779999999,0.96078431369999995
Bregma −0.19,Bregma −0.19,GraphST,1,7,0.007136376945,0.64207908270000003,0.94174757279999999
Bregma −0.19,Bregma −0.19,GraphST,2,7,0.0015760976859999999,0.68768165240000001,0.96078431369999995
Bregma −0.19,Bregma −0.19,GraphST,2,16,0.01522733628,0.66598538880000002,0.93241224789999999
Bregma −0.19,Bregma −0.19,GraphST,3,5,0.0069884224950000004,0.52865385760000005,0.92325473879999997
Bregma −0.19,Bregma −0.19,GraphST,3,8,0.0029885427639999998,0.57898730239999996,0.9230769231
Bregma −0.19,Bregma −0.19,GraphST,3,13,0.0063804406420000003,0.62911300130000003,0.94174757279999999
Bregma −0.19,Bregma −0.19,GraphST,3,14,0.01152399371,0.5942215904,0.9230769231
Bregma −0.19,Bregma −0.19,GraphST,3,18,0.01506786108,0.66127617719999998,0.96078431369999995
Bregma −0.19,Bregma −0.19,GraphST,3,19,0.01739183393,0.5513274628,0.94174757279999999
Bregma −0.19,Bregma −0.19,GraphST,4,10,0.0036315578289999998,0.48052984679999999,0.95126594330000003
Bregma −0.19,Bregma −0.19,GraphST,5,8,0.0099769652589999994,0.6001877525,0.96078431369999995
Bregma −0.19,Bregma −0.19,GraphST,5,13,0.013368863139999999,0.54617041479999995,0.95126594330000003
Bregma −0.19,Bregma −0.19,GraphST,5,14,0.01851241621,0.50403358549999999,0.9230769231
Bregma −0.19,Bregma −0.19,GraphST,6,12,0.011529951720000001,0.49887917500000001,0.92325473879999997
Bregma −0.19,Bregma −0.19,GraphST,6,15,0.0046103540239999996,0.69627523120000001,0.96078431369999995
Bregma −0.19,Bregma −0.19,GraphST,6,16,0.0063607318699999997,0.68749031829999996,0.97049116680000003
Bregma −0.19,Bregma −0.19,GraphST,6,20,0.0021033461450000001,0.65235918240000002,0.9230769231
Bregma −0.19,Bregma −0.19,GraphST,7,16,0.013651238600000001,0.64439817430000002,0.93241224789999999
Bregma −0.19,Bregma −0.19,GraphST,8,13,0.003391897878,0.60988170239999995,0.94174757279999999
Bregma −0.19,Bregma −0.19,GraphST,8,14,0.0085354509479999997,0.50689741210000006,0.9230769231
Bregma −0.19,Bregma −0.19,GraphST,8,18,0.01207931831,0.59313314520000004,0.96078431369999995
Bregma −0.19,Bregma −0.19,GraphST,8,19,0.01440329116,0.58765168459999995,0.94193061840000003
Bregma −0.19,Bregma −0.19,GraphST,9,11,0.0053424540130000003,0.56978027840000001,0.91427001279999998
Bregma −0.19,Bregma −0.19,GraphST,9,12,0.012238974939999999,0.52741849780000005,0.93241224789999999
Bregma −0.19,Bregma −0.19,GraphST,9,15,0.019158572629999999,0.67545281980000005,0.96078431369999995
Bregma −0.19,Bregma −0.19,GraphST,9,18,0.01844179269,0.5823412765,0.94193061840000003
Bregma −0.19,Bregma −0.19,GraphST,9,19,0.016117819839999999,0.4990830047,0.92325473879999997
Bregma −0.19,Bregma −0.19,GraphST,11,12,0.017581428949999998,0.59809332189999997,0.95126594330000003
Bregma −0.19,Bregma −0.19,GraphST,11,14,0.016643206040000001,0.59882240310000001,0.9230769231
Bregma −0.19,Bregma −0.19,GraphST,11,18,0.013099338679999999,0.66235549540000005,0.95126594330000003
Bregma −0.19,Bregma −0.19,GraphST,11,19,0.01077536582,0.60063394569999995,0.95126594330000003
Bregma −0.19,Bregma −0.19,GraphST,12,15,0.0069195976960000002,0.51443913549999998,0.93241224789999999
Bregma −0.19,Bregma −0.19,GraphST,12,16,0.017890683590000001,0.50809649349999997,0.92325473879999997
Bregma −0.19,Bregma −0.19,GraphST,12,20,0.0094266055750000001,0.5339005429,0.93241224789999999
Bregma −0.19,Bregma −0.19,GraphST,13,14,0.0051435530700000001,0.56651936309999995,0.94174757279999999
Bregma −0.19,Bregma −0.19,GraphST,13,18,0.008687420433,0.64955372990000004,0.95126594330000003
Bregma −0.19,Bregma −0.19,GraphST,13,19,0.011011393289999999,0.6047156266,0.93241224789999999
Bregma −0.19,Bregma −0.19,GraphST,14,18,0.0035438673629999999,0.59096320430000004,0.94193061840000003
Bregma −0.19,Bregma −0.19,GraphST,14,19,0.0058678402169999996,0.52251075709999995,0.91391941389999998
Bregma −0.19,Bregma −0.19,GraphST,15,16,0.010971085889999999,0.67465504359999995,0.95126594330000003
Bregma −0.19,Bregma −0.19,GraphST,15,20,0.0025070078789999999,0.70256215339999994,0.93241224789999999
Bregma −0.19,Bregma −0.19,GraphST,16,20,0.0084640780149999994,0.63515968860000005,0.93241224789999999
Bregma −0.19,Bregma −0.19,GraphST,18,19,0.0023239728540000002,0.57586843850000002,0.95126594330000003
Bregma −0.19,Bregma −0.19,STAGATE,1,5,0.005003744666,0.6523056921,0.95126594330000003
Bregma −0.19,Bregma −0.19,STAGATE,1,6,0.011111661550000001,0.58873471170000002,0.88830497909999995
Bregma −0.19,Bregma −0.19,STAGATE,1,7,0.00096405543590000003,0.58968888919999995,0.86243936239999996
Bregma −0.19,Bregma −0.19,STAGATE,1,9,0.017443943860000002,0.66380006410000003,0.8967997123
Bregma −0.19,Bregma −0.19,STAGATE,1,12,0.0027863112739999999,0.6489891793,0.8967997123
Bregma −0.19,Bregma −0.19,STAGATE,1,16,0.0097713958430000001,0.64371843510000004,0.95126594330000003
Bregma −0.19,Bregma −0.19,STAGATE,1,17,0.014378794990000001,0.71969267449999996,0.94193061840000003
Bregma −0.19,Bregma −0.19,STAGATE,1,19,0.017770613649999999,0.81494158699999997,0.96078431369999995
Bregma −0.19,Bregma −0.19,STAGATE,2,11,0.0083047507549999997,0.82769168199999998,0.96078431369999995
Bregma −0.19,Bregma −0.19,STAGATE,2,15,0.01473566496,0.63155326469999995,0.90476190479999996
Bregma −0.19,Bregma −0.19,STAGATE,2,18,0.01551668357,0.83015405330000003,0.98019801979999999
Bregma −0.19,Bregma −0.19,STAGATE,3,4,0.0092636074069999998,0.61371447099999998,0.75640435650000004
Bregma −0.19,Bregma −0.19,STAGATE,4,8,0.017117594770000001,0.51181709070000003,0.80238694489999995
Bregma −0.19,Bregma −0.19,STAGATE,5,6,0.016115406209999999,0.57388255290000001,0.86147186149999999
Bregma −0.19,Bregma −0.19,STAGATE,5,7,0.0040396892299999999,0.59060857190000005,0.82360742710000001
Bregma −0.19,Bregma −0.19,STAGATE,5,9,0.0124401992,0.52546211759999994,0.81623931620000001
Bregma −0.19,Bregma −0.19,STAGATE,5,12,0.0077900559389999999,0.58602929309999996,0.82957393479999997
Bregma −0.19,Bregma −0.19,STAGATE,5,16,0.01477514051,0.77227016989999997,0.93241224789999999
Bregma −0.19,Bregma −0.19,STAGATE,5,17,0.01938253966,0.6534031656,0.89577717879999996
Bregma −0.19,Bregma −0.19,STAGATE,6,7,0.012075716990000001,0.71806596970000003,0.94174757279999999
Bregma −0.19,Bregma −0.19,STAGATE,6,12,0.0083253502750000007,0.69553806289999998,0.95126594330000003
Bregma −0.19,Bregma −0.19,STAGATE,6,16,0.001340265706,0.58306894109999996,0.87062937060000001
Bregma −0.19,Bregma −0.19,STAGATE,6,17,0.0032671334440000002,0.56164978369999996,0.86147186149999999
Bregma −0.19,Bregma −0.19,STAGATE,6,19,0.0066589521010000001,0.5760019502,0.85328185329999995
Bregma −0.19,Bregma −0.19,STAGATE,7,9,0.016479888429999999,0.6802928775,0.94174757279999999
Bregma −0.19,Bregma −0.19,STAGATE,7,12,0.00375036671,0.79854445070000002,0.96078431369999995
Bregma −0.19,Bregma −0.19,STAGATE,7,16,0.010735451280000001,0.60566625119999995,0.85439560439999995
Bregma −0.19,Bregma −0.19,STAGATE,7,17,0.015342850430000001,0.59355637939999994,0.83625336930000005
Bregma −0.19,Bregma −0.19,STAGATE,7,19,0.018734669089999999,0.64699519100000003,0.86243936239999996
Bregma −0.19,Bregma −0.19,STAGATE,8,10,0.0056961844530000003,0.51765327620000001,0.83733670459999998
Bregma −0.19,Bregma −0.19,STAGATE,8,13,0.017809145320000001,0.53224346389999999,0.85328185329999995
Bregma −0.19,Bregma −0.19,STAGATE,10,13,0.01211296087,0.84140162139999997,0.95126594330000003
Bregma −0.19,Bregma −0.19,STAGATE,11,15,0.0064309142080000003,0.6480768844,0.91391941389999998
Bregma −0.19,Bregma −0.19,STAGATE,11,18,0.0072119328129999997,0.86065942819999997,0.97049116680000003
Bregma −0.19,Bregma −0.19,STAGATE,12,16,0.0069850845700000002,0.60746949689999996,0.85439560439999995
Bregma −0.19,Bregma −0.19,STAGATE,12,17,0.01159248372,0.62448109490000003,0.87062937060000001
Bregma −0.19,Bregma −0.19,STAGATE,12,19,0.01498430238,0.66932997750000001,0.90476190479999996
Bregma −0.19,Bregma −0.19,STAGATE,13,20,0.013464350260000001,0.54877278679999997,0.76488881980000001
Bregma −0.19,Bregma −0.19,STAGATE,15,18,0.0007810186042,0.62467566640000005,0.91391941389999998
Bregma −0.19,Bregma −0.19,STAGATE,15,19,0.016883703600000001,0.63454600989999999,0.9230769231
Bregma −0.19,Bregma −0.19,STAGATE,16,17,0.0046073991489999997,0.62090152860000003,0.91391941389999998
Bregma −0.19,Bregma −0.19,STAGATE,16,19,0.0079992178069999993,0.66894345970000002,0.94174757279999999
Bregma −0.19,Bregma −0.19,STAGATE,17,18,0.019494503650000002,0.74183035990000001,0.9230769231
Bregma −0.19,Bregma −0.19,STAGATE,17,19,0.003391818658,0.76979901549999996,0.9230769231
Bregma −0.19,Bregma −0.19,STAGATE,18,19,0.016102684999999999,0.83720132700000005,0.95163747139999999
Bregma −0.19,Bregma −0.19,SpaGCN,1,5,0.0015525392179999999,0.52576081519999995,0.93241224789999999
Bregma −0.19,Bregma −0.19,SpaGCN,1,18,0.0028977178219999999,0.55864019570000001,0.93241224789999999
Bregma −0.19,Bregma −0.19,SpaGCN,1,20,0.0065543531200000001,0.40957572440000001,0.92325473879999997
Bregma −0.19,Bregma −0.19,SpaGCN,2,10,0.007461444163,0.34496968350000001,0.91391941389999998
Bregma −0.19,Bregma −0.19,SpaGCN,2,11,0.0064972772260000001,0.31982171669999998,0.90493468799999999
Bregma −0.19,Bregma −0.19,SpaGCN,2,17,0.0086433554930000003,0.3394019439,0.91391941389999998
Bregma −0.19,Bregma −0.19,SpaGCN,3,8,0.0092657713849999997,0.30471159679999998,0.8799646955
Bregma −0.19,Bregma −0.19,SpaGCN,5,18,0.0044502570399999998,0.49322182269999998,0.94174757279999999
Bregma −0.19,Bregma −0.19,SpaGCN,5,20,0.0050018139019999998,0.4472622067,0.91391941389999998
Bregma −0.19,Bregma −0.19,SpaGCN,6,13,0.002882683225,0.34780639070000002,0.93241224789999999
Bregma −0.19,Bregma −0.19,SpaGCN,6,16,0.0053274388860000002,0.39019818740000001,0.90545322569999998
Bregma −0.19,Bregma −0.19,SpaGCN,7,9,0.005739875811,0.62755459130000002,0.96078431369999995
Bregma −0.19,Bregma −0.19,SpaGCN,7,12,0.01535638324,0.52695429289999995,0.95126594330000003
Bregma −0.19,Bregma −0.19,SpaGCN,8,14,0.01141450622,0.34377561140000001,0.92378838330000002
Bregma −0.19,Bregma −0.19,SpaGCN,9,12,0.0096165074279999999,0.59553573680000005,0.97049116680000003
Bregma −0.19,Bregma −0.19,SpaGCN,10,11,0.01395872139,0.50896208759999995,0.93241224789999999
Bregma −0.19,Bregma −0.19,SpaGCN,10,17,0.016104799659999999,0.47078780799999997,0.92325473879999997
Bregma −0.19,Bregma −0.19,SpaGCN,11,17,0.0021460782669999998,0.45374974420000003,0.94193061840000003
Bregma −0.19,Bregma −0.19,SpaGCN,13,16,0.0024447556609999998,0.38534175920000002,0.93241224789999999
Bregma −0.19,Bregma −0.19,SpaGCN,15,17,0.019123526719999999,0.36218499119999997,0.90545322569999998
Bregma −0.19,Bregma −0.19,SpaGCN,15,19,0.01112215374,0.36709893599999999,0.9230769231
Bregma −0.19,Bregma −0.19,SpaGCN,18,20,0.0094520709420000005,0.41666946560000001,0.9230769231
Bregma −0.19,Bregma −0.19,BANKSY,1,2,0.00043031494840000003,0.99762017670000003,1
Bregma −0.19,Bregma −0.19,BANKSY,1,4,0.00043031494840000003,0.99762017670000003,1
Bregma −0.19,Bregma −0.19,BANKSY,1,5,0.00025702130810000001,0.99852082220000005,1
Bregma −0.19,Bregma −0.19,BANKSY,1,6,0.0001321277691,0.99904804859999996,1
Bregma −0.19,Bregma −0.19,BANKSY,1,7,0.00067498707030000003,0.99733845970000001,1
Bregma −0.19,Bregma −0.19,BANKSY,1,8,0.00071647214349999998,0.99638746749999996,1
Bregma −0.19,Bregma −0.19,BANKSY,1,9,0.0001321277691,0.99904804859999996,1
Bregma −0.19,Bregma −0.19,BANKSY,1,10,0.0001321277691,0.99904804859999996,1
Bregma −0.19,Bregma −0.19,BANKSY,1,11,0.00036902782489999999,0.99666918130000004,1
Bregma −0.19,Bregma −0.19,BANKSY,1,12,0.00035191593409999999,0.9978646659,1
Bregma −0.19,Bregma −0.19,BANKSY,1,14,0.00070763452869999997,0.99563005429999996,1
Bregma −0.19,Bregma −0.19,BANKSY,1,16,0.00059127193660000001,0.99691400230000005,1
Bregma −0.19,Bregma −0.19,BANKSY,1,17,0.00067498707030000003,0.99733845970000001,1
Bregma −0.19,Bregma −0.19,BANKSY,1,19,0.00043031494840000003,0.99762017670000003,1
Bregma −0.19,Bregma −0.19,BANKSY,1,20,0.00016771823139999999,0.9989963369,1
Bregma −0.19,Bregma −0.19,BANKSY,2,4,0,1,1
Bregma −0.19,Bregma −0.19,BANKSY,2,5,0.00068733625660000002,0.99909909529999996,1
Bregma −0.19,Bregma −0.19,BANKSY,2,6,0.00056244271749999997,0.99857182040000003,1
Bregma −0.19,Bregma −0.19,BANKSY,2,7,0.001105302019,0.99686323880000005,1
Bregma −0.19,Bregma −0.19,BANKSY,2,8,0.0011467870920000001,0.99506437780000001,1
Bregma −0.19,Bregma −0.19,BANKSY,2,9,0.00056244271749999997,0.99857182040000003,1
Bregma −0.19,Bregma −0.19,BANKSY,2,10,0.00056244271749999997,0.99857182040000003,1
Bregma −0.19,Bregma −0.19,BANKSY,2,11,6.1287123509999995e-05,0.99600409580000004,1
Bregma −0.19,Bregma −0.19,BANKSY,2,12,0.0007822308826,0.99548759450000002,1
Bregma −0.19,Bregma −0.19,BANKSY,2,14,0.0011379494769999999,0.99430713449999997,1
Bregma −0.19,Bregma −0.19,BANKSY,2,16,0.001021586885,0.99453866660000001,1
Bregma −0.19,Bregma −0.19,BANKSY,2,17,0.001105302019,0.99686323880000005,1
Bregma −0.19,Bregma −0.19,BANKSY,2,19,0,1,1
Bregma −0.19,Bregma −0.19,BANKSY,2,20,0.00059803317979999996,0.9976715665,1
Bregma −0.19,Bregma −0.19,BANKSY,4,5,0.00068733625660000002,0.99909909529999996,1
Bregma −0.19,Bregma −0.19,BANKSY,4,6,0.00056244271749999997,0.99857182040000003,1
Bregma −0.19,Bregma −0.19,BANKSY,4,7,0.001105302019,0.99686323880000005,1
Bregma −0.19,Bregma −0.19,BANKSY,4,8,0.0011467870920000001,0.99506437780000001,1
Bregma −0.19,Bregma −0.19,BANKSY,4,9,0.00056244271749999997,0.99857182040000003,1
Bregma −0.19,Bregma −0.19,BANKSY,4,10,0.00056244271749999997,0.99857182040000003,1
Bregma −0.19,Bregma −0.19,BANKSY,4,11,6.1287123509999995e-05,0.99600409580000004,1
Bregma −0.19,Bregma −0.19,BANKSY,4,12,0.0007822308826,0.99548759450000002,1
Bregma −0.19,Bregma −0.19,BANKSY,4,14,0.0011379494769999999,0.99430713449999997,1
Bregma −0.19,Bregma −0.19,BANKSY,4,16,0.001021586885,0.99453866660000001,1
Bregma −0.19,Bregma −0.19,BANKSY,4,17,0.001105302019,0.99686323880000005,1
Bregma −0.19,Bregma −0.19,BANKSY,4,19,0,1,1
Bregma −0.19,Bregma −0.19,BANKSY,4,20,0.00059803317979999996,0.9976715665,1
Bregma −0.19,Bregma −0.19,BANKSY,5,6,0.00012489353909999999,0.99947255089999998,1
Bregma −0.19,Bregma −0.19,BANKSY,5,7,0.00041796576220000002,0.9977630555,1
Bregma −0.19,Bregma −0.19,BANKSY,5,8,0.00045945083540000002,0.99596434069999995,1
Bregma −0.19,Bregma −0.19,BANKSY,5,9,0.00012489353909999999,0.99947255089999998,1
Bregma −0.19,Bregma −0.19,BANKSY,5,10,0.00012489353909999999,0.99947255089999998,1
Bregma −0.19,Bregma −0.19,BANKSY,5,11,0.00062604913299999995,0.99624712130000004,1
Bregma −0.19,Bregma −0.19,BANKSY,5,12,9.4894626009999999e-05,0.99638746810000001,1
Bregma −0.19,Bregma −0.19,BANKSY,5,14,0.00045061322060000001,0.99520713019999996,1
Bregma −0.19,Bregma −0.19,BANKSY,5,16,0.0003342506285,0.99543845549999999,1
Bregma −0.19,Bregma −0.19,BANKSY,5,17,0.00041796576220000002,0.9977630555,1
Bregma −0.19,Bregma −0.19,BANKSY,5,19,0.00068733625660000002,0.99909909529999996,1
Bregma −0.19,Bregma −0.19,BANKSY,5,20,8.930307675e-05,0.99857249729999997,1
Bregma −0.19,Bregma −0.19,BANKSY,6,7,0.00054285930129999995,0.99829000400000001,1
Bregma −0.19,Bregma −0.19,BANKSY,6,8,0.00058434437450000001,0.99543845470000003,1
Bregma −0.19,Bregma −0.19,BANKSY,6,9,0,1,1
Bregma −0.19,Bregma −0.19,BANKSY,6,10,0,1,1
Bregma −0.19,Bregma −0.19,BANKSY,6,11,0.00050115559399999999,0.99572006940000002,1
Bregma −0.19,Bregma −0.19,BANKSY,6,12,0.0002197881651,0.99691400230000005,1
Bregma −0.19,Bregma −0.19,BANKSY,6,14,0.0005755067597,0.99468164960000005,1
Bregma −0.19,Bregma −0.19,BANKSY,6,16,0.00045914416750000002,0.9959647666,1
Bregma −0.19,Bregma −0.19,BANKSY,6,17,0.00054285930129999995,0.99829000400000001,1
Bregma −0.19,Bregma −0.19,BANKSY,6,19,0.00056244271749999997,0.99857182040000003,1
Bregma −0.19,Bregma −0.19,BANKSY,6,20,3.5590462300000002e-05,0.99804515979999997,1
Bregma −0.19,Bregma −0.19,BANKSY,7,8,4.1485073209999999e-05,0.99609525730000004,1
Bregma −0.19,Bregma −0.19,BANKSY,7,9,0.00054285930129999995,0.99829000400000001,1
Bregma −0.19,Bregma −0.19,BANKSY,7,10,0.00054285930129999995,0.99829000400000001,1
Bregma −0.19,Bregma −0.19,BANKSY,7,11,0.0010440148949999999,0.99401248330000003,1
Bregma −0.19,Bregma −0.19,BANKSY,7,12,0.00032307113619999998,0.99757063430000004,1
Bregma −0.19,Bregma −0.19,BANKSY,7,14,3.26474584e-05,0.99639046789999997,1
Bregma −0.19,Bregma −0.19,BANKSY,7,16,8.3715133710000002e-05,0.99662144860000002,1
Bregma −0.19,Bregma −0.19,BANKSY,7,17,0,1,1
Bregma −0.19,Bregma −0.19,BANKSY,7,19,0.001105302019,0.99686323880000005,1
Bregma −0.19,Bregma −0.19,BANKSY,7,20,0.00050726883899999996,0.99633616199999997,1
Bregma −0.19,Bregma −0.19,BANKSY,8,9,0.00058434437450000001,0.99543845470000003,1
Bregma −0.19,Bregma −0.19,BANKSY,8,10,0.00058434437450000001,0.99543845470000003,1
Bregma −0.19,Bregma −0.19,BANKSY,8,11,0.001085499968,0.99791549369999999,1
Bregma −0.19,Bregma −0.19,BANKSY,8,12,0.00036455620939999998,0.99852074310000005,1
Bregma −0.19,Bregma −0.19,BANKSY,8,14,8.8376148099999992e-06,0.99924062840000005,1
Bregma −0.19,Bregma −0.19,BANKSY,8,16,0.00012520020689999999,0.99947310960000002,1
Bregma −0.19,Bregma −0.19,BANKSY,8,17,4.1485073209999999e-05,0.99609525730000004,1
Bregma −0.19,Bregma −0.19,BANKSY,8,19,0.0011467870920000001,0.99506437780000001,1
Bregma −0.19,Bregma −0.19,BANKSY,8,20,0.00054875391220000002,0.99738815049999996,1
Bregma −0.19,Bregma −0.19,BANKSY,9,10,0,1,1
Bregma −0.19,Bregma −0.19,BANKSY,9,11,0.00050115559399999999,0.99572006940000002,1
Bregma −0.19,Bregma −0.19,BANKSY,9,12,0.0002197881651,0.99691400230000005,1
Bregma −0.19,Bregma −0.19,BANKSY,9,14,0.0005755067597,0.99468164960000005,1
Bregma −0.19,Bregma −0.19,BANKSY,9,16,0.00045914416750000002,0.9959647666,1
Bregma −0.19,Bregma −0.19,BANKSY,9,17,0.00054285930129999995,0.99829000400000001,1
Bregma −0.19,Bregma −0.19,BANKSY,9,19,0.00056244271749999997,0.99857182040000003,1
Bregma −0.19,Bregma −0.19,BANKSY,9,20,3.5590462300000002e-05,0.99804515979999997,1
Bregma −0.19,Bregma −0.19,BANKSY,10,11,0.00050115559399999999,0.99572006940000002,1
Bregma −0.19,Bregma −0.19,BANKSY,10,12,0.0002197881651,0.99691400230000005,1
Bregma −0.19,Bregma −0.19,BANKSY,10,14,0.0005755067597,0.99468164960000005,1
Bregma −0.19,Bregma −0.19,BANKSY,10,16,0.00045914416750000002,0.9959647666,1
Bregma −0.19,Bregma −0.19,BANKSY,10,17,0.00054285930129999995,0.99829000400000001,1
Bregma −0.19,Bregma −0.19,BANKSY,10,19,0.00056244271749999997,0.99857182040000003,1
Bregma −0.19,Bregma −0.19,BANKSY,10,20,3.5590462300000002e-05,0.99804515979999997,1
Bregma −0.19,Bregma −0.19,BANKSY,11,12,0.00072094375900000004,0.99643709130000002,1
Bregma −0.19,Bregma −0.19,BANKSY,11,14,0.001076662354,0.99715616689999997,1
Bregma −0.19,Bregma −0.19,BANKSY,11,16,0.00096029976149999995,0.99738920019999999,1
Bregma −0.19,Bregma −0.19,BANKSY,11,17,0.0010440148949999999,0.99401248330000003,1
Bregma −0.19,Bregma −0.19,BANKSY,11,19,6.1287123509999995e-05,0.99600409580000004,1
Bregma −0.19,Bregma −0.19,BANKSY,11,20,0.00053674605629999998,0.99767112820000003,1
Bregma −0.19,Bregma −0.19,BANKSY,12,14,0.00035571859460000003,0.99776238500000003,1
Bregma −0.19,Bregma −0.19,BANKSY,12,16,0.00023935600249999999,0.99904741109999995,1
Bregma −0.19,Bregma −0.19,BANKSY,12,17,0.00032307113619999998,0.99757063430000004,1
Bregma −0.19,Bregma −0.19,BANKSY,12,19,0.0007822308826,0.99548759450000002,1
Bregma −0.19,Bregma −0.19,BANKSY,12,20,0.00018419770280000001,0.99781329159999999,1
Bregma −0.19,Bregma −0.19,BANKSY,13,15,0.0002178053496,0.99807469969999996,1
Bregma −0.19,Bregma −0.19,BANKSY,13,18,0.00087901080949999997,0.99269925579999996,1
Bregma −0.19,Bregma −0.19,BANKSY,14,16,0.00011636259210000001,0.9987141437,1
Bregma −0.19,Bregma −0.19,BANKSY,14,17,3.26474584e-05,0.99639046789999997,1
Bregma −0.19,Bregma −0.19,BANKSY,14,19,0.0011379494769999999,0.99430713449999997,1
Bregma −0.19,Bregma −0.19,BANKSY,14,20,0.00053991629740000001,0.99662989820000003,1
Bregma −0.19,Bregma −0.19,BANKSY,15,18,0.00066120545990000002,0.99461721940000003,1
Bregma −0.19,Bregma −0.19,BANKSY,16,17,8.3715133710000002e-05,0.99662144860000002,1
Bregma −0.19,Bregma −0.19,BANKSY,16,19,0.001021586885,0.99453866660000001,1
Bregma −0.19,Bregma −0.19,BANKSY,16,20,0.00042355370519999997,0.99686197440000002,1
Bregma −0.19,Bregma −0.19,BANKSY,17,19,0.001105302019,0.99686323880000005,1
Bregma −0.19,Bregma −0.19,BANKSY,17,20,0.00050726883899999996,0.99633616199999997,1
Bregma −0.19,Bregma −0.19,BANKSY,19,20,0.00059803317979999996,0.9976715665,1
Bregma −0.19,Bregma −0.19,SEDR,1,3,0.0082336652749999996,0.71524816140000003,0.93241224789999999
Bregma −0.19,Bregma −0.19,SEDR,1,4,0.012376544999999999,0.60155208599999999,0.91391941389999998
Bregma −0.19,Bregma −0.19,SEDR,1,5,0.018441234720000001,0.80212311179999995,0.95126594330000003
Bregma −0.19,Bregma −0.19,SEDR,1,6,0.01489366933,0.76869674590000003,0.9230769231
Bregma −0.19,Bregma −0.19,SEDR,1,8,0.0041507886550000003,0.80785818129999998,0.95126594330000003
Bregma −0.19,Bregma −0.19,SEDR,1,9,0.01321505247,0.64409240030000003,0.90493468799999999
Bregma −0.19,Bregma −0.19,SEDR,1,10,0.01492628467,0.81529184730000004,0.95126594330000003
Bregma −0.19,Bregma −0.19,SEDR,1,11,0.019660663080000002,0.78440130809999997,0.93241224789999999
Bregma −0.19,Bregma −0.19,SEDR,1,12,0.004784018456,0.75269489830000003,0.94174757279999999
Bregma −0.19,Bregma −0.19,SEDR,1,16,0.01869477781,0.6598963712,0.94193061840000003
Bregma −0.19,Bregma −0.19,SEDR,1,17,0.01102924731,0.65809476879999995,0.9230769231
Bregma −0.19,Bregma −0.19,SEDR,1,18,0.007673935067,0.80252988729999997,0.98019801979999999
Bregma −0.19,Bregma −0.19,SEDR,1,19,0.01038737359,0.79742348350000003,0.94174757279999999
Bregma −0.19,Bregma −0.19,SEDR,1,20,0.0042589926869999999,0.79268743360000005,0.94174757279999999
Bregma −0.19,Bregma −0.19,SEDR,2,4,0.012094170350000001,0.67350648580000005,0.95126594330000003
Bregma −0.19,Bregma −0.19,SEDR,2,5,0.0060294806249999999,0.86155997390000005,0.97049116680000003
Bregma −0.19,Bregma −0.19,SEDR,2,6,0.0095770460129999992,0.84830890699999995,0.96078431369999995
Bregma −0.19,Bregma −0.19,SEDR,2,7,0.0031768028639999999,0.79268948920000004,0.96078431369999995
Bregma −0.19,Bregma −0.19,SEDR,2,9,0.01125566287,0.70020285579999997,0.95126594330000003
Bregma −0.19,Bregma −0.19,SEDR,2,10,0.0095444306749999999,0.87163724769999995,0.97049116680000003
Bregma −0.19,Bregma −0.19,SEDR,2,11,0.0048100522620000002,0.85340950159999995,0.96078431369999995
Bregma −0.19,Bregma −0.19,SEDR,2,12,0.019686696890000001,0.80590041850000005,0.94193061840000003
Bregma −0.19,Bregma −0.19,SEDR,2,13,0.00025573574459999997,0.85607456810000004,0.96078431369999995
Bregma −0.19,Bregma −0.19,SEDR,2,16,0.0057759375310000001,0.60231055450000004,0.96078431369999995
Bregma −0.19,Bregma −0.19,SEDR,2,17,0.01344146804,0.7197449132,0.93241224789999999
Bregma −0.19,Bregma −0.19,SEDR,2,18,0.01679678028,0.82822904389999996,0.96078431369999995
Bregma −0.19,Bregma −0.19,SEDR,2,19,0.01408334176,0.88719337310000002,0.97049116680000003
Bregma −0.19,Bregma −0.19,SEDR,3,8,0.0040828766200000002,0.72021810929999996,0.94193061840000003
Bregma −0.19,Bregma −0.19,SEDR,3,12,0.01301768373,0.69180267470000001,0.93241224789999999
Bregma −0.19,Bregma −0.19,SEDR,3,15,0.018925440839999998,0.83750944490000001,0.96078431369999995
Bregma −0.19,Bregma −0.19,SEDR,3,17,0.01926291258,0.59545931939999996,0.93277310920000001
Bregma −0.19,Bregma −0.19,SEDR,3,18,0.015907600340000001,0.71586238619999998,0.94174757279999999
Bregma −0.19,Bregma −0.19,SEDR,3,19,0.018621038860000001,0.73561321680000002,0.94174757279999999
Bregma −0.19,Bregma −0.19,SEDR,3,20,0.01249265796,0.71672968690000005,0.94174757279999999
Bregma −0.19,Bregma −0.19,SEDR,4,5,0.0060646897240000004,0.63835836700000004,0.92325473879999997
Bregma −0.19,Bregma −0.19,SEDR,4,6,0.0025171243359999999,0.6471814468,0.96078431369999995
Bregma −0.19,Bregma −0.19,SEDR,4,7,0.0089173674849999992,0.59080864649999998,0.8967997123
Bregma −0.19,Bregma −0.19,SEDR,4,8,0.01652733365,0.64197812229999995,0.88696039159999995
Bregma −0.19,Bregma −0.19,SEDR,4,9,0.00083850747709999997,0.7401721,0.8799646955
Bregma −0.19,Bregma −0.19,SEDR,4,10,0.002549739674,0.64752484430000001,0.92378838330000002
Bregma −0.19,Bregma −0.19,SEDR,4,11,0.0072841180870000001,0.62187418139999995,0.93349523629999998
Bregma −0.19,Bregma −0.19,SEDR,4,12,0.0075925265389999996,0.65722967310000002,0.92378838330000002
Bregma −0.19,Bregma −0.19,SEDR,4,13,0.011838434599999999,0.64259444529999998,0.87830687829999998
Bregma −0.19,Bregma −0.19,SEDR,4,16,0.0063182328180000002,0.54328145530000005,0.93277310920000001
Bregma −0.19,Bregma −0.19,SEDR,4,17,0.001347297687,0.64855092910000001,0.80546519189999999
Bregma −0.19,Bregma −0.19,SEDR,4,18,0.0047026099290000001,0.60829727379999998,0.91391941389999998
Bregma −0.19,Bregma −0.19,SEDR,4,19,0.0019891714080000002,0.65514455199999999,0.87797566569999996
Bregma −0.19,Bregma −0.19,SEDR,4,20,0.0081175523089999993,0.64684959720000001,0.87830687829999998
Bregma −0.19,Bregma −0.19,SEDR,5,6,0.0035475653880000001,0.81840421050000001,0.95126594330000003
Bregma −0.19,Bregma −0.19,SEDR,5,7,0.0028526777610000001,0.76494067629999996,0.96078431369999995
Bregma −0.19,Bregma −0.19,SEDR,5,9,0.0052261822469999997,0.67943682500000002,0.93277310920000001
Bregma −0.19,Bregma −0.19,SEDR,5,10,0.00351495005,0.87974292350000005,0.96078431369999995
Bregma −0.19,Bregma −0.19,SEDR,5,11,0.0012194283629999999,0.84935094349999996,0.96078431369999995
Bregma −0.19,Bregma −0.19,SEDR,5,12,0.01365721626,0.80073488999999998,0.96097279629999999
Bregma −0.19,Bregma −0.19,SEDR,5,13,0.0057737448799999999,0.84069238270000002,0.96078431369999995
Bregma −0.19,Bregma −0.19,SEDR,5,16,0.00025354309350000001,0.58820204359999995,0.94174757279999999
Bregma −0.19,Bregma −0.19,SEDR,5,17,0.0074119874120000002,0.68655260979999999,0.94174757279999999
Bregma −0.19,Bregma −0.19,SEDR,5,18,0.010767299649999999,0.82917277810000001,0.95126594330000003
Bregma −0.19,Bregma −0.19,SEDR,5,19,0.0080538611320000002,0.85200844809999998,0.96078431369999995
Bregma −0.19,Bregma −0.19,SEDR,5,20,0.01418224203,0.85422692619999996,0.96078431369999995
Bregma −0.19,Bregma −0.19,SEDR,6,7,0.0064002431489999997,0.74864014229999998,0.95126594330000003
Bregma −0.19,Bregma −0.19,SEDR,6,8,0.019044457989999999,0.81692742060000001,0.94174757279999999
Bregma −0.19,Bregma −0.19,SEDR,6,9,0.001678616859,0.67684550560000001,0.90493468799999999
Bregma −0.19,Bregma −0.19,SEDR,6,10,3.2615337859999999e-05,0.80610716429999996,0.95126594330000003
Bregma −0.19,Bregma −0.19,SEDR,6,11,0.0047669937509999998,0.8194480032,0.96078431369999995
Bregma −0.19,Bregma −0.19,SEDR,6,12,0.010109650879999999,0.763728042,0.96078431369999995
Bregma −0.19,Bregma −0.19,SEDR,6,13,0.009321310268,0.82910179719999999,0.95126594330000003
Bregma −0.19,Bregma −0.19,SEDR,6,16,0.0038011084819999999,0.58556259870000005,0.95126594330000003
Bregma −0.19,Bregma −0.19,SEDR,6,17,0.0038644220230000001,0.67137458640000003,0.89577717879999996
Bregma −0.19,Bregma −0.19,SEDR,6,18,0.0072197342649999996,0.77832624800000005,0.94174757279999999
Bregma −0.19,Bregma −0.19,SEDR,6,19,0.0045062957440000001,0.84073279940000001,0.94193061840000003
Bregma −0.19,Bregma −0.19,SEDR,6,20,0.01063467664,0.8273281441,0.92325473879999997
Bregma −0.19,Bregma −0.19,SEDR,7,9,0.0080788600080000002,0.61116044700000005,0.95126594330000003
Bregma −0.19,Bregma −0.19,SEDR,7,10,0.0063676278109999996,0.79270199320000001,0.97049116680000003
Bregma −0.19,Bregma −0.19,SEDR,7,11,0.001633249398,0.78162702260000005,0.95126594330000003
Bregma −0.19,Bregma −0.19,SEDR,7,12,0.016509894019999999,0.73412439829999998,0.91497159610000001
Bregma −0.19,Bregma −0.19,SEDR,7,13,0.0029210671189999998,0.7766595355,0.96078431369999995
Bregma −0.19,Bregma −0.19,SEDR,7,16,0.0025991346669999998,0.52631746140000002,0.95126594330000003
Bregma −0.19,Bregma −0.19,SEDR,7,17,0.010264665169999999,0.6421222915,0.90545322569999998
Bregma −0.19,Bregma −0.19,SEDR,7,18,0.013619977409999999,0.75638873829999997,0.95126594330000003
Bregma −0.19,Bregma −0.19,SEDR,7,19,0.010906538889999999,0.78017512160000002,0.96078431369999995
Bregma −0.19,Bregma −0.19,SEDR,7,20,0.017034919789999999,0.78538099579999998,0.94174757279999999
Bregma −0.19,Bregma −0.19,SEDR,8,9,0.01736584113,0.70211878439999997,0.97049116680000003
Bregma −0.19,Bregma −0.19,SEDR,8,10,0.019077073319999999,0.84465113359999999,0.93241224789999999
Bregma −0.19,Bregma −0.19,SEDR,8,12,0.0089348071110000003,0.78005197199999998,0.94193061840000003
Bregma −0.19,Bregma −0.19,SEDR,8,17,0.015180035959999999,0.72381420419999998,0.94193061840000003
Bregma −0.19,Bregma −0.19,SEDR,8,18,0.011824723719999999,0.8147735935,0.95126594330000003
Bregma −0.19,Bregma −0.19,SEDR,8,19,0.014538162239999999,0.86227511810000002,0.98019801979999999
Bregma −0.19,Bregma −0.19,SEDR,8,20,0.0084097813419999994,0.87955690909999995,0.97049116680000003
Bregma −0.19,Bregma −0.19,SEDR,9,10,0.0017112321969999999,0.6785584697,0.94193061840000003
Bregma −0.19,Bregma −0.19,SEDR,9,11,0.0064456106100000002,0.65039107679999997,0.92378838330000002
Bregma −0.19,Bregma −0.19,SEDR,9,12,0.0084310340160000004,0.60808883619999998,0.83501683500000001
Bregma −0.19,Bregma −0.19,SEDR,9,13,0.01099992713,0.70183324130000002,0.94193061840000003
Bregma −0.19,Bregma −0.19,SEDR,9,16,0.0054797253410000003,0.59631818719999996,0.87062937060000001
Bregma −0.19,Bregma −0.19,SEDR,9,17,0.0021858051640000001,0.68243282719999998,0.94174757279999999
Bregma −0.19,Bregma −0.19,SEDR,9,18,0.005541117406,0.65514005500000005,0.95126594330000003
Bregma −0.19,Bregma −0.19,SEDR,9,19,0.0028276788850000001,0.70672074119999995,0.95126594330000003
Bregma −0.19,Bregma −0.19,SEDR,9,20,0.0089560597860000001,0.72121279650000003,0.95126594330000003
Bregma −0.19,Bregma −0.19,SEDR,10,11,0.0047343784129999997,0.87120803209999997,0.98019801979999999
Bregma −0.19,Bregma −0.19,SEDR,10,12,0.010142266210000001,0.81126937769999996,0.94174757279999999
Bregma −0.19,Bregma −0.19,SEDR,10,13,0.0092886949309999994,0.85689714930000005,0.96078431369999995
Bregma −0.19,Bregma −0.19,SEDR,10,16,0.0037684931439999998,0.59469063089999996,0.95126594330000003
Bregma −0.19,Bregma −0.19,SEDR,10,17,0.0038970373610000002,0.70761835019999997,0.91391941389999998
Bregma −0.19,Bregma −0.19,SEDR,10,18,0.0072523496029999997,0.84024086310000001,0.96078431369999995
Bregma −0.19,Bregma −0.19,SEDR,10,19,0.0045389110820000002,0.85715612649999995,0.95126594330000003
Bregma −0.19,Bregma −0.19,SEDR,10,20,0.01066729198,0.85730945030000005,0.94193061840000003
Bregma −0.19,Bregma −0.19,SEDR,11,12,0.01487664463,0.79650271350000001,0.94174757279999999
Bregma −0.19,Bregma −0.19,SEDR,11,13,0.0045543165179999998,0.85516151770000004,0.95126594330000003
Bregma −0.19,Bregma −0.19,SEDR,11,16,0.00096588526909999997,0.58509806180000001,0.93277310920000001
Bregma −0.19,Bregma −0.19,SEDR,11,17,0.0086314157739999994,0.68755612320000004,0.90476190479999996
Bregma −0.19,Bregma −0.19,SEDR,11,18,0.01198672802,0.80642441440000001,0.95126594330000003
Bregma −0.19,Bregma −0.19,SEDR,11,19,0.0092732894949999999,0.8442610492,0.95126594330000003
Bregma −0.19,Bregma −0.19,SEDR,11,20,0.015401670399999999,0.82802737459999998,0.94193061840000003
Bregma −0.19,Bregma −0.19,SEDR,12,13,0.019430961140000001,0.78476491420000005,0.95126594330000003
Bregma −0.19,Bregma −0.19,SEDR,12,16,0.01391075936,0.52329341460000001,0.90493468799999999
Bregma −0.19,Bregma −0.19,SEDR,12,17,0.0062452288520000003,0.64448592859999998,0.82835197859999998
Bregma −0.19,Bregma −0.19,SEDR,12,18,0.0028899166099999999,0.7638599398,0.94174757279999999
Bregma −0.19,Bregma −0.19,SEDR,12,19,0.0056033551309999999,0.79467699839999995,0.96097279629999999
Bregma −0.19,Bregma −0.19,SEDR,12,20,0.0005250257695,0.77186896729999999,0.94174757279999999
Bregma −0.19,Bregma −0.19,SEDR,13,16,0.0055202017869999996,0.59128340049999994,0.91427001279999998
Bregma −0.19,Bregma −0.19,SEDR,13,17,0.01318573229,0.71971706960000004,0.94193061840000003
Bregma −0.19,Bregma −0.19,SEDR,13,18,0.01654104453,0.82698215450000001,0.96078431369999995
Bregma −0.19,Bregma −0.19,SEDR,13,19,0.01382760601,0.8715435802,0.96078431369999995
Bregma −0.19,Bregma −0.19,SEDR,13,20,0.019955986910000001,0.86408733930000003,0.98019801979999999
Bregma −0.19,Bregma −0.19,SEDR,16,17,0.0076655305050000004,0.5421902207,0.86981214500000004
Bregma −0.19,Bregma −0.19,SEDR,16,18,0.011020842750000001,0.5709057743,0.9230769231
Bregma −0.19,Bregma −0.19,SEDR,16,19,0.0083074042260000008,0.58193425730000004,0.90493468799999999
Bregma −0.19,Bregma −0.19,SEDR,16,20,0.01443578513,0.61128241009999995,0.91427001279999998
Bregma −0.19,Bregma −0.19,SEDR,17,18,0.003355312242,0.67117839810000002,0.94193061840000003
Bregma −0.19,Bregma −0.19,SEDR,17,19,0.00064187372059999997,0.72331486909999998,0.95126594330000003
Bregma −0.19,Bregma −0.19,SEDR,17,20,0.0067702546210000004,0.73457010739999995,0.95126594330000003
Bregma −0.19,Bregma −0.19,SEDR,18,19,0.002713438521,0.8177834289,0.95126594330000003
Bregma −0.19,Bregma −0.19,SEDR,18,20,0.00341494238,0.83093182840000002,0.96078431369999995
Bregma −0.19,Bregma −0.19,SEDR,19,20,0.0061283809010000004,0.88385732179999998,0.97049116680000003
Bregma −0.24,Bregma −0.24,GraphST,1,2,0.003456264471,0.44876914089999997,0.9230769231
Bregma −0.24,Bregma −0.24,GraphST,1,4,0.01348650329,0.47900803930000002,0.92325473879999997
Bregma −0.24,Bregma −0.24,GraphST,1,12,0.0001885092968,0.49034144239999999,0.90493468799999999
Bregma −0.24,Bregma −0.24,GraphST,1,14,0.0063114580900000003,0.52908817819999998,0.9230769231
Bregma −0.24,Bregma −0.24,GraphST,1,19,0.0066100984089999997,0.62333872300000004,0.95126594330000003
Bregma −0.24,Bregma −0.24,GraphST,2,4,0.016942767760000001,0.42005438569999998,0.92325473879999997
Bregma −0.24,Bregma −0.24,GraphST,2,12,0.003267755175,0.46258039719999999,0.86082741910000005
Bregma −0.24,Bregma −0.24,GraphST,2,14,0.0097677225619999999,0.42529684690000003,0.89577717879999996
Bregma −0.24,Bregma −0.24,GraphST,2,19,0.010066362880000001,0.44405736169999999,0.91391941389999998
Bregma −0.24,Bregma −0.24,GraphST,3,4,0.016169937150000001,0.60466359410000003,0.92325473879999997
Bregma −0.24,Bregma −0.24,GraphST,3,7,0.0034607338730000001,0.49984735190000001,0.94174757279999999
Bregma −0.24,Bregma −0.24,GraphST,3,9,0.0029680588190000002,0.62741959079999998,0.93241224789999999
Bregma −0.24,Bregma −0.24,GraphST,3,10,0.00081727063430000004,0.48464629120000002,0.94193061840000003
Bregma −0.24,Bregma −0.24,GraphST,3,13,0.0084589434019999993,0.65200240009999999,0.9230769231
Bregma −0.24,Bregma −0.24,GraphST,3,18,0.002660588161,0.56700196960000004,0.93241224789999999
Bregma −0.24,Bregma −0.24,GraphST,3,20,0.0034215448529999999,0.51947953099999999,0.94174757279999999
Bregma −0.24,Bregma −0.24,GraphST,4,7,0.01963067102,0.46080245520000002,0.90493468799999999
Bregma −0.24,Bregma −0.24,GraphST,4,9,0.019137995960000001,0.66133420740000004,0.92325473879999997
Bregma −0.24,Bregma −0.24,GraphST,4,10,0.01535266651,0.49422683899999997,0.94174757279999999
Bregma −0.24,Bregma −0.24,GraphST,4,12,0.01367501258,0.49845427399999997,0.9230769231
Bregma −0.24,Bregma −0.24,GraphST,4,14,0.0071750451959999998,0.48057155169999999,0.93241224789999999
Bregma −0.24,Bregma −0.24,GraphST,4,18,0.018830525309999999,0.524386986,0.91391941389999998
Bregma −0.24,Bregma −0.24,GraphST,4,19,0.0068764048770000004,0.51242518930000003,0.90493468799999999
Bregma −0.24,Bregma −0.24,GraphST,4,20,0.01274839229,0.48921928809999998,0.91391941389999998
Bregma −0.24,Bregma −0.24,GraphST,5,6,0.01007988762,0.55493762319999995,0.94174757279999999
Bregma −0.24,Bregma −0.24,GraphST,5,8,0.0123066978,0.58180066959999999,0.92325473879999997
Bregma −0.24,Bregma −0.24,GraphST,5,11,0.0071506041930000002,0.56200491990000001,0.95126594330000003
Bregma −0.24,Bregma −0.24,GraphST,5,15,0.0016516745010000001,0.55737660239999998,0.96078431369999995
Bregma −0.24,Bregma −0.24,GraphST,6,8,0.0022268101870000002,0.58170405599999997,0.93241224789999999
Bregma −0.24,Bregma −0.24,GraphST,6,11,0.017230491810000002,0.61011862350000001,0.94174757279999999
Bregma −0.24,Bregma −0.24,GraphST,6,15,0.0084282131159999999,0.53835586209999997,0.95126594330000003
Bregma −0.24,Bregma −0.24,GraphST,7,9,0.00049267505450000003,0.46060506559999997,0.91497159610000001
Bregma −0.24,Bregma −0.24,GraphST,7,10,0.0042780045070000003,0.56206356570000005,0.97049116680000003
Bregma −0.24,Bregma −0.24,GraphST,7,11,0.01787196865,0.54112994339999998,0.9230769231
Bregma −0.24,Bregma −0.24,GraphST,7,13,0.004998209529,0.47798595399999999,0.9230769231
Bregma −0.24,Bregma −0.24,GraphST,7,18,0.00080014571179999995,0.52243421609999996,0.94174757279999999
Bregma −0.24,Bregma −0.24,GraphST,7,20,0.0068822787260000001,0.58835010259999998,0.94174757279999999
Bregma −0.24,Bregma −0.24,GraphST,8,11,0.019457301999999999,0.60063979050000005,0.9230769231
Bregma −0.24,Bregma −0.24,GraphST,8,15,0.0106550233,0.58126970440000003,0.93241224789999999
Bregma −0.24,Bregma −0.24,GraphST,9,10,0.003785329453,0.44852524259999998,0.90545322569999998
Bregma −0.24,Bregma −0.24,GraphST,9,11,0.018364643699999999,0.52908714040000004,0.91391941389999998
Bregma −0.24,Bregma −0.24,GraphST,9,13,0.0054908845830000004,0.63887687280000005,0.90493468799999999
Bregma −0.24,Bregma −0.24,GraphST,9,18,0.00030747065729999997,0.56719283760000005,0.94174757279999999
Bregma −0.24,Bregma −0.24,GraphST,9,20,0.0063896036719999997,0.49021868689999998,0.90493468799999999
Bregma −0.24,Bregma −0.24,GraphST,10,13,0.0092762140359999995,0.44303414099999999,0.90493468799999999
Bregma −0.24,Bregma −0.24,GraphST,10,18,0.0034778587960000002,0.51875174099999999,0.96078431369999995
Bregma −0.24,Bregma −0.24,GraphST,10,20,0.0026042742190000002,0.60093601870000002,0.96078431369999995
Bregma −0.24,Bregma −0.24,GraphST,11,13,0.01287375912,0.53544157810000004,0.91391941389999998
Bregma −0.24,Bregma −0.24,GraphST,11,15,0.0088022786950000004,0.54751047490000004,0.93241224789999999
Bregma −0.24,Bregma −0.24,GraphST,11,18,0.018672114359999999,0.5586420822,0.93241224789999999
Bregma −0.24,Bregma −0.24,GraphST,12,14,0.0064999673870000003,0.45948996930000002,0.90476190479999996
Bregma −0.24,Bregma −0.24,GraphST,12,19,0.0067986077059999997,0.4592254315,0.94174757279999999
Bregma −0.24,Bregma −0.24,GraphST,13,18,0.0057983552410000002,0.54598228260000004,0.91391941389999998
Bregma −0.24,Bregma −0.24,GraphST,13,20,0.01188048825,0.4972440085,0.90476190479999996
Bregma −0.24,Bregma −0.24,GraphST,14,19,0.00029864031909999998,0.56081060069999999,0.94174757279999999
Bregma −0.24,Bregma −0.24,GraphST,14,20,0.019923437490000001,0.49936078280000001,0.91391941389999998
Bregma −0.24,Bregma −0.24,GraphST,18,20,0.0060821330139999999,0.55965588610000006,0.94174757279999999
Bregma −0.24,Bregma −0.24,GraphST,19,20,0.01962479717,0.62687697279999999,0.93241224789999999
Bregma −0.24,Bregma −0.24,STAGATE,1,11,0.0038640114939999999,0.54487109730000005,0.81028833550000001
Bregma −0.24,Bregma −0.24,STAGATE,1,13,0.01145497858,0.56891692279999995,0.82743658210000004
Bregma −0.24,Bregma −0.24,STAGATE,1,15,0.019181482239999999,0.55061328060000003,0.85185185190000001
Bregma −0.24,Bregma −0.24,STAGATE,3,12,0.0073557836019999996,0.73353597140000004,0.94174757279999999
Bregma −0.24,Bregma −0.24,STAGATE,3,13,0.018544751030000001,0.57479008870000003,0.87797566569999996
Bregma −0.24,Bregma −0.24,STAGATE,3,14,0.015207644419999999,0.67418948249999999,0.91391941389999998
Bregma −0.24,Bregma −0.24,STAGATE,3,15,0.01081824738,0.51352486529999997,0.84367034829999998
Bregma −0.24,Bregma −0.24,STAGATE,3,17,0.01157407574,0.69922942109999997,0.93241224789999999
Bregma −0.24,Bregma −0.24,STAGATE,3,18,9.3816112759999998e-05,0.61977633809999999,0.88679245279999996
Bregma −0.24,Bregma −0.24,STAGATE,4,8,0.010990785879999999,0.71222740790000005,0.92325473879999997
Bregma −0.24,Bregma −0.24,STAGATE,4,16,0.019874568700000001,0.58777056380000003,0.89577717879999996
Bregma −0.24,Bregma −0.24,STAGATE,5,6,0.0095898125380000001,0.6301535801,0.82058920889999998
Bregma −0.24,Bregma −0.24,STAGATE,5,14,0.01466994133,0.76098946909999998,0.95126594330000003
Bregma −0.24,Bregma −0.24,STAGATE,5,17,0.018303510009999999,0.78337326910000005,0.94174757279999999
Bregma −0.24,Bregma −0.24,STAGATE,5,19,0.0035815675930000001,0.82711926130000002,0.93241224789999999
Bregma −0.24,Bregma −0.24,STAGATE,5,20,0.019973867740000002,0.62873230690000004,0.90476190479999996
Bregma −0.24,Bregma −0.24,STAGATE,6,12,0.01293198961,0.83614039819999997,0.8967997123
Bregma −0.24,Bregma −0.24,STAGATE,6,14,0.00508012879,0.71077676410000001,0.81444991789999999
Bregma −0.24,Bregma −0.24,STAGATE,6,17,0.0087136974700000001,0.68610142249999995,0.82957393479999997
Bregma −0.24,Bregma −0.24,STAGATE,6,19,0.01317138013,0.67754965990000005,0.82360742710000001
Bregma −0.24,Bregma −0.24,STAGATE,7,9,0.0072100561399999997,0.51257395250000004,0.8108816781
Bregma −0.24,Bregma −0.24,STAGATE,7,10,0.018626529400000001,0.48347620959999998,0.7704661183
Bregma −0.24,Bregma −0.24,STAGATE,7,16,0.001739808009,0.59894220750000005,0.78699641009999999
Bregma −0.24,Bregma −0.24,STAGATE,9,10,0.011416473260000001,0.6066030362,0.78062678060000001
Bregma −0.24,Bregma −0.24,STAGATE,9,16,0.0089498641489999999,0.63581294129999999,0.86932215229999998
Bregma −0.24,Bregma −0.24,STAGATE,11,13,0.015318990080000001,0.67886853189999996,0.95126594330000003
Bregma −0.24,Bregma −0.24,STAGATE,12,14,0.0078518608150000002,0.74642672450000003,0.89577717879999996
Bregma −0.24,Bregma −0.24,STAGATE,12,15,0.018174030979999999,0.50820539170000001,0.83501683500000001
Bregma −0.24,Bregma −0.24,STAGATE,12,17,0.0042182921350000001,0.72487697709999999,0.90476190479999996
Bregma −0.24,Bregma −0.24,STAGATE,12,18,0.0074495997149999996,0.6299445508,0.86932215229999998
Bregma −0.24,Bregma −0.24,STAGATE,13,15,0.0077265036529999996,0.49645444010000001,0.7862838915
Bregma −0.24,Bregma −0.24,STAGATE,13,18,0.018450934919999998,0.63392385110000005,0.86147186149999999
Bregma −0.24,Bregma −0.24,STAGATE,14,17,0.0036335686800000001,0.79958396840000001,0.93241224789999999
Bregma −0.24,Bregma −0.24,STAGATE,14,18,0.01530146053,0.7580492191,0.91391941389999998
Bregma −0.24,Bregma −0.24,STAGATE,14,19,0.018251508919999999,0.79987876579999995,0.94193061840000003
Bregma −0.24,Bregma −0.24,STAGATE,15,18,0.01072443126,0.5508338787,0.83486238530000001
Bregma −0.24,Bregma −0.24,STAGATE,17,18,0.011667891850000001,0.66345148639999996,0.90476190479999996
Bregma −0.24,Bregma −0.24,STAGATE,19,20,0.01639230014,0.67805042930000003,0.89577717879999996
Bregma −0.24,Bregma −0.24,SpaGCN,1,2,0.016495187729999999,0.52821654110000005,0.91427001279999998
Bregma −0.24,Bregma −0.24,SpaGCN,1,6,0.017399734159999999,0.51692397779999999,0.9230769231
Bregma −0.24,Bregma −0.24,SpaGCN,1,7,0.0053438537079999997,0.46658190459999999,0.90493468799999999
Bregma −0.24,Bregma −0.24,SpaGCN,1,12,0.01979383514,0.54789286250000002,0.95126594330000003
Bregma −0.24,Bregma −0.24,SpaGCN,1,20,0.01932673545,0.4803218802,0.93241224789999999
Bregma −0.24,Bregma −0.24,SpaGCN,2,18,0.004738233893,0.67963128569999998,0.97049116680000003
Bregma −0.24,Bregma −0.24,SpaGCN,3,4,0.017932791430000001,0.45550667249999999,0.93277310920000001
Bregma −0.24,Bregma −0.24,SpaGCN,3,5,0.016680448390000002,0.46950990310000001,0.97049116680000003
Bregma −0.24,Bregma −0.24,SpaGCN,3,8,0.01704948689,0.57335217589999998,0.97049116680000003
Bregma −0.24,Bregma −0.24,SpaGCN,4,10,0.012107089850000001,0.48088688969999999,0.93241224789999999
Bregma −0.24,Bregma −0.24,SpaGCN,4,15,0.015353712679999999,0.4395213194,0.94193061840000003
Bregma −0.24,Bregma −0.24,SpaGCN,4,16,0.01093965096,0.45155446459999998,0.95126594330000003
Bregma −0.24,Bregma −0.24,SpaGCN,5,8,0.00036903849570000001,0.52169790459999998,0.96078431369999995
Bregma −0.24,Bregma −0.24,SpaGCN,5,13,0.013549928649999999,0.57777603020000001,0.97049116680000003
Bregma −0.24,Bregma −0.24,SpaGCN,5,14,0.019308130329999999,0.54374187860000001,0.94174757279999999
Bregma −0.24,Bregma −0.24,SpaGCN,5,19,0.0087392569989999998,0.62599512710000005,0.96078431369999995
Bregma −0.24,Bregma −0.24,SpaGCN,6,7,0.012055880450000001,0.68478857230000001,0.97049116680000003
Bregma −0.24,Bregma −0.24,SpaGCN,6,11,0.0078954235610000003,0.38048239890000002,0.93241224789999999
Bregma −0.24,Bregma −0.24,SpaGCN,6,12,0.0023941009830000001,0.56337246549999997,0.94174757279999999
Bregma −0.24,Bregma −0.24,SpaGCN,6,17,0.019786925380000001,0.56123425380000003,0.97049116680000003
Bregma −0.24,Bregma −0.24,SpaGCN,6,20,0.0019270012939999999,0.51663178369999996,0.96078431369999995
Bregma −0.24,Bregma −0.24,SpaGCN,7,11,0.01995130401,0.42667088809999998,0.95126594330000003
Bregma −0.24,Bregma −0.24,SpaGCN,7,12,0.01444998143,0.54521320559999997,0.96097279629999999
Bregma −0.24,Bregma −0.24,SpaGCN,7,20,0.01398288174,0.54161687069999997,0.96078431369999995
Bregma −0.24,Bregma −0.24,SpaGCN,8,13,0.013180890149999999,0.48884290400000002,0.95163747139999999
Bregma −0.24,Bregma −0.24,SpaGCN,8,14,0.018939091830000001,0.54638377149999995,0.95163747139999999
Bregma −0.24,Bregma −0.24,SpaGCN,8,19,0.0083702185029999997,0.59591539940000005,0.97049116680000003
Bregma −0.24,Bregma −0.24,SpaGCN,10,15,0.0032466228299999999,0.56082497239999995,0.91391941389999998
Bregma −0.24,Bregma −0.24,SpaGCN,10,16,0.0011674388929999999,0.44559350889999999,0.9230769231
Bregma −0.24,Bregma −0.24,SpaGCN,11,12,0.0055013225779999998,0.37874652800000003,0.92378838330000002
Bregma −0.24,Bregma −0.24,SpaGCN,11,14,0.018218868419999999,0.3518797501,0.8967997123
Bregma −0.24,Bregma −0.24,SpaGCN,11,17,0.011891501820000001,0.40308651309999999,0.94193061840000003
Bregma −0.24,Bregma −0.24,SpaGCN,11,20,0.0059684222670000004,0.47451615879999998,0.96078431369999995
Bregma −0.24,Bregma −0.24,SpaGCN,12,17,0.0173928244,0.56357620500000005,0.96097279629999999
Bregma −0.24,Bregma −0.24,SpaGCN,12,20,0.00046709968900000002,0.56852473429999995,0.96078431369999995
Bregma −0.24,Bregma −0.24,SpaGCN,13,14,0.0057582016810000004,0.56539816279999999,0.97049116680000003
Bregma −0.24,Bregma −0.24,SpaGCN,13,17,0.01208556828,0.46906320959999998,0.94193061840000003
Bregma −0.24,Bregma −0.24,SpaGCN,13,19,0.0048106716499999999,0.53148784329999998,0.94193061840000003
Bregma −0.24,Bregma −0.24,SpaGCN,14,17,0.0063273665969999998,0.47867716980000002,0.93241224789999999
Bregma −0.24,Bregma −0.24,SpaGCN,14,19,0.010568873330000001,0.56005176800000001,0.94193061840000003
Bregma −0.24,Bregma −0.24,SpaGCN,15,16,0.0044140617229999997,0.44148844910000001,0.93277310920000001
Bregma −0.24,Bregma −0.24,SpaGCN,17,19,0.016896239930000001,0.49784787699999999,0.94174757279999999
Bregma −0.24,Bregma −0.24,SpaGCN,17,20,0.01785992409,0.6415772837,0.96078431369999995
Bregma −0.24,Bregma −0.24,BANKSY,1,12,0,1,1
Bregma −0.24,Bregma −0.24,BANKSY,1,13,0,1,1
Bregma −0.24,Bregma −0.24,BANKSY,2,5,0.00013383939930000001,0.98867275850000003,1
Bregma −0.24,Bregma −0.24,BANKSY,2,8,0.018935000739999999,0.70339807970000001,1
Bregma −0.24,Bregma −0.24,BANKSY,2,15,0.001587423963,0.54083354660000005,0.98019801979999999
Bregma −0.24,Bregma −0.24,BANKSY,2,16,0.01412017107,0.5989070152,0.98019801979999999
Bregma −0.24,Bregma −0.24,BANKSY,2,17,0.0088559883230000004,0.93899833899999996,0.99009900989999999
Bregma −0.24,Bregma −0.24,BANKSY,2,19,0.007428945472,0.64522584760000001,0.99009900989999999
Bregma −0.24,Bregma −0.24,BANKSY,2,20,0.018115636800000001,0.7019462461,1
Bregma −0.24,Bregma −0.24,BANKSY,3,4,0.0015938537489999999,0.9723316581,1
Bregma −0.24,Bregma −0.24,BANKSY,3,6,1.9911274189999999e-05,0.99881131609999996,1
Bregma −0.24,Bregma −0.24,BANKSY,3,7,0.00018224192659999999,0.99841501990000003,1
Bregma −0.24,Bregma −0.24,BANKSY,3,8,0.0039757499560000003,0.63407991109999995,0.98019801979999999
Bregma −0.24,Bregma −0.24,BANKSY,3,9,0.00069338863679999996,0.99614653669999997,1
Bregma −0.24,Bregma −0.24,BANKSY,3,10,0.0015938537489999999,0.9723316581,1
Bregma −0.24,Bregma −0.24,BANKSY,3,11,0.00062024588380000004,0.98936962289999997,1
Bregma −0.24,Bregma −0.24,BANKSY,3,14,0.001265079683,0.7580711779,0.98019801979999999
Bregma −0.24,Bregma −0.24,BANKSY,3,16,0.0087905796200000007,0.92461062719999998,0.98019801979999999
Bregma −0.24,Bregma −0.24,BANKSY,3,17,0.01405476237,0.65809279279999999,0.98019801979999999
Bregma −0.24,Bregma −0.24,BANKSY,3,18,1.9911274189999999e-05,0.99881131609999996,1
Bregma −0.24,Bregma −0.24,BANKSY,3,19,0.01548180522,0.58722115529999996,0.98019801979999999
Bregma −0.24,Bregma −0.24,BANKSY,3,20,0.0047951138889999996,0.63385920969999998,0.98019801979999999
Bregma −0.24,Bregma −0.24,BANKSY,4,6,0.0015739424750000001,0.97173448179999999,1
Bregma −0.24,Bregma −0.24,BANKSY,4,7,0.001776095676,0.97328297630000005,1
Bregma −0.24,Bregma −0.24,BANKSY,4,8,0.0023818962070000001,0.63956369199999996,0.97049116680000003
Bregma −0.24,Bregma −0.24,BANKSY,4,9,0.00090046511250000002,0.97204983960000002,1
Bregma −0.24,Bregma −0.24,BANKSY,4,10,0,1,1
Bregma −0.24,Bregma −0.24,BANKSY,4,11,0.00097360786539999996,0.96311567870000003,1
Bregma −0.24,Bregma −0.24,BANKSY,4,14,0.0028589334320000001,0.77378225099999998,0.97049116680000003
Bregma −0.24,Bregma −0.24,BANKSY,4,16,0.0071967258709999997,0.90815035030000002,0.99009900989999999
Bregma −0.24,Bregma −0.24,BANKSY,4,17,0.012460908620000001,0.67115005650000004,0.97049116680000003
Bregma −0.24,Bregma −0.24,BANKSY,4,18,0.0015739424750000001,0.97173448179999999,1
Bregma −0.24,Bregma −0.24,BANKSY,4,19,0.01388795147,0.58298918170000003,0.97049116680000003
Bregma −0.24,Bregma −0.24,BANKSY,4,20,0.0032012601399999999,0.63930514189999998,0.97049116680000003
Bregma −0.24,Bregma −0.24,BANKSY,5,8,0.018801161340000001,0.69969527929999997,1
Bregma −0.24,Bregma −0.24,BANKSY,5,15,0.0017212633620000001,0.53966381990000001,0.98019801979999999
Bregma −0.24,Bregma −0.24,BANKSY,5,16,0.013986331669999999,0.59818620020000002,0.98019801979999999
Bregma −0.24,Bregma −0.24,BANKSY,5,17,0.0087221489240000005,0.93572373340000004,1
Bregma −0.24,Bregma −0.24,BANKSY,5,19,0.0072951060730000001,0.64960114830000004,0.99009900989999999
Bregma −0.24,Bregma −0.24,BANKSY,5,20,0.01798179741,0.69827304550000002,1
Bregma −0.24,Bregma −0.24,BANKSY,6,7,0.0002021532008,0.99841505109999995,1
Bregma −0.24,Bregma −0.24,BANKSY,6,8,0.0039558386819999996,0.63417685660000001,0.98019801979999999
Bregma −0.24,Bregma −0.24,BANKSY,6,9,0.00067347736259999996,0.99496194819999995,1
Bregma −0.24,Bregma −0.24,BANKSY,6,10,0.0015739424750000001,0.97173448179999999,1
Bregma −0.24,Bregma −0.24,BANKSY,6,11,0.00060033460960000004,0.98818530410000005,1
Bregma −0.24,Bregma −0.24,BANKSY,6,14,0.001284990957,0.75857212289999998,0.98019801979999999
Bregma −0.24,Bregma −0.24,BANKSY,6,16,0.008770668346,0.92346716969999998,0.98019801979999999
Bregma −0.24,Bregma −0.24,BANKSY,6,17,0.014034851100000001,0.65840026730000001,0.98019801979999999
Bregma −0.24,Bregma −0.24,BANKSY,6,18,0,1,1
Bregma −0.24,Bregma −0.24,BANKSY,6,19,0.01546189395,0.5876762069,0.98019801979999999
Bregma −0.24,Bregma −0.24,BANKSY,6,20,0.0047752026149999998,0.63395326569999999,0.98019801979999999
Bregma −0.24,Bregma −0.24,BANKSY,7,8,0.0041579918830000001,0.63446313730000004,0.98019801979999999
Bregma −0.24,Bregma −0.24,BANKSY,7,9,0.00087563056340000001,0.99456659859999996,1
Bregma −0.24,Bregma −0.24,BANKSY,7,10,0.001776095676,0.97328297630000005,1
Bregma −0.24,Bregma −0.24,BANKSY,7,11,0.00080248781039999998,0.98779651680000002,1
Bregma −0.24,Bregma −0.24,BANKSY,7,14,0.0010828377559999999,0.75884022659999995,0.98019801979999999
Bregma −0.24,Bregma −0.24,BANKSY,7,16,0.0089728215469999997,0.92311357599999999,0.98019801979999999
Bregma −0.24,Bregma −0.24,BANKSY,7,17,0.0142370043,0.65878564159999997,0.98019801979999999
Bregma −0.24,Bregma −0.24,BANKSY,7,18,0.0002021532008,0.99841505109999995,1
Bregma −0.24,Bregma −0.24,BANKSY,7,19,0.015664047149999999,0.58740732539999996,0.98019801979999999
Bregma −0.24,Bregma −0.24,BANKSY,7,20,0.0049773558160000004,0.63423947970000005,0.98019801979999999
Bregma −0.24,Bregma −0.24,BANKSY,8,9,0.0032823613190000002,0.63299839229999999,0.98019801979999999
Bregma −0.24,Bregma −0.24,BANKSY,8,10,0.0023818962070000001,0.63956369199999996,0.97049116680000003
Bregma −0.24,Bregma −0.24,BANKSY,8,11,0.0033555040720000002,0.63193303840000004,0.98019801979999999
Bregma −0.24,Bregma −0.24,BANKSY,8,14,0.0052408296390000003,0.73868255049999998,1
Bregma −0.24,Bregma −0.24,BANKSY,8,16,0.0048148296639999996,0.61243861919999998,0.98019801979999999
Bregma −0.24,Bregma −0.24,BANKSY,8,17,0.010079012409999999,0.71580152200000002,0.99009900989999999
Bregma −0.24,Bregma −0.24,BANKSY,8,18,0.0039558386819999996,0.63417685660000001,0.98019801979999999
Bregma −0.24,Bregma −0.24,BANKSY,8,19,0.011506055269999999,0.53616067990000005,0.99009900989999999
Bregma −0.24,Bregma −0.24,BANKSY,8,20,0.00081936393299999999,0.99459263470000003,1
Bregma −0.24,Bregma −0.24,BANKSY,9,10,0.00090046511250000002,0.97204983960000002,1
Bregma −0.24,Bregma −0.24,BANKSY,9,11,7.3142752949999996e-05,0.99083567240000003,1
Bregma −0.24,Bregma −0.24,BANKSY,9,14,0.0019584683190000001,0.75732813470000004,0.98019801979999999
Bregma −0.24,Bregma −0.24,BANKSY,9,16,0.0080971909840000002,0.92827780400000004,0.98019801979999999
Bregma −0.24,Bregma −0.24,BANKSY,9,17,0.013361373730000001,0.65660379270000002,0.98019801979999999
Bregma −0.24,Bregma −0.24,BANKSY,9,18,0.00067347736259999996,0.99496194819999995,1
Bregma −0.24,Bregma −0.24,BANKSY,9,19,0.01478841658,0.58650176399999998,0.98019801979999999
Bregma −0.24,Bregma −0.24,BANKSY,9,20,0.0041017252520000004,0.6327841166,0.98019801979999999
Bregma −0.24,Bregma −0.24,BANKSY,10,11,0.00097360786539999996,0.96311567870000003,1
Bregma −0.24,Bregma −0.24,BANKSY,10,14,0.0028589334320000001,0.77378225099999998,0.97049116680000003
Bregma −0.24,Bregma −0.24,BANKSY,10,16,0.0071967258709999997,0.90815035030000002,0.99009900989999999
Bregma −0.24,Bregma −0.24,BANKSY,10,17,0.012460908620000001,0.67115005650000004,0.97049116680000003
Bregma −0.24,Bregma −0.24,BANKSY,10,18,0.0015739424750000001,0.97173448179999999,1
Bregma −0.24,Bregma −0.24,BANKSY,10,19,0.01388795147,0.58298918170000003,0.97049116680000003
Bregma −0.24,Bregma −0.24,BANKSY,10,20,0.0032012601399999999,0.63930514189999998,0.97049116680000003
Bregma −0.24,Bregma −0.24,BANKSY,11,14,0.0018853255660000001,0.75174337629999999,0.98019801979999999
Bregma −0.24,Bregma −0.24,BANKSY,11,16,0.0081703337360000006,0.93018775070000004,0.98019801979999999
Bregma −0.24,Bregma −0.24,BANKSY,11,17,0.013434516489999999,0.6531146444,0.98019801979999999
Bregma −0.24,Bregma −0.24,BANKSY,11,18,0.00060033460960000004,0.98818530410000005,1
Bregma −0.24,Bregma −0.24,BANKSY,11,19,0.01486155934,0.58782609519999995,0.98019801979999999
Bregma −0.24,Bregma −0.24,BANKSY,11,20,0.0041748680050000004,0.63172481179999995,0.98019801979999999
Bregma −0.24,Bregma −0.24,BANKSY,12,13,0,1,1
Bregma −0.24,Bregma −0.24,BANKSY,14,16,0.0100556593,0.71713767890000002,0.98019801979999999
Bregma −0.24,Bregma −0.24,BANKSY,14,17,0.015319842050000001,0.83460811359999998,0.99009900989999999
Bregma −0.24,Bregma −0.24,BANKSY,14,18,0.001284990957,0.75857212289999998,0.98019801979999999
Bregma −0.24,Bregma −0.24,BANKSY,14,19,0.016746884900000002,0.58110642909999999,0.99009900989999999
Bregma −0.24,Bregma −0.24,BANKSY,14,20,0.0060601935719999996,0.7375689849,1
Bregma −0.24,Bregma −0.24,BANKSY,15,16,0.015707595040000001,0.78282497429999998,1
Bregma −0.24,Bregma −0.24,BANKSY,15,17,0.010443412290000001,0.56215375889999997,0.99009900989999999
Bregma −0.24,Bregma −0.24,BANKSY,15,19,0.0090163694349999993,0.61103929369999999,0.99009900989999999
Bregma −0.24,Bregma −0.24,BANKSY,15,20,0.019703060769999999,0.59064283610000001,0.98019801979999999
Bregma −0.24,Bregma −0.24,BANKSY,16,17,0.0052641827499999997,0.62198605630000003,0.98019801979999999
Bregma −0.24,Bregma −0.24,BANKSY,16,18,0.008770668346,0.92346716969999998,0.98019801979999999
Bregma −0.24,Bregma −0.24,BANKSY,16,19,0.0066912256010000001,0.58292990590000004,0.99009900989999999
Bregma −0.24,Bregma −0.24,BANKSY,16,20,0.0039954657310000002,0.61250774600000002,0.98019801979999999
Bregma −0.24,Bregma −0.24,BANKSY,17,18,0.014034851100000001,0.65840026730000001,0.98019801979999999
Bregma −0.24,Bregma −0.24,BANKSY,17,19,0.001427042851,0.62221076180000001,0.98019801979999999
Bregma −0.24,Bregma −0.24,BANKSY,17,20,0.0092596484819999995,0.71423747859999998,0.99009900989999999
Bregma −0.24,Bregma −0.24,BANKSY,18,19,0.01546189395,0.5876762069,0.98019801979999999
Bregma −0.24,Bregma −0.24,BANKSY,18,20,0.0047752026149999998,0.63395326569999999,0.98019801979999999
Bregma −0.24,Bregma −0.24,BANKSY,19,20,0.010686691329999999,0.53523225029999999,0.99009900989999999
Bregma −0.24,Bregma −0.24,SEDR,1,2,0.018840907850000001,0.61098306040000006,0.89782334949999998
Bregma −0.24,Bregma −0.24,SEDR,1,3,0.0033086333649999999,0.80190084009999996,0.97049116680000003
Bregma −0.24,Bregma −0.24,SEDR,1,7,0.0056504564050000004,0.71461925510000002,0.96078431369999995
Bregma −0.24,Bregma −0.24,SEDR,1,12,0.013977501660000001,0.70839947469999998,0.94193061840000003
Bregma −0.24,Bregma −0.24,SEDR,1,14,0.01672375286,0.7032367947,0.96097279629999999
Bregma −0.24,Bregma −0.24,SEDR,1,17,0.00053938164489999996,0.43262891390000002,0.83548034019999995
Bregma −0.24,Bregma −0.24,SEDR,1,19,0.0097313336729999995,0.71683637119999999,0.94193061840000003
Bregma −0.24,Bregma −0.24,SEDR,2,3,0.015532274489999999,0.67386122000000004,0.93241224789999999
Bregma −0.24,Bregma −0.24,SEDR,2,5,0.011403634039999999,0.55388332110000005,0.84429712729999995
Bregma −0.24,Bregma −0.24,SEDR,2,7,0.01319045145,0.80171603700000005,0.98019801979999999
Bregma −0.24,Bregma −0.24,SEDR,2,10,0.0043018920960000004,0.69682057480000004,0.94193061840000003
Bregma −0.24,Bregma −0.24,SEDR,2,11,0.008358002489,0.63436001239999995,0.95126594330000003
Bregma −0.24,Bregma −0.24,SEDR,2,12,0.0048634061890000004,0.79881311460000004,0.98019801979999999
Bregma −0.24,Bregma −0.24,SEDR,2,14,0.0021171549909999999,0.78418651360000002,0.96078431369999995
Bregma −0.24,Bregma −0.24,SEDR,2,17,0.018301526209999999,0.47811201079999999,0.87797566569999996
Bregma −0.24,Bregma −0.24,SEDR,2,20,0.019297695890000001,0.54661234510000001,0.85248713549999999
Bregma −0.24,Bregma −0.24,SEDR,3,7,0.0023418230390000001,0.78885830619999997,0.98019801979999999
Bregma −0.24,Bregma −0.24,SEDR,3,10,0.01983416658,0.78930523929999996,0.96078431369999995
Bregma −0.24,Bregma −0.24,SEDR,3,12,0.0106688683,0.77201010299999995,0.95126594330000003
Bregma −0.24,Bregma −0.24,SEDR,3,14,0.013415119499999999,0.79149435560000003,0.96078431369999995
Bregma −0.24,Bregma −0.24,SEDR,3,17,0.0027692517210000001,0.46444192309999999,0.86915887849999995
Bregma −0.24,Bregma −0.24,SEDR,3,19,0.013039967039999999,0.78007161940000003,0.94174757279999999
Bregma −0.24,Bregma −0.24,SEDR,4,6,0.005565201683,0.65050220000000003,0.94193061840000003
Bregma −0.24,Bregma −0.24,SEDR,4,9,0.0030072321309999998,0.61279078190000003,0.95163747139999999
Bregma −0.24,Bregma −0.24,SEDR,4,16,0.001024083344,0.67215584939999995,0.97049116680000003
Bregma −0.24,Bregma −0.24,SEDR,4,18,0.01331905712,0.6492828719,0.94193061840000003
Bregma −0.24,Bregma −0.24,SEDR,5,10,0.0071017419490000001,0.62385393739999995,0.86373092929999995
Bregma −0.24,Bregma −0.24,SEDR,5,11,0.003045631556,0.71076778949999997,0.92325473879999997
Bregma −0.24,Bregma −0.24,SEDR,5,12,0.016267040230000002,0.63599568340000001,0.94193061840000003
Bregma −0.24,Bregma −0.24,SEDR,5,14,0.01352078904,0.63502474760000005,0.93277310920000001
Bregma −0.24,Bregma −0.24,SEDR,5,18,0.016996216670000001,0.50848784420000004,0.85582953859999999
Bregma −0.24,Bregma −0.24,SEDR,5,20,0.0078940618439999992,0.71862092030000002,0.93277310920000001
Bregma −0.24,Bregma −0.24,SEDR,6,9,0.0025579695530000002,0.62249446230000005,0.91427001279999998
Bregma −0.24,Bregma −0.24,SEDR,6,16,0.0045411183390000002,0.61443428089999996,0.94193061840000003
Bregma −0.24,Bregma −0.24,SEDR,6,18,0.0077538554399999996,0.68410350649999996,0.96078431369999995
Bregma −0.24,Bregma −0.24,SEDR,6,20,0.016856010269999999,0.56188862169999998,0.85248713549999999
Bregma −0.24,Bregma −0.24,SEDR,7,10,0.01749234354,0.76628101130000004,0.95126594330000003
Bregma −0.24,Bregma −0.24,SEDR,7,12,0.0083270452590000002,0.89196891540000001,0.98019801979999999
Bregma −0.24,Bregma −0.24,SEDR,7,14,0.01107329646,0.89708212379999996,0.98019801979999999
Bregma −0.24,Bregma −0.24,SEDR,7,17,0.0051110747599999997,0.4713915508,0.89577717879999996
Bregma −0.24,Bregma −0.24,SEDR,7,19,0.015381790080000001,0.88127011870000005,0.96078431369999995
Bregma −0.24,Bregma −0.24,SEDR,9,16,0.001983148787,0.71361369549999998,0.95126594330000003
Bregma −0.24,Bregma −0.24,SEDR,9,18,0.010311824989999999,0.81957050580000002,0.97049116680000003
Bregma −0.24,Bregma −0.24,SEDR,9,20,0.01941397982,0.47585561469999998,0.86534790910000003
Bregma −0.24,Bregma −0.24,SEDR,10,11,0.0040561103929999997,0.68149613090000005,0.94174757279999999
Bregma −0.24,Bregma −0.24,SEDR,10,12,0.0091652982849999998,0.78612529099999995,0.96097279629999999
Bregma −0.24,Bregma −0.24,SEDR,10,14,0.0064190470869999999,0.76662570779999994,0.95126594330000003
Bregma −0.24,Bregma −0.24,SEDR,10,20,0.01499580379,0.62470007459999999,0.8799646955
Bregma −0.24,Bregma −0.24,SEDR,11,12,0.013221408679999999,0.71668979070000005,0.94193061840000003
Bregma −0.24,Bregma −0.24,SEDR,11,14,0.01047515748,0.71849144659999997,0.97049116680000003
Bregma −0.24,Bregma −0.24,SEDR,11,20,0.0109396934,0.57292028740000001,0.89782334949999998
Bregma −0.24,Bregma −0.24,SEDR,12,14,0.002746251198,0.87945397680000004,0.97049116680000003
Bregma −0.24,Bregma −0.24,SEDR,12,17,0.013438120019999999,0.46293282600000002,0.88696039159999995
Bregma −0.24,Bregma −0.24,SEDR,14,17,0.01618437122,0.47763890339999998,0.88696039159999995
Bregma −0.24,Bregma −0.24,SEDR,16,18,0.012294973779999999,0.71893596550000005,0.95126594330000003
Bregma −0.24,Bregma −0.24,SEDR,17,19,0.01027071532,0.46326958200000001,0.88696039159999995
Bregma −0.24,Bregma −0.24,SEDR,18,20,0.0091021548260000005,0.50792204839999999,0.87324929969999998
