section,section_display,method,seed_r,seed_s,pairwise_partition_ari,top50_marker_jaccard,marker_rank_spearman
151507,151507,GraphST,1,2,0.57688565999999997,0.85185184999999997,0.92538131000000001
151507,151507,GraphST,1,3,0.56989679000000004,0.85185184999999997,0.91338927999999997
151507,151507,GraphST,1,6,0.59099360999999995,0.88679244999999995,0.91937479
151507,151507,GraphST,1,7,0.44708545,0.81818181999999995,0.91526289000000005
151507,151507,GraphST,1,8,0.48410122,0.85185184999999997,0.90582202000000001
151507,151507,GraphST,1,9,0.43253913999999999,0.85185184999999997,0.90179624999999997
151507,151507,GraphST,1,10,0.46970107,0.81818181999999995,0.91673475999999998
151507,151507,GraphST,1,11,0.48034571999999998,0.85185184999999997,0.93452005999999999
151507,151507,GraphST,1,14,0.43759703999999999,0.72413793000000004,0.86488856000000003
151507,151507,GraphST,1,15,0.56247292000000004,0.88679244999999995,0.92990192999999999
151507,151507,GraphST,1,16,0.44942676999999998,0.75438596000000002,0.91230809999999996
151507,151507,GraphST,1,17,0.56479577000000003,0.81818181999999995,0.92925416999999999
151507,151507,GraphST,1,18,0.52243390000000001,0.78571429000000004,0.90845103999999999
151507,151507,GraphST,1,20,0.35525731999999999,0.72413793000000004,0.84672842999999998
151507,151507,GraphST,2,3,0.56477168,0.88679244999999995,0.91724877999999999
151507,151507,GraphST,2,6,0.59366848999999999,0.88679244999999995,0.91364047000000004
151507,151507,GraphST,2,9,0.46779878000000003,0.88679244999999995,0.91716421000000004
151507,151507,GraphST,2,10,0.47813239000000002,0.85185184999999997,0.93073008999999995
151507,151507,GraphST,2,12,0.49127964000000002,0.85185184999999997,0.89909722999999997
151507,151507,GraphST,2,14,0.41521419999999998,0.78571429000000004,0.84793306000000002
151507,151507,GraphST,2,15,0.57248204999999996,0.85185184999999997,0.93475043999999996
151507,151507,GraphST,2,16,0.44172306,0.81818181999999995,0.92678338999999998
151507,151507,GraphST,2,17,0.57329447,0.85185184999999997,0.92717212999999998
151507,151507,GraphST,2,18,0.56124861999999998,0.85185184999999997,0.92338365
151507,151507,GraphST,2,19,0.61351208000000002,0.88679244999999995,0.92319229999999997
151507,151507,GraphST,2,20,0.34781628999999997,0.72413793000000004,0.86498830000000004
151507,151507,GraphST,3,6,0.57559508999999998,0.85185184999999997,0.91506058000000001
151507,151507,GraphST,3,7,0.50158515000000004,0.88679244999999995,0.92781663000000003
151507,151507,GraphST,3,8,0.51311945999999997,0.81818181999999995,0.93696738999999996
151507,151507,GraphST,3,9,0.46896158999999998,0.81818181999999995,0.91375828999999997
151507,151507,GraphST,3,10,0.50963568000000004,0.85185184999999997,0.92611843999999999
151507,151507,GraphST,3,11,0.50964071,0.88679244999999995,0.92995771999999999
151507,151507,GraphST,3,14,0.42216101,0.78571429000000004,0.85835132999999997
151507,151507,GraphST,3,15,0.56540482000000003,0.85185184999999997,0.93500855999999999
151507,151507,GraphST,3,16,0.49322885,0.85185184999999997,0.92907116999999995
151507,151507,GraphST,3,17,0.55213814000000005,0.88679244999999995,0.92328900999999997
151507,151507,GraphST,3,18,0.53230049999999995,0.88679244999999995,0.90898909999999999
151507,151507,GraphST,3,19,0.579847,0.85185184999999997,0.93126808999999999
151507,151507,GraphST,3,20,0.37207213,0.69491524999999998,0.85547691999999997
151507,151507,GraphST,4,7,0.52546051999999999,0.69491524999999998,0.88719168999999998
151507,151507,GraphST,4,8,0.51924917000000004,0.66666667000000002,0.88677669999999997
151507,151507,GraphST,4,11,0.51010895999999994,0.69491524999999998,0.88599665000000005
151507,151507,GraphST,4,16,0.54267186999999995,0.78571429000000004,0.89927502000000004
151507,151507,GraphST,6,7,0.47414286999999999,0.81818181999999995,0.92230438999999997
151507,151507,GraphST,6,8,0.49896378000000002,0.85185184999999997,0.92377366000000005
151507,151507,GraphST,6,9,0.45879579999999998,0.85185184999999997,0.90773068000000001
151507,151507,GraphST,6,10,0.50532957999999994,0.85185184999999997,0.91750206999999995
151507,151507,GraphST,6,11,0.49449531000000002,0.88679244999999995,0.93177080000000001
151507,151507,GraphST,6,14,0.41575352999999998,0.75438596000000002,0.85473602000000004
151507,151507,GraphST,6,15,0.57020725000000005,0.85185184999999997,0.92785843999999995
151507,151507,GraphST,6,16,0.49332858000000002,0.81818181999999995,0.93604772000000003
151507,151507,GraphST,6,17,0.59495710999999996,0.88679244999999995,0.93611436000000003
151507,151507,GraphST,6,18,0.54913615999999998,0.81818181999999995,0.90291681999999995
151507,151507,GraphST,6,19,0.57266930999999999,0.85185184999999997,0.91146899999999997
151507,151507,GraphST,6,20,0.34825444,0.72413793000000004,0.83697356999999994
151507,151507,GraphST,7,8,0.53916200000000003,0.85185184999999997,0.93257192
151507,151507,GraphST,7,9,0.50676803999999998,0.85185184999999997,0.91825531000000005
151507,151507,GraphST,7,11,0.52840765999999995,0.88679244999999995,0.94043403999999997
151507,151507,GraphST,7,14,0.41307545000000001,0.78571429000000004,0.85283507999999997
151507,151507,GraphST,7,15,0.47860093999999997,0.81818181999999995,0.93797109000000001
151507,151507,GraphST,7,16,0.55844073000000005,0.81818181999999995,0.93023407999999996
151507,151507,GraphST,7,20,0.42924196999999997,0.72413793000000004,0.87143548999999998
151507,151507,GraphST,8,9,0.47577883999999998,0.85185184999999997,0.92416560000000003
151507,151507,GraphST,8,11,0.52917510999999995,0.88679244999999995,0.93920853999999998
151507,151507,GraphST,8,14,0.42327989999999999,0.72413793000000004,0.86492371000000001
151507,151507,GraphST,8,15,0.50255967000000001,0.85185184999999997,0.93322958
151507,151507,GraphST,8,16,0.53532142999999999,0.85185184999999997,0.93700503000000002
151507,151507,GraphST,8,17,0.49304491,0.81818181999999995,0.93113274999999995
151507,151507,GraphST,8,20,0.42679181999999999,0.72413793000000004,0.86566085999999998
151507,151507,GraphST,9,10,0.46855038999999998,0.81818181999999995,0.92336651000000003
151507,151507,GraphST,9,11,0.45494098999999999,0.85185184999999997,0.92878236999999997
151507,151507,GraphST,9,14,0.38973617999999999,0.72413793000000004,0.84830497999999999
151507,151507,GraphST,9,15,0.45143782999999998,0.85185184999999997,0.92648255000000002
151507,151507,GraphST,9,16,0.47791017000000002,0.85185184999999997,0.92575854000000002
151507,151507,GraphST,9,17,0.44380853999999997,0.78571429000000004,0.91499655000000002
151507,151507,GraphST,9,18,0.45540693999999998,0.85185184999999997,0.90995528999999997
151507,151507,GraphST,9,19,0.46302070000000001,0.81818181999999995,0.92105031999999998
151507,151507,GraphST,9,20,0.41395368999999999,0.72413793000000004,0.86451624000000005
151507,151507,GraphST,10,12,0.39326823999999999,0.78571429000000004,0.89462955
151507,151507,GraphST,10,13,0.42927015000000002,0.81818181999999995,0.90625118999999998
151507,151507,GraphST,10,14,0.36508997999999998,0.78571429000000004,0.85158908
151507,151507,GraphST,10,15,0.48427060999999999,0.85185184999999997,0.92988881999999995
151507,151507,GraphST,10,16,0.55552365000000004,0.81818181999999995,0.93005643000000005
151507,151507,GraphST,10,17,0.47862208000000001,0.88679244999999995,0.92625354000000004
151507,151507,GraphST,10,18,0.44541999999999998,0.85185184999999997,0.91970003
151507,151507,GraphST,10,19,0.46959647999999998,0.85185184999999997,0.92700963000000003
151507,151507,GraphST,10,20,0.38852428,0.69491524999999998,0.86791231000000002
151507,151507,GraphST,11,14,0.39462775999999999,0.78571429000000004,0.86992422000000003
151507,151507,GraphST,11,15,0.49722664999999999,0.88679244999999995,0.94191318000000002
151507,151507,GraphST,11,16,0.57452097000000002,0.81818181999999995,0.93879816999999999
151507,151507,GraphST,11,20,0.41079278000000002,0.69491524999999998,0.87213116000000002
151507,151507,GraphST,12,13,0.35362002999999997,0.81818181999999995,0.87565735
151507,151507,GraphST,12,17,0.43225101999999999,0.81818181999999995,0.88862012000000001
151507,151507,GraphST,12,18,0.46623489000000001,0.75438596000000002,0.89177622000000001
151507,151507,GraphST,12,19,0.48823109999999997,0.81818181999999995,0.89697698999999997
151507,151507,GraphST,13,19,0.4124198,0.81818181999999995,0.87569193999999995
151507,151507,GraphST,14,15,0.42226636000000001,0.75438596000000002,0.87217465999999999
151507,151507,GraphST,14,16,0.38796361000000001,0.81818181999999995,0.86909709999999996
151507,151507,GraphST,14,17,0.41367250999999999,0.75438596000000002,0.84863133999999996
151507,151507,GraphST,14,18,0.41278209999999999,0.78571429000000004,0.8475606
151507,151507,GraphST,14,20,0.46253074999999999,0.58730159000000004,0.78477896999999996
151507,151507,GraphST,15,16,0.47153249000000003,0.85185184999999997,0.93854408
151507,151507,GraphST,15,17,0.56255356999999995,0.85185184999999997,0.93055107999999997
151507,151507,GraphST,15,18,0.52748351000000004,0.85185184999999997,0.93203108000000001
151507,151507,GraphST,15,20,0.35732121,0.69491524999999998,0.86019904000000003
151507,151507,GraphST,16,17,0.46841729999999998,0.85185184999999997,0.93191723000000004
151507,151507,GraphST,16,18,0.43814746999999998,0.81818181999999995,0.92363810999999996
151507,151507,GraphST,16,20,0.41154343999999998,0.69491524999999998,0.86935571
151507,151507,GraphST,17,18,0.52501319999999996,0.88679244999999995,0.91344378000000004
151507,151507,GraphST,17,19,0.55461990999999999,0.88679244999999995,0.92764027999999998
151507,151507,GraphST,17,20,0.35573367,0.72413793000000004,0.85113612999999999
151507,151507,GraphST,18,19,0.54121085000000002,0.85185184999999997,0.90615034000000005
151507,151507,GraphST,18,20,0.35748512999999998,0.69491524999999998,0.85321283000000003
151507,151507,STAGATE,1,2,0.54972778,0.81818181999999995,0.91012965000000001
151507,151507,STAGATE,1,3,0.85627458999999995,0.88679244999999995,0.97090167999999999
151507,151507,STAGATE,1,5,0.82985222999999997,0.88679244999999995,0.96577824000000001
151507,151507,STAGATE,1,6,0.84754183000000005,0.92307691999999997,0.96766238000000004
151507,151507,STAGATE,1,9,0.82345162999999999,0.88679244999999995,0.95971532000000004
151507,151507,STAGATE,1,12,0.82642722999999996,0.92307691999999997,0.96106055999999995
151507,151507,STAGATE,1,13,0.81237826999999996,0.88679244999999995,0.96135623999999997
151507,151507,STAGATE,1,14,0.56066357,0.78571429000000004,0.91257619999999995
151507,151507,STAGATE,1,15,0.83906236999999995,0.88679244999999995,0.96394243000000002
151507,151507,STAGATE,1,16,0.83176503000000002,0.92307691999999997,0.96758723000000002
151507,151507,STAGATE,1,17,0.84860426,0.88679244999999995,0.96615857000000005
151507,151507,STAGATE,1,19,0.83009648000000003,0.88679244999999995,0.95673339000000002
151507,151507,STAGATE,2,3,0.56616884999999995,0.78571429000000004,0.9174658
151507,151507,STAGATE,2,4,0.32214714999999999,0.75438596000000002,0.89954584999999998
151507,151507,STAGATE,2,5,0.57333604000000005,0.81818181999999995,0.91061820000000004
151507,151507,STAGATE,2,6,0.55741845000000001,0.78571429000000004,0.91576049000000004
151507,151507,STAGATE,2,9,0.56427037000000002,0.78571429000000004,0.90792307000000005
151507,151507,STAGATE,2,12,0.55182560999999997,0.78571429000000004,0.89237071999999995
151507,151507,STAGATE,2,14,0.88651526000000003,0.81818181999999995,0.94908596999999995
151507,151507,STAGATE,2,15,0.55908376000000004,0.78571429000000004,0.90224431999999999
151507,151507,STAGATE,2,16,0.57597282999999999,0.75438596000000002,0.91295219999999999
151507,151507,STAGATE,2,17,0.56599975000000002,0.75438596000000002,0.90687762999999999
151507,151507,STAGATE,2,19,0.56504178000000005,0.75438596000000002,0.90361641000000004
151507,151507,STAGATE,3,5,0.85650599999999999,0.92307691999999997,0.96927441999999997
151507,151507,STAGATE,3,6,0.85926698999999995,0.88679244999999995,0.97304676999999995
151507,151507,STAGATE,3,9,0.83045722,0.92307691999999997,0.96381877000000005
151507,151507,STAGATE,3,12,0.80686963,0.88679244999999995,0.96099354000000003
151507,151507,STAGATE,3,14,0.57064784999999996,0.81818181999999995,0.91279765000000002
151507,151507,STAGATE,3,15,0.83487544999999996,0.88679244999999995,0.95872946000000003
151507,151507,STAGATE,3,16,0.83694632999999996,0.92307691999999997,0.96493629999999997
151507,151507,STAGATE,3,17,0.83960429999999997,0.88679244999999995,0.96570336000000001
151507,151507,STAGATE,3,19,0.82474119999999995,0.92307691999999997,0.95010903000000002
151507,151507,STAGATE,4,5,0.52611653999999997,0.85185184999999997,0.93004728000000003
151507,151507,STAGATE,4,9,0.53678833000000004,0.85185184999999997,0.93726021000000004
151507,151507,STAGATE,4,14,0.32370797000000001,0.66666667000000002,0.88488926000000001
151507,151507,STAGATE,4,15,0.54409960000000002,0.88679244999999995,0.94317399999999996
151507,151507,STAGATE,4,16,0.52025405000000002,0.85185184999999997,0.92893035999999996
151507,151507,STAGATE,4,17,0.53886339000000005,0.88679244999999995,0.93999162000000003
151507,151507,STAGATE,5,6,0.83911910999999995,0.92307691999999997,0.96648204000000004
151507,151507,STAGATE,5,9,0.83600549000000002,0.88679244999999995,0.96050095999999996
151507,151507,STAGATE,5,12,0.82757011000000003,0.85185184999999997,0.96882398999999997
151507,151507,STAGATE,5,14,0.58388390000000001,0.78571429000000004,0.91011547999999998
151507,151507,STAGATE,5,15,0.83394988000000003,0.92307691999999997,0.96153867000000004
151507,151507,STAGATE,5,16,0.86306875000000005,0.92307691999999997,0.97839732000000001
151507,151507,STAGATE,5,17,0.86030044999999999,0.88679244999999995,0.96995118999999996
151507,151507,STAGATE,5,19,0.82978415000000005,0.92307691999999997,0.95412936999999998
151507,151507,STAGATE,6,9,0.84399760999999995,0.85185184999999997,0.96241193000000003
151507,151507,STAGATE,6,12,0.83504405999999998,0.92307691999999997,0.96559138
151507,151507,STAGATE,6,13,0.83152890999999995,0.88679244999999995,0.96639664000000003
151507,151507,STAGATE,6,14,0.56341196000000004,0.78571429000000004,0.91286233999999999
151507,151507,STAGATE,6,15,0.84286004999999997,0.88679244999999995,0.95972018999999997
151507,151507,STAGATE,6,16,0.84494866000000002,0.92307691999999997,0.97500524
151507,151507,STAGATE,6,17,0.85990666000000004,0.92307691999999997,0.97073862
151507,151507,STAGATE,6,19,0.84319834999999999,0.88679244999999995,0.96275767999999995
151507,151507,STAGATE,7,8,0.60770044000000001,0.81818181999999995,0.92705738999999998
151507,151507,STAGATE,7,11,0.58697328999999998,0.75438596000000002,0.90792510000000004
151507,151507,STAGATE,8,10,0.80719876999999995,0.88679244999999995,0.92366126999999998
151507,151507,STAGATE,9,12,0.80886276000000001,0.88679244999999995,0.95839096999999995
151507,151507,STAGATE,9,14,0.56276908999999997,0.78571429000000004,0.90318485000000004
151507,151507,STAGATE,9,15,0.82350076999999999,0.92307691999999997,0.96284893000000005
151507,151507,STAGATE,9,16,0.81893576999999995,0.88679244999999995,0.95759841999999995
151507,151507,STAGATE,9,17,0.83529103999999998,0.88679244999999995,0.95995266000000001
151507,151507,STAGATE,9,19,0.81736439999999999,0.88679244999999995,0.95850173999999999
151507,151507,STAGATE,12,13,0.81160591000000004,0.88679244999999995,0.97174399
151507,151507,STAGATE,12,14,0.54552144999999996,0.78571429000000004,0.88477528000000005
151507,151507,STAGATE,12,15,0.82703126000000005,0.88679244999999995,0.95369137999999998
151507,151507,STAGATE,12,16,0.83043157000000001,0.88679244999999995,0.96765723999999997
151507,151507,STAGATE,12,17,0.85896435000000004,0.88679244999999995,0.97597206000000003
151507,151507,STAGATE,12,19,0.85255919999999996,0.88679244999999995,0.96923539999999997
151507,151507,STAGATE,13,19,0.83397423999999998,0.88679244999999995,0.95685993000000003
151507,151507,STAGATE,14,15,0.55939017999999996,0.75438596000000002,0.9026381
151507,151507,STAGATE,14,16,0.57359662,0.78571429000000004,0.90608224000000004
151507,151507,STAGATE,14,17,0.56704339000000004,0.75438596000000002,0.90736068999999997
151507,151507,STAGATE,14,19,0.56273348000000001,0.78571429000000004,0.90202561999999997
151507,151507,STAGATE,15,16,0.82914876999999998,0.92307691999999997,0.9624857
151507,151507,STAGATE,15,17,0.85153961,0.92307691999999997,0.96564282000000001
151507,151507,STAGATE,15,19,0.84870838000000004,0.92307691999999997,0.96559052000000001
151507,151507,STAGATE,16,17,0.85595113,0.92307691999999997,0.97346666999999998
151507,151507,STAGATE,16,19,0.82739355000000003,0.92307691999999997,0.95937998000000002
151507,151507,STAGATE,17,19,0.85875710000000005,0.92307691999999997,0.96226391
151507,151507,SpaGCN,1,2,0.58305658999999999,0.74031477000000001,0.85059368000000002
151507,151507,SpaGCN,1,10,0.53863525999999995,0.69930875999999997,0.84876989000000003
151507,151507,SpaGCN,1,11,0.52285669999999995,0.55844156,0.78219525999999995
151507,151507,SpaGCN,1,15,0.42536278,0.44791667000000002,0.72155674999999997
151507,151507,SpaGCN,1,19,0.56515705999999999,0.68364460000000005,0.84576867
151507,151507,SpaGCN,2,10,0.61099433000000003,0.75438596000000002,0.90814174000000003
151507,151507,SpaGCN,2,11,0.53429740000000003,0.21951219999999999,0.44262601000000001
151507,151507,SpaGCN,2,12,0.63496516000000003,0.75654854000000005,0.87141884000000003
151507,151507,SpaGCN,2,15,0.40441904000000001,0.47058823999999999,0.69531520000000002
151507,151507,SpaGCN,2,19,0.65594118999999995,0.81818181999999995,0.91155180999999996
151507,151507,SpaGCN,3,14,0.57519012999999997,0.51515151999999997,0.84874978000000001
151507,151507,SpaGCN,4,6,0.59041074000000004,0.69491524999999998,0.88618454000000002
151507,151507,SpaGCN,4,13,0.58225232999999998,0.58730159000000004,0.86305041000000005
151507,151507,SpaGCN,5,11,0.57847141000000002,0.51515151999999997,0.73866134999999999
151507,151507,SpaGCN,5,12,0.72711837000000001,0.73704702,0.93570348000000003
151507,151507,SpaGCN,5,14,0.52218821999999998,0.38888888999999999,0.72753338999999995
151507,151507,SpaGCN,5,19,0.56308999000000004,0.53846154000000002,0.76691352999999995
151507,151507,SpaGCN,6,8,0.69975471,0.75438596000000002,0.95102960999999997
151507,151507,SpaGCN,6,9,0.61455223999999997,0.66666667000000002,0.91704507999999996
151507,151507,SpaGCN,6,13,0.68922954000000003,0.72413793000000004,0.94328394999999998
151507,151507,SpaGCN,6,17,0.65561195999999999,0.75438596000000002,0.92679641999999995
151507,151507,SpaGCN,6,18,0.69929169999999996,0.80194805000000002,0.94432371000000004
151507,151507,SpaGCN,6,20,0.69168565000000004,0.80194805000000002,0.95200700000000005
151507,151507,SpaGCN,7,18,0.67128628000000001,0.80194805000000002,0.93411317000000005
151507,151507,SpaGCN,8,9,0.66301684999999999,0.75438596000000002,0.92072637000000002
151507,151507,SpaGCN,8,13,0.71318948999999998,0.75438596000000002,0.94296807999999999
151507,151507,SpaGCN,8,17,0.72570336000000002,0.78571429000000004,0.94353584000000001
151507,151507,SpaGCN,8,18,0.70726997000000003,0.81818181999999995,0.94073647999999999
151507,151507,SpaGCN,8,20,0.69059680000000001,0.80546519000000005,0.94001206000000004
151507,151507,SpaGCN,9,13,0.69300446999999998,0.85185184999999997,0.94622908999999999
151507,151507,SpaGCN,9,17,0.62095944000000003,0.75438596000000002,0.93198871000000005
151507,151507,SpaGCN,9,18,0.68779749000000001,0.81818181999999995,0.92871092
151507,151507,SpaGCN,9,20,0.67785465,0.72465060999999997,0.93325701999999999
151507,151507,SpaGCN,10,11,0.48248064000000002,0.26582277999999998,0.46740565000000001
151507,151507,SpaGCN,10,15,0.38539958000000002,0.47058823999999999,0.64081674
151507,151507,SpaGCN,10,19,0.64094403,0.69491524999999998,0.87940264000000001
151507,151507,SpaGCN,11,12,0.53172297999999996,0.57527658000000004,0.80017788999999995
151507,151507,SpaGCN,11,19,0.52454274000000001,0.2987013,0.5056406
151507,151507,SpaGCN,12,14,0.55578117000000005,0.62337662000000005,0.83635398999999999
151507,151507,SpaGCN,12,19,0.57565215000000003,0.72876304000000003,0.83807661
151507,151507,SpaGCN,13,17,0.63424170999999996,0.81818181999999995,0.93497925999999998
151507,151507,SpaGCN,13,20,0.76252306999999997,0.78628388999999999,0.95229269999999999
151507,151507,SpaGCN,17,18,0.66519452000000001,0.81878306999999995,0.9309925
151507,151507,SpaGCN,17,20,0.66230926999999995,0.80194805000000002,0.92225955999999998
151507,151507,SpaGCN,18,20,0.79179089999999996,0.92307691999999997,0.94907600000000003
151507,151507,BANKSY,1,4,0.57610437999999997,0.75438596000000002,0.8958817
151507,151507,BANKSY,1,5,0.57287429999999995,0.75438596000000002,0.89571433
151507,151507,BANKSY,1,7,0.57294259999999997,0.75438596000000002,0.89586094999999999
151507,151507,BANKSY,1,8,0.57420559000000004,0.75438596000000002,0.89550662000000003
151507,151507,BANKSY,1,9,0.94121812000000005,0.85185184999999997,0.98162589
151507,151507,BANKSY,1,11,0.57499210000000001,0.72413793000000004,0.89498385999999996
151507,151507,BANKSY,1,14,0.57294259999999997,0.75438596000000002,0.89586094999999999
151507,151507,BANKSY,1,17,0.57287429999999995,0.75438596000000002,0.89571433
151507,151507,BANKSY,1,18,0.57499210000000001,0.72413793000000004,0.89498385999999996
151507,151507,BANKSY,3,6,0.94644236000000004,0.96078430999999997,0.98139734999999995
151507,151507,BANKSY,3,10,0.95885953999999995,0.88679244999999995,0.98426840000000004
151507,151507,BANKSY,3,16,0.95885953999999995,0.88679244999999995,0.98426840000000004
151507,151507,BANKSY,4,5,0.99466823999999998,1,1
151507,151507,BANKSY,4,7,0.99618899000000005,1,1
151507,151507,BANKSY,4,8,0.99771182999999997,1,1
151507,151507,BANKSY,4,9,0.59529865999999998,0.81818181999999995,0.92128615999999997
151507,151507,BANKSY,4,11,0.99578926999999995,1,0.99962461999999996
151507,151507,BANKSY,4,14,0.99618899000000005,1,1
151507,151507,BANKSY,4,17,0.99466823999999998,1,1
151507,151507,BANKSY,4,18,0.99578926999999995,1,0.99962461999999996
151507,151507,BANKSY,5,7,0.99847264999999996,1,1
151507,151507,BANKSY,5,8,0.99694848999999996,1,1
151507,151507,BANKSY,5,9,0.59452472999999995,0.81818181999999995,0.92128615999999997
151507,151507,BANKSY,5,11,0.99047883999999997,1,0.99962461999999996
151507,151507,BANKSY,5,14,0.99847264999999996,1,1
151507,151507,BANKSY,5,17,1,1,1
151507,151507,BANKSY,5,18,0.99047883999999997,1,0.99962461999999996
151507,151507,BANKSY,6,10,0.92452352000000004,0.88679244999999995,0.97955784999999995
151507,151507,BANKSY,6,16,0.92452352000000004,0.88679244999999995,0.97955784999999995
151507,151507,BANKSY,7,8,0.99847319999999995,1,1
151507,151507,BANKSY,7,9,0.59457395999999996,0.81818181999999995,0.92128615999999997
151507,151507,BANKSY,7,11,0.99199349000000003,1,0.99962461999999996
151507,151507,BANKSY,7,14,1,1,1
151507,151507,BANKSY,7,17,0.99847264999999996,1,1
151507,151507,BANKSY,7,18,0.99199349000000003,1,0.99962461999999996
151507,151507,BANKSY,8,9,0.59462347000000004,0.81818181999999995,0.92128615999999997
151507,151507,BANKSY,8,11,0.99351023000000005,1,0.99962461999999996
151507,151507,BANKSY,8,14,0.99847319999999995,1,1
151507,151507,BANKSY,8,17,0.99694848999999996,1,1
151507,151507,BANKSY,8,18,0.99351023000000005,1,0.99962461999999996
151507,151507,BANKSY,9,11,0.59404995000000005,0.81818181999999995,0.92063718999999999
151507,151507,BANKSY,9,14,0.59457395999999996,0.81818181999999995,0.92128615999999997
151507,151507,BANKSY,9,17,0.59452472999999995,0.81818181999999995,0.92128615999999997
151507,151507,BANKSY,9,18,0.59404995000000005,0.81818181999999995,0.92063718999999999
151507,151507,BANKSY,10,16,1,1,1
151507,151507,BANKSY,11,14,0.99199349000000003,1,0.99962461999999996
151507,151507,BANKSY,11,17,0.99047883999999997,1,0.99962461999999996
151507,151507,BANKSY,11,18,1,1,1
151507,151507,BANKSY,12,13,0.98345755999999995,0.96078430999999997,0.99293414999999996
151507,151507,BANKSY,12,19,0.51505705999999996,0.36986300999999999,0.67357069000000003
151507,151507,BANKSY,12,20,0.98345755999999995,0.96078430999999997,0.99293414999999996
151507,151507,BANKSY,13,19,0.50991902,0.36986300999999999,0.67232742999999995
151507,151507,BANKSY,13,20,1,1,1
151507,151507,BANKSY,14,17,0.99847264999999996,1,1
151507,151507,BANKSY,14,18,0.99199349000000003,1,0.99962461999999996
151507,151507,BANKSY,15,19,0.48119286999999999,0.66666667000000002,0.75872762999999999
151507,151507,BANKSY,17,18,0.99047883999999997,1,0.99962461999999996
151507,151507,BANKSY,19,20,0.50991902,0.36986300999999999,0.67232742999999995
151507,151507,SEDR,1,4,0.59027972409999985,0.6949152542,0.88564820600000005
151507,151507,SEDR,1,5,0.62153769579999985,0.51515151520000002,0.78009707510000004
151507,151507,SEDR,1,7,0.69230384310000004,0.78571428570000001,0.85007390469999988
151507,151507,SEDR,1,8,0.74228931149999988,0.72413793100000001,0.90761178710000001
151507,151507,SEDR,1,9,0.63292583010000003,0.66666666669999985,0.84471566629999995
151507,151507,SEDR,1,12,0.60016673549999988,0.61290322580000001,0.75912027189999987
151507,151507,SEDR,1,13,0.70460864430000003,0.6949152542,0.89084558560000005
151507,151507,SEDR,1,14,0.83475964790000001,0.78571428570000001,0.92625420869999997
151507,151507,SEDR,1,18,0.78481381910000003,0.72413793100000001,0.88710544209999986
151507,151507,SEDR,2,5,0.71246201460000003,0.66666666669999985,0.85087686969999987
151507,151507,SEDR,2,10,0.67036127059999995,0.61290322580000001,0.82799829069999986
151507,151507,SEDR,2,13,0.70903134140000001,0.61290322580000001,0.85473862209999985
151507,151507,SEDR,2,14,0.7611360559,0.63934426229999985,0.89097185810000001
151507,151507,SEDR,2,15,0.74778123119999995,0.6949152542,0.90381716180000005
151507,151507,SEDR,2,16,0.74654839979999987,0.78571428570000001,0.90690126920000003
151507,151507,SEDR,2,17,0.7398470412,0.61290322580000001,0.81666463919999988
151507,151507,SEDR,2,18,0.83816167200000002,0.75438596489999987,0.89267880320000004
151507,151507,SEDR,2,19,0.55909981239999995,0.6949152542,0.87547939679999986
151507,151507,SEDR,3,10,0.62284275879999995,0.5625,0.83629536230000001
151507,151507,SEDR,3,17,0.64112547740000003,0.61290322580000001,0.84956246150000003
151507,151507,SEDR,4,5,0.53355061449999985,0.47058823529999988,0.6863976745
151507,151507,SEDR,4,7,0.6552620253,0.81818181820000002,0.92218416910000001
151507,151507,SEDR,4,8,0.61448404889999986,0.72413793100000001,0.87902503720000003
151507,151507,SEDR,4,9,0.73642886159999987,0.75438596489999987,0.91332243040000005
151507,151507,SEDR,4,12,0.52507044589999985,0.42857142860000003,0.66546346109999988
151507,151507,SEDR,4,14,0.56273145130000002,0.63934426229999985,0.86993812380000002
151507,151507,SEDR,5,7,0.68536663549999988,0.6949152542,0.86493331480000002
151507,151507,SEDR,5,8,0.6908497603,0.63934426229999985,0.84208899800000003
151507,151507,SEDR,5,9,0.64206170159999987,0.66666666669999985,0.85405426959999986
151507,151507,SEDR,5,12,0.73033915169999986,0.63934426229999985,0.8290135663
151507,151507,SEDR,5,13,0.61875899869999995,0.63934426229999985,0.81027085850000002
151507,151507,SEDR,5,14,0.63722741390000004,0.66666666669999985,0.84818826540000003
151507,151507,SEDR,5,15,0.71589023569999988,0.78571428570000001,0.89721478060000004
151507,151507,SEDR,5,16,0.64237698769999985,0.66666666669999985,0.8181610211
151507,151507,SEDR,5,18,0.64475494300000002,0.61290322580000001,0.80948867840000005
151507,151507,SEDR,5,19,0.52400276310000005,0.49253731340000001,0.71806990599999987
151507,151507,SEDR,6,11,0.75533621949999985,0.66666666669999985,0.88573813800000001
151507,151507,SEDR,7,8,0.72933222419999988,0.6949152542,0.8538804633
151507,151507,SEDR,7,9,0.69734841209999987,0.72413793100000001,0.89981458400000003
151507,151507,SEDR,7,12,0.66357592669999987,0.63934426229999985,0.75309876949999988
151507,151507,SEDR,7,14,0.67095716270000005,0.5625,0.85220103199999986
151507,151507,SEDR,8,9,0.63018869929999988,0.63934426229999985,0.86052227120000002
151507,151507,SEDR,8,12,0.60214876319999988,0.61290322580000001,0.8131341366
151507,151507,SEDR,8,13,0.67803748399999986,0.61290322580000001,0.8722520627
151507,151507,SEDR,8,14,0.75307263710000005,0.63934426229999985,0.90810034129999995
151507,151507,SEDR,8,18,0.83504402109999987,0.72413793100000001,0.92080435250000003
151507,151507,SEDR,9,12,0.60120830049999985,0.5384615385,0.76262270740000004
151507,151507,SEDR,9,14,0.60034144560000002,0.58730158730000004,0.83646982089999988
151507,151507,SEDR,10,15,0.69081129200000002,0.75438596489999987,0.88467627959999995
151507,151507,SEDR,10,16,0.72976811100000005,0.72413793100000001,0.90203078199999998
151507,151507,SEDR,10,17,0.76191282719999986,0.6949152542,0.90283479850000004
151507,151507,SEDR,10,19,0.59263710660000002,0.51515151520000002,0.78275947099999987
151507,151507,SEDR,12,13,0.63707385480000001,0.72413793100000001,0.83515917319999988
151507,151507,SEDR,12,14,0.61671356690000001,0.63934426229999985,0.83219900979999994
151507,151507,SEDR,12,18,0.64759366770000004,0.75438596489999987,0.89147933150000003
151507,151507,SEDR,13,14,0.72201321190000001,0.78571428570000001,0.92335978129999996
151507,151507,SEDR,13,15,0.71685897860000003,0.63934426229999985,0.86213834560000002
151507,151507,SEDR,13,16,0.77811617830000002,0.72413793100000001,0.88267856789999988
151507,151507,SEDR,13,18,0.75748653789999987,0.81818181820000002,0.95508677460000002
151507,151507,SEDR,13,19,0.68222526589999988,0.58730158730000004,0.88504156099999987
151507,151507,SEDR,14,15,0.65090538119999986,0.61290322580000001,0.88546190950000003
151507,151507,SEDR,14,16,0.77383391099999987,0.66666666669999985,0.92039422449999997
151507,151507,SEDR,14,18,0.82982377330000001,0.81818181820000002,0.92682713139999995
151507,151507,SEDR,14,19,0.57151111570000002,0.61290322580000001,0.89684722539999995
151507,151507,SEDR,15,16,0.71920740569999986,0.75438596489999987,0.88919489920000006
151507,151507,SEDR,15,17,0.66886714359999988,0.61290322580000001,0.83351548239999995
151507,151507,SEDR,15,18,0.67929517390000005,0.63934426229999985,0.82594605350000005
151507,151507,SEDR,15,19,0.66058429210000003,0.72413793100000001,0.89307577699999985
151507,151507,SEDR,16,17,0.71615836349999995,0.63934426229999985,0.8436102888
151507,151507,SEDR,16,18,0.81619825810000002,0.66666666669999985,0.89575698039999985
151507,151507,SEDR,16,19,0.54474219850000005,0.58730158730000004,0.88477744849999995
151507,151507,SEDR,17,19,0.61661047970000005,0.5625,0.84702388610000001
151507,151507,SEDR,18,19,0.53087989999999985,0.5625,0.88882641389999995
151508,151508,GraphST,1,2,0.40422166999999998,0.69491524999999998,0.77967529000000002
151508,151508,GraphST,1,6,0.56403031000000003,0.75438596000000002,0.84043451000000002
151508,151508,GraphST,1,10,0.52658431000000006,0.75438596000000002,0.82856980000000002
151508,151508,GraphST,1,11,0.48311417000000001,0.72413793000000004,0.79155794000000002
151508,151508,GraphST,1,12,0.52215827999999997,0.72413793000000004,0.81945161
151508,151508,GraphST,1,15,0.41510521,0.69491524999999998,0.77013604000000002
151508,151508,GraphST,1,18,0.40246038000000001,0.5625,0.68743929999999998
151508,151508,GraphST,2,6,0.51804041999999995,0.81818181999999995,0.90473378000000004
151508,151508,GraphST,2,8,0.47826666000000001,0.78571429000000004,0.88244573000000004
151508,151508,GraphST,2,10,0.49073664,0.81818181999999995,0.89219055000000003
151508,151508,GraphST,2,12,0.52704275,0.81818181999999995,0.90016096999999995
151508,151508,GraphST,2,15,0.61964925999999998,0.78571429000000004,0.90855516000000003
151508,151508,GraphST,2,16,0.57981287999999997,0.85185184999999997,0.90619021
151508,151508,GraphST,2,18,0.45878317000000002,0.69491524999999998,0.79705356000000005
151508,151508,GraphST,3,5,0.55753498000000001,0.78571429000000004,0.90844482999999998
151508,151508,GraphST,3,7,0.44459738999999998,0.81818181999999995,0.88161871000000003
151508,151508,GraphST,3,9,0.52815098999999999,0.85185184999999997,0.89598343000000003
151508,151508,GraphST,3,13,0.58002385000000001,0.81818181999999995,0.92406036999999996
151508,151508,GraphST,3,20,0.56131699000000002,0.85185184999999997,0.90339378999999997
151508,151508,GraphST,4,7,0.44622031000000001,0.81818181999999995,0.89824576
151508,151508,GraphST,4,8,0.43956888,0.81818181999999995,0.91483336999999998
151508,151508,GraphST,4,16,0.57696628000000005,0.85185184999999997,0.92133376
151508,151508,GraphST,4,20,0.56079276,0.81818181999999995,0.91980724000000003
151508,151508,GraphST,5,9,0.52312095000000003,0.78571429000000004,0.90689929999999996
151508,151508,GraphST,5,13,0.56691232999999996,0.78571429000000004,0.90990170000000004
151508,151508,GraphST,5,17,0.35974637999999998,0.69491524999999998,0.82324213000000002
151508,151508,GraphST,5,20,0.56338076999999998,0.78571429000000004,0.90372390999999996
151508,151508,GraphST,6,10,0.64702497999999997,0.81818181999999995,0.89569878000000003
151508,151508,GraphST,6,11,0.62876567999999999,0.78571429000000004,0.92425276999999995
151508,151508,GraphST,6,12,0.65668501000000001,0.78571429000000004,0.91384783999999997
151508,151508,GraphST,6,15,0.54984379000000005,0.85185184999999997,0.91211894999999998
151508,151508,GraphST,6,18,0.43601520999999999,0.53846154000000002,0.75153133999999999
151508,151508,GraphST,7,9,0.42963003,0.81818181999999995,0.90713684000000006
151508,151508,GraphST,7,13,0.43236326000000003,0.81818181999999995,0.88455455999999999
151508,151508,GraphST,7,20,0.43797947999999998,0.81818181999999995,0.89605957999999997
151508,151508,GraphST,8,16,0.46306817,0.75438596000000002,0.89527287
151508,151508,GraphST,8,18,0.43035303000000003,0.58730159000000004,0.72660009999999997
151508,151508,GraphST,9,13,0.55052981000000001,0.85185184999999997,0.91865134999999998
151508,151508,GraphST,9,20,0.54863899000000005,0.81818181999999995,0.90207904999999999
151508,151508,GraphST,10,12,0.64467808000000004,0.81818181999999995,0.91559217000000004
151508,151508,GraphST,10,15,0.52408443000000005,0.72413793000000004,0.88556040000000003
151508,151508,GraphST,10,18,0.43106610000000001,0.5625,0.73356509000000003
151508,151508,GraphST,11,12,0.61884220000000001,0.81818181999999995,0.91373393999999997
151508,151508,GraphST,11,14,0.55088329999999996,0.78571429000000004,0.92652615999999999
151508,151508,GraphST,11,15,0.61093717000000003,0.78571429000000004,0.92280234000000005
151508,151508,GraphST,11,19,0.64741751000000003,0.81818181999999995,0.91245584999999996
151508,151508,GraphST,12,15,0.55112046999999997,0.81818181999999995,0.89088281999999996
151508,151508,GraphST,13,20,0.58385586,0.85185184999999997,0.91368185999999996
151508,151508,GraphST,14,19,0.58070027000000002,0.78571429000000004,0.91520590000000002
151508,151508,GraphST,16,18,0.45376242999999999,0.72413793000000004,0.79839115999999999
151508,151508,STAGATE,1,3,0.92101118000000004,0.88679244999999995,0.95587909000000004
151508,151508,STAGATE,1,7,0.89813029,0.81818181999999995,0.93257389000000002
151508,151508,STAGATE,1,8,0.87467052000000001,0.75438596000000002,0.92312072999999994
151508,151508,STAGATE,1,13,0.88620995000000002,0.78571429000000004,0.95296360000000002
151508,151508,STAGATE,1,14,0.91942595000000005,0.85185184999999997,0.93734218000000002
151508,151508,STAGATE,1,18,0.88011786999999997,0.81818181999999995,0.94727627000000003
151508,151508,STAGATE,3,7,0.89505270999999997,0.85185184999999997,0.96025326
151508,151508,STAGATE,3,8,0.87844491000000002,0.75438596000000002,0.93263008000000003
151508,151508,STAGATE,3,13,0.88123456,0.78571429000000004,0.95428515999999997
151508,151508,STAGATE,3,14,0.91159363000000004,0.85185184999999997,0.94938867999999998
151508,151508,STAGATE,3,18,0.87481980999999998,0.78571429000000004,0.94255783000000004
151508,151508,STAGATE,4,6,0.68062336999999995,0.85185184999999997,0.91566066000000002
151508,151508,STAGATE,4,9,0.67880478,0.81818181999999995,0.91187762000000006
151508,151508,STAGATE,4,12,0.74947907000000002,0.78571429000000004,0.90878194000000001
151508,151508,STAGATE,4,15,0.75610591000000005,0.81818181999999995,0.92658755999999998
151508,151508,STAGATE,4,16,0.69439291000000003,0.85185184999999997,0.91729488000000003
151508,151508,STAGATE,4,17,0.64382183999999998,0.78571429000000004,0.90347390999999999
151508,151508,STAGATE,4,20,0.69524790000000003,0.78571429000000004,0.91900714999999999
151508,151508,STAGATE,6,12,0.67612565000000002,0.78571429000000004,0.88062236000000005
151508,151508,STAGATE,6,15,0.69525555000000006,0.81818181999999995,0.90973249
151508,151508,STAGATE,6,16,0.83801462999999998,0.88679244999999995,0.95660058999999997
151508,151508,STAGATE,6,17,0.80692876999999996,0.85185184999999997,0.94836472000000005
151508,151508,STAGATE,6,20,0.81697735000000005,0.85185184999999997,0.95618080000000005
151508,151508,STAGATE,7,8,0.88871261000000001,0.88679244999999995,0.94635488999999995
151508,151508,STAGATE,7,13,0.90332813000000001,0.85185184999999997,0.94251408000000003
151508,151508,STAGATE,7,14,0.90290294000000004,0.81818181999999995,0.95127918
151508,151508,STAGATE,7,18,0.90897578999999995,0.85185184999999997,0.95015545999999995
151508,151508,STAGATE,8,13,0.88142723000000001,0.78571429000000004,0.94100532999999997
151508,151508,STAGATE,8,14,0.88660589999999995,0.78571429000000004,0.91335767999999995
151508,151508,STAGATE,8,18,0.87391295999999996,0.81818181999999995,0.93276055000000002
151508,151508,STAGATE,9,12,0.69260811,0.75438596000000002,0.87936924000000005
151508,151508,STAGATE,9,15,0.71290662999999999,0.78571429000000004,0.91388616
151508,151508,STAGATE,9,16,0.83567557999999997,0.85185184999999997,0.95212492999999998
151508,151508,STAGATE,9,17,0.80895826999999998,0.81818181999999995,0.94440729999999995
151508,151508,STAGATE,9,20,0.82705965999999997,0.85185184999999997,0.94949061000000001
151508,151508,STAGATE,10,11,0.67328904999999994,0.78571429000000004,0.94646034999999995
151508,151508,STAGATE,10,19,0.85904029000000004,0.85185184999999997,0.95722026999999998
151508,151508,STAGATE,11,19,0.70127075999999999,0.81818181999999995,0.94809900000000003
151508,151508,STAGATE,12,15,0.80861311999999996,0.85185184999999997,0.91898811000000002
151508,151508,STAGATE,12,16,0.72339573999999995,0.78571429000000004,0.87557216000000004
151508,151508,STAGATE,12,17,0.68596871999999998,0.81818181999999995,0.91214096
151508,151508,STAGATE,12,20,0.70172743999999998,0.75438596000000002,0.90654109999999999
151508,151508,STAGATE,13,14,0.89544984000000005,0.81818181999999995,0.95146587000000005
151508,151508,STAGATE,13,18,0.89442778999999994,0.81818181999999995,0.93696784
151508,151508,STAGATE,14,18,0.88036747999999998,0.75438596000000002,0.93771744999999995
151508,151508,STAGATE,15,16,0.72493320000000006,0.78571429000000004,0.91117464000000004
151508,151508,STAGATE,15,17,0.70272676999999995,0.78571429000000004,0.92845445000000004
151508,151508,STAGATE,15,20,0.71996996000000002,0.75438596000000002,0.92584644000000005
151508,151508,STAGATE,16,17,0.79580240999999996,0.81818181999999995,0.94633433
151508,151508,STAGATE,16,20,0.83320260000000002,0.88679244999999995,0.95485540999999996
151508,151508,STAGATE,17,20,0.82049015999999997,0.81818181999999995,0.95024390000000003
151508,151508,SpaGCN,1,8,0.71376466000000005,0.81818181999999995,0.93113462000000002
151508,151508,SpaGCN,1,9,0.41278248000000001,0.61290323000000002,0.75672649999999997
151508,151508,SpaGCN,1,14,0.62161146,0.72413793000000004,0.87402009999999997
151508,151508,SpaGCN,1,18,0.73713715999999996,0.85185184999999997,0.92139601000000004
151508,151508,SpaGCN,1,20,0.52787276000000005,0.63934426,0.78036987999999996
151508,151508,SpaGCN,2,4,0.41400709000000002,0.51515151999999997,0.61361222999999998
151508,151508,SpaGCN,2,6,0.44371445999999998,0.49253731000000001,0.76138079000000003
151508,151508,SpaGCN,2,8,0.46451637000000001,0.58730159000000004,0.83020450000000001
151508,151508,SpaGCN,2,9,0.37297337000000003,0.63934426,0.79435855
151508,151508,SpaGCN,2,10,0.67584822,0.63934426,0.85808161999999999
151508,151508,SpaGCN,2,11,0.42737320000000001,0.5625,0.79314501000000004
151508,151508,SpaGCN,2,13,0.42234599,0.66666667000000002,0.81094688999999998
151508,151508,SpaGCN,2,17,0.55676334000000005,0.69491524999999998,0.85680924000000003
151508,151508,SpaGCN,2,20,0.60119255000000005,0.63934426,0.80509465000000002
151508,151508,SpaGCN,3,5,0.55478108999999998,0.66666667000000002,0.74987362000000002
151508,151508,SpaGCN,3,7,0.43300237000000003,0.5625,0.77796458000000002
151508,151508,SpaGCN,3,15,0.59716955000000005,0.69491524999999998,0.80103705000000003
151508,151508,SpaGCN,4,6,0.46638684000000002,0.47058823999999999,0.65074717999999998
151508,151508,SpaGCN,4,8,0.53804571999999995,0.58730159000000004,0.79857962000000005
151508,151508,SpaGCN,4,10,0.43537927999999998,0.4084507,0.57283402000000005
151508,151508,SpaGCN,4,11,0.37969665000000002,0.49253731000000001,0.66317342000000001
151508,151508,SpaGCN,4,13,0.44902599999999998,0.5625,0.75734851000000003
151508,151508,SpaGCN,4,17,0.44415029,0.44927536000000001,0.67434870999999996
151508,151508,SpaGCN,4,19,0.41439596000000001,0.53846154000000002,0.79991011000000001
151508,151508,SpaGCN,4,20,0.47789678000000002,0.28205128000000002,0.64348950999999999
151508,151508,SpaGCN,5,7,0.38567789000000002,0.61290323000000002,0.70289352000000005
151508,151508,SpaGCN,5,15,0.56790580000000002,0.69491524999999998,0.79923332000000002
151508,151508,SpaGCN,5,16,0.55396888,0.5625,0.65508063999999999
151508,151508,SpaGCN,6,10,0.47039959999999997,0.69491524999999998,0.79407967999999995
151508,151508,SpaGCN,6,11,0.36753935999999998,0.5625,0.69603285999999998
151508,151508,SpaGCN,6,13,0.38736984000000002,0.53846154000000002,0.71954377999999997
151508,151508,SpaGCN,6,19,0.37447652999999997,0.36986300999999999,0.65000753
151508,151508,SpaGCN,7,18,0.59789970000000003,0.69491524999999998,0.86268444
151508,151508,SpaGCN,8,9,0.42022457000000002,0.53846154000000002,0.77114145000000001
151508,151508,SpaGCN,8,13,0.58290993999999996,0.69491524999999998,0.88079666999999995
151508,151508,SpaGCN,8,14,0.53777266000000001,0.69491524999999998,0.85876207999999998
151508,151508,SpaGCN,8,17,0.50057921000000005,0.66666667000000002,0.77456891000000005
151508,151508,SpaGCN,8,20,0.51378243000000001,0.66666667000000002,0.83238893999999997
151508,151508,SpaGCN,9,13,0.42345550999999998,0.58730159000000004,0.76304828999999996
151508,151508,SpaGCN,9,14,0.38590133999999998,0.5625,0.74806510000000004
151508,151508,SpaGCN,9,17,0.39628092999999998,0.51515151999999997,0.73673513000000002
151508,151508,SpaGCN,9,20,0.41233843999999997,0.47058823999999999,0.69408124999999998
151508,151508,SpaGCN,10,11,0.41208240000000002,0.53846154000000002,0.79295614999999997
151508,151508,SpaGCN,10,13,0.40868626000000002,0.53846154000000002,0.75098503999999999
151508,151508,SpaGCN,10,19,0.34480730999999998,0.2345679,0.46919607000000002
151508,151508,SpaGCN,11,13,0.47073150000000002,0.72413793000000004,0.83126515000000001
151508,151508,SpaGCN,11,19,0.46023683999999998,0.36986300999999999,0.71563259000000001
151508,151508,SpaGCN,13,17,0.46246652999999999,0.69491524999999998,0.83354379999999995
151508,151508,SpaGCN,13,19,0.51469381000000003,0.5625,0.76166908
151508,151508,SpaGCN,13,20,0.47060847,0.63934426,0.84159850000000003
151508,151508,SpaGCN,14,17,0.43873768000000002,0.63934426,0.77530178999999999
151508,151508,SpaGCN,14,18,0.63079885999999996,0.72413793000000004,0.87029723999999997
151508,151508,SpaGCN,14,20,0.46549840999999997,0.5625,0.73444730999999996
151508,151508,SpaGCN,15,16,0.53677213000000001,0.66666667000000002,0.69505883000000002
151508,151508,SpaGCN,17,20,0.60327867000000002,0.69491524999999998,0.84128793000000002
151508,151508,BANKSY,1,4,0.80438580999999998,0.78571429000000004,0.82906500999999999
151508,151508,BANKSY,1,5,0.97184574000000001,0.96078430999999997,0.98524009999999995
151508,151508,BANKSY,1,9,0.7891106,0.72413793000000004,0.79020000000000001
151508,151508,BANKSY,1,12,0.80560131999999995,0.78571429000000004,0.91438357999999997
151508,151508,BANKSY,1,14,0.76659801000000005,0.92307691999999997,0.94008659999999999
151508,151508,BANKSY,1,15,0.96275759000000005,0.96078430999999997,0.99698589000000004
151508,151508,BANKSY,1,16,0.93735804,0.92307691999999997,0.97732459000000005
151508,151508,BANKSY,1,19,0.76659801000000005,0.92307691999999997,0.94008659999999999
151508,151508,BANKSY,2,11,0.38336600999999998,0.47058823999999999,0.49786498000000001
151508,151508,BANKSY,2,17,0.89490650000000005,0.85185184999999997,0.90294434999999995
151508,151508,BANKSY,2,20,0.40982312999999998,0.47058823999999999,0.49234749999999999
151508,151508,BANKSY,3,6,0.97479662,1,1
151508,151508,BANKSY,3,13,0.92696767000000002,0.88679244999999995,0.94764515000000005
151508,151508,BANKSY,4,5,0.81805625000000004,0.78571429000000004,0.92662633999999999
151508,151508,BANKSY,4,9,0.93284957999999996,0.88679244999999995,0.94804326999999999
151508,151508,BANKSY,4,12,0.97375350999999999,0.85185184999999997,0.97895580999999998
151508,151508,BANKSY,4,14,0.83906700000000001,0.78571429000000004,0.87018801000000001
151508,151508,BANKSY,4,15,0.79955317000000004,0.72413793000000004,0.83189985
151508,151508,BANKSY,4,16,0.79268072999999994,0.69491524999999998,0.64821384000000004
151508,151508,BANKSY,4,19,0.83906700000000001,0.78571429000000004,0.87018801000000001
151508,151508,BANKSY,5,9,0.80103438999999999,0.81818181999999995,0.81740630999999997
151508,151508,BANKSY,5,12,0.81587741000000003,0.75438596000000002,0.85870626000000005
151508,151508,BANKSY,5,14,0.77367434999999996,0.75438596000000002,0.87263584999999999
151508,151508,BANKSY,5,15,0.96791136,0.96078430999999997,0.98968672000000002
151508,151508,BANKSY,5,16,0.95198992999999998,0.85185184999999997,0.98009035
151508,151508,BANKSY,5,19,0.77367434999999996,0.75438596000000002,0.87263584999999999
151508,151508,BANKSY,6,13,0.94044821000000001,0.88679244999999995,0.94623999000000003
151508,151508,BANKSY,7,8,0.62820193999999996,0.72413793000000004,0.90690267999999996
151508,151508,BANKSY,7,18,0.98567291000000001,1,0.99674107000000001
151508,151508,BANKSY,8,18,0.62166030000000005,0.75438596000000002,0.90466712999999999
151508,151508,BANKSY,9,12,0.91874593000000004,0.85185184999999997,0.91224696999999999
151508,151508,BANKSY,9,14,0.85826066000000001,0.88679244999999995,0.94293678999999997
151508,151508,BANKSY,9,15,0.78043127000000001,0.72413793000000004,0.79351373999999997
151508,151508,BANKSY,9,16,0.78242772000000005,0.72413793000000004,0.72078114000000004
151508,151508,BANKSY,9,19,0.85826066000000001,0.88679244999999995,0.94293678999999997
151508,151508,BANKSY,10,17,0.50559911999999996,0.53846154000000002,0.64564513999999995
151508,151508,BANKSY,10,20,0.72213061999999995,0.78571429000000004,0.84082226999999998
151508,151508,BANKSY,11,17,0.39076240000000001,0.58730159000000004,0.82772055
151508,151508,BANKSY,11,20,0.53946495000000005,0.78571429000000004,0.82434708000000001
151508,151508,BANKSY,12,14,0.82619827999999995,0.81818181999999995,0.93186809000000004
151508,151508,BANKSY,12,15,0.80080938999999995,0.78571429000000004,0.91758505000000001
151508,151508,BANKSY,12,16,0.79355810999999998,0.66666667000000002,0.76545509
151508,151508,BANKSY,12,19,0.82619827999999995,0.81818181999999995,0.93186809000000004
151508,151508,BANKSY,14,15,0.76504698999999998,0.88679244999999995,0.90318763999999996
151508,151508,BANKSY,14,16,0.75440193,0.78571429000000004,0.85180586000000003
151508,151508,BANKSY,14,19,1,1,1
151508,151508,BANKSY,15,16,0.95560676,0.92307691999999997,0.97514909999999999
151508,151508,BANKSY,15,19,0.76504698999999998,0.88679244999999995,0.90318763999999996
151508,151508,BANKSY,16,19,0.75440193,0.78571429000000004,0.85180586000000003
151508,151508,BANKSY,17,20,0.43353148000000002,0.61290323000000002,0.84226632000000001
151508,151508,SEDR,1,3,0.69910963250000002,0.47058823529999988,0.76280376250000004
151508,151508,SEDR,1,7,0.55721787489999985,0.51515151520000002,0.69115192749999987
151508,151508,SEDR,1,11,0.74266217089999986,0.78571428570000001,0.9044053809
151508,151508,SEDR,1,12,0.69529093180000001,0.75438596489999987,0.90945148509999996
151508,151508,SEDR,1,15,0.75450644280000001,0.85185185190000001,0.91935266169999996
151508,151508,SEDR,1,18,0.73283588909999986,0.85185185190000001,0.9211988619
151508,151508,SEDR,1,19,0.7166875184,0.75438596489999987,0.89755707080000002
151508,151508,SEDR,2,4,0.85130557200000001,0.85185185190000001,0.93947987909999997
151508,151508,SEDR,2,5,0.77260154619999988,0.72413793100000001,0.87753695970000001
151508,151508,SEDR,2,6,0.89171207340000003,0.85185185190000001,0.95274808990000004
151508,151508,SEDR,2,8,0.74266546450000004,0.72413793100000001,0.86814484800000002
151508,151508,SEDR,2,9,0.80807400799999995,0.81818181820000002,0.92977087439999995
151508,151508,SEDR,2,10,0.73817266020000005,0.78571428570000001,0.91163624080000005
151508,151508,SEDR,2,14,0.73075114939999986,0.78571428570000001,0.89925145949999985
151508,151508,SEDR,2,15,0.78452981150000001,0.88679245279999985,0.92091595569999996
151508,151508,SEDR,2,16,0.84805207429999985,0.81818181820000002,0.93446222160000003
151508,151508,SEDR,2,17,0.71060917099999987,0.81818181820000002,0.87158350259999995
151508,151508,SEDR,2,18,0.76042449759999986,0.85185185190000001,0.89863267979999994
151508,151508,SEDR,2,20,0.77084425400000001,0.88679245279999985,0.9254581073
151508,151508,SEDR,3,7,0.55670210860000002,0.47058823529999988,0.70852173029999987
151508,151508,SEDR,3,11,0.716841646,0.47058823529999988,0.74051754759999988
151508,151508,SEDR,3,12,0.67012891450000001,0.51515151520000002,0.78986952109999986
151508,151508,SEDR,3,15,0.74290841500000004,0.49253731340000001,0.75180811599999986
151508,151508,SEDR,3,18,0.6641048947,0.36986301370000002,0.74482981829999995
151508,151508,SEDR,3,19,0.66769369769999987,0.44927536229999993,0.71270109869999987
151508,151508,SEDR,4,5,0.79734388010000001,0.72413793100000001,0.90972175129999999
151508,151508,SEDR,4,6,0.83708757789999988,0.85185185190000001,0.92467529250000002
151508,151508,SEDR,4,8,0.76192695860000004,0.75438596489999987,0.89640948669999987
151508,151508,SEDR,4,9,0.79657787820000003,0.85185185190000001,0.92117556010000001
151508,151508,SEDR,4,10,0.7768580625,0.88679245279999985,0.91542216880000005
151508,151508,SEDR,4,14,0.7845488383,0.88679245279999985,0.93477098120000002
151508,151508,SEDR,4,16,0.7903181266,0.81818181820000002,0.92110882719999998
151508,151508,SEDR,4,17,0.68620233669999986,0.81818181820000002,0.86065888140000002
151508,151508,SEDR,4,20,0.79835499759999995,0.88679245279999985,0.93263195870000004
151508,151508,SEDR,5,6,0.80466757919999987,0.78571428570000001,0.91988507019999999
151508,151508,SEDR,5,8,0.79707487119999987,0.78571428570000001,0.91217630979999997
151508,151508,SEDR,5,9,0.83912176409999994,0.75438596489999987,0.92240670469999997
151508,151508,SEDR,5,10,0.69890127950000003,0.75438596489999987,0.85023907580000002
151508,151508,SEDR,5,14,0.72652779560000003,0.78571428570000001,0.87797960909999995
151508,151508,SEDR,5,16,0.79553878550000001,0.75438596489999987,0.88904842230000003
151508,151508,SEDR,5,17,0.69363848660000005,0.75438596489999987,0.86992692689999995
151508,151508,SEDR,5,20,0.71975252919999988,0.75438596489999987,0.86466171209999987
151508,151508,SEDR,6,8,0.75868554519999987,0.75438596489999987,0.8898794162
151508,151508,SEDR,6,9,0.82803904179999988,0.88679245279999985,0.94023949340000001
151508,151508,SEDR,6,10,0.71696769250000003,0.75438596489999987,0.85720905700000005
151508,151508,SEDR,6,14,0.72008050379999988,0.75438596489999987,0.87583077060000003
151508,151508,SEDR,6,16,0.84116103490000005,0.85185185190000001,0.92947257390000004
151508,151508,SEDR,6,17,0.70731904469999995,0.81818181820000002,0.89917538789999985
151508,151508,SEDR,6,20,0.74908413969999987,0.85185185190000001,0.88151355620000005
151508,151508,SEDR,7,11,0.52519897240000002,0.47058823529999988,0.63966281859999985
151508,151508,SEDR,7,12,0.60368588290000003,0.63934426229999985,0.78734883460000005
151508,151508,SEDR,7,19,0.56340187649999995,0.49253731340000001,0.72764705549999986
151508,151508,SEDR,8,9,0.79377431529999987,0.72413793100000001,0.91066955049999998
151508,151508,SEDR,8,10,0.65827554499999985,0.6949152542,0.83144248350000005
151508,151508,SEDR,8,14,0.6837971531,0.72413793100000001,0.83363749220000005
151508,151508,SEDR,8,15,0.7051768021,0.72413793100000001,0.85740272989999988
151508,151508,SEDR,8,16,0.73762838190000002,0.72413793100000001,0.85625832850000005
151508,151508,SEDR,8,17,0.66545865900000001,0.72413793100000001,0.82071116669999988
151508,151508,SEDR,8,18,0.70810640840000005,0.75438596489999987,0.88424846619999986
151508,151508,SEDR,8,20,0.69730990650000002,0.75438596489999987,0.85525545059999986
151508,151508,SEDR,9,10,0.70051861630000001,0.6949152542,0.85535627189999985
151508,151508,SEDR,9,14,0.69893848169999995,0.72413793100000001,0.87421711540000002
151508,151508,SEDR,9,15,0.80322551639999995,0.81818181820000002,0.93251312230000005
151508,151508,SEDR,9,16,0.80571127819999988,0.78571428570000001,0.92620957270000004
151508,151508,SEDR,9,18,0.74870986610000001,0.81818181820000002,0.90473444629999999
151508,151508,SEDR,9,20,0.71977476480000002,0.78571428570000001,0.87775502419999984
151508,151508,SEDR,10,14,0.86041615240000002,0.88679245279999985,0.93454186289999996
151508,151508,SEDR,10,16,0.68881303569999985,0.75438596489999987,0.89034175090000001
151508,151508,SEDR,10,17,0.63678781200000001,0.81818181820000002,0.86507121300000001
151508,151508,SEDR,10,20,0.88421607840000005,0.9230769231,0.94925968859999998
151508,151508,SEDR,11,12,0.71975141190000003,0.75438596489999987,0.92679663940000001
151508,151508,SEDR,11,15,0.82617328670000001,0.81818181820000002,0.94983902949999999
151508,151508,SEDR,11,18,0.69494998409999986,0.78571428570000001,0.87902441899999995
151508,151508,SEDR,11,19,0.68247441239999995,0.78571428570000001,0.88039481249999985
151508,151508,SEDR,12,15,0.73259120359999985,0.78571428570000001,0.93785343350000006
151508,151508,SEDR,12,18,0.72804785650000003,0.81818181820000002,0.90927925880000005
151508,151508,SEDR,12,19,0.73396312379999995,0.78571428570000001,0.89642542179999996
151508,151508,SEDR,14,15,0.75442383769999988,0.78571428570000001,0.90637971399999995
151508,151508,SEDR,14,16,0.70556556309999985,0.75438596489999987,0.91396862690000003
151508,151508,SEDR,14,17,0.65554931110000003,0.78571428570000001,0.85701593300000001
151508,151508,SEDR,14,18,0.70237101580000005,0.81818181820000002,0.87464521760000002
151508,151508,SEDR,14,20,0.84749767300000001,0.85185185190000001,0.94059889299999999
151508,151508,SEDR,15,16,0.75290380219999986,0.85185185190000001,0.9107405905
151508,151508,SEDR,15,18,0.72156426009999985,0.85185185190000001,0.88859970850000003
151508,151508,SEDR,15,19,0.71666954859999987,0.78571428570000001,0.87379810729999985
151508,151508,SEDR,15,20,0.7599520609,0.85185185190000001,0.91139684040000002
151508,151508,SEDR,16,18,0.76030562349999986,0.78571428570000001,0.89517464879999986
151508,151508,SEDR,16,20,0.70617708810000002,0.81818181820000002,0.89366997660000003
151508,151508,SEDR,18,19,0.78791285489999985,0.78571428570000001,0.91244238359999996
151508,151508,SEDR,18,20,0.71318777820000001,0.85185185190000001,0.872269568
151509,151509,GraphST,1,3,0.54445169999999998,0.78571429000000004,0.88012296000000001
151509,151509,GraphST,1,6,0.56580929000000002,0.88679244999999995,0.92425663000000002
151509,151509,GraphST,1,9,0.59238351,0.78571429000000004,0.89396509999999996
151509,151509,GraphST,1,12,0.61961938000000005,0.78571429000000004,0.91291232
151509,151509,GraphST,1,13,0.54222877000000003,0.85185184999999997,0.89365753000000003
151509,151509,GraphST,1,15,0.58917397000000005,0.88679244999999995,0.9413222
151509,151509,GraphST,1,17,0.39950008999999997,0.75438596000000002,0.87718103999999997
151509,151509,GraphST,1,18,0.40608263999999999,0.75438596000000002,0.86941197999999997
151509,151509,GraphST,1,20,0.50835328999999996,0.75438596000000002,0.85518868000000003
151509,151509,GraphST,2,7,0.74534893000000002,0.85185184999999997,0.92606588999999995
151509,151509,GraphST,2,10,0.32136925999999999,0.47058823999999999,0.50383575000000003
151509,151509,GraphST,3,9,0.49944243999999999,0.69491524999999998,0.84953721999999998
151509,151509,GraphST,3,13,0.63468745000000004,0.81818181999999995,0.89660571
151509,151509,GraphST,3,14,0.42010794000000001,0.78571429000000004,0.89865256000000004
151509,151509,GraphST,3,17,0.41574565000000002,0.75438596000000002,0.8850711
151509,151509,GraphST,3,18,0.40990990999999999,0.75438596000000002,0.87865126999999998
151509,151509,GraphST,3,19,0.39759522000000003,0.81818181999999995,0.89813173999999996
151509,151509,GraphST,3,20,0.58865356999999996,0.81818181999999995,0.89864473
151509,151509,GraphST,4,6,0.51676871000000002,0.72413793000000004,0.85621044000000002
151509,151509,GraphST,4,8,0.53280174000000002,0.78571429000000004,0.90195221999999997
151509,151509,GraphST,4,11,0.44689646,0.75438596000000002,0.80698234000000002
151509,151509,GraphST,4,12,0.59160385999999998,0.72413793000000004,0.87014497000000002
151509,151509,GraphST,4,15,0.55271844000000003,0.72413793000000004,0.8619346
151509,151509,GraphST,5,16,0.73999130000000002,0.81818181999999995,0.90441490000000002
151509,151509,GraphST,6,8,0.42699015000000001,0.75438596000000002,0.84706300000000001
151509,151509,GraphST,6,9,0.47698574999999999,0.75438596000000002,0.88751307000000002
151509,151509,GraphST,6,11,0.40852920999999998,0.81818181999999995,0.90292680999999997
151509,151509,GraphST,6,12,0.59389979000000004,0.81818181999999995,0.92830809000000003
151509,151509,GraphST,6,13,0.48603157000000002,0.81818181999999995,0.89578714000000004
151509,151509,GraphST,6,15,0.56463600999999997,0.92307691999999997,0.95045561000000001
151509,151509,GraphST,6,17,0.40632760000000001,0.72413793000000004,0.87947916000000004
151509,151509,GraphST,7,10,0.33758168,0.61290323000000002,0.61386859999999999
151509,151509,GraphST,8,11,0.55713223000000001,0.78571429000000004,0.83280770000000004
151509,151509,GraphST,8,12,0.45916075000000001,0.72413793000000004,0.83576956999999996
151509,151509,GraphST,8,15,0.43864394000000001,0.75438596000000002,0.83033455
151509,151509,GraphST,9,12,0.55186581999999995,0.81818181999999995,0.91323536999999999
151509,151509,GraphST,9,13,0.56106677000000005,0.81818181999999995,0.88498739999999998
151509,151509,GraphST,9,15,0.52792996999999997,0.85185184999999997,0.91834570999999998
151509,151509,GraphST,9,17,0.38693792999999999,0.75438596000000002,0.85512560999999998
151509,151509,GraphST,9,20,0.57158721999999995,0.78571429000000004,0.89201940999999996
151509,151509,GraphST,11,12,0.42474444,0.81818181999999995,0.87607036000000005
151509,151509,GraphST,11,15,0.41434438000000001,0.85185184999999997,0.89611463000000002
151509,151509,GraphST,12,13,0.52963066999999997,0.72413793000000004,0.89972326999999996
151509,151509,GraphST,12,15,0.60687345000000004,0.78571429000000004,0.91863452000000001
151509,151509,GraphST,12,17,0.41780636999999998,0.75438596000000002,0.87696213000000001
151509,151509,GraphST,13,15,0.49272075999999998,0.88679244999999995,0.88983663000000002
151509,151509,GraphST,13,17,0.43388439000000001,0.75438596000000002,0.89190150000000001
151509,151509,GraphST,13,20,0.65497550000000004,0.85185184999999997,0.90597925000000001
151509,151509,GraphST,14,18,0.51827378999999996,0.81818181999999995,0.89570086999999998
151509,151509,GraphST,14,19,0.49788616000000002,0.81818181999999995,0.90649323000000004
151509,151509,GraphST,14,20,0.39560262000000002,0.78571429000000004,0.89872419000000003
151509,151509,GraphST,15,17,0.39172111999999998,0.75438596000000002,0.86036765000000004
151509,151509,GraphST,17,20,0.40042630000000001,0.75438596000000002,0.88579598999999998
151509,151509,GraphST,18,19,0.50881586999999995,0.78571429000000004,0.90720221000000001
151509,151509,GraphST,18,20,0.39183015999999998,0.75438596000000002,0.89200820000000003
151509,151509,GraphST,19,20,0.38229267,0.75438596000000002,0.91129665000000004
151509,151509,STAGATE,1,2,0.89453209,0.92307691999999997,0.96944403000000001
151509,151509,STAGATE,1,4,0.90254228000000003,0.92307691999999997,0.97228983000000002
151509,151509,STAGATE,1,6,0.90849743000000005,0.92307691999999997,0.97231392999999999
151509,151509,STAGATE,1,7,0.90083866999999995,0.92307691999999997,0.97605078000000001
151509,151509,STAGATE,1,8,0.90259310999999998,0.92307691999999997,0.96431032000000005
151509,151509,STAGATE,1,10,0.89387242,0.92307691999999997,0.97061140999999995
151509,151509,STAGATE,1,11,0.90075258999999996,0.88679244999999995,0.96734056000000002
151509,151509,STAGATE,1,15,0.90366146999999997,0.92307691999999997,0.97087137999999995
151509,151509,STAGATE,1,16,0.92033237999999995,0.92307691999999997,0.97636195999999997
151509,151509,STAGATE,1,19,0.91303935000000003,0.92307691999999997,0.96814893999999996
151509,151509,STAGATE,1,20,0.92613358000000001,0.92307691999999997,0.98037613000000001
151509,151509,STAGATE,2,3,0.74257072999999996,0.92307691999999997,0.96793337000000002
151509,151509,STAGATE,2,4,0.88249060999999995,0.92307691999999997,0.97014473000000001
151509,151509,STAGATE,2,6,0.91903272999999996,0.92307691999999997,0.98123978000000001
151509,151509,STAGATE,2,7,0.91298634999999995,0.92307691999999997,0.97101375999999995
151509,151509,STAGATE,2,8,0.89276668000000003,0.92307691999999997,0.97337684000000002
151509,151509,STAGATE,2,10,0.89986951000000004,0.96078430999999997,0.97185776000000001
151509,151509,STAGATE,2,11,0.89933660000000004,0.96078430999999997,0.97703744000000003
151509,151509,STAGATE,2,12,0.77144725999999997,0.92307691999999997,0.96595949999999997
151509,151509,STAGATE,2,15,0.89641601000000004,0.92307691999999997,0.97539105999999998
151509,151509,STAGATE,2,16,0.88550295000000001,0.92307691999999997,0.97215728000000001
151509,151509,STAGATE,2,18,0.86760766,0.92307691999999997,0.96787641999999996
151509,151509,STAGATE,2,19,0.90065233,0.92307691999999997,0.97452203000000004
151509,151509,STAGATE,2,20,0.89747111999999996,0.88679244999999995,0.97218190999999998
151509,151509,STAGATE,3,12,0.83370659000000003,0.92307691999999997,0.97304882000000004
151509,151509,STAGATE,3,15,0.71227165999999997,0.88679244999999995,0.96976642000000002
151509,151509,STAGATE,3,18,0.70571729000000005,0.92307691999999997,0.97303298999999999
151509,151509,STAGATE,4,6,0.90330710999999997,0.92307691999999997,0.97616895999999997
151509,151509,STAGATE,4,7,0.88549811,0.88679244999999995,0.97125751000000005
151509,151509,STAGATE,4,8,0.89140439000000005,0.88679244999999995,0.97481845
151509,151509,STAGATE,4,10,0.87671538999999998,0.92307691999999997,0.97291384000000003
151509,151509,STAGATE,4,11,0.89989651000000004,0.88679244999999995,0.97420063999999995
151509,151509,STAGATE,4,15,0.91658651999999996,0.92307691999999997,0.97513134999999995
151509,151509,STAGATE,4,16,0.92312755000000002,0.92307691999999997,0.98186273999999996
151509,151509,STAGATE,4,18,0.91917506999999998,0.92307691999999997,0.98117023999999997
151509,151509,STAGATE,4,19,0.90314713000000002,0.92307691999999997,0.97859401000000001
151509,151509,STAGATE,4,20,0.90648960999999995,0.92307691999999997,0.97595067999999996
151509,151509,STAGATE,6,7,0.91548269999999998,0.92307691999999997,0.97923256000000003
151509,151509,STAGATE,6,8,0.90838094999999996,0.96078430999999997,0.97609608999999997
151509,151509,STAGATE,6,10,0.90408831000000001,0.96078430999999997,0.97757121999999996
151509,151509,STAGATE,6,11,0.91083654999999997,0.88679244999999995,0.97798925999999997
151509,151509,STAGATE,6,16,0.90272841999999998,0.92307691999999997,0.97686249000000003
151509,151509,STAGATE,6,19,0.90155136999999996,0.92307691999999997,0.97402727
151509,151509,STAGATE,6,20,0.90500674000000003,0.88679244999999995,0.97593536999999997
151509,151509,STAGATE,7,8,0.91167220999999998,0.88679244999999995,0.97166498000000001
151509,151509,STAGATE,7,10,0.91524808000000002,0.88679244999999995,0.97758559
151509,151509,STAGATE,7,11,0.91037285000000001,0.92307691999999997,0.97800392999999997
151509,151509,STAGATE,7,12,0.78548799999999996,0.88679244999999995,0.96883328999999996
151509,151509,STAGATE,7,15,0.89106114999999997,0.88679244999999995,0.97212087000000003
151509,151509,STAGATE,7,16,0.88789185999999998,0.92307691999999997,0.97350696999999997
151509,151509,STAGATE,7,18,0.87963614999999995,0.88679244999999995,0.97586534999999996
151509,151509,STAGATE,7,19,0.91269407999999996,0.92307691999999997,0.97374706
151509,151509,STAGATE,7,20,0.89875506000000005,0.88679244999999995,0.97536528
151509,151509,STAGATE,8,10,0.91104160999999995,0.92307691999999997,0.97989625999999996
151509,151509,STAGATE,8,11,0.90633912999999999,0.85185184999999997,0.97429580000000005
151509,151509,STAGATE,8,12,0.75970205000000002,0.85185184999999997,0.96530556999999995
151509,151509,STAGATE,8,15,0.89836585000000002,0.92307691999999997,0.97559414
151509,151509,STAGATE,8,16,0.89537946000000002,0.88679244999999995,0.97776898999999995
151509,151509,STAGATE,8,18,0.88856738000000002,0.88679244999999995,0.97431151000000005
151509,151509,STAGATE,8,19,0.91479034999999997,0.92307691999999997,0.97834538000000004
151509,151509,STAGATE,8,20,0.90879135,0.88679244999999995,0.96589575000000005
151509,151509,STAGATE,9,13,0.68121507000000003,0.81818181999999995,0.89045518000000001
151509,151509,STAGATE,9,14,0.71591252999999999,0.75438596000000002,0.91622112
151509,151509,STAGATE,10,11,0.89900374999999999,0.92307691999999997,0.97120092000000002
151509,151509,STAGATE,10,12,0.77144718999999995,0.92307691999999997,0.97213103000000001
151509,151509,STAGATE,10,15,0.88613182000000001,0.92307691999999997,0.97028751999999996
151509,151509,STAGATE,10,16,0.8882082,0.88679244999999995,0.97174011000000005
151509,151509,STAGATE,10,18,0.87239679000000003,0.88679244999999995,0.97215607000000004
151509,151509,STAGATE,10,19,0.90522952000000001,0.92307691999999997,0.97827699999999995
151509,151509,STAGATE,10,20,0.89616812000000001,0.88679244999999995,0.97295732999999995
151509,151509,STAGATE,11,12,0.76107095000000002,0.92307691999999997,0.96664572999999998
151509,151509,STAGATE,11,15,0.89904335999999996,0.96078430999999997,0.97845378999999999
151509,151509,STAGATE,11,16,0.88867856999999995,0.92307691999999997,0.97189174
151509,151509,STAGATE,11,18,0.88952030000000004,0.88679244999999995,0.97442130999999998
151509,151509,STAGATE,11,19,0.91005283000000003,0.92307691999999997,0.97923037000000002
151509,151509,STAGATE,11,20,0.90116987000000004,0.92307691999999997,0.97550402000000003
151509,151509,STAGATE,12,15,0.74259889000000001,0.92307691999999997,0.97191289999999997
151509,151509,STAGATE,12,16,0.73362503999999995,0.88679244999999995,0.96826148000000001
151509,151509,STAGATE,12,18,0.73643179999999997,0.92307691999999997,0.97916254999999996
151509,151509,STAGATE,12,19,0.76363970000000003,0.88679244999999995,0.97695936000000005
151509,151509,STAGATE,13,14,0.64656718000000002,0.75438596000000002,0.86252059999999997
151509,151509,STAGATE,15,16,0.91843852999999998,0.92307691999999997,0.98140371000000004
151509,151509,STAGATE,15,18,0.91880941000000005,0.92307691999999997,0.98142909
151509,151509,STAGATE,15,19,0.90483813000000002,0.92307691999999997,0.97880029000000002
151509,151509,STAGATE,16,18,0.91691438000000003,0.92307691999999997,0.98113015000000003
151509,151509,STAGATE,16,19,0.90862951000000003,0.92307691999999997,0.97872228999999999
151509,151509,STAGATE,16,20,0.91491199999999995,0.92307691999999997,0.97941840000000002
151509,151509,STAGATE,18,19,0.90820120999999998,0.92307691999999997,0.97995668999999996
151509,151509,STAGATE,19,20,0.91757887000000005,0.88679244999999995,0.97518278000000003
151509,151509,SpaGCN,1,2,0.57914836000000003,0.78571429000000004,0.93132048999999995
151509,151509,SpaGCN,1,4,0.58016756000000003,0.85185184999999997,0.90106635999999996
151509,151509,SpaGCN,1,7,0.56291720999999995,0.78571429000000004,0.88978203
151509,151509,SpaGCN,1,12,0.73018649000000002,0.88679244999999995,0.94703590000000004
151509,151509,SpaGCN,1,16,0.55561057999999997,0.78571429000000004,0.87989671000000003
151509,151509,SpaGCN,2,3,0.42168618000000002,0.61290323000000002,0.8530451
151509,151509,SpaGCN,2,4,0.56012753000000004,0.78571429000000004,0.90042001000000005
151509,151509,SpaGCN,2,7,0.57252961999999996,0.75438596000000002,0.89346068000000001
151509,151509,SpaGCN,2,11,0.54655271999999999,0.75438596000000002,0.89706675999999996
151509,151509,SpaGCN,2,12,0.58753507999999999,0.81818181999999995,0.91347809999999996
151509,151509,SpaGCN,2,16,0.52506925000000004,0.66666667000000002,0.88386153000000001
151509,151509,SpaGCN,2,18,0.63534504999999997,0.78571429000000004,0.92914907000000002
151509,151509,SpaGCN,2,20,0.57311555999999997,0.78571429000000004,0.92062387000000001
151509,151509,SpaGCN,3,8,0.46320808000000002,0.72413793000000004,0.87174830999999997
151509,151509,SpaGCN,3,10,0.57024034000000001,0.69491524999999998,0.87578087000000004
151509,151509,SpaGCN,3,11,0.44148781999999998,0.69491524999999998,0.87924356999999997
151509,151509,SpaGCN,3,15,0.44222154000000002,0.63934426,0.86971147000000004
151509,151509,SpaGCN,3,18,0.42081051000000003,0.63934426,0.86128892000000001
151509,151509,SpaGCN,3,19,0.47267960999999997,0.66666667000000002,0.87987349000000004
151509,151509,SpaGCN,3,20,0.50269255000000002,0.5625,0.87833676000000005
151509,151509,SpaGCN,4,7,0.64078522000000004,0.85185184999999997,0.95250838000000004
151509,151509,SpaGCN,4,12,0.58734321,0.81818181999999995,0.89217307000000001
151509,151509,SpaGCN,4,16,0.62080785999999999,0.81818181999999995,0.95385633000000003
151509,151509,SpaGCN,5,9,0.61525121000000005,0.78571429000000004,0.93110099999999996
151509,151509,SpaGCN,5,13,0.66532237000000005,0.85185184999999997,0.92774672000000002
151509,151509,SpaGCN,5,14,0.68235069999999998,0.85185184999999997,0.94941410999999998
151509,151509,SpaGCN,5,15,0.48550314,0.78571429000000004,0.92511502000000001
151509,151509,SpaGCN,5,17,0.52888745999999998,0.72413793000000004,0.90242396000000002
151509,151509,SpaGCN,5,19,0.68990342000000004,0.81818181999999995,0.93910987000000001
151509,151509,SpaGCN,7,12,0.56579142999999998,0.75438596000000002,0.89379507000000002
151509,151509,SpaGCN,7,16,0.60312535,0.85185184999999997,0.95745513000000004
151509,151509,SpaGCN,7,20,0.51303350000000003,0.78571429000000004,0.89707855999999997
151509,151509,SpaGCN,8,10,0.47403930999999999,0.69491524999999998,0.85538844000000003
151509,151509,SpaGCN,8,11,0.74459717999999997,0.88679244999999995,0.95974755
151509,151509,SpaGCN,8,13,0.69679036000000005,0.78571429000000004,0.94233312000000002
151509,151509,SpaGCN,8,14,0.64560419999999996,0.75438596000000002,0.91181495000000001
151509,151509,SpaGCN,8,15,0.52685866999999997,0.78571429000000004,0.93699856999999998
151509,151509,SpaGCN,8,18,0.54692927000000002,0.72413793000000004,0.90255141000000005
151509,151509,SpaGCN,8,19,0.76431015999999996,0.78571429000000004,0.95832773999999998
151509,151509,SpaGCN,8,20,0.51514747999999999,0.72413793000000004,0.89370561999999998
151509,151509,SpaGCN,9,13,0.51471403999999998,0.78571429000000004,0.90647920000000004
151509,151509,SpaGCN,9,14,0.56068914000000003,0.72413793000000004,0.91514183999999998
151509,151509,SpaGCN,9,17,0.46946618000000001,0.72413793000000004,0.93219633000000002
151509,151509,SpaGCN,10,11,0.46058610999999999,0.69491524999999998,0.85424933999999997
151509,151509,SpaGCN,10,13,0.44929984000000001,0.72413793000000004,0.84611921000000001
151509,151509,SpaGCN,10,14,0.48156354000000001,0.78571429000000004,0.87823357999999996
151509,151509,SpaGCN,10,15,0.47477405,0.69491524999999998,0.88855890999999998
151509,151509,SpaGCN,10,18,0.49113203999999999,0.78571429000000004,0.91321920000000001
151509,151509,SpaGCN,10,19,0.47924938,0.75438596000000002,0.87640110000000004
151509,151509,SpaGCN,10,20,0.61644957,0.85185184999999997,0.93696986999999998
151509,151509,SpaGCN,11,15,0.52651853999999998,0.85185184999999997,0.93748865999999997
151509,151509,SpaGCN,11,18,0.54149009999999997,0.78571429000000004,0.89736190999999998
151509,151509,SpaGCN,11,19,0.68837234999999997,0.85185184999999997,0.93980960999999996
151509,151509,SpaGCN,11,20,0.51395497999999995,0.69491524999999998,0.88510350999999998
151509,151509,SpaGCN,12,16,0.55184177999999995,0.72413793000000004,0.85169821999999995
151509,151509,SpaGCN,12,20,0.57898938,0.88679244999999995,0.91162905999999999
151509,151509,SpaGCN,13,14,0.68150078999999997,0.81818181999999995,0.93314204000000001
151509,151509,SpaGCN,13,15,0.51088051999999995,0.78571429000000004,0.88901638999999999
151509,151509,SpaGCN,13,17,0.54166722,0.75438596000000002,0.88410610999999995
151509,151509,SpaGCN,13,19,0.72174305000000005,0.85185184999999997,0.94189159
151509,151509,SpaGCN,14,15,0.53206587999999999,0.72413793000000004,0.90501905000000005
151509,151509,SpaGCN,14,17,0.52571579000000002,0.69491524999999998,0.87840286999999995
151509,151509,SpaGCN,14,19,0.67006149999999998,0.81818181999999995,0.92855489999999996
151509,151509,SpaGCN,15,17,0.46281720999999998,0.75438596000000002,0.91990324000000001
151509,151509,SpaGCN,15,18,0.51661422000000001,0.78571429000000004,0.93104796000000001
151509,151509,SpaGCN,15,19,0.50133521000000003,0.81818181999999995,0.92007220999999995
151509,151509,SpaGCN,17,19,0.53993051999999997,0.81818181999999995,0.92581153999999999
151509,151509,SpaGCN,18,19,0.54004394,0.81818181999999995,0.91392390000000001
151509,151509,SpaGCN,18,20,0.52520186999999996,0.85185184999999997,0.93009377999999998
151509,151509,BANKSY,2,15,1,1,1
151509,151509,BANKSY,2,20,1,1,1
151509,151509,BANKSY,3,6,0.93075730000000001,0.88679244999999995,0.98031325000000002
151509,151509,BANKSY,3,7,0.93075730000000001,0.88679244999999995,0.98031325000000002
151509,151509,BANKSY,3,8,0.97924736000000001,0.92307691999999997,0.99207325000000002
151509,151509,BANKSY,3,10,0.98099217999999999,0.96078430999999997,0.99245830000000002
151509,151509,BANKSY,3,12,0.97869355999999996,0.92307691999999997,0.99207325000000002
151509,151509,BANKSY,3,14,0.99874063000000002,1,0.99961681999999996
151509,151509,BANKSY,3,17,0.98626227,0.96078430999999997,0.99466209000000005
151509,151509,BANKSY,3,18,0.95210786999999997,0.88679244999999995,0.98219920000000005
151509,151509,BANKSY,4,5,0.99512624999999999,1,0.99916791999999999
151509,151509,BANKSY,4,9,0.99597555999999998,1,0.99931948000000004
151509,151509,BANKSY,5,9,0.99914778000000004,1,1
151509,151509,BANKSY,6,7,1,1,1
151509,151509,BANKSY,6,8,0.94823027999999998,0.92307691999999997,0.98322465000000003
151509,151509,BANKSY,6,10,0.94606168999999996,0.92307691999999997,0.98264426000000005
151509,151509,BANKSY,6,12,0.94879015,0.92307691999999997,0.98331847999999999
151509,151509,BANKSY,6,14,0.92960341000000002,0.88679244999999995,0.97811148999999997
151509,151509,BANKSY,6,17,0.94138902999999996,0.88679244999999995,0.98203620000000003
151509,151509,BANKSY,7,8,0.94823027999999998,0.92307691999999997,0.98322465000000003
151509,151509,BANKSY,7,10,0.94606168999999996,0.92307691999999997,0.98264426000000005
151509,151509,BANKSY,7,12,0.94879015,0.92307691999999997,0.98331847999999999
151509,151509,BANKSY,7,14,0.92960341000000002,0.88679244999999995,0.97811148999999997
151509,151509,BANKSY,7,17,0.94138902999999996,0.88679244999999995,0.98203620000000003
151509,151509,BANKSY,8,10,0.99775908999999996,1,0.99965590000000004
151509,151509,BANKSY,8,12,0.99944284000000005,1,1
151509,151509,BANKSY,8,14,0.97800408999999999,0.92307691999999997,0.99167528000000005
151509,151509,BANKSY,8,17,0.99019941,0.96078430999999997,0.99496388999999996
151509,151509,BANKSY,8,18,0.94805687999999999,0.96078430999999997,0.98166629000000005
151509,151509,BANKSY,10,12,0.99720288999999995,1,0.99962063000000001
151509,151509,BANKSY,10,14,0.97974804999999998,0.96078430999999997,0.99205588
151509,151509,BANKSY,10,17,0.99195971000000005,0.92307691999999997,0.99411070000000001
151509,151509,BANKSY,10,18,0.94913197000000005,0.96078430999999997,0.98215761999999995
151509,151509,BANKSY,11,13,0.48647974999999999,0.61290323000000002,0.89485731000000002
151509,151509,BANKSY,11,19,0.48647974999999999,0.61290323000000002,0.89485731000000002
151509,151509,BANKSY,12,14,0.97745119999999996,0.92307691999999997,0.99167528000000005
151509,151509,BANKSY,12,17,0.98964554999999998,0.96078430999999997,0.99496388999999996
151509,151509,BANKSY,12,18,0.94753505000000005,0.96078430999999997,0.98159856999999995
151509,151509,BANKSY,13,19,1,1,1
151509,151509,BANKSY,14,17,0.98596282999999996,0.96078430999999997,0.9942455
151509,151509,BANKSY,14,18,0.95316946000000002,0.88679244999999995,0.98144562000000002
151509,151509,BANKSY,15,20,1,1,1
151509,151509,BANKSY,17,18,0.95423053999999996,0.92307691999999997,0.98257454
151509,151509,SEDR,1,2,0.70697585900000004,0.78571428570000001,0.8758262591
151509,151509,SEDR,1,9,0.6453533038,0.72413793100000001,0.87718575659999987
151509,151509,SEDR,1,18,0.86885340170000003,0.78571428570000001,0.94401809380000001
151509,151509,SEDR,2,5,0.76263276810000002,0.78571428570000001,0.88527474640000003
151509,151509,SEDR,2,10,0.65667839409999995,0.66666666669999985,0.83621136139999985
151509,151509,SEDR,2,16,0.64779447850000005,0.61290322580000001,0.84133291480000005
151509,151509,SEDR,2,18,0.72151595260000001,0.75438596489999987,0.86647583179999987
151509,151509,SEDR,3,7,0.6299046935,0.61290322580000001,0.83312079699999986
151509,151509,SEDR,4,6,0.64163590550000005,0.85185185190000001,0.88347192389999984
151509,151509,SEDR,4,14,0.70889664200000002,0.63934426229999985,0.81924668519999988
151509,151509,SEDR,4,17,0.74646762639999986,0.78571428570000001,0.93490016340000004
151509,151509,SEDR,4,19,0.6743120722,0.75438596489999987,0.90382854260000001
151509,151509,SEDR,4,20,0.62383558719999987,0.66666666669999985,0.88247165009999995
151509,151509,SEDR,5,8,0.747174487,0.78571428570000001,0.93487633680000004
151509,151509,SEDR,5,10,0.67711112740000001,0.61290322580000001,0.76789465729999995
151509,151509,SEDR,5,12,0.7440450502,0.75438596489999987,0.86708399629999988
151509,151509,SEDR,5,16,0.62479742309999986,0.75438596489999987,0.81276412009999988
151509,151509,SEDR,6,19,0.50571692629999987,0.66666666669999985,0.82325955989999988
151509,151509,SEDR,6,20,0.4895115994,0.58730158730000004,0.7193951462
151509,151509,SEDR,8,12,0.61178688589999985,0.78571428570000001,0.84367291109999987
151509,151509,SEDR,8,16,0.70063157350000005,0.78571428570000001,0.89987800090000003
151509,151509,SEDR,9,18,0.64772935269999987,0.66666666669999985,0.82133226459999986
151509,151509,SEDR,10,12,0.79531087469999995,0.78571428570000001,0.91025686829999997
151509,151509,SEDR,10,16,0.55097833139999985,0.5384615385,0.60297188970000004
151509,151509,SEDR,10,18,0.73499591139999987,0.6949152542,0.85286124100000005
151509,151509,SEDR,11,14,0.60566188779999985,0.75438596489999987,0.85242046630000001
151509,151509,SEDR,11,17,0.64966206589999986,0.66666666669999985,0.86649743889999986
151509,151509,SEDR,12,16,0.56285563100000002,0.78571428570000001,0.82813319249999995
151509,151509,SEDR,14,17,0.59655169730000002,0.63934426229999985,0.86099752539999985
151509,151509,SEDR,19,20,0.71407217209999985,0.72413793100000001,0.86142397879999988
151510,151510,GraphST,2,3,0.42516073999999998,0.75438596000000002,0.84272371000000001
151510,151510,GraphST,2,5,0.53875187999999996,0.81818181999999995,0.86044818999999995
151510,151510,GraphST,2,9,0.55100727000000005,0.75438596000000002,0.85381136999999996
151510,151510,GraphST,2,10,0.43123137,0.69491524999999998,0.82528455000000001
151510,151510,GraphST,2,15,0.54251245000000003,0.78571429000000004,0.82648597999999995
151510,151510,GraphST,2,16,0.42872596000000002,0.69491524999999998,0.88199371000000004
151510,151510,GraphST,2,18,0.51015275000000004,0.66666667000000002,0.79123849999999996
151510,151510,GraphST,2,19,0.42325761000000001,0.75438596000000002,0.84729058999999995
151510,151510,GraphST,3,5,0.51212374000000005,0.81818181999999995,0.87603142000000001
151510,151510,GraphST,3,15,0.45491326999999998,0.63934426,0.83945411999999997
151510,151510,GraphST,3,16,0.75332661999999995,0.85185184999999997,0.92718813
151510,151510,GraphST,3,17,0.44578915000000002,0.58730159000000004,0.82840650000000005
151510,151510,GraphST,3,18,0.52753159999999999,0.66666667000000002,0.83441863000000005
151510,151510,GraphST,3,19,0.77543189999999995,0.85185184999999997,0.93715565999999995
151510,151510,GraphST,3,20,0.75514612999999997,0.85185184999999997,0.92793460999999999
151510,151510,GraphST,4,6,0.50783696,0.72413793000000004,0.83486685999999999
151510,151510,GraphST,4,8,0.57500868999999999,0.78571429000000004,0.88855746000000002
151510,151510,GraphST,5,9,0.49310324999999999,0.81818181999999995,0.90285053000000004
151510,151510,GraphST,5,10,0.52033733000000004,0.72413793000000004,0.82207200000000002
151510,151510,GraphST,5,15,0.57617182,0.78571429000000004,0.85858133999999997
151510,151510,GraphST,5,16,0.50838565000000002,0.75438596000000002,0.87670537999999998
151510,151510,GraphST,5,18,0.62136119999999995,0.75438596000000002,0.86771098999999996
151510,151510,GraphST,5,19,0.50575842000000004,0.78571429000000004,0.85635161999999998
151510,151510,GraphST,6,8,0.48834474999999999,0.69491524999999998,0.80812048000000003
151510,151510,GraphST,7,9,0.52293427000000003,0.78571429000000004,0.87833384000000003
151510,151510,GraphST,7,10,0.44304876999999998,0.72413793000000004,0.80936043999999996
151510,151510,GraphST,7,11,0.59163597000000001,0.78571429000000004,0.92117691999999995
151510,151510,GraphST,9,10,0.39931656999999998,0.69491524999999998,0.81568529000000001
151510,151510,GraphST,9,11,0.57894665000000001,0.81818181999999995,0.89071075
151510,151510,GraphST,9,19,0.41879226000000003,0.78571429000000004,0.84100209999999997
151510,151510,GraphST,10,11,0.41631900999999999,0.69491524999999998,0.82957133999999999
151510,151510,GraphST,10,19,0.71453809999999995,0.72413793000000004,0.83354302999999996
151510,151510,GraphST,13,14,0.64672598999999997,0.85185184999999997,0.92154760000000002
151510,151510,GraphST,13,17,0.40328156999999998,0.51515151999999997,0.86153455999999995
151510,151510,GraphST,15,16,0.44682506999999999,0.58730159000000004,0.82158233999999997
151510,151510,GraphST,15,17,0.59336579,0.81818181999999995,0.88399925000000001
151510,151510,GraphST,15,18,0.59580562999999997,0.78571429000000004,0.91018060999999995
151510,151510,GraphST,15,19,0.44382611999999999,0.63934426,0.85973516000000005
151510,151510,GraphST,15,20,0.44423704000000003,0.69491524999999998,0.85420328999999995
151510,151510,GraphST,16,17,0.43084602,0.5625,0.81444612000000005
151510,151510,GraphST,16,18,0.51401346000000003,0.69491524999999998,0.82746531999999995
151510,151510,GraphST,16,19,0.76207415000000001,0.78571429000000004,0.92608248000000004
151510,151510,GraphST,16,20,0.72584567,0.78571429000000004,0.92212172999999997
151510,151510,GraphST,17,18,0.58817293000000004,0.78571429000000004,0.88564321000000001
151510,151510,GraphST,17,20,0.42915951000000002,0.58730159000000004,0.84427850000000004
151510,151510,GraphST,18,19,0.50424831999999997,0.69491524999999998,0.83056565000000004
151510,151510,GraphST,18,20,0.51551917000000003,0.66666667000000002,0.86674903999999997
151510,151510,STAGATE,1,15,0.39531172999999997,0.5625,0.80093367999999998
151510,151510,STAGATE,2,5,0.85427182999999995,0.88679244999999995,0.95889177999999997
151510,151510,STAGATE,2,9,0.55726962999999996,0.81818181999999995,0.93183198
151510,151510,STAGATE,2,11,0.55750147999999999,0.81818181999999995,0.92949464000000004
151510,151510,STAGATE,2,17,0.54839797000000001,0.78571429000000004,0.93227554000000001
151510,151510,STAGATE,2,18,0.41943738000000003,0.61290323000000002,0.83406550999999995
151510,151510,STAGATE,3,6,0.49260889000000002,0.61290323000000002,0.79934910999999997
151510,151510,STAGATE,3,7,0.48655593000000003,0.61290323000000002,0.78532853000000002
151510,151510,STAGATE,3,9,0.47346422999999999,0.53846154000000002,0.76296149999999996
151510,151510,STAGATE,3,11,0.50465435000000003,0.58730159000000004,0.77690632000000004
151510,151510,STAGATE,3,13,0.47355539000000002,0.61290323000000002,0.77183137000000002
151510,151510,STAGATE,3,17,0.49508070999999998,0.66666667000000002,0.77022877999999995
151510,151510,STAGATE,3,18,0.44776679000000003,0.66666667000000002,0.76784797000000005
151510,151510,STAGATE,4,5,0.38552648,0.47058823999999999,0.84190261
151510,151510,STAGATE,4,10,0.38116001999999999,0.47058823999999999,0.81071026000000002
151510,151510,STAGATE,5,10,0.72533632999999997,0.78571429000000004,0.89230403999999997
151510,151510,STAGATE,6,7,0.77338452000000002,0.85185184999999997,0.94495837999999999
151510,151510,STAGATE,6,13,0.76109762999999997,0.85185184999999997,0.95536975000000002
151510,151510,STAGATE,6,15,0.64031252999999999,0.81818181999999995,0.93891212999999996
151510,151510,STAGATE,7,9,0.76431296000000004,0.85185184999999997,0.95779537999999997
151510,151510,STAGATE,7,11,0.78202519999999998,0.88679244999999995,0.95572900000000005
151510,151510,STAGATE,7,13,0.77157492000000005,0.85185184999999997,0.96022883000000003
151510,151510,STAGATE,7,17,0.79987116999999996,0.88679244999999995,0.96065286999999999
151510,151510,STAGATE,7,18,0.44453284999999998,0.72413793000000004,0.86434699999999998
151510,151510,STAGATE,8,12,0.78338766000000004,0.85185184999999997,0.93340266999999999
151510,151510,STAGATE,8,14,0.65097596000000002,0.85185184999999997,0.93425844999999996
151510,151510,STAGATE,8,16,0.72972946000000005,0.85185184999999997,0.95458693999999999
151510,151510,STAGATE,8,20,0.5483131,0.78571429000000004,0.76745794000000001
151510,151510,STAGATE,9,11,0.80508955999999998,0.85185184999999997,0.96009745000000002
151510,151510,STAGATE,9,13,0.77527334000000003,0.85185184999999997,0.94811575000000003
151510,151510,STAGATE,9,17,0.77796712999999995,0.85185184999999997,0.95785756
151510,151510,STAGATE,9,18,0.41873479000000002,0.63934426,0.87132430000000005
151510,151510,STAGATE,10,16,0.43561259000000002,0.72413793000000004,0.88439480000000004
151510,151510,STAGATE,11,13,0.74550276999999998,0.81818181999999995,0.94534538999999995
151510,151510,STAGATE,11,17,0.80020614999999995,0.88679244999999995,0.95613968999999999
151510,151510,STAGATE,11,18,0.43720221999999997,0.69491524999999998,0.87136038000000005
151510,151510,STAGATE,12,14,0.67240800999999994,0.81818181999999995,0.88643315
151510,151510,STAGATE,12,16,0.66421556000000004,0.85185184999999997,0.92444404999999996
151510,151510,STAGATE,12,19,0.49944021,0.61290323000000002,0.80032356000000004
151510,151510,STAGATE,12,20,0.52329404000000002,0.72413793000000004,0.78654005000000005
151510,151510,STAGATE,13,17,0.77696929000000003,0.88679244999999995,0.95220433999999998
151510,151510,STAGATE,13,18,0.41703131999999998,0.66666667000000002,0.85661750999999997
151510,151510,STAGATE,14,16,0.56219311000000005,0.85185184999999997,0.93478897000000005
151510,151510,STAGATE,14,19,0.62426674999999998,0.61290323000000002,0.84543347999999996
151510,151510,STAGATE,14,20,0.57789723000000004,0.72413793000000004,0.81769385000000006
151510,151510,STAGATE,16,20,0.55020685000000003,0.75438596000000002,0.75398332999999995
151510,151510,STAGATE,17,18,0.45763103999999999,0.69491524999999998,0.88182053999999999
151510,151510,STAGATE,19,20,0.56177778,0.72413793000000004,0.86346084000000001
151510,151510,SpaGCN,1,2,0.46672105000000003,0.72413793000000004,0.88463132
151510,151510,SpaGCN,1,9,0.57417298000000005,0.78571429000000004,0.91722881000000001
151510,151510,SpaGCN,1,13,0.46141685999999998,0.69491524999999998,0.83182761999999999
151510,151510,SpaGCN,1,18,0.76300595999999998,0.81818181999999995,0.93490691999999997
151510,151510,SpaGCN,2,12,0.49866701000000002,0.69491524999999998,0.90544157999999997
151510,151510,SpaGCN,2,15,0.53270821999999995,0.81818181999999995,0.89880199000000005
151510,151510,SpaGCN,2,16,0.56205110999999996,0.75438596000000002,0.85338318999999996
151510,151510,SpaGCN,2,17,0.61151390999999999,0.81818181999999995,0.88205734000000002
151510,151510,SpaGCN,2,18,0.49865362000000002,0.72413793000000004,0.90225937
151510,151510,SpaGCN,2,20,0.4135336,0.51515151999999997,0.82361485000000001
151510,151510,SpaGCN,3,4,0.57147141000000001,0.72413793000000004,0.88168124999999997
151510,151510,SpaGCN,3,5,0.50924142999999999,0.69491524999999998,0.85908284000000001
151510,151510,SpaGCN,3,7,0.67094927000000004,0.81818181999999995,0.90910385000000005
151510,151510,SpaGCN,3,12,0.61705765999999995,0.78571429000000004,0.91374851000000001
151510,151510,SpaGCN,3,14,0.53438244999999995,0.81818181999999995,0.89284591000000002
151510,151510,SpaGCN,3,15,0.51301269999999999,0.81818181999999995,0.88697819
151510,151510,SpaGCN,3,19,0.64794836,0.78571429000000004,0.91549391999999996
151510,151510,SpaGCN,3,20,0.45803324000000001,0.58730159000000004,0.83169649999999995
151510,151510,SpaGCN,4,5,0.44761034,0.63934426,0.83816787000000004
151510,151510,SpaGCN,4,7,0.63050278000000004,0.78571429000000004,0.89395316000000002
151510,151510,SpaGCN,4,12,0.54724010000000001,0.66666667000000002,0.87630916000000003
151510,151510,SpaGCN,4,14,0.48926994000000001,0.69491524999999998,0.86877344000000001
151510,151510,SpaGCN,4,15,0.48163160999999999,0.75438596000000002,0.86496567000000002
151510,151510,SpaGCN,4,19,0.54663297,0.66666667000000002,0.86726006
151510,151510,SpaGCN,4,20,0.50342450999999999,0.66666667000000002,0.86163276
151510,151510,SpaGCN,5,7,0.54726699999999995,0.69491524999999998,0.89164290000000002
151510,151510,SpaGCN,5,12,0.55348010000000003,0.72413793000000004,0.87538994999999997
151510,151510,SpaGCN,5,14,0.65670455000000005,0.81818181999999995,0.92416434999999997
151510,151510,SpaGCN,5,15,0.59903497999999999,0.75438596000000002,0.91293230000000003
151510,151510,SpaGCN,5,19,0.56792551000000002,0.75438596000000002,0.91425942000000004
151510,151510,SpaGCN,7,8,0.71741288999999997,0.78571429000000004,0.92746470000000003
151510,151510,SpaGCN,8,11,0.65000747000000003,0.85185184999999997,0.90618253000000004
151510,151510,SpaGCN,9,13,0.38373054000000001,0.66666667000000002,0.69474798999999998
151510,151510,SpaGCN,9,18,0.58509920000000004,0.81818181999999995,0.92789023000000004
151510,151510,SpaGCN,12,14,0.56199589999999999,0.78571429000000004,0.90966895999999997
151510,151510,SpaGCN,12,15,0.52188453000000001,0.78571429000000004,0.90786960999999999
151510,151510,SpaGCN,12,16,0.46916897000000002,0.69491524999999998,0.85477369999999997
151510,151510,SpaGCN,12,17,0.50132971999999998,0.75438596000000002,0.89101644999999996
151510,151510,SpaGCN,12,19,0.64159664000000005,0.78571429000000004,0.89385459
151510,151510,SpaGCN,12,20,0.43718452000000002,0.49253731000000001,0.81985615000000001
151510,151510,SpaGCN,14,15,0.73438201000000003,0.85185184999999997,0.94805075000000005
151510,151510,SpaGCN,14,16,0.50395754000000004,0.69491524999999998,0.83691256999999997
151510,151510,SpaGCN,14,17,0.54373930000000004,0.81818181999999995,0.85619358000000001
151510,151510,SpaGCN,14,19,0.58494389000000002,0.81818181999999995,0.92384670999999996
151510,151510,SpaGCN,14,20,0.48099363000000001,0.51515151999999997,0.84043670999999998
151510,151510,SpaGCN,15,16,0.47820838999999998,0.69491524999999998,0.82293749000000005
151510,151510,SpaGCN,15,17,0.51306580999999996,0.75438596000000002,0.85414261000000002
151510,151510,SpaGCN,15,19,0.54232888000000001,0.81818181999999995,0.91609143000000004
151510,151510,SpaGCN,15,20,0.51165154000000002,0.5625,0.86324133000000003
151510,151510,SpaGCN,16,17,0.64963873000000005,0.78571429000000004,0.90456196
151510,151510,SpaGCN,16,18,0.47337523999999997,0.69491524999999998,0.86343546999999998
151510,151510,SpaGCN,16,19,0.49347064000000002,0.72413793000000004,0.82693207999999996
151510,151510,SpaGCN,16,20,0.36936127000000002,0.44927536000000001,0.75750868000000005
151510,151510,SpaGCN,17,18,0.51547845999999997,0.81818181999999995,0.88776597999999995
151510,151510,SpaGCN,17,19,0.55165763000000001,0.75438596000000002,0.85627951999999996
151510,151510,SpaGCN,17,20,0.39869854999999998,0.49253731000000001,0.82058023000000002
151510,151510,SpaGCN,19,20,0.45539109,0.51515151999999997,0.81812728999999995
151510,151510,BANKSY,1,4,0.93306920000000004,0.92307691999999997,0.95602984999999996
151510,151510,BANKSY,1,6,0.42584450000000001,0.42857142999999998,0.64845600000000003
151510,151510,BANKSY,1,7,0.87190555000000003,0.85185184999999997,0.94937223999999998
151510,151510,BANKSY,1,12,0.93570635999999996,0.88679244999999995,0.95659136
151510,151510,BANKSY,1,13,0.77373698000000002,0.81818181999999995,0.91204507999999995
151510,151510,BANKSY,1,14,0.82923230999999997,0.81818181999999995,0.93487450000000005
151510,151510,BANKSY,1,16,0.93323867000000005,0.88679244999999995,0.95659136
151510,151510,BANKSY,1,19,0.82938171999999999,0.81818181999999995,0.93056141000000003
151510,151510,BANKSY,1,20,0.91730643999999995,0.88679244999999995,0.96777731
151510,151510,BANKSY,2,6,0.44039328,0.49253731000000001,0.69494553000000003
151510,151510,BANKSY,2,8,0.99262035999999998,1,1
151510,151510,BANKSY,2,9,0.47127825000000001,0.96078430999999997,0.98606492999999995
151510,151510,BANKSY,2,11,0.43734993999999999,0.53846154000000002,0.66827188999999998
151510,151510,BANKSY,2,15,0.87213620000000003,0.75438596000000002,0.85860669999999994
151510,151510,BANKSY,2,17,0.46639036,0.31578947000000002,0.60701048999999996
151510,151510,BANKSY,3,5,0.92337561000000001,0.92307691999999997,0.97228822000000004
151510,151510,BANKSY,3,10,0.93399549999999998,0.96078430999999997,0.97800366999999999
151510,151510,BANKSY,3,18,0.75775119999999996,0.88679244999999995,0.97603026000000004
151510,151510,BANKSY,4,6,0.42352657999999999,0.47058823999999999,0.65483888000000001
151510,151510,BANKSY,4,7,0.85385038000000002,0.81818181999999995,0.90907437999999996
151510,151510,BANKSY,4,9,0.42062221,0.36986300999999999,0.53670024000000005
151510,151510,BANKSY,4,11,0.46942349999999999,0.75438596000000002,0.79259747999999997
151510,151510,BANKSY,4,12,0.99634948000000001,1,0.99903470000000005
151510,151510,BANKSY,4,16,0.99978252999999995,1,1
151510,151510,BANKSY,4,19,0.81929145999999997,0.88679244999999995,0.93919562999999995
151510,151510,BANKSY,4,20,0.92386246999999999,0.88679244999999995,0.97092246000000004
151510,151510,BANKSY,5,10,0.96892213000000005,0.88679244999999995,0.97773169000000004
151510,151510,BANKSY,5,18,0.78833934000000006,0.85185184999999997,0.97553614
151510,151510,BANKSY,6,8,0.44226852,0.51515151999999997,0.6994939
151510,151510,BANKSY,6,9,0.51565643999999999,0.47058823999999999,0.72669570999999999
151510,151510,BANKSY,6,11,0.54050165999999999,0.44927536000000001,0.75325151999999995
151510,151510,BANKSY,6,12,0.42416164000000001,0.47058823999999999,0.65652580999999999
151510,151510,BANKSY,6,15,0.46328511999999999,0.49253731000000001,0.78305541999999995
151510,151510,BANKSY,6,16,0.42356483,0.47058823999999999,0.65483888000000001
151510,151510,BANKSY,6,19,0.43509304999999998,0.58730159000000004,0.73687102000000004
151510,151510,BANKSY,6,20,0.42768065,0.38888888999999999,0.66323947000000005
151510,151510,BANKSY,7,12,0.85081556999999997,0.81818181999999995,0.90955408000000004
151510,151510,BANKSY,7,13,0.79073488000000003,0.81818181999999995,0.92505895999999999
151510,151510,BANKSY,7,14,0.86030286,0.85185184999999997,0.96631177000000001
151510,151510,BANKSY,7,16,0.85396095000000005,0.81818181999999995,0.90955408000000004
151510,151510,BANKSY,7,19,0.87069030000000003,0.81818181999999995,0.90735193000000003
151510,151510,BANKSY,7,20,0.81242060000000005,0.78571429000000004,0.91197176999999996
151510,151510,BANKSY,8,9,0.47114328999999999,0.96078430999999997,0.98606492999999995
151510,151510,BANKSY,8,11,0.43728906000000001,0.53846154000000002,0.66827188999999998
151510,151510,BANKSY,8,15,0.86518444999999999,0.75438596000000002,0.85860669999999994
151510,151510,BANKSY,8,17,0.46685578,0.31578947000000002,0.60701048999999996
151510,151510,BANKSY,9,11,0.88789804999999999,0.78571429000000004,0.82196990000000003
151510,151510,BANKSY,9,12,0.42098484000000003,0.35135135000000001,0.53726982000000001
151510,151510,BANKSY,9,15,0.41732608999999998,0.4084507,0.53994788000000005
151510,151510,BANKSY,9,16,0.42067086999999997,0.36986300999999999,0.53670024000000005
151510,151510,BANKSY,9,17,0.70053038999999995,0.31578947000000002,0.60701048999999996
151510,151510,BANKSY,9,19,0.41298034,0.35135135000000001,0.50294784999999997
151510,151510,BANKSY,9,20,0.4192553,0.63934426,0.79259747999999997
151510,151510,BANKSY,10,18,0.77543549000000001,0.88679244999999995,0.96795122
151510,151510,BANKSY,11,12,0.46962092999999999,0.75438596000000002,0.79259747999999997
151510,151510,BANKSY,11,15,0.46108673999999999,0.75438596000000002,0.87252191000000001
151510,151510,BANKSY,11,16,0.46928665000000003,0.75438596000000002,0.79259747999999997
151510,151510,BANKSY,11,17,0.75413856000000001,0.58730159000000004,0.79259747999999997
151510,151510,BANKSY,11,19,0.45347459000000001,0.44927536000000001,0.67895744000000002
151510,151510,BANKSY,11,20,0.47052715000000001,0.75438596000000002,0.86962437999999997
151510,151510,BANKSY,12,16,0.99656719000000005,1,1
151510,151510,BANKSY,12,19,0.81644300000000003,0.85185184999999997,0.93694736000000001
151510,151510,BANKSY,12,20,0.92642248000000005,0.88679244999999995,0.97158138000000005
151510,151510,BANKSY,13,14,0.90303580000000006,0.85185184999999997,0.95933360000000001
151510,151510,BANKSY,15,17,0.49795106,0.63934426,0.73687102000000004
151510,151510,BANKSY,16,19,0.81941589999999997,0.88679244999999995,0.93919562999999995
151510,151510,BANKSY,16,20,0.92406527999999999,0.88679244999999995,0.97092246000000004
151510,151510,BANKSY,19,20,0.77342431,0.75438596000000002,0.89486429999999995
151510,151510,SEDR,1,2,0.68359489679999985,0.78571428570000001,0.90284681720000004
151510,151510,SEDR,1,4,0.59653019559999987,0.51515151520000002,0.77169092839999986
151510,151510,SEDR,1,6,0.531082253,0.58730158730000004,0.77652125829999985
151510,151510,SEDR,1,10,0.51461399109999995,0.58730158730000004,0.77899424429999986
151510,151510,SEDR,1,12,0.66804561679999985,0.72413793100000001,0.86958527259999985
151510,151510,SEDR,1,20,0.64808939980000002,0.72413793100000001,0.86968618460000002
151510,151510,SEDR,2,6,0.6250461437,0.66666666669999985,0.8571304126
151510,151510,SEDR,2,8,0.59978201959999988,0.66666666669999985,0.83013910869999985
151510,151510,SEDR,2,9,0.56646838600000005,0.6949152542,0.83010003269999988
151510,151510,SEDR,2,12,0.5990067604,0.6949152542,0.83089528570000004
151510,151510,SEDR,3,19,0.6549751332,0.75438596489999987,0.86406059729999996
151510,151510,SEDR,4,6,0.53640937799999988,0.63934426229999985,0.79484274919999987
151510,151510,SEDR,4,10,0.54809288040000004,0.5625,0.74901570900000003
151510,151510,SEDR,4,20,0.51938687309999987,0.63934426229999985,0.79689937300000002
151510,151510,SEDR,5,7,0.6258427526,0.78571428570000001,0.95305176459999996
151510,151510,SEDR,5,13,0.63204390710000002,0.78571428570000001,0.90495325520000003
151510,151510,SEDR,5,15,0.61778947549999985,0.78571428570000001,0.93826060870000005
151510,151510,SEDR,5,17,0.85160682040000002,0.81818181820000002,0.93883924210000003
151510,151510,SEDR,5,18,0.582496346,0.6949152542,0.83749539439999987
151510,151510,SEDR,6,10,0.71030891679999986,0.72413793100000001,0.87356316369999987
151510,151510,SEDR,6,12,0.55414690710000003,0.58730158730000004,0.76293730299999984
151510,151510,SEDR,6,20,0.62328525720000005,0.72413793100000001,0.84708789100000004
151510,151510,SEDR,7,11,0.84665810450000001,0.81818181820000002,0.95089500299999996
151510,151510,SEDR,7,18,0.79712318120000003,0.81818181820000002,0.93096152880000005
151510,151510,SEDR,8,9,0.55614236260000005,0.63934426229999985,0.77915281319999985
151510,151510,SEDR,8,11,0.67146608139999986,0.66666666669999985,0.87692174540000001
151510,151510,SEDR,8,12,0.61688161370000005,0.58730158730000004,0.74741585420000001
151510,151510,SEDR,9,11,0.70193038129999985,0.6949152542,0.85921749150000004
151510,151510,SEDR,9,12,0.61467028810000002,0.72413793100000001,0.81100372570000001
151510,151510,SEDR,10,14,0.63792055950000004,0.75438596489999987,0.89734124770000001
151510,151510,SEDR,10,20,0.62721095859999987,0.78571428570000001,0.84353948349999985
151510,151510,SEDR,13,15,0.75812961180000005,0.75438596489999987,0.9058490575
151510,151510,SEDR,13,17,0.60063104040000004,0.75438596489999987,0.89563263640000002
151510,151510,SEDR,13,18,0.66805128629999988,0.78571428570000001,0.8718958751
151510,151510,SEDR,13,19,0.59453354380000001,0.6949152542,0.80187510289999986
151510,151510,SEDR,14,16,0.61014294260000002,0.72413793100000001,0.85900977280000002
151510,151510,SEDR,15,17,0.5994351295,0.72413793100000001,0.86223050290000003
151510,151510,SEDR,15,18,0.75025811659999986,0.81818181820000002,0.90249335720000001
151510,151510,SEDR,15,19,0.64907677779999995,0.72413793100000001,0.8641260596
151510,151510,SEDR,17,18,0.59677043149999986,0.6949152542,0.81485466029999987
151510,151510,SEDR,17,19,0.65065243989999988,0.61290322580000001,0.82695509990000005
151669,151669,GraphST,1,8,0.48421050999999998,0.72413793000000004,0.81186000999999997
151669,151669,GraphST,1,9,0.49819764999999999,0.72413793000000004,0.85367349999999997
151669,151669,GraphST,1,11,0.50903964000000002,0.75438596000000002,0.85142171
151669,151669,GraphST,1,14,0.49496025999999999,0.69491524999999998,0.83889055999999995
151669,151669,GraphST,1,18,0.47687983,0.69491524999999998,0.77672841999999997
151669,151669,GraphST,2,3,0.37375617999999999,0.51515151999999997,0.80668651000000002
151669,151669,GraphST,2,7,0.38694402999999999,0.58730159000000004,0.79378795999999996
151669,151669,GraphST,3,7,0.41581428999999998,0.72413793000000004,0.84355572999999995
151669,151669,GraphST,3,13,0.40636090000000002,0.63934426,0.84405748999999997
151669,151669,GraphST,3,17,0.39880089000000002,0.44927536000000001,0.80492598999999998
151669,151669,GraphST,4,6,0.42068967000000002,0.58730159000000004,0.80939627000000003
151669,151669,GraphST,4,12,0.49202533999999998,0.75438596000000002,0.83546757000000005
151669,151669,GraphST,4,15,0.47963527,0.66666667000000002,0.81531746999999999
151669,151669,GraphST,4,16,0.46243923999999997,0.58730159000000004,0.83751887999999997
151669,151669,GraphST,4,19,0.51583511000000004,0.69491524999999998,0.81370534000000005
151669,151669,GraphST,4,20,0.45472666,0.72413793000000004,0.80353054000000002
151669,151669,GraphST,6,12,0.43750819000000002,0.5625,0.85058155000000002
151669,151669,GraphST,6,15,0.45214243999999998,0.58730159000000004,0.82207845999999996
151669,151669,GraphST,6,16,0.41734386000000001,0.69491524999999998,0.81366715000000001
151669,151669,GraphST,6,20,0.43162705000000001,0.58730159000000004,0.79331673999999996
151669,151669,GraphST,7,13,0.38856728000000001,0.66666667000000002,0.82870376000000001
151669,151669,GraphST,7,17,0.38328548000000001,0.51515151999999997,0.77538735999999997
151669,151669,GraphST,8,9,0.48011468000000002,0.72413793000000004,0.84655617000000005
151669,151669,GraphST,8,11,0.50969622000000003,0.72413793000000004,0.84375376000000002
151669,151669,GraphST,8,14,0.49855558,0.63934426,0.85597895999999996
151669,151669,GraphST,8,18,0.49079021,0.66666667000000002,0.83235481
151669,151669,GraphST,9,11,0.49685732999999999,0.72413793000000004,0.84321212000000001
151669,151669,GraphST,9,14,0.50910719000000004,0.69491524999999998,0.83610801000000001
151669,151669,GraphST,9,18,0.48342729000000001,0.63934426,0.77282620999999996
151669,151669,GraphST,9,19,0.4880485,0.66666667000000002,0.80053556000000003
151669,151669,GraphST,11,14,0.51545964,0.69491524999999998,0.85336604000000005
151669,151669,GraphST,11,18,0.49872332000000003,0.69491524999999998,0.81874723000000005
151669,151669,GraphST,12,15,0.49053479,0.58730159000000004,0.74552565999999998
151669,151669,GraphST,12,16,0.46518716999999998,0.69491524999999998,0.82632881000000002
151669,151669,GraphST,12,20,0.48746672000000002,0.66666667000000002,0.87161
151669,151669,GraphST,13,17,0.39707786,0.51515151999999997,0.79249725000000004
151669,151669,GraphST,14,18,0.48540098999999998,0.63934426,0.80861949
151669,151669,GraphST,14,19,0.52674171999999997,0.63934426,0.83741745000000001
151669,151669,GraphST,14,20,0.48256153000000002,0.72413793000000004,0.83810963999999999
151669,151669,GraphST,15,16,0.47518912000000002,0.63934426,0.79170797000000004
151669,151669,GraphST,16,20,0.46182275,0.63934426,0.82219049
151669,151669,GraphST,18,19,0.48098899000000001,0.69491524999999998,0.84306270000000005
151669,151669,GraphST,19,20,0.48902792,0.69491524999999998,0.84240594000000002
151669,151669,STAGATE,1,3,0.83617136999999997,0.85185184999999997,0.93714447000000001
151669,151669,STAGATE,1,4,0.73581529999999995,0.81818181999999995,0.95523928999999996
151669,151669,STAGATE,1,7,0.74361781000000005,0.78571429000000004,0.93637515999999998
151669,151669,STAGATE,1,8,0.71331109999999998,0.69491524999999998,0.94126608
151669,151669,STAGATE,1,9,0.71214443000000005,0.72413793000000004,0.92812929
151669,151669,STAGATE,1,19,0.79034897000000004,0.78571429000000004,0.92723959
151669,151669,STAGATE,1,20,0.74945731999999998,0.81818181999999995,0.90657299000000002
151669,151669,STAGATE,3,4,0.7229331,0.85185184999999997,0.94749528999999999
151669,151669,STAGATE,3,7,0.71188399000000002,0.78571429000000004,0.92095910000000003
151669,151669,STAGATE,3,8,0.68702209999999997,0.69491524999999998,0.90784319000000002
151669,151669,STAGATE,3,9,0.68989509000000004,0.63934426,0.92713093999999996
151669,151669,STAGATE,3,10,0.71701923000000001,0.78571429000000004,0.91354791000000002
151669,151669,STAGATE,3,11,0.75407426,0.72413793000000004,0.90836777999999996
151669,151669,STAGATE,3,19,0.77920027000000003,0.72413793000000004,0.91195320999999996
151669,151669,STAGATE,3,20,0.73290259000000002,0.81818181999999995,0.91670706999999996
151669,151669,STAGATE,4,5,0.73532458999999994,0.75438596000000002,0.90726501000000004
151669,151669,STAGATE,4,7,0.75351853000000002,0.78571429000000004,0.92028348999999998
151669,151669,STAGATE,4,8,0.75162183999999999,0.69491524999999998,0.95131286000000004
151669,151669,STAGATE,4,9,0.75072201000000005,0.72413793000000004,0.95177840999999996
151669,151669,STAGATE,4,10,0.73204079,0.78571429000000004,0.90555098000000001
151669,151669,STAGATE,4,11,0.74726806000000001,0.78571429000000004,0.91436856
151669,151669,STAGATE,4,13,0.76483705000000002,0.85185184999999997,0.91582015999999999
151669,151669,STAGATE,4,15,0.75828636000000005,0.75438596000000002,0.92774003000000005
151669,151669,STAGATE,4,16,0.75185763999999999,0.78571429000000004,0.91484354999999995
151669,151669,STAGATE,4,18,0.76430313999999999,0.78571429000000004,0.92436107000000001
151669,151669,STAGATE,4,19,0.74606348,0.78571429000000004,0.90556903
151669,151669,STAGATE,4,20,0.74531088999999995,0.78571429000000004,0.91416169000000003
151669,151669,STAGATE,5,6,0.74715597,0.72413793000000004,0.84278396
151669,151669,STAGATE,5,7,0.76699764000000004,0.78571429000000004,0.91354747000000003
151669,151669,STAGATE,5,9,0.73775829999999998,0.72413793000000004,0.84708503999999996
151669,151669,STAGATE,5,10,0.75264832000000004,0.78571429000000004,0.89664012000000004
151669,151669,STAGATE,5,11,0.74569268,0.81818181999999995,0.91426872999999997
151669,151669,STAGATE,5,12,0.74897407000000005,0.75438596000000002,0.89740164
151669,151669,STAGATE,5,13,0.74788927000000005,0.75438596000000002,0.90056029999999998
151669,151669,STAGATE,5,15,0.76412703000000004,0.78571429000000004,0.90767235000000002
151669,151669,STAGATE,5,16,0.76960461000000002,0.81818181999999995,0.91130257000000003
151669,151669,STAGATE,5,17,0.75187053999999998,0.75438596000000002,0.90265353000000004
151669,151669,STAGATE,5,18,0.74822752000000003,0.81818181999999995,0.90079673999999998
151669,151669,STAGATE,5,19,0.74683087000000004,0.81818181999999995,0.91445933999999995
151669,151669,STAGATE,5,20,0.74476856000000002,0.78571429000000004,0.88983460999999997
151669,151669,STAGATE,6,7,0.78063221000000005,0.75438596000000002,0.83640822999999997
151669,151669,STAGATE,6,9,0.79813434000000005,0.75438596000000002,0.90091763000000002
151669,151669,STAGATE,6,10,0.73221921999999995,0.75438596000000002,0.81581817999999995
151669,151669,STAGATE,6,11,0.74066536999999999,0.72413793000000004,0.88714324
151669,151669,STAGATE,6,12,0.74453917000000003,0.69491524999999998,0.84116855999999995
151669,151669,STAGATE,6,13,0.75079262999999996,0.72413793000000004,0.90157430000000005
151669,151669,STAGATE,6,14,0.75641866000000002,0.69491524999999998,0.85626740000000001
151669,151669,STAGATE,6,15,0.75285093000000003,0.72413793000000004,0.91264867000000005
151669,151669,STAGATE,6,16,0.76990555999999999,0.75438596000000002,0.90411627000000006
151669,151669,STAGATE,6,17,0.75981116000000004,0.72413793000000004,0.89972370000000002
151669,151669,STAGATE,6,18,0.77578477999999995,0.78571429000000004,0.89106646
151669,151669,STAGATE,6,19,0.74216990000000005,0.72413793000000004,0.86793120999999995
151669,151669,STAGATE,6,20,0.76068767999999998,0.78571429000000004,0.84485549999999998
151669,151669,STAGATE,7,8,0.76318545000000004,0.72413793000000004,0.83890065999999996
151669,151669,STAGATE,7,9,0.76854367999999995,0.72413793000000004,0.82918155999999998
151669,151669,STAGATE,7,10,0.76920560000000004,0.81818181999999995,0.91473121000000002
151669,151669,STAGATE,7,11,0.76990194000000001,0.78571429000000004,0.93376296000000003
151669,151669,STAGATE,7,13,0.75324849000000005,0.81818181999999995,0.91219037999999997
151669,151669,STAGATE,7,15,0.76879838,0.81818181999999995,0.93931871
151669,151669,STAGATE,7,16,0.76148519999999997,0.78571429000000004,0.92264354999999998
151669,151669,STAGATE,7,17,0.77371847000000005,0.78571429000000004,0.92694105000000004
151669,151669,STAGATE,7,18,0.80272178999999999,0.85185184999999997,0.93221812999999998
151669,151669,STAGATE,7,19,0.76405838000000004,0.85185184999999997,0.93009284999999997
151669,151669,STAGATE,7,20,0.77101693999999998,0.81818181999999995,0.91545463000000005
151669,151669,STAGATE,8,9,0.80831622999999997,0.72413793000000004,0.93819982000000002
151669,151669,STAGATE,8,10,0.74556210999999994,0.81818181999999995,0.83213645999999997
151669,151669,STAGATE,8,11,0.75292340000000002,0.78571429000000004,0.91374617000000002
151669,151669,STAGATE,8,15,0.75178867000000005,0.75438596000000002,0.92347210000000002
151669,151669,STAGATE,8,16,0.74093379000000004,0.78571429000000004,0.89742147999999999
151669,151669,STAGATE,8,18,0.75500051999999995,0.78571429000000004,0.89350499000000005
151669,151669,STAGATE,8,19,0.73952790000000002,0.81818181999999995,0.88709740000000004
151669,151669,STAGATE,8,20,0.75374408000000004,0.78571429000000004,0.85025620000000002
151669,151669,STAGATE,9,10,0.74060992999999997,0.75438596000000002,0.83133807999999998
151669,151669,STAGATE,9,11,0.74432480999999995,0.66666667000000002,0.90399218999999997
151669,151669,STAGATE,9,12,0.72637594999999999,0.69491524999999998,0.83899508
151669,151669,STAGATE,9,13,0.73418245999999998,0.72413793000000004,0.87895438999999997
151669,151669,STAGATE,9,15,0.74539949999999999,0.72413793000000004,0.91656773999999996
151669,151669,STAGATE,9,16,0.73777307000000003,0.69491524999999998,0.86775027000000005
151669,151669,STAGATE,9,17,0.74317412000000005,0.66666667000000002,0.90001640999999999
151669,151669,STAGATE,9,18,0.76564281999999995,0.72413793000000004,0.89317849999999999
151669,151669,STAGATE,9,19,0.74849330000000003,0.78571429000000004,0.89559449000000002
151669,151669,STAGATE,9,20,0.74685111000000004,0.75438596000000002,0.83824335000000005
151669,151669,STAGATE,10,11,0.77240054000000002,0.81818181999999995,0.91090384000000002
151669,151669,STAGATE,10,12,0.74147194999999999,0.81818181999999995,0.91689346000000005
151669,151669,STAGATE,10,13,0.75811340999999999,0.81818181999999995,0.91900777
151669,151669,STAGATE,10,15,0.72985555999999996,0.78571429000000004,0.92463943999999998
151669,151669,STAGATE,10,16,0.73861995999999996,0.78571429000000004,0.91232491000000004
151669,151669,STAGATE,10,17,0.75419687000000002,0.81818181999999995,0.90646126000000005
151669,151669,STAGATE,10,18,0.76713962000000002,0.81818181999999995,0.89997963999999997
151669,151669,STAGATE,10,19,0.76999647000000004,0.81818181999999995,0.91232097000000001
151669,151669,STAGATE,10,20,0.77201576999999999,0.78571429000000004,0.89199368000000001
151669,151669,STAGATE,11,12,0.74009195000000005,0.78571429000000004,0.91542232999999995
151669,151669,STAGATE,11,13,0.77482638000000004,0.81818181999999995,0.92304467000000001
151669,151669,STAGATE,11,15,0.75964498999999996,0.81818181999999995,0.93092059999999999
151669,151669,STAGATE,11,16,0.74051228000000002,0.85185184999999997,0.93038944999999995
151669,151669,STAGATE,11,17,0.77238711999999998,0.78571429000000004,0.92464670999999998
151669,151669,STAGATE,11,18,0.76169240999999999,0.81818181999999995,0.90945492999999999
151669,151669,STAGATE,11,19,0.78834205000000002,0.85185184999999997,0.91815553000000005
151669,151669,STAGATE,11,20,0.77534298999999995,0.78571429000000004,0.91716774000000001
151669,151669,STAGATE,12,13,0.72860866000000002,0.81818181999999995,0.91783073000000004
151669,151669,STAGATE,12,14,0.75154014999999996,0.72413793000000004,0.89490457000000001
151669,151669,STAGATE,12,15,0.75750786999999997,0.88679244999999995,0.90977816
151669,151669,STAGATE,12,16,0.75530129999999995,0.81818181999999995,0.92478981000000005
151669,151669,STAGATE,12,17,0.76023423999999995,0.85185184999999997,0.92496065999999999
151669,151669,STAGATE,12,18,0.75463416999999999,0.85185184999999997,0.90095329000000002
151669,151669,STAGATE,12,19,0.72528828999999995,0.81818181999999995,0.90290278999999996
151669,151669,STAGATE,12,20,0.75096940000000001,0.81818181999999995,0.91496805000000003
151669,151669,STAGATE,13,15,0.74958665999999996,0.85185184999999997,0.93334227999999997
151669,151669,STAGATE,13,16,0.75784308,0.85185184999999997,0.92002857000000005
151669,151669,STAGATE,13,17,0.76314123,0.81818181999999995,0.91399308000000001
151669,151669,STAGATE,13,18,0.75639480999999997,0.85185184999999997,0.90272922
151669,151669,STAGATE,13,19,0.74479041999999995,0.81818181999999995,0.91240118999999997
151669,151669,STAGATE,13,20,0.75191185000000005,0.81818181999999995,0.91305038000000005
151669,151669,STAGATE,15,16,0.77418239,0.85185184999999997,0.91951797999999996
151669,151669,STAGATE,15,17,0.75238421,0.85185184999999997,0.92151854
151669,151669,STAGATE,15,18,0.7709319,0.85185184999999997,0.9236356
151669,151669,STAGATE,15,19,0.74541769000000002,0.85185184999999997,0.94127148999999999
151669,151669,STAGATE,15,20,0.75402742,0.81818181999999995,0.91046282999999995
151669,151669,STAGATE,16,17,0.74271262999999998,0.75438596000000002,0.90181692000000002
151669,151669,STAGATE,16,18,0.77210517999999995,0.81818181999999995,0.9186569
151669,151669,STAGATE,16,19,0.73066772000000002,0.81818181999999995,0.91114569000000001
151669,151669,STAGATE,16,20,0.75538130000000003,0.78571429000000004,0.91806891000000002
151669,151669,STAGATE,17,18,0.77082145000000002,0.78571429000000004,0.91267887000000003
151669,151669,STAGATE,17,19,0.76237948,0.78571429000000004,0.90033817999999999
151669,151669,STAGATE,17,20,0.75426340999999997,0.75438596000000002,0.91427069000000005
151669,151669,STAGATE,18,19,0.76950883000000003,0.85185184999999997,0.91013268000000003
151669,151669,STAGATE,18,20,0.78070832000000001,0.81818181999999995,0.91340317999999998
151669,151669,STAGATE,19,20,0.76926119999999998,0.85185184999999997,0.89663906999999998
151669,151669,SpaGCN,1,4,0.40211061999999997,0.47058823999999999,0.54868068000000003
151669,151669,SpaGCN,1,6,0.60103468999999998,0.61290323000000002,0.83115083999999995
151669,151669,SpaGCN,1,7,0.6447408,0.75438596000000002,0.86951730999999999
151669,151669,SpaGCN,1,8,0.65602746999999995,0.66666667000000002,0.85684561000000004
151669,151669,SpaGCN,1,11,0.58168432000000003,0.53846154000000002,0.83608083
151669,151669,SpaGCN,1,14,0.58183936999999997,0.58730159000000004,0.86474097999999999
151669,151669,SpaGCN,1,16,0.43075742,0.53846154000000002,0.75725799000000005
151669,151669,SpaGCN,1,19,0.40407395000000002,0.47058823999999999,0.69362546999999997
151669,151669,SpaGCN,2,4,0.42670796,0.53846154000000002,0.61615702999999999
151669,151669,SpaGCN,2,7,0.52735873,0.63934426,0.79775587999999997
151669,151669,SpaGCN,2,10,0.45407033000000002,0.51515151999999997,0.71448632999999995
151669,151669,SpaGCN,2,14,0.59752371000000004,0.69491524999999998,0.84256719999999996
151669,151669,SpaGCN,2,15,0.46087639000000002,0.61290323000000002,0.78865823999999995
151669,151669,SpaGCN,2,17,0.50014857000000001,0.5625,0.80180636999999999
151669,151669,SpaGCN,2,20,0.46511506000000002,0.58730159000000004,0.76805745999999997
151669,151669,SpaGCN,3,13,0.38904916,0.58730159000000004,0.75775278000000001
151669,151669,SpaGCN,4,6,0.42650890000000002,0.44927536000000001,0.55745283000000001
151669,151669,SpaGCN,4,7,0.40936872000000002,0.44927536000000001,0.64838013999999999
151669,151669,SpaGCN,4,11,0.52240975999999995,0.63934426,0.67948268999999994
151669,151669,SpaGCN,4,14,0.47782546999999997,0.53846154000000002,0.65044866999999995
151669,151669,SpaGCN,4,16,0.41139579999999998,0.58730159000000004,0.64425288999999997
151669,151669,SpaGCN,4,17,0.39705732999999999,0.36986300999999999,0.42089845999999997
151669,151669,SpaGCN,4,19,0.38015374000000002,0.47058823999999999,0.52548477999999998
151669,151669,SpaGCN,4,20,0.37217741999999998,0.4084507,0.52751009000000004
151669,151669,SpaGCN,5,10,0.38852861999999999,0.51515151999999997,0.67597094000000002
151669,151669,SpaGCN,5,13,0.56749949,0.69491524999999998,0.82205708
151669,151669,SpaGCN,5,15,0.41326102999999997,0.5625,0.77613129000000003
151669,151669,SpaGCN,6,8,0.64633974000000005,0.66666667000000002,0.85708490000000004
151669,151669,SpaGCN,6,9,0.51114667000000003,0.61290323000000002,0.77310069999999997
151669,151669,SpaGCN,6,11,0.55938094000000005,0.5625,0.79333354
151669,151669,SpaGCN,6,14,0.52413489000000002,0.5625,0.81762893999999997
151669,151669,SpaGCN,6,16,0.41174672000000001,0.49253731000000001,0.70622288
151669,151669,SpaGCN,6,19,0.40514540999999998,0.4084507,0.65419594000000003
151669,151669,SpaGCN,7,11,0.54693230000000004,0.5625,0.76511518000000001
151669,151669,SpaGCN,7,14,0.54503827999999999,0.61290323000000002,0.81693081999999995
151669,151669,SpaGCN,7,15,0.60876023999999995,0.72413793000000004,0.86611711999999996
151669,151669,SpaGCN,7,17,0.51480433000000003,0.61290323000000002,0.76802539000000003
151669,151669,SpaGCN,7,19,0.41373106999999998,0.42857142999999998,0.68625702
151669,151669,SpaGCN,7,20,0.57423897000000002,0.66666667000000002,0.82395604
151669,151669,SpaGCN,8,9,0.59833442000000003,0.66666667000000002,0.84412047999999995
151669,151669,SpaGCN,8,11,0.61612082999999995,0.61290323000000002,0.80577653000000005
151669,151669,SpaGCN,8,12,0.77343751999999999,0.75438596000000002,0.88435854999999997
151669,151669,SpaGCN,8,16,0.44595297,0.47058823999999999,0.71707646000000003
151669,151669,SpaGCN,8,18,0.77547699000000003,0.75438596000000002,0.88007864999999996
151669,151669,SpaGCN,8,19,0.42187654000000002,0.42857142999999998,0.68788998000000001
151669,151669,SpaGCN,9,12,0.61376881999999999,0.63934426,0.78849807000000005
151669,151669,SpaGCN,9,16,0.38615875999999999,0.49253731000000001,0.70343168
151669,151669,SpaGCN,9,18,0.61002866,0.66666667000000002,0.85228197000000006
151669,151669,SpaGCN,10,15,0.33771984999999999,0.49253731000000001,0.69375271999999999
151669,151669,SpaGCN,10,17,0.43171419,0.53846154000000002,0.75898622999999998
151669,151669,SpaGCN,10,20,0.35400218,0.49253731000000001,0.70888465000000001
151669,151669,SpaGCN,11,14,0.67738392999999997,0.72413793000000004,0.86087979000000003
151669,151669,SpaGCN,11,16,0.51708566,0.58730159000000004,0.78587103000000003
151669,151669,SpaGCN,11,19,0.45128671999999997,0.49253731000000001,0.64892512000000002
151669,151669,SpaGCN,12,18,0.80671358000000004,0.75438596000000002,0.89174321999999995
151669,151669,SpaGCN,14,16,0.50780742999999995,0.5625,0.73903304000000003
151669,151669,SpaGCN,14,17,0.48888806000000001,0.58730159000000004,0.81952561999999995
151669,151669,SpaGCN,14,19,0.42905827000000002,0.49253731000000001,0.69713451999999998
151669,151669,SpaGCN,14,20,0.51778234999999995,0.53846154000000002,0.81745778999999996
151669,151669,SpaGCN,15,17,0.45684525999999998,0.5625,0.76408896999999998
151669,151669,SpaGCN,15,20,0.54981853999999997,0.63934426,0.82283172000000004
151669,151669,SpaGCN,16,19,0.43227282,0.53846154000000002,0.64844210999999996
151669,151669,SpaGCN,17,20,0.47374857999999997,0.58730159000000004,0.78629300000000002
151669,151669,BANKSY,2,3,1,1,1
151669,151669,BANKSY,2,4,0.92209790999999997,0.78571429000000004,0.98590595999999997
151669,151669,BANKSY,2,5,0.90492496,0.78571429000000004,0.97318742999999996
151669,151669,BANKSY,2,6,0.92091548000000001,0.81818181999999995,0.985178
151669,151669,BANKSY,2,7,0.94580604999999995,0.88679244999999995,0.98716738999999998
151669,151669,BANKSY,2,8,0.92098102999999998,0.78571429000000004,0.98574004000000004
151669,151669,BANKSY,2,9,0.92166482000000005,0.81818181999999995,0.985178
151669,151669,BANKSY,2,10,0.92085452000000001,0.81818181999999995,0.985178
151669,151669,BANKSY,2,11,0.92091548000000001,0.81818181999999995,0.985178
151669,151669,BANKSY,2,12,0.92166482000000005,0.81818181999999995,0.985178
151669,151669,BANKSY,2,13,0.92060070999999999,0.78571429000000004,0.98590595999999997
151669,151669,BANKSY,2,14,0.92091548000000001,0.81818181999999995,0.985178
151669,151669,BANKSY,2,15,0.92091548000000001,0.81818181999999995,0.985178
151669,151669,BANKSY,2,16,0.91610840000000004,0.78571429000000004,0.98525755000000004
151669,151669,BANKSY,2,17,0.92151002999999998,0.78571429000000004,0.98551387000000001
151669,151669,BANKSY,2,18,0.92010623000000002,0.81818181999999995,0.985178
151669,151669,BANKSY,2,19,0.92166482000000005,0.81818181999999995,0.985178
151669,151669,BANKSY,2,20,0.92166482000000005,0.81818181999999995,0.985178
151669,151669,BANKSY,3,4,0.92209790999999997,0.78571429000000004,0.98590595999999997
151669,151669,BANKSY,3,5,0.90492496,0.78571429000000004,0.97318742999999996
151669,151669,BANKSY,3,6,0.92091548000000001,0.81818181999999995,0.985178
151669,151669,BANKSY,3,7,0.94580604999999995,0.88679244999999995,0.98716738999999998
151669,151669,BANKSY,3,8,0.92098102999999998,0.78571429000000004,0.98574004000000004
151669,151669,BANKSY,3,9,0.92166482000000005,0.81818181999999995,0.985178
151669,151669,BANKSY,3,10,0.92085452000000001,0.81818181999999995,0.985178
151669,151669,BANKSY,3,11,0.92091548000000001,0.81818181999999995,0.985178
151669,151669,BANKSY,3,12,0.92166482000000005,0.81818181999999995,0.985178
151669,151669,BANKSY,3,13,0.92060070999999999,0.78571429000000004,0.98590595999999997
151669,151669,BANKSY,3,14,0.92091548000000001,0.81818181999999995,0.985178
151669,151669,BANKSY,3,15,0.92091548000000001,0.81818181999999995,0.985178
151669,151669,BANKSY,3,16,0.91610840000000004,0.78571429000000004,0.98525755000000004
151669,151669,BANKSY,3,17,0.92151002999999998,0.78571429000000004,0.98551387000000001
151669,151669,BANKSY,3,18,0.92010623000000002,0.81818181999999995,0.985178
151669,151669,BANKSY,3,19,0.92166482000000005,0.81818181999999995,0.985178
151669,151669,BANKSY,3,20,0.92166482000000005,0.81818181999999995,0.985178
151669,151669,BANKSY,4,5,0.96683103999999997,0.88679244999999995,0.98251544000000002
151669,151669,BANKSY,4,6,0.99654653999999998,0.96078430999999997,0.99876595999999995
151669,151669,BANKSY,4,7,0.96780896000000005,0.85185184999999997,0.98835178999999995
151669,151669,BANKSY,4,8,0.99679165999999997,0.96078430999999997,0.99906813000000005
151669,151669,BANKSY,4,9,0.99730774,0.96078430999999997,0.99889324000000002
151669,151669,BANKSY,4,10,0.99648219000000005,0.96078430999999997,0.99876595999999995
151669,151669,BANKSY,4,11,0.99654653999999998,0.96078430999999997,0.99876595999999995
151669,151669,BANKSY,4,12,0.99730774,0.96078430999999997,0.99889324000000002
151669,151669,BANKSY,4,13,0.99847688000000001,1,1
151669,151669,BANKSY,4,14,0.99654653999999998,0.96078430999999997,0.99876595999999995
151669,151669,BANKSY,4,15,0.99654653999999998,0.96078430999999997,0.99876595999999995
151669,151669,BANKSY,4,16,0.97803468999999998,0.88679244999999995,0.98526323999999998
151669,151669,BANKSY,4,17,0.99721101000000001,1,0.99982082000000005
151669,151669,BANKSY,4,18,0.99572201000000005,0.96078430999999997,0.99876595999999995
151669,151669,BANKSY,4,19,0.99730774,0.96078430999999997,0.99889324000000002
151669,151669,BANKSY,4,20,0.99730774,0.96078430999999997,0.99889324000000002
151669,151669,BANKSY,5,6,0.96528632000000003,0.92307691999999997,0.98363213000000005
151669,151669,BANKSY,5,7,0.95124001999999996,0.81818181999999995,0.97537180999999995
151669,151669,BANKSY,5,8,0.96530433999999998,0.92307691999999997,0.98365583999999995
151669,151669,BANKSY,5,9,0.96602069000000002,0.92307691999999997,0.98363213000000005
151669,151669,BANKSY,5,10,0.96528055000000001,0.92307691999999997,0.98363213000000005
151669,151669,BANKSY,5,11,0.96528632000000003,0.92307691999999997,0.98363213000000005
151669,151669,BANKSY,5,12,0.96602069000000002,0.92307691999999997,0.98363213000000005
151669,151669,BANKSY,5,13,0.96536191000000005,0.88679244999999995,0.98251544000000002
151669,151669,BANKSY,5,14,0.96528632000000003,0.92307691999999997,0.98363213000000005
151669,151669,BANKSY,5,15,0.96528632000000003,0.92307691999999997,0.98363213000000005
151669,151669,BANKSY,5,16,0.98864677999999995,1,1
151669,151669,BANKSY,5,17,0.96463149000000004,0.88679244999999995,0.98251544000000002
151669,151669,BANKSY,5,18,0.96454720000000005,0.92307691999999997,0.98363213000000005
151669,151669,BANKSY,5,19,0.96602069000000002,0.92307691999999997,0.98363213000000005
151669,151669,BANKSY,5,20,0.96602069000000002,0.92307691999999997,0.98363213000000005
151669,151669,BANKSY,6,7,0.96518227000000001,0.88679244999999995,0.98835178999999995
151669,151669,BANKSY,6,8,0.99649474000000005,0.96078430999999997,0.99841550999999995
151669,151669,BANKSY,6,9,0.99923660999999997,1,1
151669,151669,BANKSY,6,10,0.99992864000000004,1,1
151669,151669,BANKSY,6,11,1,1,1
151669,151669,BANKSY,6,12,0.99923660999999997,1,1
151669,151669,BANKSY,6,13,0.99654714,0.96078430999999997,0.99876595999999995
151669,151669,BANKSY,6,14,1,1,1
151669,151669,BANKSY,6,15,1,1,1
151669,151669,BANKSY,6,16,0.97648038999999998,0.92307691999999997,0.98363213000000005
151669,151669,BANKSY,6,17,0.99933578999999995,1,1
151669,151669,BANKSY,6,18,0.99916539999999998,1,0.99990694999999996
151669,151669,BANKSY,6,19,0.99923660999999997,1,1
151669,151669,BANKSY,6,20,0.99923660999999997,1,1
151669,151669,BANKSY,7,8,0.96516402999999995,0.85185184999999997,0.98835178999999995
151669,151669,BANKSY,7,9,0.96593203999999999,0.88679244999999995,0.98835178999999995
151669,151669,BANKSY,7,10,0.96511822000000003,0.88679244999999995,0.98835178999999995
151669,151669,BANKSY,7,11,0.96518227000000001,0.88679244999999995,0.98835178999999995
151669,151669,BANKSY,7,12,0.96593203999999999,0.88679244999999995,0.98835178999999995
151669,151669,BANKSY,7,13,0.96630886999999999,0.85185184999999997,0.98835178999999995
151669,151669,BANKSY,7,14,0.96518227000000001,0.88679244999999995,0.98835178999999995
151669,151669,BANKSY,7,15,0.96518227000000001,0.88679244999999995,0.98835178999999995
151669,151669,BANKSY,7,16,0.96235837000000002,0.81818181999999995,0.98612504000000001
151669,151669,BANKSY,7,17,0.96583452999999997,0.85185184999999997,0.98835178999999995
151669,151669,BANKSY,7,18,0.96436946999999995,0.88679244999999995,0.98835178999999995
151669,151669,BANKSY,7,19,0.96593203999999999,0.88679244999999995,0.98835178999999995
151669,151669,BANKSY,7,20,0.96593203999999999,0.88679244999999995,0.98835178999999995
151669,151669,BANKSY,8,9,0.99573199999999995,0.96078430999999997,0.99793010000000004
151669,151669,BANKSY,8,10,0.99643210999999998,0.96078430999999997,0.99841550999999995
151669,151669,BANKSY,8,11,0.99649474000000005,0.96078430999999997,0.99841550999999995
151669,151669,BANKSY,8,12,0.99573199999999995,0.96078430999999997,0.99793010000000004
151669,151669,BANKSY,8,13,0.99831548999999997,0.96078430999999997,0.99949217000000001
151669,151669,BANKSY,8,14,0.99649474000000005,0.96078430999999997,0.99841550999999995
151669,151669,BANKSY,8,15,0.99649474000000005,0.96078430999999997,0.99841550999999995
151669,151669,BANKSY,8,16,0.97648579999999996,0.92307691999999997,0.98365583999999995
151669,151669,BANKSY,8,17,0.99715841000000005,0.96078430999999997,0.99906813000000005
151669,151669,BANKSY,8,18,0.99719557000000003,0.96078430999999997,0.99938526000000005
151669,151669,BANKSY,8,19,0.99573199999999995,0.96078430999999997,0.99793010000000004
151669,151669,BANKSY,8,20,0.99573199999999995,0.96078430999999997,0.99793010000000004
151669,151669,BANKSY,9,10,0.99916526000000006,1,0.99990431999999996
151669,151669,BANKSY,9,11,0.99923660999999997,1,1
151669,151669,BANKSY,9,12,1,1,1
151669,151669,BANKSY,9,13,0.99578462000000001,0.96078430999999997,0.99876595999999995
151669,151669,BANKSY,9,14,0.99923660999999997,1,1
151669,151669,BANKSY,9,15,0.99923660999999997,1,1
151669,151669,BANKSY,9,16,0.97722699999999996,0.92307691999999997,0.98433800000000005
151669,151669,BANKSY,9,17,0.99857242999999996,1,0.99990431999999996
151669,151669,BANKSY,9,18,0.99840289000000004,1,0.99983275999999999
151669,151669,BANKSY,9,19,1,1,1
151669,151669,BANKSY,9,20,1,1,1
151669,151669,BANKSY,10,11,0.99992864000000004,1,1
151669,151669,BANKSY,10,12,0.99916526000000006,1,0.99990431999999996
151669,151669,BANKSY,10,13,0.9964828,0.96078430999999997,0.99876595999999995
151669,151669,BANKSY,10,14,0.99992864000000004,1,1
151669,151669,BANKSY,10,15,0.99992864000000004,1,1
151669,151669,BANKSY,10,16,0.97647439000000003,0.92307691999999997,0.98363213000000005
151669,151669,BANKSY,10,17,0.99926444999999997,0.96078430999999997,0.99985676000000001
151669,151669,BANKSY,10,18,0.99923677,1,1
151669,151669,BANKSY,10,19,0.99916526000000006,1,0.99990431999999996
151669,151669,BANKSY,10,20,0.99916526000000006,1,0.99990431999999996
151669,151669,BANKSY,11,12,0.99923660999999997,1,1
151669,151669,BANKSY,11,13,0.99654714,0.96078430999999997,0.99876595999999995
151669,151669,BANKSY,11,14,1,1,1
151669,151669,BANKSY,11,15,1,1,1
151669,151669,BANKSY,11,16,0.97648038999999998,0.92307691999999997,0.98363213000000005
151669,151669,BANKSY,11,17,0.99933578999999995,1,1
151669,151669,BANKSY,11,18,0.99916539999999998,1,0.99990694999999996
151669,151669,BANKSY,11,19,0.99923660999999997,1,1
151669,151669,BANKSY,11,20,0.99923660999999997,1,1
151669,151669,BANKSY,12,13,0.99578462000000001,0.96078430999999997,0.99876595999999995
151669,151669,BANKSY,12,14,0.99923660999999997,1,1
151669,151669,BANKSY,12,15,0.99923660999999997,1,1
151669,151669,BANKSY,12,16,0.97722699999999996,0.92307691999999997,0.98433800000000005
151669,151669,BANKSY,12,17,0.99857242999999996,1,0.99990431999999996
151669,151669,BANKSY,12,18,0.99840289000000004,1,0.99983275999999999
151669,151669,BANKSY,12,19,1,1,1
151669,151669,BANKSY,12,20,1,1,1
151669,151669,BANKSY,13,14,0.99654714,0.96078430999999997,0.99876595999999995
151669,151669,BANKSY,13,15,0.99654714,0.96078430999999997,0.99876595999999995
151669,151669,BANKSY,13,16,0.97654107999999995,0.92307691999999997,0.98322929999999997
151669,151669,BANKSY,13,17,0.99721148999999998,1,0.99982082000000005
151669,151669,BANKSY,13,18,0.99724604999999999,0.96078430999999997,0.99897055999999995
151669,151669,BANKSY,13,19,0.99578462000000001,0.96078430999999997,0.99876595999999995
151669,151669,BANKSY,13,20,0.99578462000000001,0.96078430999999997,0.99876595999999995
151669,151669,BANKSY,14,15,1,1,1
151669,151669,BANKSY,14,16,0.97648038999999998,0.92307691999999997,0.98363213000000005
151669,151669,BANKSY,14,17,0.99933578999999995,1,1
151669,151669,BANKSY,14,18,0.99916539999999998,1,0.99990694999999996
151669,151669,BANKSY,14,19,0.99923660999999997,1,1
151669,151669,BANKSY,14,20,0.99923660999999997,1,1
151669,151669,BANKSY,15,16,0.97648038999999998,0.92307691999999997,0.98363213000000005
151669,151669,BANKSY,15,17,0.99933578999999995,1,1
151669,151669,BANKSY,15,18,0.99916539999999998,1,0.99990694999999996
151669,151669,BANKSY,15,19,0.99923660999999997,1,1
151669,151669,BANKSY,15,20,0.99923660999999997,1,1
151669,151669,BANKSY,16,17,0.97582500000000005,0.92307691999999997,0.98266312
151669,151669,BANKSY,16,18,0.97572879999999995,0.92307691999999997,0.98363213000000005
151669,151669,BANKSY,16,19,0.97722699999999996,0.92307691999999997,0.98433800000000005
151669,151669,BANKSY,16,20,0.97722699999999996,0.92307691999999997,0.98433800000000005
151669,151669,BANKSY,17,18,0.99850136,0.96078430999999997,0.99911678999999998
151669,151669,BANKSY,17,19,0.99857242999999996,1,0.99990431999999996
151669,151669,BANKSY,17,20,0.99857242999999996,1,0.99990431999999996
151669,151669,BANKSY,18,19,0.99840289000000004,1,0.99983275999999999
151669,151669,BANKSY,18,20,0.99840289000000004,1,0.99983275999999999
151669,151669,BANKSY,19,20,1,1,1
151669,151669,SEDR,2,3,0.70030534519999987,0.85185185190000001,0.95998082399999995
151669,151669,SEDR,4,6,0.68847332139999995,0.78571428570000001,0.89844805049999987
151669,151669,SEDR,4,7,0.58233795880000006,0.72413793100000001,0.91185724749999997
151669,151669,SEDR,4,9,0.71153906320000004,0.75438596489999987,0.92699461630000002
151669,151669,SEDR,4,10,0.54313565679999987,0.58730158730000004,0.86806113600000001
151669,151669,SEDR,4,11,0.80623571910000003,0.81818181820000002,0.96672720700000003
151669,151669,SEDR,4,19,0.76968353150000002,0.81818181820000002,0.94874269560000002
151669,151669,SEDR,6,7,0.59594951070000002,0.85185185190000001,0.93264569740000003
151669,151669,SEDR,6,9,0.62398954559999986,0.81818181820000002,0.91635111199999997
151669,151669,SEDR,6,10,0.5314791982,0.75438596489999987,0.95458506430000001
151669,151669,SEDR,6,11,0.7176740143,0.81818181820000002,0.91959369909999999
151669,151669,SEDR,6,19,0.76007209080000004,0.75438596489999987,0.92080924360000005
151669,151669,SEDR,7,9,0.55524692840000001,0.6949152542,0.93959193549999998
151669,151669,SEDR,7,10,0.58606410850000001,0.78571428570000001,0.95581691290000004
151669,151669,SEDR,7,11,0.6198767865,0.78571428570000001,0.9363262618
151669,151669,SEDR,7,19,0.63543685299999986,0.72413793100000001,0.94045851209999998
151669,151669,SEDR,8,12,0.6665162697,0.78571428570000001,0.93491478920000004
151669,151669,SEDR,9,10,0.53464741760000001,0.75438596489999987,0.94244484340000001
151669,151669,SEDR,9,11,0.72543288569999986,0.78571428570000001,0.97439674030000001
151669,151669,SEDR,9,19,0.69820752949999987,0.81818181820000002,0.91400325930000004
151669,151669,SEDR,10,11,0.51780661269999995,0.66666666669999985,0.93996746180000001
151669,151669,SEDR,10,19,0.52212473579999985,0.6949152542,0.83671172319999987
151669,151669,SEDR,11,19,0.84097137330000005,0.81818181820000002,0.96333499950000001
151669,151669,SEDR,12,13,0.68292780649999985,0.72413793100000001,0.949022225
151669,151669,SEDR,12,17,0.71800436729999995,0.81818181820000002,0.93972828799999997
151669,151669,SEDR,13,15,0.50257086559999986,0.6949152542,0.89977705200000002
151669,151669,SEDR,13,16,0.56209761179999995,0.72413793100000001,0.93899549770000001
151669,151669,SEDR,13,17,0.57195263279999986,0.72413793100000001,0.91825212339999995
151669,151669,SEDR,13,18,0.64334562849999988,0.81818181820000002,0.89846288070000002
151669,151669,SEDR,14,15,0.61865219869999988,0.72413793100000001,0.90631019089999998
151669,151669,SEDR,14,16,0.71689990930000003,0.78571428570000001,0.94622737800000001
151669,151669,SEDR,14,18,0.58974249000000001,0.78571428570000001,0.88313155190000003
151669,151669,SEDR,14,20,0.76896811460000003,0.78571428570000001,0.95454440289999998
151669,151669,SEDR,15,16,0.6962502948,0.78571428570000001,0.94811629200000003
151669,151669,SEDR,15,17,0.60431706139999986,0.75438596489999987,0.93853741449999994
151669,151669,SEDR,15,18,0.5077766708,0.6949152542,0.87796326599999985
151669,151669,SEDR,15,20,0.58722340930000005,0.72413793100000001,0.94951260150000005
151669,151669,SEDR,16,17,0.70123224539999995,0.88679245279999985,0.95905318210000001
151669,151669,SEDR,16,18,0.53552867599999987,0.72413793100000001,0.90258071009999996
151669,151669,SEDR,16,20,0.64387396109999995,0.6949152542,0.92613614820000001
151669,151669,SEDR,17,18,0.58070408600000001,0.81818181820000002,0.97461428920000004
151669,151669,SEDR,17,20,0.58491706659999987,0.72413793100000001,0.90930222370000002
151669,151669,SEDR,18,20,0.61656585360000005,0.75438596489999987,0.89419155139999995
151670,151670,GraphST,1,2,0.51816605999999998,0.47058823999999999,0.65592043
151670,151670,GraphST,1,5,0.38290631000000003,0.53846154000000002,0.84006210000000003
151670,151670,GraphST,1,8,0.39569174000000001,0.5625,0.85024091999999996
151670,151670,GraphST,1,9,0.36314773,0.58730159000000004,0.87957978000000003
151670,151670,GraphST,1,12,0.39992877999999998,0.5625,0.84831544000000003
151670,151670,GraphST,1,13,0.46721562,0.49253731000000001,0.82459859000000002
151670,151670,GraphST,1,14,0.37722433999999999,0.4084507,0.81546682999999998
151670,151670,GraphST,1,18,0.38241671999999999,0.58730159000000004,0.86503814999999995
151670,151670,GraphST,1,20,0.36860212999999997,0.53846154000000002,0.86661736
151670,151670,GraphST,2,9,0.34631814999999999,0.42857142999999998,0.65650518999999996
151670,151670,GraphST,2,18,0.40128994000000001,0.51515151999999997,0.63516205000000003
151670,151670,GraphST,2,20,0.34674254999999998,0.4084507,0.62237947000000005
151670,151670,GraphST,3,4,0.42491296000000001,0.58730159000000004,0.83349101000000003
151670,151670,GraphST,3,6,0.40973596000000001,0.58730159000000004,0.85040216999999996
151670,151670,GraphST,3,7,0.47844744,0.69491524999999998,0.81592169000000003
151670,151670,GraphST,3,11,0.36195261000000001,0.5625,0.88450410999999995
151670,151670,GraphST,3,15,0.40548979000000002,0.5625,0.82210830999999995
151670,151670,GraphST,3,19,0.44551843000000002,0.61290323000000002,0.83484881
151670,151670,GraphST,4,6,0.44837080000000001,0.69491524999999998,0.89911978000000004
151670,151670,GraphST,4,7,0.47416131,0.63934426,0.82452417
151670,151670,GraphST,4,11,0.31812302999999997,0.49253731000000001,0.83802823999999998
151670,151670,GraphST,4,15,0.40057545,0.61290323000000002,0.82597608
151670,151670,GraphST,4,19,0.45666904000000003,0.66666667000000002,0.87535054000000001
151670,151670,GraphST,5,8,0.39088903000000003,0.72413793000000004,0.84478871
151670,151670,GraphST,5,9,0.53227247,0.69491524999999998,0.82290571999999995
151670,151670,GraphST,5,12,0.51051402000000001,0.72413793000000004,0.88567415999999999
151670,151670,GraphST,5,13,0.3679769,0.61290323000000002,0.82205779999999995
151670,151670,GraphST,5,14,0.29319689999999998,0.63934426,0.82774217999999999
151670,151670,GraphST,5,15,0.36462105,0.58730159000000004,0.76342401999999998
151670,151670,GraphST,5,18,0.32847235000000002,0.66666667000000002,0.85123844000000004
151670,151670,GraphST,5,20,0.52014550999999998,0.5625,0.84701875000000004
151670,151670,GraphST,6,7,0.44461804999999999,0.63934426,0.82518930000000001
151670,151670,GraphST,6,11,0.30757677999999999,0.51515151999999997,0.84995014000000002
151670,151670,GraphST,6,16,0.41837132999999999,0.61290323000000002,0.89267498000000001
151670,151670,GraphST,6,19,0.45942886999999999,0.66666667000000002,0.86904570999999997
151670,151670,GraphST,7,15,0.50247132999999999,0.66666667000000002,0.83078273999999996
151670,151670,GraphST,8,9,0.36093839999999999,0.61290323000000002,0.83100426999999999
151670,151670,GraphST,8,12,0.38021650000000001,0.72413793000000004,0.85263531999999997
151670,151670,GraphST,8,13,0.40730948,0.66666667000000002,0.88548083
151670,151670,GraphST,8,14,0.35471651999999998,0.66666667000000002,0.83454099000000004
151670,151670,GraphST,8,18,0.37099514,0.72413793000000004,0.86918437000000004
151670,151670,GraphST,8,20,0.36415923,0.69491524999999998,0.84526509000000005
151670,151670,GraphST,9,12,0.48375298999999999,0.66666667000000002,0.88363376000000005
151670,151670,GraphST,9,13,0.33424769999999998,0.63934426,0.84042057000000003
151670,151670,GraphST,9,14,0.28343454000000001,0.42857142999999998,0.79430540999999999
151670,151670,GraphST,9,18,0.30515395000000001,0.5625,0.84434889000000002
151670,151670,GraphST,9,20,0.52241243999999998,0.69491524999999998,0.91385468000000003
151670,151670,GraphST,11,16,0.34376504000000002,0.51515151999999997,0.86808664000000002
151670,151670,GraphST,11,19,0.33854480999999997,0.49253731000000001,0.76483968999999996
151670,151670,GraphST,12,13,0.36946361999999999,0.63934426,0.85407918999999999
151670,151670,GraphST,12,14,0.31361440000000002,0.66666667000000002,0.84364910000000004
151670,151670,GraphST,12,15,0.40334531000000001,0.63934426,0.82831611999999999
151670,151670,GraphST,12,18,0.34296009999999999,0.69491524999999998,0.86257775000000003
151670,151670,GraphST,12,20,0.47739066000000002,0.66666667000000002,0.87775141999999995
151670,151670,GraphST,13,14,0.36185855,0.63934426,0.81069493999999998
151670,151670,GraphST,13,15,0.43661801,0.66666667000000002,0.77624937000000005
151670,151670,GraphST,13,18,0.39614124000000001,0.63934426,0.85724723999999997
151670,151670,GraphST,13,20,0.33390482999999999,0.63934426,0.84879547
151670,151670,GraphST,14,15,0.36569873000000003,0.47058823999999999,0.75902672999999998
151670,151670,GraphST,14,18,0.37915853999999999,0.69491524999999998,0.85952746999999996
151670,151670,GraphST,16,19,0.44733634999999999,0.66666667000000002,0.85695398
151670,151670,GraphST,18,20,0.31172623999999999,0.66666667000000002,0.85461242000000004
151670,151670,STAGATE,1,4,0.65226499999999998,0.69491524999999998,0.92116629999999999
151670,151670,STAGATE,1,15,0.64013657999999996,0.63934426,0.90551859999999995
151670,151670,STAGATE,1,19,0.67858415000000005,0.66666667000000002,0.89382163000000003
151670,151670,STAGATE,2,18,0.69292905999999999,0.78571429000000004,0.79356437999999996
151670,151670,STAGATE,4,6,0.57824253000000003,0.53846154000000002,0.68332442000000004
151670,151670,STAGATE,4,7,0.62564982000000002,0.75438596000000002,0.91514412000000001
151670,151670,STAGATE,4,10,0.68508632999999997,0.75438596000000002,0.92801533999999997
151670,151670,STAGATE,4,16,0.70110543000000003,0.78571429000000004,0.94374265999999996
151670,151670,STAGATE,4,17,0.62099780000000004,0.51515151999999997,0.79849177999999998
151670,151670,STAGATE,5,13,0.66687647000000005,0.66666667000000002,0.90203102000000002
151670,151670,STAGATE,5,15,0.69509606999999995,0.78571429000000004,0.91887008999999997
151670,151670,STAGATE,6,7,0.52031693000000001,0.47058823999999999,0.68578766000000002
151670,151670,STAGATE,6,10,0.54702755000000003,0.61290323000000002,0.71799044999999995
151670,151670,STAGATE,6,16,0.54782989000000004,0.51515151999999997,0.67668921000000004
151670,151670,STAGATE,6,17,0.64631179999999999,0.72413793000000004,0.77074964999999995
151670,151670,STAGATE,7,10,0.67407764000000003,0.69491524999999998,0.90531085
151670,151670,STAGATE,7,16,0.63749500000000003,0.81818181999999995,0.92060492000000005
151670,151670,STAGATE,7,17,0.53532636,0.51515151999999997,0.72271925000000004
151670,151670,STAGATE,8,12,0.74128115000000006,0.72413793000000004,0.88838676000000005
151670,151670,STAGATE,9,14,0.63186706000000004,0.72413793000000004,0.88512924999999998
151670,151670,STAGATE,9,18,0.67644216999999995,0.72413793000000004,0.93207614000000005
151670,151670,STAGATE,10,16,0.67625913999999998,0.69491524999999998,0.91167169000000003
151670,151670,STAGATE,10,17,0.58806435999999995,0.5625,0.81691818999999999
151670,151670,STAGATE,11,14,0.67984332000000003,0.69491524999999998,0.91573059999999995
151670,151670,STAGATE,11,20,0.67387487000000001,0.75438596000000002,0.93893749000000004
151670,151670,STAGATE,13,15,0.64972359999999996,0.75438596000000002,0.92087147000000003
151670,151670,STAGATE,14,20,0.69054431999999999,0.72413793000000004,0.92016608
151670,151670,STAGATE,15,19,0.74387117000000003,0.81818181999999995,0.91165797000000004
151670,151670,STAGATE,16,17,0.58053827999999996,0.53846154000000002,0.74221229
151670,151670,SpaGCN,1,4,0.30311850000000001,0.13636364000000001,0.17038581
151670,151670,SpaGCN,1,7,0.34814506000000001,0.2345679,0.38175071999999999
151670,151670,SpaGCN,1,8,0.33398164000000002,0.2987013,0.31388083
151670,151670,SpaGCN,1,9,0.32303833999999998,0.17647059000000001,0.29700557
151670,151670,SpaGCN,1,13,0.33459705000000001,0.28205128000000002,0.072620089999999998
151670,151670,SpaGCN,1,15,0.36664637999999999,0.21951219999999999,0.33904772
151670,151670,SpaGCN,1,18,0.38734046999999999,0.33333332999999998,0.47140532000000002
151670,151670,SpaGCN,3,5,0.36878886,0.38888888999999999,0.69704564999999996
151670,151670,SpaGCN,3,11,0.37999613999999998,0.42886302999999998,0.70067858000000005
151670,151670,SpaGCN,3,14,0.45619365000000001,0.51549942999999998,0.8024249
151670,151670,SpaGCN,3,19,0.45777057999999998,0.5625,0.77486730000000004
151670,151670,SpaGCN,4,7,0.37457079999999998,0.28205128000000002,0.55832510999999996
151670,151670,SpaGCN,4,8,0.42805605000000002,0.47058823999999999,0.69621414000000004
151670,151670,SpaGCN,4,9,0.33425521000000002,0.38888888999999999,0.69219686000000002
151670,151670,SpaGCN,4,18,0.34548353999999998,0.2987013,0.64906200999999997
151670,151670,SpaGCN,5,11,0.41883926999999999,0.49253731000000001,0.70213612999999997
151670,151670,SpaGCN,6,10,0.39345081999999998,0.2987013,0.59711497999999996
151670,151670,SpaGCN,6,12,0.39964044999999998,0.33333332999999998,0.60400741000000002
151670,151670,SpaGCN,6,13,0.41626024,0.53846154000000002,0.68201442000000001
151670,151670,SpaGCN,6,14,0.41860670999999999,0.42857142999999998,0.58680080000000001
151670,151670,SpaGCN,6,15,0.35352985999999997,0.36986300999999999,0.59827103999999998
151670,151670,SpaGCN,6,16,0.40863895,0.4084507,0.62535076000000001
151670,151670,SpaGCN,6,17,0.43795255,0.47058823999999999,0.68905888000000004
151670,151670,SpaGCN,6,19,0.45464065999999997,0.2987013,0.33318476000000002
151670,151670,SpaGCN,6,20,0.40369167,0.44927536000000001,0.54633217000000001
151670,151670,SpaGCN,7,8,0.40692753999999998,0.38888888999999999,0.68728023999999999
151670,151670,SpaGCN,7,9,0.32931896999999999,0.2987013,0.53814861999999997
151670,151670,SpaGCN,7,10,0.31215642999999998,0.33333332999999998,0.40392125000000001
151670,151670,SpaGCN,7,13,0.40890201999999998,0.51515151999999997,0.62910593000000004
151670,151670,SpaGCN,7,15,0.52465755000000003,0.61290323000000002,0.79144543000000001
151670,151670,SpaGCN,7,17,0.34519641000000001,0.44927536000000001,0.60584548000000005
151670,151670,SpaGCN,7,18,0.47954773000000001,0.49253731000000001,0.78026066000000005
151670,151670,SpaGCN,7,20,0.46910336000000002,0.51515151999999997,0.78135133999999995
151670,151670,SpaGCN,8,9,0.33960821000000002,0.4084507,0.66870092999999997
151670,151670,SpaGCN,8,10,0.34379109000000002,0.35135135000000001,0.52668064999999997
151670,151670,SpaGCN,8,13,0.40045692999999999,0.47058823999999999,0.53601334
151670,151670,SpaGCN,8,15,0.38848695,0.4084507,0.65825610000000001
151670,151670,SpaGCN,8,17,0.39003838000000002,0.35135135000000001,0.48816365
151670,151670,SpaGCN,8,18,0.40527943,0.5625,0.70636960000000004
151670,151670,SpaGCN,9,18,0.36162929999999999,0.47058823999999999,0.66643465999999996
151670,151670,SpaGCN,10,12,0.35140304999999999,0.36986300999999999,0.50373409999999996
151670,151670,SpaGCN,10,13,0.35681390000000002,0.26582277999999998,0.5570271
151670,151670,SpaGCN,10,15,0.32080081999999999,0.28205128000000002,0.46674958999999999
151670,151670,SpaGCN,10,16,0.31865200999999999,0.33333332999999998,0.38764200999999998
151670,151670,SpaGCN,10,17,0.35143889,0.26582277999999998,0.48910737999999998
151670,151670,SpaGCN,10,18,0.32861377000000003,0.2987013,0.44376012999999997
151670,151670,SpaGCN,10,19,0.34071227999999998,0.31578947000000002,0.56116314
151670,151670,SpaGCN,10,20,0.37943365000000001,0.33333332999999998,0.56272681999999996
151670,151670,SpaGCN,12,13,0.40290534,0.35135135000000001,0.42981437
151670,151670,SpaGCN,12,14,0.61704168000000004,0.66666667000000002,0.85228037999999995
151670,151670,SpaGCN,12,15,0.59743301999999998,0.58730159000000004,0.76930743000000001
151670,151670,SpaGCN,12,16,0.54266102000000005,0.58730159000000004,0.72511296999999997
151670,151670,SpaGCN,12,17,0.39014608000000001,0.21951219999999999,0.45303911000000002
151670,151670,SpaGCN,12,19,0.50301624,0.38888888999999999,0.39124302999999999
151670,151670,SpaGCN,12,20,0.47428547999999998,0.38888888999999999,0.77285594999999996
151670,151670,SpaGCN,13,15,0.37290907000000001,0.36986300999999999,0.71815704000000002
151670,151670,SpaGCN,13,16,0.41225968000000002,0.49253731000000001,0.64824780000000004
151670,151670,SpaGCN,13,17,0.39992931999999998,0.53846154000000002,0.71234196000000005
151670,151670,SpaGCN,13,18,0.37389253,0.26582277999999998,0.3258646
151670,151670,SpaGCN,13,20,0.43619171000000001,0.5625,0.67837844999999997
151670,151670,SpaGCN,14,16,0.55359449999999999,0.63934426,0.72967766999999994
151670,151670,SpaGCN,14,19,0.51258168000000004,0.53846154000000002,0.72719904999999996
151670,151670,SpaGCN,15,16,0.55638228999999995,0.63934426,0.79603657000000005
151670,151670,SpaGCN,15,17,0.34428061999999998,0.4084507,0.67467104
151670,151670,SpaGCN,15,18,0.55666263000000005,0.5625,0.79107170999999998
151670,151670,SpaGCN,15,20,0.45069323,0.53846154000000002,0.79830677999999999
151670,151670,SpaGCN,16,17,0.34989063999999998,0.47058823999999999,0.57786351999999996
151670,151670,SpaGCN,16,19,0.50460170000000004,0.44927536000000001,0.68809147000000004
151670,151670,SpaGCN,16,20,0.48166214000000002,0.58730159000000004,0.80575344000000004
151670,151670,SpaGCN,17,18,0.36440443,0.26582277999999998,0.36312726000000001
151670,151670,SpaGCN,17,19,0.44387345,0.4084507,0.50761473999999995
151670,151670,SpaGCN,17,20,0.38231520000000002,0.4084507,0.61503280999999999
151670,151670,SpaGCN,19,20,0.46081654999999999,0.38888888999999999,0.58342472999999995
151670,151670,BANKSY,1,15,0.82057869999999999,0.81818181999999995,0.95738148000000001
151670,151670,BANKSY,4,10,0.85214179000000001,0.81818181999999995,0.91566082000000004
151670,151670,BANKSY,4,14,0.97970926000000003,0.88679244999999995,0.99281697000000002
151670,151670,BANKSY,4,16,0.96206084000000003,0.88679244999999995,0.98088878000000002
151670,151670,BANKSY,5,6,0.50879280000000005,0.35135135000000001,0.42598854000000003
151670,151670,BANKSY,5,7,0.45748791999999999,0.35135135000000001,0.76143569
151670,151670,BANKSY,5,12,0.49987010999999998,0.38888888999999999,0.56626670000000001
151670,151670,BANKSY,6,7,0.72220366000000003,0.49253731000000001,0.88304642
151670,151670,BANKSY,6,12,0.94439371000000005,0.85185184999999997,0.92471006
151670,151670,BANKSY,6,17,0.97836727000000001,0.88679244999999995,0.98302272999999996
151670,151670,BANKSY,7,12,0.72288229000000004,0.49253731000000001,0.85183920999999996
151670,151670,BANKSY,7,17,0.72749017999999999,0.49253731000000001,0.86863791999999995
151670,151670,BANKSY,8,20,0.86014396999999998,0.85185184999999997,0.94628913999999997
151670,151670,BANKSY,10,14,0.84089837999999995,0.63934426,0.90541331999999997
151670,151670,BANKSY,10,16,0.86501874000000001,0.61290323000000002,0.91064361000000005
151670,151670,BANKSY,11,18,1,1,1
151670,151670,BANKSY,12,17,0.95705923999999998,0.92307691999999997,0.98852158999999995
151670,151670,BANKSY,13,19,0.94288967000000001,0.88679244999999995,0.98255318999999997
151670,151670,BANKSY,14,16,0.97236562999999998,1,0.99967300999999997
151670,151670,SEDR,1,5,0.57177134969999988,0.58730158730000004,0.77592938089999985
151670,151670,SEDR,1,8,0.56912165000000003,0.75438596489999987,0.91209219470000003
151670,151670,SEDR,1,9,0.69480029470000004,0.78571428570000001,0.95532086790000004
151670,151670,SEDR,1,12,0.49682168659999992,0.5625,0.80006899379999985
151670,151670,SEDR,1,14,0.52602762280000004,0.61290322580000001,0.87511680349999987
151670,151670,SEDR,1,17,0.74695359390000005,0.78571428570000001,0.94910289569999995
151670,151670,SEDR,1,19,0.72335323100000004,0.66666666669999985,0.8857049722
151670,151670,SEDR,2,4,0.5173095298,0.61290322580000001,0.8293295437
151670,151670,SEDR,2,7,0.60329283099999986,0.61290322580000001,0.85131243369999987
151670,151670,SEDR,2,15,0.71316705199999986,0.78571428570000001,0.91974799640000005
151670,151670,SEDR,2,20,0.79021152049999988,0.81818181820000002,0.9277656031
151670,151670,SEDR,3,12,0.62071579529999987,0.5384615385,0.76851896230000005
151670,151670,SEDR,4,7,0.66830764590000002,0.75438596489999987,0.92882604989999995
151670,151670,SEDR,4,20,0.54122404599999985,0.63934426229999985,0.82755059639999995
151670,151670,SEDR,5,8,0.58235245579999995,0.36986301370000002,0.74661359500000002
151670,151670,SEDR,5,9,0.64459306760000001,0.61290322580000001,0.78545678949999986
151670,151670,SEDR,5,12,0.75322961519999987,0.78571428570000001,0.93774794549999996
151670,151670,SEDR,5,14,0.6902713935,0.72413793100000001,0.91083031810000004
151670,151670,SEDR,5,17,0.65253282990000006,0.61290322580000001,0.84964387880000003
151670,151670,SEDR,5,19,0.63742368059999988,0.58730158730000004,0.74257454430000003
151670,151670,SEDR,6,16,0.66181653569999987,0.61290322580000001,0.86297407770000001
151670,151670,SEDR,6,18,0.57815981439999986,0.58730158730000004,0.68060217960000002
151670,151670,SEDR,7,15,0.55021459350000002,0.58730158730000004,0.81055877539999988
151670,151670,SEDR,7,20,0.59640042230000001,0.66666666669999985,0.85591483020000003
151670,151670,SEDR,8,9,0.54602228180000001,0.78571428570000001,0.91596741199999998
151670,151670,SEDR,8,12,0.56503673880000005,0.51515151520000002,0.81690565169999985
151670,151670,SEDR,8,14,0.59882678199999995,0.5384615385,0.82787878979999985
151670,151670,SEDR,8,17,0.55421964450000005,0.81818181820000002,0.91026023310000004
151670,151670,SEDR,8,19,0.54255180619999988,0.47058823529999988,0.62230801000000002
151670,151670,SEDR,9,12,0.60643137879999987,0.5625,0.78969090019999988
151670,151670,SEDR,9,13,0.54492859930000004,0.66666666669999985,0.83752478419999987
151670,151670,SEDR,9,14,0.62242073389999986,0.63934426229999985,0.91524239900000004
151670,151670,SEDR,9,17,0.78054479779999986,0.81818181820000002,0.92876935120000004
151670,151670,SEDR,9,19,0.85380564999999986,0.81818181820000002,0.94648273409999994
151670,151670,SEDR,10,11,0.65160454860000006,0.25,0.63391184599999995
151670,151670,SEDR,10,13,0.73392903700000001,0.75438596489999987,0.88465341959999988
151670,151670,SEDR,10,15,0.61339369929999987,0.49253731340000001,0.77011503530000003
151670,151670,SEDR,11,13,0.69420803929999986,0.58730158730000004,0.82839690939999988
151670,151670,SEDR,11,15,0.66131585510000002,0.6949152542,0.84121975169999985
151670,151670,SEDR,12,14,0.60774683200000001,0.72413793100000001,0.87899492970000004
151670,151670,SEDR,12,17,0.58216916659999995,0.5625,0.82674556160000001
151670,151670,SEDR,12,19,0.58381928910000003,0.5384615385,0.69716706279999985
151670,151670,SEDR,13,14,0.65847490450000001,0.72413793100000001,0.87838060689999986
151670,151670,SEDR,13,19,0.53906198250000004,0.40845070420000001,0.63442193319999995
151670,151670,SEDR,14,17,0.59136603259999987,0.66666666669999985,0.89490709049999995
151670,151670,SEDR,14,19,0.59177266470000001,0.49253731340000001,0.81379598600000003
151670,151670,SEDR,16,18,0.54314714480000004,0.61290322580000001,0.90967143660000005
151670,151670,SEDR,17,19,0.81757812470000002,0.75438596489999987,0.93911930830000001
151671,151671,GraphST,1,2,0.58344041999999996,0.63934426,0.84480626000000003
151671,151671,GraphST,1,4,0.58609685,0.66666667000000002,0.84573571000000003
151671,151671,GraphST,1,5,0.58488598000000003,0.66666667000000002,0.83421261000000002
151671,151671,GraphST,1,6,0.53227192999999995,0.66666667000000002,0.87516934999999996
151671,151671,GraphST,1,7,0.59299131999999999,0.75438596000000002,0.85509254999999995
151671,151671,GraphST,1,10,0.59606095999999997,0.72413793000000004,0.88431024000000003
151671,151671,GraphST,1,12,0.58096144999999999,0.66666667000000002,0.83846752000000002
151671,151671,GraphST,1,13,0.52160494000000002,0.51515151999999997,0.57159336000000005
151671,151671,GraphST,2,4,0.61348371000000002,0.69491524999999998,0.83067499
151671,151671,GraphST,2,5,0.59801665000000004,0.72413793000000004,0.83420282999999995
151671,151671,GraphST,2,6,0.55780622000000002,0.63934426,0.83335099000000001
151671,151671,GraphST,2,7,0.61725898000000001,0.69491524999999998,0.83775471000000001
151671,151671,GraphST,2,8,0.55973943999999998,0.58730159000000004,0.74253243000000002
151671,151671,GraphST,2,12,0.60018506999999999,0.63934426,0.83658515
151671,151671,GraphST,2,13,0.55289138999999998,0.58730159000000004,0.66906787999999995
151671,151671,GraphST,2,14,0.58913090999999995,0.66666667000000002,0.82306372999999999
151671,151671,GraphST,2,15,0.57466823,0.72413793000000004,0.83096707000000003
151671,151671,GraphST,2,16,0.57204778999999994,0.66666667000000002,0.83710488999999999
151671,151671,GraphST,3,5,0.48440033999999998,0.66666667000000002,0.81689694000000002
151671,151671,GraphST,3,8,0.45473812000000002,0.51515151999999997,0.76883674999999996
151671,151671,GraphST,3,9,0.47646623999999999,0.69491524999999998,0.77527767999999997
151671,151671,GraphST,3,14,0.49487219999999998,0.61290323000000002,0.80484957000000001
151671,151671,GraphST,3,15,0.48748004,0.66666667000000002,0.80923650000000003
151671,151671,GraphST,3,16,0.47147038000000002,0.63934426,0.81648704999999999
151671,151671,GraphST,4,5,0.6242586,0.72413793000000004,0.85660621999999997
151671,151671,GraphST,4,6,0.54304096999999996,0.61290323000000002,0.82521498999999998
151671,151671,GraphST,4,7,0.59215145000000002,0.69491524999999998,0.84725444999999999
151671,151671,GraphST,4,8,0.55048914000000004,0.49253731000000001,0.7167983
151671,151671,GraphST,4,12,0.56898901999999996,0.72413793000000004,0.85104027999999998
151671,151671,GraphST,4,13,0.55324395000000004,0.5625,0.64820520999999998
151671,151671,GraphST,4,14,0.59923541000000002,0.61290323000000002,0.82073370000000001
151671,151671,GraphST,4,15,0.57642165000000001,0.66666667000000002,0.82932055000000005
151671,151671,GraphST,4,16,0.56703358000000004,0.58730159000000004,0.80915252000000004
151671,151671,GraphST,5,6,0.55388291000000001,0.61290323000000002,0.83522684000000003
151671,151671,GraphST,5,8,0.54968344999999996,0.49253731000000001,0.72144973999999995
151671,151671,GraphST,5,9,0.56164150999999995,0.63934426,0.79653916999999996
151671,151671,GraphST,5,12,0.58342558,0.66666667000000002,0.85765997000000005
151671,151671,GraphST,5,14,0.56662433999999995,0.63934426,0.82091069000000005
151671,151671,GraphST,5,15,0.58646005000000001,0.72413793000000004,0.86662581000000005
151671,151671,GraphST,5,16,0.57345767000000003,0.61290323000000002,0.79935219999999996
151671,151671,GraphST,6,7,0.57630912000000001,0.69491524999999998,0.82989716000000002
151671,151671,GraphST,6,12,0.55069612999999995,0.72413793000000004,0.83830223000000004
151671,151671,GraphST,6,13,0.52486173999999997,0.5625,0.77408295000000005
151671,151671,GraphST,6,14,0.56736852000000004,0.69491524999999998,0.83894204000000006
151671,151671,GraphST,6,15,0.55235681999999997,0.69491524999999998,0.84054815999999999
151671,151671,GraphST,7,10,0.57524160999999996,0.72413793000000004,0.84751986999999995
151671,151671,GraphST,7,12,0.59978620999999999,0.75438596000000002,0.87582174000000002
151671,151671,GraphST,7,13,0.56206590999999995,0.58730159000000004,0.63827619000000002
151671,151671,GraphST,7,17,0.57992186000000001,0.66666667000000002,0.84808183000000004
151671,151671,GraphST,8,9,0.52649550000000001,0.49253731000000001,0.65858287000000004
151671,151671,GraphST,8,14,0.56528248999999997,0.69491524999999998,0.82056770999999995
151671,151671,GraphST,8,15,0.56446209000000003,0.58730159000000004,0.74075479
151671,151671,GraphST,8,16,0.56572224000000004,0.63934426,0.73970639999999999
151671,151671,GraphST,9,14,0.54482392000000002,0.5625,0.69359086000000003
151671,151671,GraphST,9,15,0.55800704000000001,0.66666667000000002,0.78784016000000001
151671,151671,GraphST,9,16,0.55520159000000002,0.5625,0.71020857999999998
151671,151671,GraphST,10,13,0.51250938000000001,0.47058823999999999,0.49985921
151671,151671,GraphST,10,17,0.59796263999999999,0.75438596000000002,0.85479260999999995
151671,151671,GraphST,11,18,0.45267583,0.61290323000000002,0.82104747
151671,151671,GraphST,11,19,0.45995455000000002,0.63934426,0.80551364999999997
151671,151671,GraphST,11,20,0.51181812000000004,0.69491524999999998,0.87689059999999996
151671,151671,GraphST,12,13,0.51906359999999996,0.51515151999999997,0.65455589000000003
151671,151671,GraphST,12,14,0.57499087000000004,0.72413793000000004,0.83254667999999998
151671,151671,GraphST,12,15,0.55930939999999996,0.66666667000000002,0.81871190999999999
151671,151671,GraphST,13,17,0.51299103000000001,0.58730159000000004,0.62246135000000002
151671,151671,GraphST,14,15,0.59541666999999998,0.72413793000000004,0.81796029000000003
151671,151671,GraphST,14,16,0.57947702000000001,0.61290323000000002,0.84344532999999999
151671,151671,GraphST,15,16,0.58085366999999999,0.69491524999999998,0.84796232000000005
151671,151671,GraphST,17,19,0.55658348000000002,0.63934426,0.79725162999999999
151671,151671,GraphST,18,19,0.58537983999999998,0.63934426,0.82953213999999997
151671,151671,GraphST,18,20,0.49890116000000001,0.63934426,0.85142485999999995
151671,151671,GraphST,19,20,0.47382087000000001,0.69491524999999998,0.80414224000000001
151671,151671,STAGATE,1,2,0.76259984999999997,0.75438596000000002,0.90820133000000003
151671,151671,STAGATE,1,3,0.56627229000000001,0.47058823999999999,0.78493526999999996
151671,151671,STAGATE,1,4,0.68799381000000004,0.72413793000000004,0.91610855999999996
151671,151671,STAGATE,1,14,0.55569318000000001,0.47058823999999999,0.78611966
151671,151671,STAGATE,1,17,0.64852173000000002,0.58730159000000004,0.81842605000000002
151671,151671,STAGATE,1,19,0.57152703000000005,0.53846154000000002,0.76162563000000005
151671,151671,STAGATE,1,20,0.71519215999999997,0.72413793000000004,0.89633317999999995
151671,151671,STAGATE,2,4,0.69142625000000002,0.69491524999999998,0.88067669999999998
151671,151671,STAGATE,2,8,0.74392281999999998,0.75438596000000002,0.88612763999999999
151671,151671,STAGATE,2,11,0.76909382000000004,0.81818181999999995,0.91457381000000004
151671,151671,STAGATE,2,13,0.75390259000000004,0.72413793000000004,0.90378650000000005
151671,151671,STAGATE,2,17,0.64544332000000004,0.53846154000000002,0.82650953999999999
151671,151671,STAGATE,2,19,0.59839880000000001,0.61290323000000002,0.82712521000000006
151671,151671,STAGATE,2,20,0.75854847000000003,0.72413793000000004,0.89779812999999997
151671,151671,STAGATE,3,4,0.55730141,0.58730159000000004,0.76035821999999997
151671,151671,STAGATE,3,14,0.74855883999999995,0.35135135000000001,0.58818300999999995
151671,151671,STAGATE,3,17,0.63043168000000005,0.58730159000000004,0.88461111000000003
151671,151671,STAGATE,3,19,0.70461169000000001,0.36986300999999999,0.58252870999999995
151671,151671,STAGATE,3,20,0.61033932999999996,0.61290323000000002,0.85225713999999997
151671,151671,STAGATE,4,11,0.64745103000000004,0.63934426,0.90482121999999998
151671,151671,STAGATE,4,13,0.65543439000000003,0.69491524999999998,0.91912802000000005
151671,151671,STAGATE,4,17,0.64512895999999997,0.66666667000000002,0.86702195999999998
151671,151671,STAGATE,4,19,0.54630584000000004,0.53846154000000002,0.68069089999999999
151671,151671,STAGATE,4,20,0.65629037999999995,0.66666667000000002,0.89618268999999995
151671,151671,STAGATE,5,6,0.67817358999999999,0.66666667000000002,0.87864496000000003
151671,151671,STAGATE,5,9,0.78004629999999997,0.78571429000000004,0.91532097999999995
151671,151671,STAGATE,5,10,0.72002301000000002,0.63934426,0.85225812000000001
151671,151671,STAGATE,5,12,0.70613758000000004,0.63934426,0.82924061999999998
151671,151671,STAGATE,5,15,0.68817881999999997,0.61290323000000002,0.83457926999999998
151671,151671,STAGATE,5,16,0.77876129000000005,0.75438596000000002,0.92444442999999998
151671,151671,STAGATE,5,18,0.66323516000000005,0.63934426,0.86321835000000002
151671,151671,STAGATE,6,9,0.68263028000000003,0.63934426,0.86584223999999999
151671,151671,STAGATE,6,16,0.68741421000000003,0.66666667000000002,0.88229943
151671,151671,STAGATE,7,8,0.72623139999999997,0.69491524999999998,0.85487937999999997
151671,151671,STAGATE,7,10,0.70461238999999998,0.72413793000000004,0.86130167999999996
151671,151671,STAGATE,7,11,0.73370278,0.72413793000000004,0.91611312
151671,151671,STAGATE,7,12,0.71593571,0.72413793000000004,0.86900761999999998
151671,151671,STAGATE,7,13,0.71292359000000005,0.72413793000000004,0.92305793000000003
151671,151671,STAGATE,7,15,0.69881481000000001,0.69491524999999998,0.87320180000000003
151671,151671,STAGATE,7,16,0.75731727000000004,0.78571429000000004,0.92161086999999997
151671,151671,STAGATE,7,18,0.65739957000000004,0.58730159000000004,0.82666207000000003
151671,151671,STAGATE,8,10,0.74039913999999996,0.69491524999999998,0.89176010000000006
151671,151671,STAGATE,8,11,0.74886604999999995,0.72413793000000004,0.90269977999999995
151671,151671,STAGATE,8,12,0.72743915000000003,0.69491524999999998,0.88043139000000004
151671,151671,STAGATE,8,13,0.73000083000000004,0.72413793000000004,0.88733888000000005
151671,151671,STAGATE,8,15,0.75397384000000001,0.75438596000000002,0.88831837999999996
151671,151671,STAGATE,8,18,0.74371505999999998,0.58730159000000004,0.81209675000000003
151671,151671,STAGATE,9,16,0.76035967999999998,0.75438596000000002,0.92549535000000005
151671,151671,STAGATE,10,11,0.74997502000000005,0.78571429000000004,0.90314932999999997
151671,151671,STAGATE,10,12,0.72781003,0.78571429000000004,0.90533089
151671,151671,STAGATE,10,15,0.73207359000000005,0.75438596000000002,0.89448547
151671,151671,STAGATE,10,16,0.69615623000000004,0.69491524999999998,0.87688063000000005
151671,151671,STAGATE,10,18,0.70156658000000005,0.63934426,0.84541584000000003
151671,151671,STAGATE,11,12,0.72098580000000001,0.75438596000000002,0.90051166999999999
151671,151671,STAGATE,11,13,0.77774776999999995,0.81818181999999995,0.94365173000000002
151671,151671,STAGATE,11,15,0.73955678999999996,0.75438596000000002,0.90789427
151671,151671,STAGATE,11,18,0.68869579999999997,0.63934426,0.87941519000000001
151671,151671,STAGATE,12,13,0.70610952999999999,0.72413793000000004,0.90161460999999998
151671,151671,STAGATE,12,15,0.69299765000000002,0.72413793000000004,0.92167862
151671,151671,STAGATE,12,16,0.71639092999999998,0.66666667000000002,0.87063131000000005
151671,151671,STAGATE,12,18,0.71096196,0.63934426,0.86766217999999995
151671,151671,STAGATE,14,17,0.64313633000000003,0.53846154000000002,0.88291229999999998
151671,151671,STAGATE,14,19,0.73094592999999997,0.69491524999999998,0.90267275999999996
151671,151671,STAGATE,14,20,0.59602564000000002,0.58730159000000004,0.81811973999999998
151671,151671,STAGATE,15,16,0.65474191000000004,0.63934426,0.87591927000000003
151671,151671,STAGATE,15,18,0.68166322999999995,0.58730159000000004,0.86925196999999998
151671,151671,STAGATE,16,18,0.66721026999999999,0.58730159000000004,0.84130225000000003
151671,151671,STAGATE,17,19,0.61101603999999998,0.58730159000000004,0.91669807999999997
151671,151671,STAGATE,17,20,0.60806572000000003,0.47058823999999999,0.82124786000000005
151671,151671,STAGATE,19,20,0.62298257000000001,0.63934426,0.79604059999999999
151671,151671,SpaGCN,1,3,0.54256996999999996,0.61290323000000002,0.90266204999999999
151671,151671,SpaGCN,1,4,0.46344647999999999,0.53846154000000002,0.88422201
151671,151671,SpaGCN,1,6,0.38206245,0.42857142999999998,0.74582751999999997
151671,151671,SpaGCN,1,7,0.41338933,0.36986300999999999,0.85419034999999999
151671,151671,SpaGCN,1,8,0.41443781000000002,0.49253731000000001,0.77046292000000005
151671,151671,SpaGCN,1,9,0.50663807000000005,0.47058823999999999,0.83258624999999997
151671,151671,SpaGCN,1,11,0.33160053,0.4084507,0.66488391000000002
151671,151671,SpaGCN,1,13,0.63624177000000004,0.69491524999999998,0.91891626000000004
151671,151671,SpaGCN,1,16,0.56307664000000002,0.5625,0.87829442000000002
151671,151671,SpaGCN,1,18,0.49867092000000002,0.5625,0.87456610999999995
151671,151671,SpaGCN,1,20,0.56282838999999996,0.66666667000000002,0.88812287999999995
151671,151671,SpaGCN,2,10,0.33173651999999998,0.35135135000000001,0.38077256999999998
151671,151671,SpaGCN,2,17,0.36993298000000002,0.36986300999999999,0.38102595
151671,151671,SpaGCN,2,19,0.33846489000000002,0.33333332999999998,0.43642433000000003
151671,151671,SpaGCN,3,4,0.47061592000000002,0.53846154000000002,0.87614707999999997
151671,151671,SpaGCN,3,6,0.50535929999999996,0.51515151999999997,0.79192558000000002
151671,151671,SpaGCN,3,7,0.45458683,0.38888888999999999,0.88444137
151671,151671,SpaGCN,3,8,0.48907273000000001,0.51515151999999997,0.81097832000000003
151671,151671,SpaGCN,3,9,0.52611951999999995,0.58730159000000004,0.84621237000000005
151671,151671,SpaGCN,3,11,0.4131862,0.44927536000000001,0.66662270999999995
151671,151671,SpaGCN,3,13,0.54679215000000003,0.61290323000000002,0.91609337000000002
151671,151671,SpaGCN,3,16,0.61212100999999997,0.66666667000000002,0.89207506999999997
151671,151671,SpaGCN,3,18,0.47854165999999998,0.58730159000000004,0.90662754000000001
151671,151671,SpaGCN,3,20,0.57961536000000002,0.58730159000000004,0.90154628000000003
151671,151671,SpaGCN,4,6,0.53308990000000001,0.5625,0.74451016000000003
151671,151671,SpaGCN,4,8,0.50017727999999995,0.49253731000000001,0.78415981999999995
151671,151671,SpaGCN,4,9,0.51024804000000001,0.53846154000000002,0.82644255
151671,151671,SpaGCN,4,11,0.38787762999999997,0.42857142999999998,0.72306559999999998
151671,151671,SpaGCN,4,14,0.52611485999999996,0.61290323000000002,0.88244047000000003
151671,151671,SpaGCN,4,16,0.50532695999999999,0.5625,0.83276740000000005
151671,151671,SpaGCN,4,20,0.51378977999999997,0.58730159000000004,0.87641749000000002
151671,151671,SpaGCN,5,14,0.58121009000000001,0.66666667000000002,0.91018370000000004
151671,151671,SpaGCN,6,8,0.62291129000000001,0.51515151999999997,0.89366413
151671,151671,SpaGCN,6,9,0.47431915000000002,0.51515151999999997,0.86806709999999998
151671,151671,SpaGCN,6,11,0.45515618000000002,0.36986300999999999,0.70378890000000005
151671,151671,SpaGCN,6,14,0.51543713999999996,0.5625,0.73690668000000004
151671,151671,SpaGCN,6,16,0.48520287000000001,0.49253731000000001,0.85324949000000005
151671,151671,SpaGCN,6,20,0.48120015999999999,0.51515151999999997,0.77065521000000003
151671,151671,SpaGCN,7,8,0.37038558999999999,0.33333332999999998,0.71380138999999998
151671,151671,SpaGCN,7,9,0.40477476000000001,0.38888888999999999,0.77816253000000002
151671,151671,SpaGCN,7,11,0.37854915,0.31578947000000002,0.67779352999999998
151671,151671,SpaGCN,7,13,0.38359938999999998,0.38888888999999999,0.83829613999999997
151671,151671,SpaGCN,7,16,0.42135125000000001,0.44927536000000001,0.83162415999999995
151671,151671,SpaGCN,7,18,0.43682892000000001,0.36986300999999999,0.86603047
151671,151671,SpaGCN,7,19,0.44080659,0.42857142999999998,0.89031134999999995
151671,151671,SpaGCN,7,20,0.41049669,0.42857142999999998,0.84574808000000001
151671,151671,SpaGCN,8,9,0.47217736999999999,0.53846154000000002,0.87182311000000001
151671,151671,SpaGCN,8,11,0.46428603000000002,0.44927536000000001,0.73403837000000005
151671,151671,SpaGCN,8,13,0.43600531999999997,0.49253731000000001,0.85746133999999996
151671,151671,SpaGCN,8,16,0.47894653999999998,0.5625,0.85510940000000002
151671,151671,SpaGCN,8,18,0.40965179000000002,0.51515151999999997,0.80798163999999995
151671,151671,SpaGCN,8,20,0.45791026000000001,0.49253731000000001,0.78923551999999997
151671,151671,SpaGCN,9,11,0.36230921999999999,0.33333332999999998,0.67611840000000001
151671,151671,SpaGCN,9,16,0.61894252000000005,0.63934426,0.91818871999999996
151671,151671,SpaGCN,9,20,0.51370492999999995,0.49253731000000001,0.80900358000000006
151671,151671,SpaGCN,10,13,0.44958018999999999,0.53846154000000002,0.80473773999999998
151671,151671,SpaGCN,10,17,0.49904987000000001,0.53846154000000002,0.83750212999999996
151671,151671,SpaGCN,10,18,0.41960507000000002,0.49253731000000001,0.77312002000000002
151671,151671,SpaGCN,10,19,0.41264899999999999,0.49253731000000001,0.69330554
151671,151671,SpaGCN,11,13,0.34557051999999999,0.42857142999999998,0.67468815999999998
151671,151671,SpaGCN,11,16,0.37640730999999999,0.4084507,0.68802655000000001
151671,151671,SpaGCN,11,18,0.32448879000000003,0.33333332999999998,0.65374239999999995
151671,151671,SpaGCN,11,20,0.38052912999999999,0.47058823999999999,0.67588117999999997
151671,151671,SpaGCN,12,15,0.54238867999999996,0.58730159000000004,0.91831916000000002
151671,151671,SpaGCN,13,16,0.60051217000000001,0.69491524999999998,0.91450103000000005
151671,151671,SpaGCN,13,18,0.49862724000000003,0.61290323000000002,0.88710407999999996
151671,151671,SpaGCN,13,19,0.49987854999999998,0.51515151999999997,0.84483353999999999
151671,151671,SpaGCN,13,20,0.58257839,0.63934426,0.89990879000000001
151671,151671,SpaGCN,16,18,0.55154497999999996,0.66666667000000002,0.90839641000000004
151671,151671,SpaGCN,16,20,0.53512203000000003,0.58730159000000004,0.83310033999999999
151671,151671,SpaGCN,17,19,0.49076023000000002,0.53846154000000002,0.77880846999999997
151671,151671,SpaGCN,18,19,0.43985878,0.51515151999999997,0.85668456000000004
151671,151671,SpaGCN,18,20,0.45704004999999998,0.49253731000000001,0.84426173000000004
151671,151671,BANKSY,1,2,0.97149419000000004,0.88679244999999995,0.98627465999999997
151671,151671,BANKSY,1,3,0.96395417999999999,0.88679244999999995,0.98790328999999999
151671,151671,BANKSY,1,4,0.91952736999999996,0.85185184999999997,0.97195902999999995
151671,151671,BANKSY,1,5,0.88639228999999997,0.78571429000000004,0.94822209000000002
151671,151671,BANKSY,1,6,0.94867541,0.85185184999999997,0.97746968000000001
151671,151671,BANKSY,1,7,0.93455102000000001,0.85185184999999997,0.97504670000000004
151671,151671,BANKSY,1,8,0.91581805999999999,0.81818181999999995,0.96131332000000003
151671,151671,BANKSY,1,10,0.87835863999999997,0.75438596000000002,0.84753643999999995
151671,151671,BANKSY,1,11,0.89049148,0.78571429000000004,0.95983430999999997
151671,151671,BANKSY,1,12,0.93883404000000004,0.85185184999999997,0.97665212999999995
151671,151671,BANKSY,1,13,0.97776609000000003,0.96078430999999997,0.99417851000000002
151671,151671,BANKSY,1,14,0.88964502999999995,0.78571429000000004,0.94822209000000002
151671,151671,BANKSY,1,16,0.63327520999999998,0.72413793000000004,0.96401071999999999
151671,151671,BANKSY,1,17,0.95055719000000005,0.92307691999999997,0.98341774000000004
151671,151671,BANKSY,1,19,0.89282552999999998,0.78571429000000004,0.94206687
151671,151671,BANKSY,1,20,0.8903721,0.78571429000000004,0.92872933000000002
151671,151671,BANKSY,2,3,0.95772590999999996,0.92307691999999997,0.98042136000000002
151671,151671,BANKSY,2,4,0.91424181000000004,0.81818181999999995,0.96947863000000001
151671,151671,BANKSY,2,5,0.87305628000000002,0.78571429000000004,0.95425265000000004
151671,151671,BANKSY,2,6,0.94585395999999999,0.85185184999999997,0.98385195000000003
151671,151671,BANKSY,2,7,0.93607574999999998,0.85185184999999997,0.97164994999999998
151671,151671,BANKSY,2,8,0.91154416999999999,0.81818181999999995,0.95813603000000003
151671,151671,BANKSY,2,10,0.86825547999999997,0.75438596000000002,0.82871243999999999
151671,151671,BANKSY,2,11,0.87827124999999995,0.78571429000000004,0.95482350000000005
151671,151671,BANKSY,2,12,0.94035420000000003,0.85185184999999997,0.97371169000000002
151671,151671,BANKSY,2,13,0.95587436999999997,0.88679244999999995,0.98233360000000003
151671,151671,BANKSY,2,14,0.87742728000000003,0.78571429000000004,0.95425265000000004
151671,151671,BANKSY,2,16,0.62232765999999995,0.75438596000000002,0.96390456000000002
151671,151671,BANKSY,2,17,0.94316500999999997,0.85185184999999997,0.98289526000000005
151671,151671,BANKSY,2,19,0.87905617000000003,0.81818181999999995,0.95090216999999999
151671,151671,BANKSY,2,20,0.87641391000000002,0.75438596000000002,0.91097205999999997
151671,151671,BANKSY,3,4,0.92296924999999996,0.81818181999999995,0.96638652999999997
151671,151671,BANKSY,3,5,0.87748809000000005,0.72413793000000004,0.92454340999999995
151671,151671,BANKSY,3,6,0.96033922999999999,0.85185184999999997,0.97399851999999998
151671,151671,BANKSY,3,7,0.93591851999999998,0.81818181999999995,0.97274934999999996
151671,151671,BANKSY,3,8,0.93130975000000005,0.81818181999999995,0.96467267000000001
151671,151671,BANKSY,3,10,0.87743824999999998,0.78571429000000004,0.78186321000000003
151671,151671,BANKSY,3,11,0.88264659000000001,0.75438596000000002,0.92381387000000004
151671,151671,BANKSY,3,12,0.94021834000000004,0.81818181999999995,0.97406919999999997
151671,151671,BANKSY,3,13,0.96526193000000005,0.92307691999999997,0.98970561000000001
151671,151671,BANKSY,3,14,0.88185553999999999,0.75438596000000002,0.92381387000000004
151671,151671,BANKSY,3,16,0.61571861999999999,0.5625,0.83580091999999995
151671,151671,BANKSY,3,17,0.95590006999999999,0.88679244999999995,0.97871527000000003
151671,151671,BANKSY,3,19,0.88391969999999997,0.78571429000000004,0.92381387000000004
151671,151671,BANKSY,3,20,0.88014088999999995,0.75438596000000002,0.91887916000000003
151671,151671,BANKSY,4,5,0.90756877000000002,0.81818181999999995,0.92872785999999996
151671,151671,BANKSY,4,6,0.92754696999999997,0.81818181999999995,0.96842554000000003
151671,151671,BANKSY,4,7,0.90660653999999996,0.75438596000000002,0.95595101000000005
151671,151671,BANKSY,4,8,0.90765216999999998,0.78571429000000004,0.9537331
151671,151671,BANKSY,4,11,0.91299355000000004,0.81818181999999995,0.92895411000000006
151671,151671,BANKSY,4,12,0.90698767999999996,0.78571429000000004,0.95740060000000005
151671,151671,BANKSY,4,13,0.92612070000000002,0.81818181999999995,0.97458117
151671,151671,BANKSY,4,14,0.91103202000000005,0.81818181999999995,0.92895411000000006
151671,151671,BANKSY,4,16,0.63057026000000005,0.5625,0.87421415999999996
151671,151671,BANKSY,4,17,0.94587505000000005,0.85185184999999997,0.97741504999999995
151671,151671,BANKSY,4,19,0.91445145000000005,0.85185184999999997,0.92895411000000006
151671,151671,BANKSY,4,20,0.91749221000000003,0.85185184999999997,0.91594388999999998
151671,151671,BANKSY,5,6,0.87041477,0.75438596000000002,0.90872903999999999
151671,151671,BANKSY,5,7,0.85342123000000003,0.72413793000000004,0.91419572000000004
151671,151671,BANKSY,5,8,0.85611941999999996,0.75438596000000002,0.89478325999999997
151671,151671,BANKSY,5,11,0.98914921,0.96078430999999997,0.99775338999999996
151671,151671,BANKSY,5,12,0.85497902000000003,0.75438596000000002,0.91419572000000004
151671,151671,BANKSY,5,13,0.89182251000000001,0.75438596000000002,0.91781573999999999
151671,151671,BANKSY,5,14,0.98967216000000002,0.96078430999999997,0.99951628999999997
151671,151671,BANKSY,5,16,0.65423573999999995,0.72413793000000004,0.94349722000000003
151671,151671,BANKSY,5,17,0.89791949000000004,0.75438596000000002,0.91707678999999998
151671,151671,BANKSY,5,19,0.98892287999999995,0.92307691999999997,0.99763911999999999
151671,151671,BANKSY,5,20,0.94799202999999999,0.88679244999999995,0.98028017999999995
151671,151671,BANKSY,6,7,0.93911129000000004,0.88679244999999995,0.97585809999999995
151671,151671,BANKSY,6,8,0.94452572000000001,0.88679244999999995,0.98248183
151671,151671,BANKSY,6,10,0.87335057999999999,0.75438596000000002,0.92016030999999998
151671,151671,BANKSY,6,11,0.87563033999999995,0.78571429000000004,0.90916885000000003
151671,151671,BANKSY,6,12,0.93971585000000002,0.88679244999999995,0.97569629999999996
151671,151671,BANKSY,6,13,0.95076344000000002,0.85185184999999997,0.98330426999999998
151671,151671,BANKSY,6,14,0.87481911999999995,0.75438596000000002,0.90872903999999999
151671,151671,BANKSY,6,16,0.61427379999999998,0.5625,0.87920076999999996
151671,151671,BANKSY,6,17,0.95651554999999999,0.92307691999999997,0.99210960000000004
151671,151671,BANKSY,6,19,0.87680866000000002,0.78571429000000004,0.90667958999999998
151671,151671,BANKSY,6,20,0.87956042999999995,0.78571429000000004,0.94085596999999999
151671,151671,BANKSY,7,8,0.90885258000000002,0.85185184999999997,0.95357082000000004
151671,151671,BANKSY,7,10,0.86327434999999997,0.72413793000000004,0.82624993999999996
151671,151671,BANKSY,7,11,0.85971759999999997,0.75438596000000002,0.91502826999999998
151671,151671,BANKSY,7,12,0.99555433000000004,1,0.99957461999999997
151671,151671,BANKSY,7,13,0.93765725,0.81818181999999995,0.97406610999999999
151671,151671,BANKSY,7,14,0.85767749000000004,0.72413793000000004,0.91419572000000004
151671,151671,BANKSY,7,16,0.62280415,0.49253731000000001,0.81288715
151671,151671,BANKSY,7,17,0.93353724999999999,0.81818181999999995,0.97311597999999999
151671,151671,BANKSY,7,19,0.86086693999999997,0.75438596000000002,0.91268300000000002
151671,151671,BANKSY,7,20,0.86912727999999995,0.78571429000000004,0.87529361999999999
151671,151671,BANKSY,8,10,0.87185981000000001,0.78571429000000004,0.90781087999999999
151671,151671,BANKSY,8,11,0.86082042000000003,0.78571429000000004,0.89544217999999998
151671,151671,BANKSY,8,12,0.90944636000000001,0.85185184999999997,0.95315057999999997
151671,151671,BANKSY,8,13,0.92478875999999999,0.85185184999999997,0.96435490000000001
151671,151671,BANKSY,8,14,0.86000776999999995,0.75438596000000002,0.89592987999999996
151671,151671,BANKSY,8,16,0.60280250999999996,0.53846154000000002,0.76359301999999996
151671,151671,BANKSY,8,17,0.92296135999999995,0.81818181999999995,0.96003068000000003
151671,151671,BANKSY,8,19,0.86087968000000004,0.81818181999999995,0.89621614999999999
151671,151671,BANKSY,8,20,0.86044374000000001,0.75438596000000002,0.89199242999999995
151671,151671,BANKSY,9,15,0.90141804999999997,0.61290323000000002,0.91344051000000004
151671,151671,BANKSY,10,12,0.86366229999999999,0.75438596000000002,0.82624993999999996
151671,151671,BANKSY,10,13,0.88237045000000003,0.75438596000000002,0.84021341999999999
151671,151671,BANKSY,10,16,0.63112588999999997,0.42857142999999998,0.76451544999999999
151671,151671,BANKSY,10,17,0.88735905000000004,0.81818181999999995,0.98212200999999999
151671,151671,BANKSY,10,18,0.89366840000000003,0.75438596000000002,0.92577964000000001
151671,151671,BANKSY,10,19,0.89735376,0.85185184999999997,0.86799852
151671,151671,BANKSY,11,12,0.86129348999999999,0.78571429000000004,0.91502826999999998
151671,151671,BANKSY,11,13,0.89717351999999995,0.75438596000000002,0.92534643000000005
151671,151671,BANKSY,11,14,0.99660192999999997,1,0.99926035000000002
151671,151671,BANKSY,11,16,0.65319565000000002,0.72413793000000004,0.94441198000000004
151671,151671,BANKSY,11,17,0.90344451000000003,0.78571429000000004,0.91776095000000002
151671,151671,BANKSY,11,19,0.99550912999999996,0.96078430999999997,0.99912842000000002
151671,151671,BANKSY,11,20,0.94769161999999996,0.88679244999999995,0.98020253000000002
151671,151671,BANKSY,12,13,0.94065206999999995,0.81818181999999995,0.97572681000000006
151671,151671,BANKSY,12,14,0.85925682000000003,0.75438596000000002,0.91419572000000004
151671,151671,BANKSY,12,16,0.62203154999999999,0.49253731000000001,0.81288715
151671,151671,BANKSY,12,17,0.93780101000000005,0.81818181999999995,0.97320810999999996
151671,151671,BANKSY,12,19,0.86244874000000005,0.78571429000000004,0.91268300000000002
151671,151671,BANKSY,12,20,0.86820134999999998,0.78571429000000004,0.87812354000000004
151671,151671,BANKSY,13,14,0.89510365999999997,0.78571429000000004,0.91781573999999999
151671,151671,BANKSY,13,16,0.62935945999999998,0.69491524999999998,0.92492004000000005
151671,151671,BANKSY,13,17,0.95889522000000005,0.88679244999999995,0.98589590000000005
151671,151671,BANKSY,13,19,0.89830111999999995,0.78571429000000004,0.91131593
151671,151671,BANKSY,13,20,0.90229062000000004,0.81818181999999995,0.95094062000000001
151671,151671,BANKSY,14,16,0.65308597999999995,0.72413793000000004,0.94349722000000003
151671,151671,BANKSY,14,17,0.90139879999999994,0.75438596000000002,0.91707678999999998
151671,151671,BANKSY,14,19,0.99480113999999997,0.96078430999999997,0.99892820000000004
151671,151671,BANKSY,14,20,0.94594345000000002,0.88679244999999995,0.98020328000000001
151671,151671,BANKSY,16,17,0.61935971999999995,0.51515151999999997,0.84125101999999996
151671,151671,BANKSY,16,19,0.65296962000000003,0.69491524999999998,0.92654656000000002
151671,151671,BANKSY,16,20,0.67477211999999998,0.69491524999999998,0.92047745999999997
151671,151671,BANKSY,17,19,0.90466236,0.78571429000000004,0.91538392000000002
151671,151671,BANKSY,17,20,0.89909817000000003,0.78571429000000004,0.93378609000000001
151671,151671,BANKSY,19,20,0.94771349999999999,0.88679244999999995,0.98090274
151671,151671,SEDR,1,4,0.79323766289999986,0.66666666669999985,0.90723111320000005
151671,151671,SEDR,1,5,0.87338702999999995,0.75438596489999987,0.95204450039999999
151671,151671,SEDR,1,9,0.69193320879999987,0.81818181820000002,0.90147769349999995
151671,151671,SEDR,1,16,0.73613689920000003,0.63934426229999985,0.88153932550000003
151671,151671,SEDR,2,3,0.54487554739999988,0.5384615385,0.68842932850000005
151671,151671,SEDR,2,14,0.4948273748,0.51515151520000002,0.75716299080000005
151671,151671,SEDR,3,14,0.73338718110000001,0.6949152542,0.92072089300000004
151671,151671,SEDR,4,5,0.76366958019999986,0.72413793100000001,0.90466053560000004
151671,151671,SEDR,4,8,0.72058935099999988,0.72413793100000001,0.91855095980000001
151671,151671,SEDR,4,9,0.73324667359999995,0.72413793100000001,0.90608706510000003
151671,151671,SEDR,4,16,0.72678077399999985,0.72413793100000001,0.89990169149999988
151671,151671,SEDR,5,9,0.6771771955,0.63934426229999985,0.87151768259999995
151671,151671,SEDR,5,16,0.75541884150000005,0.85185185190000001,0.92824210760000003
151671,151671,SEDR,6,15,0.66989983529999986,0.72413793100000001,0.86998823489999988
151671,151671,SEDR,6,17,0.80430742180000003,0.61290322580000001,0.90801300399999996
151671,151671,SEDR,6,18,0.6716601754,0.72413793100000001,0.88612134419999988
151671,151671,SEDR,7,10,0.61350679100000005,0.61290322580000001,0.81766203969999995
151671,151671,SEDR,7,11,0.61394969759999996,0.61290322580000001,0.8686049321
151671,151671,SEDR,7,12,0.60426605259999988,0.66666666669999985,0.81127124039999987
151671,151671,SEDR,7,13,0.6630144992,0.63934426229999985,0.88314658879999985
151671,151671,SEDR,7,19,0.6040853196,0.61290322580000001,0.82078389249999995
151671,151671,SEDR,7,20,0.64773488189999995,0.61290322580000001,0.90587843749999997
151671,151671,SEDR,8,16,0.83986632920000004,0.85185185190000001,0.95098745139999996
151671,151671,SEDR,9,16,0.72084922360000003,0.6949152542,0.89894757410000004
151671,151671,SEDR,10,11,0.60961621259999987,0.63934426229999985,0.81741290499999986
151671,151671,SEDR,10,12,0.60137120799999988,0.6949152542,0.82271058159999988
151671,151671,SEDR,10,13,0.69860086860000004,0.6949152542,0.90795740619999998
151671,151671,SEDR,10,19,0.863552549,0.78571428570000001,0.96342246259999997
151671,151671,SEDR,10,20,0.70905530939999994,0.75438596489999987,0.88736685420000005
151671,151671,SEDR,11,13,0.67157587559999987,0.72413793100000001,0.92835606719999997
151671,151671,SEDR,11,15,0.61188043219999988,0.72413793100000001,0.86965272199999988
151671,151671,SEDR,11,20,0.63527982999999988,0.6949152542,0.88798295599999988
151671,151671,SEDR,12,19,0.59121424769999986,0.63934426229999985,0.80216918780000002
151671,151671,SEDR,13,15,0.81467897730000005,0.78571428570000001,0.92956977659999995
151671,151671,SEDR,13,17,0.6243606572,0.66666666669999985,0.82849527290000002
151671,151671,SEDR,13,18,0.82738620949999986,0.85185185190000001,0.96499919830000003
151671,151671,SEDR,13,20,0.64687529430000001,0.66666666669999985,0.84449179119999995
151671,151671,SEDR,15,17,0.58883685819999987,0.5384615385,0.86481877480000002
151671,151671,SEDR,15,18,0.84926814530000005,0.85185185190000001,0.96265901720000002
151671,151671,SEDR,15,20,0.58871205510000002,0.63934426229999985,0.81244740449999986
151671,151671,SEDR,17,18,0.56551692730000003,0.51515151520000002,0.82310645630000001
151671,151671,SEDR,17,20,0.84468079910000005,0.75438596489999987,0.9592473279
151671,151671,SEDR,18,20,0.58693799540000002,0.61290322580000001,0.82665298519999986
151672,151672,GraphST,1,3,0.54079407000000002,0.58730159000000004,0.80754623999999997
151672,151672,GraphST,1,4,0.48673546000000001,0.61290323000000002,0.83169514
151672,151672,GraphST,1,7,0.51742840000000001,0.61290323000000002,0.82940563
151672,151672,GraphST,1,9,0.51949774000000004,0.63934426,0.85363999000000002
151672,151672,GraphST,1,12,0.52128781999999996,0.49253731000000001,0.76465735000000001
151672,151672,GraphST,1,13,0.47871930000000001,0.53846154000000002,0.75978243000000001
151672,151672,GraphST,1,18,0.49758163,0.61290323000000002,0.86345013000000004
151672,151672,GraphST,1,19,0.51105392000000005,0.49253731000000001,0.82168231999999997
151672,151672,GraphST,3,4,0.42296120999999998,0.47058823999999999,0.73898012999999996
151672,151672,GraphST,3,8,0.48829968000000001,0.53846154000000002,0.84635139999999998
151672,151672,GraphST,3,9,0.44133344000000002,0.47058823999999999,0.77452664999999998
151672,151672,GraphST,3,12,0.46526954999999998,0.58730159000000004,0.78497978000000002
151672,151672,GraphST,3,13,0.48530089999999998,0.51515151999999997,0.82022432000000001
151672,151672,GraphST,3,17,0.45752689000000002,0.5625,0.79296926000000001
151672,151672,GraphST,3,18,0.42937093999999998,0.49253731000000001,0.72709840999999997
151672,151672,GraphST,3,19,0.54581161,0.44927536000000001,0.74440561999999999
151672,151672,GraphST,4,6,0.44052801000000003,0.44927536000000001,0.76214671000000001
151672,151672,GraphST,4,8,0.49549504,0.49253731000000001,0.75110325
151672,151672,GraphST,4,9,0.48817052999999999,0.53846154000000002,0.84253666999999999
151672,151672,GraphST,4,12,0.49334347000000001,0.58730159000000004,0.84097425999999997
151672,151672,GraphST,4,13,0.42821297000000003,0.5625,0.77511375000000005
151672,151672,GraphST,4,15,0.42880833000000002,0.44927536000000001,0.72473312000000001
151672,151672,GraphST,4,17,0.48602092000000002,0.63934426,0.84774353999999996
151672,151672,GraphST,4,18,0.50333547999999995,0.69491524999999998,0.85736933999999998
151672,151672,GraphST,4,19,0.41773180999999998,0.53846154000000002,0.75130965999999999
151672,151672,GraphST,5,10,0.53307044999999997,0.5625,0.82449450999999996
151672,151672,GraphST,5,11,0.42089208,0.47058823999999999,0.73295363999999996
151672,151672,GraphST,5,14,0.48014130999999999,0.53846154000000002,0.79099346000000004
151672,151672,GraphST,5,20,0.50175214000000001,0.4084507,0.73640978999999995
151672,151672,GraphST,6,8,0.48466681,0.36986300999999999,0.74505383999999997
151672,151672,GraphST,6,9,0.44422541999999998,0.58730159000000004,0.75968811000000003
151672,151672,GraphST,6,14,0.49571348999999998,0.51515151999999997,0.79476747000000003
151672,151672,GraphST,6,15,0.55170598000000004,0.49253731000000001,0.76552120999999995
151672,151672,GraphST,6,17,0.46089303999999998,0.61290323000000002,0.82188879999999997
151672,151672,GraphST,6,18,0.43581883999999999,0.42857142999999998,0.76850490000000005
151672,151672,GraphST,6,19,0.57121314000000001,0.5625,0.74313501999999998
151672,151672,GraphST,6,20,0.50245028000000003,0.58730159000000004,0.83566202000000001
151672,151672,GraphST,7,12,0.4580032,0.5625,0.78961283000000004
151672,151672,GraphST,7,13,0.47154059999999998,0.47058823999999999,0.83471616000000004
151672,151672,GraphST,8,9,0.49312208000000002,0.42857142999999998,0.73658900999999999
151672,151672,GraphST,8,14,0.47928880000000001,0.51515151999999997,0.78021306000000001
151672,151672,GraphST,8,15,0.46970348000000001,0.53846154000000002,0.81151077000000005
151672,151672,GraphST,8,17,0.51535191000000002,0.51515151999999997,0.74160711000000001
151672,151672,GraphST,8,18,0.49058484000000002,0.5625,0.77217416999999999
151672,151672,GraphST,8,19,0.43913574999999999,0.4084507,0.70271475000000005
151672,151672,GraphST,8,20,0.44954318999999998,0.36986300999999999,0.74005584000000002
151672,151672,GraphST,9,12,0.49846216999999998,0.47058823999999999,0.72194402999999996
151672,151672,GraphST,9,13,0.43514568999999997,0.49253731000000001,0.75903794999999996
151672,151672,GraphST,9,15,0.43463939000000001,0.51515151999999997,0.72706446000000002
151672,151672,GraphST,9,17,0.49536394,0.66666667000000002,0.86465890000000001
151672,151672,GraphST,9,18,0.50460092999999995,0.5625,0.85576772999999995
151672,151672,GraphST,9,19,0.44373305000000002,0.5625,0.72633711999999995
151672,151672,GraphST,10,11,0.43755124000000001,0.51515151999999997,0.75293847999999997
151672,151672,GraphST,10,14,0.51416664999999995,0.5625,0.84892922000000004
151672,151672,GraphST,10,20,0.51538572999999999,0.53846154000000002,0.77936863000000001
151672,151672,GraphST,11,14,0.42389065999999997,0.66666667000000002,0.82476364000000002
151672,151672,GraphST,11,20,0.45982418000000003,0.58730159000000004,0.82659967000000001
151672,151672,GraphST,12,13,0.47485925000000001,0.4084507,0.75403799000000005
151672,151672,GraphST,12,18,0.49082325999999998,0.5625,0.85241316
151672,151672,GraphST,12,19,0.44957751000000001,0.38888888999999999,0.70002702000000006
151672,151672,GraphST,13,18,0.41892173999999999,0.5625,0.76492647000000002
151672,151672,GraphST,13,19,0.51707192000000002,0.53846154000000002,0.76378637999999999
151672,151672,GraphST,14,15,0.52990791000000004,0.58730159000000004,0.86478392999999998
151672,151672,GraphST,14,17,0.46143368000000001,0.63934426,0.84140316999999998
151672,151672,GraphST,14,20,0.47914174999999998,0.51515151999999997,0.82807525000000004
151672,151672,GraphST,15,17,0.44411947000000002,0.53846154000000002,0.78722420000000004
151672,151672,GraphST,15,18,0.41729817000000002,0.51515151999999997,0.74402959999999996
151672,151672,GraphST,15,19,0.55244082999999999,0.5625,0.78224883000000001
151672,151672,GraphST,15,20,0.51512245000000001,0.4084507,0.73966416000000001
151672,151672,GraphST,17,18,0.50052649999999999,0.58730159000000004,0.87229705999999996
151672,151672,GraphST,17,19,0.42977001999999997,0.5625,0.76074370999999996
151672,151672,GraphST,17,20,0.45042262,0.53846154000000002,0.79202592999999999
151672,151672,GraphST,18,19,0.41995310000000002,0.61290323000000002,0.74839904000000002
151672,151672,GraphST,18,20,0.42138989999999998,0.42857142999999998,0.78353444000000005
151672,151672,STAGATE,1,6,0.67290868999999998,0.63934426,0.81497505999999997
151672,151672,STAGATE,1,7,0.65553781,0.63934426,0.81678477000000005
151672,151672,STAGATE,1,8,0.73399457000000001,0.66666667000000002,0.88064575
151672,151672,STAGATE,1,12,0.6567788,0.47058823999999999,0.73175206000000004
151672,151672,STAGATE,1,13,0.76759946000000001,0.69491524999999998,0.89411160000000001
151672,151672,STAGATE,1,14,0.65243326000000001,0.5625,0.77733304000000003
151672,151672,STAGATE,1,15,0.61267850999999995,0.53846154000000002,0.76872010999999996
151672,151672,STAGATE,1,16,0.75177216999999996,0.66666667000000002,0.87961555000000002
151672,151672,STAGATE,1,17,0.78761972999999996,0.72413793000000004,0.91529950999999998
151672,151672,STAGATE,1,18,0.65834568000000004,0.5625,0.78831647000000005
151672,151672,STAGATE,1,20,0.65210999999999997,0.5625,0.78466835000000001
151672,151672,STAGATE,2,3,0.52574507999999998,0.51515151999999997,0.79106266999999997
151672,151672,STAGATE,2,5,0.64789695000000003,0.44927536000000001,0.79863061000000002
151672,151672,STAGATE,2,7,0.64386686000000004,0.42857142999999998,0.60692288999999999
151672,151672,STAGATE,2,9,0.67104005,0.58730159000000004,0.87359838000000001
151672,151672,STAGATE,2,10,0.61568034999999999,0.42857142999999998,0.81566090000000002
151672,151672,STAGATE,2,11,0.68015309999999995,0.63934426,0.78431099000000004
151672,151672,STAGATE,2,13,0.64014683999999999,0.42857142999999998,0.79399474000000003
151672,151672,STAGATE,2,14,0.61922639999999995,0.44927536000000001,0.80349018999999999
151672,151672,STAGATE,2,15,0.62375943,0.58730159000000004,0.79345158000000005
151672,151672,STAGATE,2,16,0.65646758999999999,0.42857142999999998,0.63909705000000006
151672,151672,STAGATE,2,17,0.64858740999999998,0.4084507,0.81439757999999995
151672,151672,STAGATE,2,18,0.65240392999999997,0.63934426,0.78807647000000003
151672,151672,STAGATE,2,19,0.61230689000000005,0.53846154000000002,0.76448773000000003
151672,151672,STAGATE,2,20,0.68236383,0.61290323000000002,0.80349729999999997
151672,151672,STAGATE,3,5,0.59118101999999995,0.63934426,0.84564669000000003
151672,151672,STAGATE,3,7,0.49889204999999998,0.63934426,0.81401853999999996
151672,151672,STAGATE,3,9,0.56232009000000005,0.58730159000000004,0.82339344000000003
151672,151672,STAGATE,3,10,0.55826788000000005,0.61290323000000002,0.81976652999999999
151672,151672,STAGATE,3,11,0.62534279000000004,0.61290323000000002,0.90235469999999995
151672,151672,STAGATE,3,13,0.55735590999999995,0.42857142999999998,0.76832948999999995
151672,151672,STAGATE,3,14,0.54722402000000003,0.58730159000000004,0.88117133999999997
151672,151672,STAGATE,3,19,0.66254723999999998,0.75438596000000002,0.92015868000000001
151672,151672,STAGATE,3,20,0.62987994000000003,0.66666667000000002,0.88037524
151672,151672,STAGATE,4,8,0.7012408,0.63934426,0.89659851999999995
151672,151672,STAGATE,4,12,0.64489125000000003,0.66666667000000002,0.90257063999999998
151672,151672,STAGATE,5,9,0.63447176999999999,0.47058823999999999,0.80313383000000005
151672,151672,STAGATE,5,10,0.78914388999999996,0.72413793000000004,0.88933985999999998
151672,151672,STAGATE,5,11,0.71126926999999995,0.69491524999999998,0.88961215000000005
151672,151672,STAGATE,5,13,0.79657347000000001,0.63934426,0.86568385999999997
151672,151672,STAGATE,5,19,0.65718829999999995,0.66666667000000002,0.87194720999999997
151672,151672,STAGATE,6,7,0.72759826999999999,0.72413793000000004,0.88843174999999996
151672,151672,STAGATE,6,8,0.68931567999999999,0.58730159000000004,0.78214198999999995
151672,151672,STAGATE,6,12,0.64712605999999995,0.66666667000000002,0.88393854999999999
151672,151672,STAGATE,6,13,0.68824198999999997,0.63934426,0.82400711000000004
151672,151672,STAGATE,6,14,0.73535052000000001,0.69491524999999998,0.85838095000000003
151672,151672,STAGATE,6,15,0.67187839999999999,0.61290323000000002,0.84298057000000004
151672,151672,STAGATE,6,16,0.67181091000000004,0.61290323000000002,0.81308820999999998
151672,151672,STAGATE,6,17,0.69507540999999995,0.53846154000000002,0.83058401999999998
151672,151672,STAGATE,6,18,0.64872507999999995,0.61290323000000002,0.82461772
151672,151672,STAGATE,6,20,0.68337367000000004,0.61290323000000002,0.83446315999999998
151672,151672,STAGATE,7,8,0.65031083999999995,0.61290323000000002,0.69589104000000002
151672,151672,STAGATE,7,9,0.58796482000000005,0.42857142999999998,0.81705534000000002
151672,151672,STAGATE,7,10,0.68814845999999996,0.72413793000000004,0.84370973999999999
151672,151672,STAGATE,7,11,0.58295498000000001,0.66666667000000002,0.84724962000000004
151672,151672,STAGATE,7,13,0.65382689999999999,0.66666667000000002,0.81115188999999999
151672,151672,STAGATE,7,14,0.67286749000000001,0.66666667000000002,0.79609985000000005
151672,151672,STAGATE,7,15,0.62060159000000004,0.63934426,0.78942212
151672,151672,STAGATE,7,16,0.62670647999999995,0.66666667000000002,0.87377090999999996
151672,151672,STAGATE,7,17,0.66077101000000005,0.63934426,0.81974775
151672,151672,STAGATE,7,18,0.58773178000000004,0.63934426,0.79422561000000003
151672,151672,STAGATE,7,20,0.62477757,0.5625,0.81879736000000003
151672,151672,STAGATE,8,12,0.70051651000000004,0.47058823999999999,0.86427799999999999
151672,151672,STAGATE,8,14,0.70451174999999999,0.61290323000000002,0.87659513
151672,151672,STAGATE,8,15,0.66924340999999998,0.51515151999999997,0.89325557
151672,151672,STAGATE,8,16,0.73194683999999999,0.58730159000000004,0.77309271999999996
151672,151672,STAGATE,8,17,0.74521135999999999,0.66666667000000002,0.88744904999999996
151672,151672,STAGATE,8,18,0.71253754999999996,0.5625,0.92183161999999996
151672,151672,STAGATE,8,20,0.69503548000000004,0.5625,0.85186640999999996
151672,151672,STAGATE,9,10,0.60272289999999995,0.49253731000000001,0.82813486000000003
151672,151672,STAGATE,9,11,0.64101991999999997,0.5625,0.81192025999999995
151672,151672,STAGATE,9,13,0.62682826000000003,0.5625,0.85974941000000005
151672,151672,STAGATE,9,14,0.60507847000000003,0.49253731000000001,0.82934808000000004
151672,151672,STAGATE,9,19,0.62707570999999995,0.5625,0.81018467999999999
151672,151672,STAGATE,9,20,0.63063641999999998,0.5625,0.80773499999999998
151672,151672,STAGATE,10,11,0.67197169999999995,0.69491524999999998,0.87526767000000005
151672,151672,STAGATE,10,13,0.78102952000000003,0.72413793000000004,0.90817656999999996
151672,151672,STAGATE,10,14,0.72547499999999998,0.66666667000000002,0.87458407000000005
151672,151672,STAGATE,10,15,0.65586431000000001,0.66666667000000002,0.92274144999999996
151672,151672,STAGATE,10,16,0.74701740000000005,0.69491524999999998,0.88601487000000001
151672,151672,STAGATE,10,17,0.77538203999999999,0.66666667000000002,0.91691440999999996
151672,151672,STAGATE,10,18,0.66118573000000003,0.69491524999999998,0.90022384
151672,151672,STAGATE,10,19,0.63893871999999996,0.66666667000000002,0.85142202
151672,151672,STAGATE,10,20,0.65180722999999996,0.51515151999999997,0.83410773999999999
151672,151672,STAGATE,11,13,0.69621056999999997,0.49253731000000001,0.73407522999999997
151672,151672,STAGATE,11,14,0.67801270000000002,0.72413793000000004,0.90504854999999995
151672,151672,STAGATE,11,15,0.69252548000000003,0.75438596000000002,0.90089021000000002
151672,151672,STAGATE,11,16,0.67140226000000003,0.61290323000000002,0.79797189000000002
151672,151672,STAGATE,11,17,0.66916966,0.44927536000000001,0.78639846000000002
151672,151672,STAGATE,11,18,0.73406550000000004,0.75438596000000002,0.92391721999999998
151672,151672,STAGATE,11,19,0.69951180000000002,0.69491524999999998,0.92421469000000001
151672,151672,STAGATE,11,20,0.73135810000000001,0.72413793000000004,0.90009519000000004
151672,151672,STAGATE,12,14,0.61743398999999999,0.63934426,0.86983962000000004
151672,151672,STAGATE,12,15,0.71330727999999999,0.72413793000000004,0.88433439000000003
151672,151672,STAGATE,12,16,0.62126484000000004,0.58730159000000004,0.81759336999999999
151672,151672,STAGATE,12,17,0.67552354000000003,0.49253731000000001,0.73880382
151672,151672,STAGATE,12,18,0.72574700000000003,0.69491524999999998,0.90148680999999997
151672,151672,STAGATE,12,20,0.71366633999999995,0.69491524999999998,0.86276843999999997
151672,151672,STAGATE,13,14,0.69080664000000003,0.61290323000000002,0.78241355000000001
151672,151672,STAGATE,13,15,0.62527730000000004,0.47058823999999999,0.73828086000000004
151672,151672,STAGATE,13,16,0.78673998999999994,0.75438596000000002,0.87016846999999997
151672,151672,STAGATE,13,17,0.81383485,0.75438596000000002,0.90600206999999999
151672,151672,STAGATE,13,18,0.66847851000000003,0.51515151999999997,0.7772732
151672,151672,STAGATE,13,19,0.63324579999999997,0.42857142999999998,0.74341564000000004
151672,151672,STAGATE,13,20,0.65478586000000005,0.47058823999999999,0.78017873999999998
151672,151672,STAGATE,14,15,0.67059955999999998,0.61290323000000002,0.89037752000000003
151672,151672,STAGATE,14,16,0.68887852999999999,0.63934426,0.74710997999999995
151672,151672,STAGATE,14,17,0.68339839999999996,0.5625,0.78434048999999995
151672,151672,STAGATE,14,18,0.67124379000000001,0.69491524999999998,0.90996452999999999
151672,151672,STAGATE,14,20,0.65227992999999995,0.63934426,0.89892357000000001
151672,151672,STAGATE,15,16,0.59604937000000002,0.5625,0.65680987999999996
151672,151672,STAGATE,15,17,0.61279587999999996,0.49253731000000001,0.81394281999999996
151672,151672,STAGATE,15,18,0.71341699999999997,0.69491524999999998,0.91498603999999994
151672,151672,STAGATE,15,20,0.73305231999999998,0.75438596000000002,0.90254274999999995
151672,151672,STAGATE,16,17,0.78788475999999996,0.72413793000000004,0.88165190999999998
151672,151672,STAGATE,16,18,0.67176714999999998,0.5625,0.75129067000000005
151672,151672,STAGATE,16,20,0.62769684000000003,0.5625,0.75529352999999999
151672,151672,STAGATE,17,18,0.67433898999999997,0.51515151999999997,0.79852003999999999
151672,151672,STAGATE,17,20,0.66141002000000004,0.49253731000000001,0.79517265999999998
151672,151672,STAGATE,18,20,0.72708430999999996,0.72413793000000004,0.85746469999999997
151672,151672,SpaGCN,1,2,0.43118234999999999,0.53846154000000002,0.75783239000000002
151672,151672,SpaGCN,1,5,0.46624313000000001,0.5625,0.81627375999999996
151672,151672,SpaGCN,1,7,0.48326333999999999,0.44927536000000001,0.81299750000000004
151672,151672,SpaGCN,1,9,0.49020531000000001,0.69491524999999998,0.79179893000000001
151672,151672,SpaGCN,1,11,0.52152876000000004,0.72413793000000004,0.8286154
151672,151672,SpaGCN,1,12,0.50598737999999999,0.58730159000000004,0.82446969000000003
151672,151672,SpaGCN,1,14,0.45740178999999997,0.5625,0.77504348000000001
151672,151672,SpaGCN,1,17,0.40796136,0.47058823999999999,0.77212678000000001
151672,151672,SpaGCN,1,18,0.43355626000000003,0.44927536000000001,0.77070448000000003
151672,151672,SpaGCN,1,20,0.45091021999999997,0.49253731000000001,0.79901120999999997
151672,151672,SpaGCN,2,5,0.52522186000000004,0.69491524999999998,0.77247010000000005
151672,151672,SpaGCN,2,7,0.38925270000000001,0.44927536000000001,0.72431330000000005
151672,151672,SpaGCN,2,11,0.48547567000000003,0.51515151999999997,0.79171126000000003
151672,151672,SpaGCN,2,12,0.4719235,0.66666667000000002,0.78326625999999999
151672,151672,SpaGCN,2,14,0.47606379999999998,0.5625,0.74838861000000001
151672,151672,SpaGCN,2,18,0.51577821999999995,0.58730159000000004,0.80548187000000004
151672,151672,SpaGCN,2,19,0.38082764000000002,0.53846154000000002,0.67254842000000004
151672,151672,SpaGCN,3,8,0.47664064,0.61290323000000002,0.79900031000000005
151672,151672,SpaGCN,3,10,0.31048177999999998,0.49253731000000001,0.68017587000000002
151672,151672,SpaGCN,3,13,0.36569806999999999,0.44927536000000001,0.74383043999999998
151672,151672,SpaGCN,3,16,0.36148359000000002,0.49253731000000001,0.59945108000000003
151672,151672,SpaGCN,4,6,0.34397453,0.38888888999999999,0.77042045999999997
151672,151672,SpaGCN,4,7,0.38355582999999999,0.49253731000000001,0.71484307000000002
151672,151672,SpaGCN,4,8,0.46108911000000002,0.51515151999999997,0.77101622999999997
151672,151672,SpaGCN,4,15,0.41664887,0.61290323000000002,0.75505403999999998
151672,151672,SpaGCN,4,18,0.45948496,0.53846154000000002,0.79509876000000002
151672,151672,SpaGCN,4,19,0.39053862,0.53846154000000002,0.71791391999999998
151672,151672,SpaGCN,5,7,0.42898667000000001,0.53846154000000002,0.77884876000000003
151672,151672,SpaGCN,5,11,0.51674803000000002,0.63934426,0.82149607999999996
151672,151672,SpaGCN,5,12,0.53444504999999998,0.66666667000000002,0.83583805
151672,151672,SpaGCN,5,14,0.49995316000000001,0.5625,0.78661415999999995
151672,151672,SpaGCN,5,18,0.46030281000000001,0.66666667000000002,0.78404609000000003
151672,151672,SpaGCN,5,19,0.45629477000000002,0.61290323000000002,0.80852855000000001
151672,151672,SpaGCN,6,7,0.43380247,0.61290323000000002,0.79514277
151672,151672,SpaGCN,6,8,0.35053053000000001,0.38888888999999999,0.60942436
151672,151672,SpaGCN,6,15,0.30224225999999998,0.4084507,0.67496844
151672,151672,SpaGCN,6,18,0.39513582000000003,0.44927536000000001,0.77688016999999998
151672,151672,SpaGCN,6,19,0.36792999999999998,0.49253731000000001,0.72170533000000003
151672,151672,SpaGCN,7,11,0.42902405999999998,0.44927536000000001,0.79405705000000004
151672,151672,SpaGCN,7,15,0.35254200000000002,0.42857142999999998,0.51975302999999995
151672,151672,SpaGCN,7,18,0.39040103999999998,0.38888888999999999,0.68866684
151672,151672,SpaGCN,7,19,0.39296638,0.51515151999999997,0.67480947000000002
151672,151672,SpaGCN,8,10,0.36575991000000002,0.53846154000000002,0.72455018000000004
151672,151672,SpaGCN,8,13,0.40089308000000001,0.51515151999999997,0.76724853000000004
151672,151672,SpaGCN,8,15,0.42562895000000001,0.5625,0.77314095000000005
151672,151672,SpaGCN,8,16,0.37837960999999998,0.42857142999999998,0.54091778999999995
151672,151672,SpaGCN,8,19,0.43403121,0.51515151999999997,0.70243571000000005
151672,151672,SpaGCN,9,11,0.43373413,0.5625,0.75722531000000004
151672,151672,SpaGCN,9,12,0.51759052999999999,0.61290323000000002,0.78168923000000001
151672,151672,SpaGCN,9,14,0.44759052999999999,0.51515151999999997,0.73894702000000001
151672,151672,SpaGCN,9,17,0.38058384000000001,0.4084507,0.75515003000000003
151672,151672,SpaGCN,9,20,0.50203907999999997,0.61290323000000002,0.77560565999999997
151672,151672,SpaGCN,10,13,0.29793151000000001,0.44927536000000001,0.70055487999999999
151672,151672,SpaGCN,10,16,0.39045467,0.51515151999999997,0.7916126
151672,151672,SpaGCN,11,12,0.47603518,0.5625,0.81445942999999998
151672,151672,SpaGCN,11,14,0.42478412999999998,0.49253731000000001,0.78396401999999998
151672,151672,SpaGCN,11,17,0.51807550000000002,0.53846154000000002,0.83162676999999996
151672,151672,SpaGCN,11,18,0.48593607,0.51515151999999997,0.84236893999999995
151672,151672,SpaGCN,11,20,0.4492932,0.58730159000000004,0.79283682
151672,151672,SpaGCN,12,14,0.52880115000000005,0.61290323000000002,0.80630784
151672,151672,SpaGCN,12,17,0.38125662999999999,0.4084507,0.70580063999999998
151672,151672,SpaGCN,12,20,0.59441007000000001,0.75438596000000002,0.85390105000000005
151672,151672,SpaGCN,13,16,0.32198032999999998,0.44927536000000001,0.67304293000000004
151672,151672,SpaGCN,14,17,0.39823708000000002,0.38888888999999999,0.70923974999999995
151672,151672,SpaGCN,14,20,0.53256245000000002,0.61290323000000002,0.78982545999999998
151672,151672,SpaGCN,15,18,0.39644500999999999,0.51515151999999997,0.78328500000000001
151672,151672,SpaGCN,15,19,0.36160325999999998,0.5625,0.65571822999999996
151672,151672,SpaGCN,17,20,0.39937950999999999,0.4084507,0.69583923999999997
151672,151672,SpaGCN,18,19,0.39255414999999999,0.5625,0.71316095999999995
151672,151672,BANKSY,1,3,0.82505443000000001,0.51515151999999997,0.93311964999999997
151672,151672,BANKSY,1,5,0.83393379999999995,0.81818181999999995,0.96515291999999997
151672,151672,BANKSY,1,8,0.90601918000000004,0.81818181999999995,0.95123307999999995
151672,151672,BANKSY,1,10,0.90589872999999999,0.85185184999999997,0.94875865999999998
151672,151672,BANKSY,1,13,0.90447622000000005,0.81818181999999995,0.94984126999999996
151672,151672,BANKSY,1,14,0.90387832999999995,0.81818181999999995,0.94775116999999998
151672,151672,BANKSY,3,5,0.92369519,0.69491524999999998,0.89152867999999996
151672,151672,BANKSY,3,7,0.86665813999999997,0.61290323000000002,0.93661472999999995
151672,151672,BANKSY,3,8,0.87167781,0.61290323000000002,0.93291455999999995
151672,151672,BANKSY,3,10,0.86797617999999999,0.58730159000000004,0.95209893000000001
151672,151672,BANKSY,3,11,0.84020335000000002,0.5625,0.85191536000000001
151672,151672,BANKSY,3,13,0.87391498000000001,0.61290323000000002,0.95310978999999996
151672,151672,BANKSY,3,14,0.87354743999999995,0.61290323000000002,0.95278549000000001
151672,151672,BANKSY,3,15,0.85755548999999998,0.81818181999999995,0.94921268000000003
151672,151672,BANKSY,3,17,0.86435817999999998,0.61290323000000002,0.93661472999999995
151672,151672,BANKSY,3,18,0.868448,0.61290323000000002,0.93661472999999995
151672,151672,BANKSY,5,7,0.84559881999999997,0.61290323000000002,0.91558925999999996
151672,151672,BANKSY,5,8,0.83663971000000004,0.61290323000000002,0.89620595999999997
151672,151672,BANKSY,5,10,0.83581839999999996,0.58730159000000004,0.89742611000000005
151672,151672,BANKSY,5,11,0.83112507000000002,0.58730159000000004,0.92044044999999997
151672,151672,BANKSY,5,13,0.83712304000000004,0.61290323000000002,0.89646996000000001
151672,151672,BANKSY,5,14,0.83562102999999999,0.61290323000000002,0.89041599999999999
151672,151672,BANKSY,5,15,0.90917627000000001,0.69491524999999998,0.90356583000000001
151672,151672,BANKSY,5,17,0.84711108000000002,0.61290323000000002,0.92048901999999999
151672,151672,BANKSY,5,18,0.84396514,0.61290323000000002,0.91127283000000003
151672,151672,BANKSY,5,19,0.87218640999999997,0.72413793000000004,0.89444378999999996
151672,151672,BANKSY,5,20,0.90494925999999998,0.85185184999999997,0.97604742
151672,151672,BANKSY,7,8,0.98853884999999997,0.96078430999999997,0.99608079000000005
151672,151672,BANKSY,7,10,0.98472340000000003,0.88679244999999995,0.98784137999999999
151672,151672,BANKSY,7,11,0.96107931000000002,0.75438596000000002,0.94580664999999997
151672,151672,BANKSY,7,13,0.98637821000000003,0.96078430999999997,0.99479116999999995
151672,151672,BANKSY,7,14,0.98473566000000001,0.92307691999999997,0.99451338
151672,151672,BANKSY,7,15,0.77906509999999995,0.61290323000000002,0.82309867000000003
151672,151672,BANKSY,7,17,0.99656239999999996,1,1
151672,151672,BANKSY,7,18,0.99814749000000003,1,1
151672,151672,BANKSY,7,19,0.84072440000000004,0.75438596000000002,0.94162159000000001
151672,151672,BANKSY,7,20,0.85714827000000005,0.85185184999999997,0.95448365999999996
151672,151672,BANKSY,8,10,0.99364425999999995,0.96078430999999997,0.99247403000000001
151672,151672,BANKSY,8,11,0.95362128000000002,0.75438596000000002,0.94462773
151672,151672,BANKSY,8,13,0.99434644999999999,0.92307691999999997,0.99488434999999997
151672,151672,BANKSY,8,14,0.99373712000000003,0.88679244999999995,0.99316422999999998
151672,151672,BANKSY,8,15,0.77019926000000005,0.61290323000000002,0.80428129999999998
151672,151672,BANKSY,8,17,0.98512005999999996,0.92307691999999997,0.99608079000000005
151672,151672,BANKSY,8,18,0.99036858999999999,0.96078430999999997,0.99618222000000001
151672,151672,BANKSY,8,19,0.83233109999999999,0.75438596000000002,0.93613519000000001
151672,151672,BANKSY,8,20,0.84676260000000003,0.81818181999999995,0.95416835
151672,151672,BANKSY,10,11,0.95675765999999995,0.81818181999999995,0.94691959999999997
151672,151672,BANKSY,10,13,0.99144049000000001,0.92307691999999997,0.99253815000000001
151672,151672,BANKSY,10,14,0.99083164999999995,0.92307691999999997,0.99253815000000001
151672,151672,BANKSY,10,15,0.76888071000000002,0.61290323000000002,0.80800691000000002
151672,151672,BANKSY,10,17,0.98131117999999995,0.88679244999999995,0.98784137999999999
151672,151672,BANKSY,10,18,0.98655325000000005,0.92307691999999997,0.98784137999999999
151672,151672,BANKSY,10,19,0.83043027000000003,0.75438596000000002,0.93326907000000003
151672,151672,BANKSY,10,20,0.84405942,0.78571429000000004,0.95330376999999999
151672,151672,BANKSY,11,13,0.95031805999999996,0.81818181999999995,0.94518230000000003
151672,151672,BANKSY,11,14,0.94972414999999999,0.81818181999999995,0.94518230000000003
151672,151672,BANKSY,11,15,0.76466948999999995,0.58730159000000004,0.83258058000000001
151672,151672,BANKSY,11,17,0.95892045999999997,0.75438596000000002,0.94580664999999997
151672,151672,BANKSY,11,18,0.95925791000000005,0.75438596000000002,0.94580664999999997
151672,151672,BANKSY,11,19,0.81823917999999995,0.61290323000000002,0.92909617
151672,151672,BANKSY,11,20,0.83939034000000001,0.69491524999999998,0.94844810999999996
151672,151672,BANKSY,12,16,0.87360344000000001,0.53846154000000002,0.84571492999999998
151672,151672,BANKSY,13,14,0.99834418999999996,1,1
151672,151672,BANKSY,13,15,0.77021735000000002,0.61290323000000002,0.80468991000000001
151672,151672,BANKSY,13,17,0.98295924000000001,0.92307691999999997,0.99361317999999998
151672,151672,BANKSY,13,18,0.98820277999999995,0.92307691999999997,0.99526974999999995
151672,151672,BANKSY,13,19,0.83139527999999996,0.81818181999999995,0.94159671
151672,151672,BANKSY,13,20,0.84506245999999996,0.85185184999999997,0.95388424999999999
151672,151672,BANKSY,14,15,0.76878873999999997,0.61290323000000002,0.80003111000000005
151672,151672,BANKSY,14,17,0.98132069,0.92307691999999997,0.99333727000000005
151672,151672,BANKSY,14,18,0.98655839999999995,0.96078430999999997,0.99526974999999995
151672,151672,BANKSY,14,19,0.82990176000000004,0.78571429000000004,0.94159671
151672,151672,BANKSY,14,20,0.84354907000000001,0.81818181999999995,0.95364802999999998
151672,151672,BANKSY,15,17,0.78050540000000002,0.63934426,0.82897219
151672,151672,BANKSY,15,18,0.77752341999999997,0.61290323000000002,0.82054881000000002
151672,151672,BANKSY,15,19,0.89858936,0.81818181999999995,0.96411575000000005
151672,151672,BANKSY,15,20,0.90558859999999997,0.72413793000000004,0.88638587000000002
151672,151672,BANKSY,17,18,0.99471282999999999,1,1
151672,151672,BANKSY,17,19,0.84387374000000004,0.75438596000000002,0.94162159000000001
151672,151672,BANKSY,17,20,0.86033194999999996,0.85185184999999997,0.95528387999999997
151672,151672,BANKSY,18,19,0.83903463,0.75438596000000002,0.94162159000000001
151672,151672,BANKSY,18,20,0.85546436000000003,0.85185184999999997,0.95448365999999996
151672,151672,BANKSY,19,20,0.95110627999999997,0.85185184999999997,0.94745007000000003
151672,151672,SEDR,1,2,0.82859260089999986,0.78571428570000001,0.94889082189999996
151672,151672,SEDR,1,7,0.80166538590000003,0.72413793100000001,0.93375117090000004
151672,151672,SEDR,1,14,0.81802029529999987,0.78571428570000001,0.93221141110000005
151672,151672,SEDR,1,18,0.73803263699999988,0.6949152542,0.93369557000000003
151672,151672,SEDR,1,19,0.81429251589999985,0.72413793100000001,0.93413890379999998
151672,151672,SEDR,2,14,0.82535041519999985,0.85185185190000001,0.94407619109999996
151672,151672,SEDR,3,4,0.79037872509999985,0.75438596489999987,0.93341638989999998
151672,151672,SEDR,3,5,0.81436161269999985,0.72413793100000001,0.92996693929999996
151672,151672,SEDR,3,6,0.79675031929999995,0.75438596489999987,0.94860064229999996
151672,151672,SEDR,3,7,0.78264557589999995,0.75438596489999987,0.9267167114
151672,151672,SEDR,3,8,0.66388583859999994,0.81818181820000002,0.95366825259999999
151672,151672,SEDR,3,13,0.69913274849999985,0.72413793100000001,0.93397850110000002
151672,151672,SEDR,3,15,0.63810048399999986,0.66666666669999985,0.94319368879999999
151672,151672,SEDR,3,16,0.7816889454,0.75438596489999987,0.9509382274
151672,151672,SEDR,3,18,0.72193353950000005,0.78571428570000001,0.94910323789999995
151672,151672,SEDR,3,19,0.78751741139999987,0.75438596489999987,0.93993818669999996
151672,151672,SEDR,4,5,0.826531393,0.72413793100000001,0.94217074869999995
151672,151672,SEDR,4,6,0.86940707500000003,0.85185185190000001,0.97279122679999996
151672,151672,SEDR,4,7,0.87012770910000004,0.75438596489999987,0.96819851999999995
151672,151672,SEDR,4,8,0.6708861666,0.78571428570000001,0.96334556790000003
151672,151672,SEDR,4,13,0.78631811309999988,0.75438596489999987,0.92262000430000002
151672,151672,SEDR,4,15,0.65128128919999995,0.72413793100000001,0.9419105727
151672,151672,SEDR,4,16,0.84380593370000001,0.85185185190000001,0.96790379069999999
151672,151672,SEDR,4,18,0.79431159959999986,0.75438596489999987,0.94608293359999995
151672,151672,SEDR,5,6,0.81486152249999988,0.81818181820000002,0.95306156320000002
151672,151672,SEDR,5,7,0.82157725670000004,0.75438596489999987,0.94361673420000003
151672,151672,SEDR,5,8,0.66565818379999986,0.75438596489999987,0.94568376600000004
151672,151672,SEDR,5,13,0.71476081840000005,0.75438596489999987,0.94826880089999999
151672,151672,SEDR,5,15,0.66701444720000003,0.6949152542,0.94286589009999999
151672,151672,SEDR,5,16,0.79119422630000003,0.78571428570000001,0.94786534929999999
151672,151672,SEDR,5,18,0.7340614084,0.6949152542,0.95707734229999997
151672,151672,SEDR,5,19,0.84124218910000004,0.85185185190000001,0.95920655460000004
151672,151672,SEDR,6,7,0.83692388669999995,0.78571428570000001,0.96945236420000003
151672,151672,SEDR,6,8,0.67621308899999988,0.75438596489999987,0.96830235379999996
151672,151672,SEDR,6,13,0.78570678679999995,0.81818181820000002,0.93892661190000004
151672,151672,SEDR,6,15,0.67971974140000002,0.72413793100000001,0.94715821369999997
151672,151672,SEDR,6,16,0.8386784867,0.81818181820000002,0.97204515729999996
151672,151672,SEDR,6,18,0.80559918149999987,0.81818181820000002,0.95641207380000004
151672,151672,SEDR,6,19,0.80815610230000001,0.81818181820000002,0.96268951449999995
151672,151672,SEDR,7,13,0.81257030600000002,0.81818181820000002,0.94875129960000004
151672,151672,SEDR,7,15,0.65476300759999995,0.6949152542,0.94395563999999998
151672,151672,SEDR,7,16,0.81494490080000004,0.78571428570000001,0.95837124689999997
151672,151672,SEDR,7,18,0.81107197239999995,0.78571428570000001,0.94076045210000003
151672,151672,SEDR,7,19,0.82294734970000005,0.81818181820000002,0.96638704249999996
151672,151672,SEDR,8,13,0.6994897752,0.72413793100000001,0.9457253269
151672,151672,SEDR,8,15,0.70187451420000002,0.78571428570000001,0.97487137010000002
151672,151672,SEDR,8,16,0.6522507823,0.75438596489999987,0.95412032729999996
151672,151672,SEDR,9,17,0.68580782740000001,0.6949152542,0.87655972270000004
151672,151672,SEDR,10,11,0.63961690839999985,0.78571428570000001,0.92251668519999996
151672,151672,SEDR,10,12,0.67123178400000005,0.81818181820000002,0.96934923610000001
151672,151672,SEDR,10,17,0.61859591110000001,0.6949152542,0.77235233430000005
151672,151672,SEDR,10,20,0.83612130890000003,0.81818181820000002,0.96648740339999994
151672,151672,SEDR,11,12,0.76652887889999988,0.78571428570000001,0.92948192860000001
151672,151672,SEDR,11,20,0.66589864480000005,0.75438596489999987,0.92198028509999996
151672,151672,SEDR,12,20,0.67191467100000002,0.81818181820000002,0.96126999970000004
151672,151672,SEDR,13,15,0.6278887111,0.6949152542,0.92808299599999999
151672,151672,SEDR,13,16,0.78202139159999995,0.78571428570000001,0.94639834519999999
151672,151672,SEDR,13,18,0.83542687819999994,0.81818181820000002,0.95825676110000002
151672,151672,SEDR,14,19,0.82418191240000005,0.75438596489999987,0.93740619219999999
151672,151672,SEDR,15,16,0.6593673766,0.72413793100000001,0.93751367569999999
151672,151672,SEDR,15,18,0.69554463929999988,0.75438596489999987,0.94602775090000002
151672,151672,SEDR,15,19,0.67471143899999986,0.75438596489999987,0.95293532849999996
151672,151672,SEDR,16,18,0.75808527000000003,0.78571428570000001,0.95232059469999997
151672,151672,SEDR,18,19,0.75890185349999995,0.81818181820000002,0.9602747063
151673,151673,GraphST,1,2,0.63065669000000002,0.85185184999999997,0.92303555999999998
151673,151673,GraphST,1,5,0.56700704000000002,0.78571429000000004,0.88524645999999996
151673,151673,GraphST,1,6,0.65003624000000004,0.81818181999999995,0.91777474000000003
151673,151673,GraphST,1,7,0.63252366999999998,0.81818181999999995,0.91067765000000001
151673,151673,GraphST,1,9,0.63136020999999998,0.81818181999999995,0.92494135
151673,151673,GraphST,1,10,0.59244810999999997,0.75438596000000002,0.88251511999999999
151673,151673,GraphST,1,11,0.64926718999999999,0.81818181999999995,0.93029905999999996
151673,151673,GraphST,1,12,0.67568695000000001,0.85185184999999997,0.92479968999999995
151673,151673,GraphST,1,14,0.65910442999999996,0.81818181999999995,0.92336015999999999
151673,151673,GraphST,1,15,0.62494470000000002,0.85185184999999997,0.93222569
151673,151673,GraphST,1,16,0.63270806000000002,0.85185184999999997,0.93408241000000003
151673,151673,GraphST,1,17,0.62073400999999995,0.81818181999999995,0.92122146000000005
151673,151673,GraphST,1,18,0.62172996000000003,0.81818181999999995,0.91757135999999995
151673,151673,GraphST,1,19,0.61006769000000005,0.81818181999999995,0.91195994000000002
151673,151673,GraphST,1,20,0.57554927,0.72413793000000004,0.89469273000000005
151673,151673,GraphST,2,4,0.57178083000000002,0.75438596000000002,0.91337122999999998
151673,151673,GraphST,2,5,0.60900887000000004,0.78571429000000004,0.91616169000000003
151673,151673,GraphST,2,6,0.67707883999999996,0.85185184999999997,0.93287089000000001
151673,151673,GraphST,2,7,0.65043295000000001,0.81818181999999995,0.91218383000000003
151673,151673,GraphST,2,8,0.57760347999999995,0.81818181999999995,0.91930111999999997
151673,151673,GraphST,2,9,0.65191465999999998,0.85185184999999997,0.92491321999999998
151673,151673,GraphST,2,10,0.60136385000000003,0.78571429000000004,0.91262759000000004
151673,151673,GraphST,2,12,0.66136223999999999,0.81818181999999995,0.93429156000000002
151673,151673,GraphST,2,14,0.63653623999999998,0.85185184999999997,0.92718621999999995
151673,151673,GraphST,2,15,0.68468404000000005,0.88679244999999995,0.93653134000000005
151673,151673,GraphST,2,16,0.66624377999999995,0.85185184999999997,0.93072869000000003
151673,151673,GraphST,2,17,0.66475664999999995,0.85185184999999997,0.93122041
151673,151673,GraphST,2,18,0.62589030999999995,0.85185184999999997,0.92561311000000002
151673,151673,GraphST,2,19,0.6312719,0.85185184999999997,0.92281926000000003
151673,151673,GraphST,2,20,0.62773595999999998,0.75438596000000002,0.91614558000000001
151673,151673,GraphST,3,4,0.56520753999999995,0.75438596000000002,0.92223544999999996
151673,151673,GraphST,3,5,0.60492409000000003,0.81818181999999995,0.92616061000000005
151673,151673,GraphST,3,8,0.54565671999999998,0.75438596000000002,0.91661954999999995
151673,151673,GraphST,3,10,0.55675182999999995,0.69491524999999998,0.82843613000000005
151673,151673,GraphST,3,12,0.56514025000000001,0.78571429000000004,0.92242709000000001
151673,151673,GraphST,3,13,0.56558286000000002,0.78571429000000004,0.92725924000000004
151673,151673,GraphST,3,14,0.55844656000000004,0.81818181999999995,0.90409079999999997
151673,151673,GraphST,3,17,0.58095521999999999,0.75438596000000002,0.91330542000000003
151673,151673,GraphST,3,20,0.58577374000000004,0.78571429000000004,0.91041053999999999
151673,151673,GraphST,4,5,0.59939237999999995,0.78571429000000004,0.90592558999999995
151673,151673,GraphST,4,7,0.57577619999999996,0.78571429000000004,0.90878576
151673,151673,GraphST,4,8,0.53089531999999995,0.75438596000000002,0.90484688999999996
151673,151673,GraphST,4,9,0.56125873999999998,0.75438596000000002,0.91127389000000003
151673,151673,GraphST,4,10,0.60114732999999998,0.72413793000000004,0.88644394000000004
151673,151673,GraphST,4,12,0.56752692000000005,0.72413793000000004,0.91608590000000001
151673,151673,GraphST,4,13,0.52567299999999995,0.78571429000000004,0.90949667999999995
151673,151673,GraphST,4,14,0.54567794000000003,0.75438596000000002,0.89168519999999996
151673,151673,GraphST,4,15,0.58084051999999997,0.78571429000000004,0.89767975
151673,151673,GraphST,4,17,0.59097580000000005,0.81818181999999995,0.90378135000000004
151673,151673,GraphST,4,19,0.56797743999999994,0.85185184999999997,0.92671636999999996
151673,151673,GraphST,4,20,0.59624348999999999,0.78571429000000004,0.90135405000000002
151673,151673,GraphST,5,7,0.61104250000000004,0.81818181999999995,0.90958618000000002
151673,151673,GraphST,5,8,0.57062942000000005,0.78571429000000004,0.90242089000000003
151673,151673,GraphST,5,9,0.61370681000000005,0.85185184999999997,0.91756497999999997
151673,151673,GraphST,5,10,0.60800737999999999,0.75438596000000002,0.80851947999999996
151673,151673,GraphST,5,12,0.58668286999999997,0.81818181999999995,0.90621412999999995
151673,151673,GraphST,5,13,0.55817112999999996,0.81818181999999995,0.92440396000000002
151673,151673,GraphST,5,14,0.58603945000000002,0.78571429000000004,0.90283000000000002
151673,151673,GraphST,5,15,0.62198644000000003,0.85185184999999997,0.92014689000000005
151673,151673,GraphST,5,16,0.63021123000000001,0.88679244999999995,0.92797501000000004
151673,151673,GraphST,5,17,0.60563003999999998,0.75438596000000002,0.92341379999999995
151673,151673,GraphST,5,19,0.59662263000000004,0.88679244999999995,0.91322216000000001
151673,151673,GraphST,5,20,0.64714749999999999,0.78571429000000004,0.92977167000000005
151673,151673,GraphST,6,7,0.67339693,0.85185184999999997,0.92111262999999999
151673,151673,GraphST,6,9,0.68114295999999996,0.85185184999999997,0.93181588000000004
151673,151673,GraphST,6,11,0.65516352,0.81818181999999995,0.91908491000000003
151673,151673,GraphST,6,12,0.65375883999999995,0.81818181999999995,0.92996864999999995
151673,151673,GraphST,6,14,0.65896642999999999,0.81818181999999995,0.92869418999999997
151673,151673,GraphST,6,15,0.67557535999999996,0.85185184999999997,0.91423726000000005
151673,151673,GraphST,6,16,0.67053099000000005,0.88679244999999995,0.92089962000000003
151673,151673,GraphST,6,17,0.68343772000000003,0.81818181999999995,0.92901104999999995
151673,151673,GraphST,6,18,0.65370046999999998,0.85185184999999997,0.92309112000000004
151673,151673,GraphST,6,19,0.63919663000000004,0.85185184999999997,0.92020858999999999
151673,151673,GraphST,7,8,0.58047572000000003,0.78571429000000004,0.92303120999999999
151673,151673,GraphST,7,9,0.67310276000000002,0.85185184999999997,0.92702613
151673,151673,GraphST,7,10,0.60376695000000002,0.81818181999999995,0.90184397999999999
151673,151673,GraphST,7,12,0.65848620000000002,0.88679244999999995,0.93905340000000004
151673,151673,GraphST,7,14,0.64579229999999999,0.85185184999999997,0.91713749
151673,151673,GraphST,7,15,0.67516975999999995,0.85185184999999997,0.93226993999999996
151673,151673,GraphST,7,16,0.66481911999999999,0.88679244999999995,0.93943525000000005
151673,151673,GraphST,7,17,0.65825692000000002,0.92307691999999997,0.93912881000000004
151673,151673,GraphST,7,18,0.62570112,0.88679244999999995,0.93264606999999999
151673,151673,GraphST,7,19,0.61888087000000003,0.85185184999999997,0.91922274000000004
151673,151673,GraphST,7,20,0.62279335000000002,0.75438596000000002,0.90382923999999998
151673,151673,GraphST,8,9,0.58457444000000003,0.81818181999999995,0.92452436999999998
151673,151673,GraphST,8,10,0.54194158000000003,0.75438596000000002,0.83698850999999996
151673,151673,GraphST,8,12,0.59001782999999997,0.78571429000000004,0.92674977999999997
151673,151673,GraphST,8,13,0.51345642999999996,0.75438596000000002,0.91376088
151673,151673,GraphST,8,14,0.55819196000000004,0.78571429000000004,0.92248003000000001
151673,151673,GraphST,8,17,0.55174082999999996,0.78571429000000004,0.93155924000000001
151673,151673,GraphST,8,19,0.54507852999999995,0.75438596000000002,0.92802059999999997
151673,151673,GraphST,8,20,0.57765211000000005,0.75438596000000002,0.90573548000000004
151673,151673,GraphST,9,10,0.59291919000000004,0.75438596000000002,0.90950536000000004
151673,151673,GraphST,9,12,0.6489393,0.88679244999999995,0.92758289999999999
151673,151673,GraphST,9,14,0.62988098000000003,0.85185184999999997,0.92121286999999996
151673,151673,GraphST,9,15,0.67788965999999995,0.85185184999999997,0.92613789999999996
151673,151673,GraphST,9,16,0.65340631999999998,0.85185184999999997,0.92667339999999998
151673,151673,GraphST,9,17,0.66328682999999999,0.85185184999999997,0.94000664
151673,151673,GraphST,9,18,0.62778714999999996,0.88679244999999995,0.91431320000000005
151673,151673,GraphST,9,19,0.61619588000000003,0.85185184999999997,0.91476389999999996
151673,151673,GraphST,9,20,0.61185685000000001,0.72413793000000004,0.90535485000000004
151673,151673,GraphST,10,12,0.62620089999999995,0.78571429000000004,0.91031132999999997
151673,151673,GraphST,10,13,0.52175579000000005,0.66666667000000002,0.82700744000000004
151673,151673,GraphST,10,14,0.61357828000000003,0.78571429000000004,0.89293131999999997
151673,151673,GraphST,10,15,0.60893151999999995,0.78571429000000004,0.91343251999999997
151673,151673,GraphST,10,16,0.61286273999999996,0.81818181999999995,0.92263693999999996
151673,151673,GraphST,10,17,0.63053711999999995,0.81818181999999995,0.92604366000000005
151673,151673,GraphST,10,19,0.57995792000000002,0.72413793000000004,0.91315420000000003
151673,151673,GraphST,10,20,0.60683160999999997,0.69491524999999998,0.81095667999999999
151673,151673,GraphST,11,16,0.61000273000000005,0.78571429000000004,0.93837685999999998
151673,151673,GraphST,11,18,0.61781311000000005,0.78571429000000004,0.92374186999999996
151673,151673,GraphST,12,13,0.51880342999999995,0.85185184999999997,0.91857895000000001
151673,151673,GraphST,12,14,0.67183150999999997,0.85185184999999997,0.92957182999999999
151673,151673,GraphST,12,15,0.65296376,0.81818181999999995,0.93046969999999996
151673,151673,GraphST,12,16,0.65911584999999995,0.85185184999999997,0.93872769
151673,151673,GraphST,12,17,0.65095088999999995,0.92307691999999997,0.93835179999999996
151673,151673,GraphST,12,18,0.62031990000000004,0.88679244999999995,0.92476575000000005
151673,151673,GraphST,12,19,0.63072569000000001,0.81818181999999995,0.93361243000000005
151673,151673,GraphST,12,20,0.60829515000000001,0.78571429000000004,0.89822756999999998
151673,151673,GraphST,13,20,0.58070109000000003,0.78571429000000004,0.92084876999999998
151673,151673,GraphST,14,15,0.63547195000000001,0.88679244999999995,0.92124132000000003
151673,151673,GraphST,14,16,0.65201620999999998,0.81818181999999995,0.92371139999999996
151673,151673,GraphST,14,17,0.65241822000000005,0.81818181999999995,0.93109681
151673,151673,GraphST,14,18,0.61874713999999997,0.85185184999999997,0.91844484000000004
151673,151673,GraphST,14,19,0.60612940999999998,0.81818181999999995,0.91616540000000002
151673,151673,GraphST,14,20,0.57544682999999996,0.69491524999999998,0.89843393000000005
151673,151673,GraphST,15,16,0.67408705999999996,0.85185184999999997,0.93192195
151673,151673,GraphST,15,17,0.65617773000000001,0.85185184999999997,0.92702501000000004
151673,151673,GraphST,15,18,0.63226952000000003,0.81818181999999995,0.91959873999999997
151673,151673,GraphST,15,19,0.63395692000000003,0.88679244999999995,0.92656022000000005
151673,151673,GraphST,15,20,0.62113693999999997,0.78571429000000004,0.90585163000000002
151673,151673,GraphST,16,17,0.67154678999999995,0.85185184999999997,0.9362722
151673,151673,GraphST,16,18,0.63041729999999996,0.85185184999999997,0.93250913000000002
151673,151673,GraphST,16,19,0.64093714999999996,0.88679244999999995,0.93852329999999995
151673,151673,GraphST,16,20,0.61951652000000001,0.81818181999999995,0.90129148000000003
151673,151673,GraphST,17,18,0.63636448999999995,0.85185184999999997,0.92395152999999997
151673,151673,GraphST,17,19,0.63417031000000001,0.85185184999999997,0.92100643999999998
151673,151673,GraphST,17,20,0.61461089999999996,0.75438596000000002,0.91741227999999997
151673,151673,GraphST,18,19,0.62033601000000005,0.81818181999999995,0.94032771000000004
151673,151673,GraphST,19,20,0.58429869999999995,0.78571429000000004,0.89125239000000001
151673,151673,STAGATE,1,5,0.49046004999999998,0.78571429000000004,0.90185137000000004
151673,151673,STAGATE,1,6,0.46715063000000001,0.72413793000000004,0.88742613000000004
151673,151673,STAGATE,1,9,0.48210617,0.75438596000000002,0.88583254
151673,151673,STAGATE,1,10,0.53836333000000003,0.75438596000000002,0.90792547999999995
151673,151673,STAGATE,1,12,0.47975090999999997,0.75438596000000002,0.85762753999999997
151673,151673,STAGATE,1,13,0.52557796000000001,0.78571429000000004,0.91799724999999999
151673,151673,STAGATE,1,14,0.49038309000000002,0.75438596000000002,0.89973619000000005
151673,151673,STAGATE,1,15,0.59504648999999998,0.78571429000000004,0.91712168000000005
151673,151673,STAGATE,1,19,0.56498945,0.72413793000000004,0.89728578999999997
151673,151673,STAGATE,1,20,0.59474161999999997,0.75438596000000002,0.89109561000000004
151673,151673,STAGATE,2,3,0.72426614,0.85185184999999997,0.94096285999999996
151673,151673,STAGATE,2,4,0.75136473000000004,0.85185184999999997,0.94895090999999998
151673,151673,STAGATE,2,7,0.70636986999999996,0.81818181999999995,0.93629121000000004
151673,151673,STAGATE,2,10,0.72991801000000001,0.85185184999999997,0.95065679999999997
151673,151673,STAGATE,2,11,0.71958999999999995,0.85185184999999997,0.93887980999999998
151673,151673,STAGATE,2,14,0.70205079999999997,0.85185184999999997,0.93993459000000001
151673,151673,STAGATE,2,15,0.69957712000000005,0.85185184999999997,0.93663848999999999
151673,151673,STAGATE,2,17,0.74716019,0.85185184999999997,0.95418806
151673,151673,STAGATE,2,19,0.69226768999999999,0.78571429000000004,0.93271207
151673,151673,STAGATE,3,4,0.75405833,0.85185184999999997,0.95055489999999998
151673,151673,STAGATE,3,11,0.75818770999999996,0.85185184999999997,0.94365367
151673,151673,STAGATE,3,17,0.72796123999999995,0.81818181999999995,0.94841114999999998
151673,151673,STAGATE,3,18,0.73585449000000003,0.85185184999999997,0.92988932000000002
151673,151673,STAGATE,4,7,0.73097984000000005,0.85185184999999997,0.93574020000000002
151673,151673,STAGATE,4,10,0.75755742999999998,0.85185184999999997,0.95422627999999998
151673,151673,STAGATE,4,11,0.76015880000000002,0.88679244999999995,0.95390142
151673,151673,STAGATE,4,17,0.7780262,0.85185184999999997,0.94966813000000005
151673,151673,STAGATE,4,18,0.76762123999999998,0.88679244999999995,0.93491703000000004
151673,151673,STAGATE,5,6,0.70493349999999999,0.85185184999999997,0.93657473000000002
151673,151673,STAGATE,5,8,0.44922535000000002,0.72413793000000004,0.88970526999999999
151673,151673,STAGATE,5,9,0.73290573999999997,0.85185184999999997,0.94951848999999999
151673,151673,STAGATE,5,12,0.75158632000000003,0.81818181999999995,0.95233091999999997
151673,151673,STAGATE,5,16,0.68346143999999998,0.75438596000000002,0.94515121999999996
151673,151673,STAGATE,5,20,0.62794017999999996,0.78571429000000004,0.91780424999999999
151673,151673,STAGATE,6,8,0.45033542999999998,0.66666667000000002,0.90103884000000001
151673,151673,STAGATE,6,9,0.73267009999999999,0.88679244999999995,0.94016734000000002
151673,151673,STAGATE,6,12,0.72926913999999998,0.85185184999999997,0.94691760999999997
151673,151673,STAGATE,6,16,0.65903924999999997,0.78571429000000004,0.93564815000000001
151673,151673,STAGATE,6,20,0.61393887999999996,0.85185184999999997,0.93056187999999995
151673,151673,STAGATE,7,10,0.72048882999999997,0.85185184999999997,0.93822379
151673,151673,STAGATE,7,11,0.71393541000000005,0.85185184999999997,0.94451662000000003
151673,151673,STAGATE,7,13,0.73070774999999999,0.85185184999999997,0.93461216999999996
151673,151673,STAGATE,7,14,0.70784658,0.81818181999999995,0.93378218999999996
151673,151673,STAGATE,7,15,0.72065398999999997,0.85185184999999997,0.94088063
151673,151673,STAGATE,7,17,0.73223161000000003,0.81818181999999995,0.94781230999999999
151673,151673,STAGATE,7,19,0.74931252000000004,0.81818181999999995,0.93141421000000002
151673,151673,STAGATE,8,9,0.44938461000000002,0.72413793000000004,0.87975528000000003
151673,151673,STAGATE,8,12,0.44229774999999999,0.75438596000000002,0.84256785999999995
151673,151673,STAGATE,8,16,0.41349686000000002,0.63934426,0.78695672000000005
151673,151673,STAGATE,8,20,0.48208205999999998,0.75438596000000002,0.88568279000000005
151673,151673,STAGATE,9,12,0.76419265999999997,0.88679244999999995,0.95804882999999996
151673,151673,STAGATE,9,16,0.67990103000000002,0.81818181999999995,0.94556790999999996
151673,151673,STAGATE,9,20,0.62912071000000003,0.81818181999999995,0.94102593000000001
151673,151673,STAGATE,10,11,0.74001455999999999,0.85185184999999997,0.94572233000000006
151673,151673,STAGATE,10,13,0.73054379000000003,0.81818181999999995,0.94059760000000003
151673,151673,STAGATE,10,14,0.73547839999999998,0.85185184999999997,0.94327269999999996
151673,151673,STAGATE,10,15,0.70974362000000002,0.81818181999999995,0.93844391999999999
151673,151673,STAGATE,10,17,0.74053314000000003,0.85185184999999997,0.94457226999999999
151673,151673,STAGATE,10,19,0.71697047000000003,0.78571429000000004,0.94009211000000004
151673,151673,STAGATE,11,14,0.68007247999999998,0.81818181999999995,0.93911880999999997
151673,151673,STAGATE,11,15,0.74552567000000003,0.85185184999999997,0.94923347000000002
151673,151673,STAGATE,11,17,0.73153939999999995,0.85185184999999997,0.94724626999999995
151673,151673,STAGATE,11,19,0.74265329000000002,0.85185184999999997,0.94258286999999996
151673,151673,STAGATE,12,13,0.71513234000000003,0.85185184999999997,0.93971130000000003
151673,151673,STAGATE,12,16,0.67330953999999998,0.78571429000000004,0.94048975000000001
151673,151673,STAGATE,12,20,0.62705327,0.85185184999999997,0.92397589999999996
151673,151673,STAGATE,13,14,0.71052521999999996,0.85185184999999997,0.93873761
151673,151673,STAGATE,13,15,0.71775467999999998,0.85185184999999997,0.94224883000000004
151673,151673,STAGATE,13,19,0.73336676000000001,0.81818181999999995,0.93000238999999996
151673,151673,STAGATE,13,20,0.62981746000000005,0.78571429000000004,0.91960165999999999
151673,151673,STAGATE,14,15,0.66604004000000006,0.81818181999999995,0.93003559000000002
151673,151673,STAGATE,14,19,0.65623635000000002,0.78571429000000004,0.92055105999999998
151673,151673,STAGATE,14,20,0.61368670999999997,0.78571429000000004,0.93220331999999995
151673,151673,STAGATE,15,19,0.75164677000000002,0.78571429000000004,0.94898784000000003
151673,151673,STAGATE,15,20,0.66363139000000004,0.88679244999999995,0.92714043999999995
151673,151673,STAGATE,17,18,0.76042399000000005,0.85185184999999997,0.93548858000000001
151673,151673,STAGATE,19,20,0.63819296000000003,0.75438596000000002,0.91325080999999997
151673,151673,SpaGCN,1,6,0.57142744000000001,0.75438596000000002,0.89467978999999997
151673,151673,SpaGCN,1,7,0.60055274999999997,0.78571429000000004,0.88730611999999998
151673,151673,SpaGCN,1,8,0.5238083,0.63934426,0.90064586000000002
151673,151673,SpaGCN,1,10,0.58137859000000003,0.75438596000000002,0.88125432999999997
151673,151673,SpaGCN,1,13,0.70610751000000005,0.75438596000000002,0.93978737000000001
151673,151673,SpaGCN,1,19,0.54963337999999995,0.66666667000000002,0.89008408999999999
151673,151673,SpaGCN,1,20,0.68999231000000005,0.75438596000000002,0.93742475000000003
151673,151673,SpaGCN,2,9,0.65554433999999995,0.69491524999999998,0.95021306000000005
151673,151673,SpaGCN,2,15,0.65782691999999998,0.72413793000000004,0.95157765999999999
151673,151673,SpaGCN,2,18,0.72072287999999995,0.75438596000000002,0.95635360999999997
151673,151673,SpaGCN,3,5,0.61887946999999999,0.69491524999999998,0.91786572
151673,151673,SpaGCN,3,8,0.52080654000000004,0.66666667000000002,0.90090700999999995
151673,151673,SpaGCN,3,11,0.54122402999999997,0.66666667000000002,0.90889103000000004
151673,151673,SpaGCN,3,12,0.68515683000000005,0.66666667000000002,0.93128482999999995
151673,151673,SpaGCN,3,14,0.74554231999999998,0.85185184999999997,0.96188689999999999
151673,151673,SpaGCN,3,16,0.44614656000000003,0.31578947000000002,0.76162348000000002
151673,151673,SpaGCN,3,19,0.64313438000000001,0.72413793000000004,0.93936889000000001
151673,151673,SpaGCN,3,20,0.50455813999999999,0.47058823999999999,0.83325366000000001
151673,151673,SpaGCN,5,6,0.61993412999999997,0.63934426,0.90484829
151673,151673,SpaGCN,5,8,0.53244528000000002,0.61290323000000002,0.94163313000000004
151673,151673,SpaGCN,5,11,0.54674016000000003,0.66666667000000002,0.92888583999999996
151673,151673,SpaGCN,5,12,0.56698704,0.61290323000000002,0.92868987999999997
151673,151673,SpaGCN,5,13,0.49197149000000001,0.53846154000000002,0.85618271999999995
151673,151673,SpaGCN,5,14,0.64953419999999995,0.72413793000000004,0.92277556999999999
151673,151673,SpaGCN,5,19,0.62274724000000004,0.66666667000000002,0.93670492000000005
151673,151673,SpaGCN,5,20,0.50000739999999999,0.58730159000000004,0.86299393999999996
151673,151673,SpaGCN,6,7,0.74119113000000003,0.81818181999999995,0.9546367
151673,151673,SpaGCN,6,8,0.51266716000000001,0.51515151999999997,0.89904271999999996
151673,151673,SpaGCN,6,10,0.76309132000000002,0.85185184999999997,0.95849086999999999
151673,151673,SpaGCN,6,12,0.65192611,0.63934426,0.92705508000000003
151673,151673,SpaGCN,6,13,0.52820807000000003,0.61290323000000002,0.85333486000000003
151673,151673,SpaGCN,6,14,0.75605422,0.78571429000000004,0.96313322999999995
151673,151673,SpaGCN,6,19,0.72923260000000001,0.81818181999999995,0.94822169999999995
151673,151673,SpaGCN,6,20,0.51349953999999998,0.49253731000000001,0.81761824000000005
151673,151673,SpaGCN,7,8,0.50225078999999995,0.5625,0.89697187
151673,151673,SpaGCN,7,10,0.78849963999999995,0.81818181999999995,0.96001723999999999
151673,151673,SpaGCN,7,12,0.68986062000000004,0.69491524999999998,0.92367058000000002
151673,151673,SpaGCN,7,13,0.52768029999999999,0.66666667000000002,0.86696244
151673,151673,SpaGCN,7,19,0.74778423999999999,0.81818181999999995,0.96223148999999997
151673,151673,SpaGCN,7,20,0.52881069999999997,0.53846154000000002,0.83968008000000005
151673,151673,SpaGCN,8,10,0.50343101000000001,0.51515151999999997,0.89340405000000001
151673,151673,SpaGCN,8,12,0.52735219,0.5625,0.89813321000000002
151673,151673,SpaGCN,8,13,0.54718173999999997,0.58730159000000004,0.88386401999999997
151673,151673,SpaGCN,8,14,0.51201772000000001,0.53846154000000002,0.91672472000000005
151673,151673,SpaGCN,8,19,0.48456469000000002,0.51515151999999997,0.89153773000000003
151673,151673,SpaGCN,8,20,0.53562293000000005,0.47058823999999999,0.84274335
151673,151673,SpaGCN,9,15,0.64318171999999996,0.69491524999999998,0.95850409999999997
151673,151673,SpaGCN,9,17,0.51812022000000002,0.61290323000000002,0.84800386999999999
151673,151673,SpaGCN,9,18,0.67260978000000005,0.72413793000000004,0.95429748999999997
151673,151673,SpaGCN,10,12,0.63730902,0.66666667000000002,0.90766574
151673,151673,SpaGCN,10,13,0.52752631000000005,0.66666667000000002,0.86299342000000001
151673,151673,SpaGCN,10,14,0.70646414999999996,0.78571429000000004,0.95054912000000003
151673,151673,SpaGCN,10,19,0.73204917000000003,0.81818181999999995,0.96812345
151673,151673,SpaGCN,10,20,0.51498772999999998,0.51515151999999997,0.82219264999999997
151673,151673,SpaGCN,11,12,0.51187877000000004,0.61290323000000002,0.92608984000000005
151673,151673,SpaGCN,11,14,0.50877501000000003,0.66666667000000002,0.89433786000000004
151673,151673,SpaGCN,11,16,0.50248777,0.5625,0.76589596999999998
151673,151673,SpaGCN,11,20,0.47612714,0.58730159000000004,0.78488859
151673,151673,SpaGCN,12,13,0.55631240999999998,0.72413793000000004,0.90101995000000001
151673,151673,SpaGCN,12,14,0.69510101999999996,0.58730159000000004,0.93744477000000004
151673,151673,SpaGCN,12,19,0.62550835000000005,0.5625,0.92240394000000003
151673,151673,SpaGCN,12,20,0.58379592000000002,0.66666667000000002,0.89378932
151673,151673,SpaGCN,13,14,0.52864142000000003,0.58730159000000004,0.86027503000000005
151673,151673,SpaGCN,13,19,0.48490696,0.58730159000000004,0.82044570000000006
151673,151673,SpaGCN,13,20,0.75952554000000005,0.88679244999999995,0.95593563000000004
151673,151673,SpaGCN,14,19,0.74328550999999998,0.85185184999999997,0.95651430999999998
151673,151673,SpaGCN,14,20,0.52920663000000001,0.42857142999999998,0.82012817999999998
151673,151673,SpaGCN,16,17,0.48892640999999998,0.66666667000000002,0.84710452999999997
151673,151673,SpaGCN,17,18,0.53748642000000002,0.66666667000000002,0.86414743000000005
151673,151673,SpaGCN,19,20,0.49152214,0.38888888999999999,0.77842913000000002
151673,151673,BANKSY,1,2,0.56447658000000001,0.88679244999999995,0.98492086000000001
151673,151673,BANKSY,1,4,0.57747046000000002,0.88679244999999995,0.98543873000000004
151673,151673,BANKSY,1,10,0.564272,0.88679244999999995,0.98492086000000001
151673,151673,BANKSY,1,11,0.97144028000000004,0.92307691999999997,0.99593140999999996
151673,151673,BANKSY,1,13,0.56447658000000001,0.88679244999999995,0.98492086000000001
151673,151673,BANKSY,1,15,0.60330532000000003,0.96078430999999997,0.99511715999999995
151673,151673,BANKSY,1,16,0.60109022999999995,0.96078430999999997,0.99469558000000002
151673,151673,BANKSY,1,18,0.564272,0.88679244999999995,0.98492086000000001
151673,151673,BANKSY,1,19,0.57214237999999995,0.5625,0.87072031999999999
151673,151673,BANKSY,2,4,0.97018351999999997,0.96078430999999997,0.99747763
151673,151673,BANKSY,2,10,0.99973825000000005,1,1
151673,151673,BANKSY,2,11,0.57612222999999996,0.88679244999999995,0.96238206999999998
151673,151673,BANKSY,2,13,1,1,1
151673,151673,BANKSY,2,15,0.59580147000000006,0.88679244999999995,0.98685690999999998
151673,151673,BANKSY,2,16,0.59240367000000005,0.88679244999999995,0.98636122999999998
151673,151673,BANKSY,2,18,0.99973825000000005,1,1
151673,151673,BANKSY,2,19,0.93140575999999997,0.88679244999999995,0.97954554000000005
151673,151673,BANKSY,3,5,0.96442359,0.96078430999999997,0.98735366000000002
151673,151673,BANKSY,3,6,0.96442359,0.96078430999999997,0.98735366000000002
151673,151673,BANKSY,3,9,0.96442359,0.96078430999999997,0.98735366000000002
151673,151673,BANKSY,3,12,0.96442359,0.96078430999999997,0.98735366000000002
151673,151673,BANKSY,3,14,0.94061587999999996,0.88679244999999995,0.98112575000000002
151673,151673,BANKSY,3,17,0.96269819000000001,0.96078430999999997,0.98735366000000002
151673,151673,BANKSY,4,8,0.57913862999999999,0.92307691999999997,0.95165829000000002
151673,151673,BANKSY,4,10,0.97044463000000003,0.96078430999999997,0.99879227999999998
151673,151673,BANKSY,4,11,0.59038796000000004,0.88679244999999995,0.98573345000000001
151673,151673,BANKSY,4,13,0.97018351999999997,0.96078430999999997,0.99747763
151673,151673,BANKSY,4,15,0.60747127999999995,0.88679244999999995,0.98773336
151673,151673,BANKSY,4,16,0.60400776,0.88679244999999995,0.98742969999999997
151673,151673,BANKSY,4,18,0.97044463000000003,0.96078430999999997,0.99879227999999998
151673,151673,BANKSY,4,19,0.95454885,0.88679244999999995,0.99238344999999994
151673,151673,BANKSY,4,20,0.57669610999999998,0.92307691999999997,0.95165829000000002
151673,151673,BANKSY,5,6,1,1,1
151673,151673,BANKSY,5,9,1,1,1
151673,151673,BANKSY,5,12,1,1,1
151673,151673,BANKSY,5,14,0.96802458000000002,0.92307691999999997,0.99436161000000001
151673,151673,BANKSY,5,17,0.99824044999999995,1,1
151673,151673,BANKSY,6,9,1,1,1
151673,151673,BANKSY,6,12,1,1,1
151673,151673,BANKSY,6,14,0.96802458000000002,0.92307691999999997,0.99436161000000001
151673,151673,BANKSY,6,17,0.99824044999999995,1,1
151673,151673,BANKSY,8,11,0.96813819000000001,0.92307691999999997,0.94659318000000003
151673,151673,BANKSY,8,15,0.59097473,0.88679244999999995,0.88562969000000002
151673,151673,BANKSY,8,16,0.58872420999999997,0.88679244999999995,0.88562969000000002
151673,151673,BANKSY,8,19,0.57397810000000005,0.85185184999999997,0.88159381000000003
151673,151673,BANKSY,8,20,0.99734535999999996,1,1
151673,151673,BANKSY,9,12,1,1,1
151673,151673,BANKSY,9,14,0.96802458000000002,0.92307691999999997,0.99436161000000001
151673,151673,BANKSY,9,17,0.99824044999999995,1,1
151673,151673,BANKSY,10,11,0.57592027000000001,0.88679244999999995,0.96238206999999998
151673,151673,BANKSY,10,13,0.99973825000000005,1,1
151673,151673,BANKSY,10,15,0.59557236000000002,0.88679244999999995,0.98685690999999998
151673,151673,BANKSY,10,16,0.59217447000000001,0.88679244999999995,0.98636122999999998
151673,151673,BANKSY,10,18,1,1,1
151673,151673,BANKSY,10,19,0.93118020000000001,0.88679244999999995,0.97954554000000005
151673,151673,BANKSY,11,13,0.57612222999999996,0.88679244999999995,0.96238206999999998
151673,151673,BANKSY,11,15,0.61408810999999996,0.5625,0.74016389000000005
151673,151673,BANKSY,11,16,0.61182462999999998,0.5625,0.74016389000000005
151673,151673,BANKSY,11,18,0.57592027000000001,0.88679244999999995,0.96238206999999998
151673,151673,BANKSY,11,19,0.58445422999999996,0.88679244999999995,0.92353357000000003
151673,151673,BANKSY,11,20,0.96901868999999996,0.92307691999999997,0.94659318000000003
151673,151673,BANKSY,12,14,0.96802458000000002,0.92307691999999997,0.99436161000000001
151673,151673,BANKSY,12,17,0.99824044999999995,1,1
151673,151673,BANKSY,13,15,0.59580147000000006,0.88679244999999995,0.98685690999999998
151673,151673,BANKSY,13,16,0.59240367000000005,0.88679244999999995,0.98636122999999998
151673,151673,BANKSY,13,18,0.99973825000000005,1,1
151673,151673,BANKSY,13,19,0.93140575999999997,0.88679244999999995,0.97954554000000005
151673,151673,BANKSY,14,17,0.96802986000000002,0.96078430999999997,0.99436161000000001
151673,151673,BANKSY,15,16,0.99494057000000002,1,1
151673,151673,BANKSY,15,18,0.59557236000000002,0.88679244999999995,0.98685690999999998
151673,151673,BANKSY,15,19,0.60362561999999997,0.69491524999999998,0.87370250999999999
151673,151673,BANKSY,15,20,0.58992135999999995,0.88679244999999995,0.88562969000000002
151673,151673,BANKSY,16,18,0.59217447000000001,0.88679244999999995,0.98636122999999998
151673,151673,BANKSY,16,19,0.60085798000000001,0.66666667000000002,0.87161420000000001
151673,151673,BANKSY,16,20,0.58767024000000001,0.88679244999999995,0.88562969000000002
151673,151673,BANKSY,18,19,0.93118020000000001,0.88679244999999995,0.97954554000000005
151673,151673,SEDR,1,4,0.81516397119999995,0.78571428570000001,0.93207789559999998
151673,151673,SEDR,1,9,0.81592860050000005,0.78571428570000001,0.95421605050000002
151673,151673,SEDR,1,12,0.68618068379999986,0.72413793100000001,0.93186136399999997
151673,151673,SEDR,1,16,0.80051465669999988,0.81818181820000002,0.93827502470000002
151673,151673,SEDR,1,19,0.74577704590000005,0.78571428570000001,0.92587275349999998
151673,151673,SEDR,1,20,0.79295872190000005,0.75438596489999987,0.94850590980000005
151673,151673,SEDR,2,3,0.8876622207,0.88679245279999985,0.96725857500000001
151673,151673,SEDR,2,10,0.79299505309999985,0.81818181820000002,0.95598050040000004
151673,151673,SEDR,2,11,0.85351856039999985,0.85185185190000001,0.96625420780000004
151673,151673,SEDR,2,14,0.75482351380000001,0.78571428570000001,0.93990317020000003
151673,151673,SEDR,2,15,0.78426489170000002,0.85185185190000001,0.94276808079999996
151673,151673,SEDR,3,5,0.86830939750000002,0.85185185190000001,0.96406758179999996
151673,151673,SEDR,3,8,0.6729571017,0.6949152542,0.88253157810000005
151673,151673,SEDR,3,15,0.78348958040000005,0.85185185190000001,0.95299014719999997
151673,151673,SEDR,3,17,0.74767270159999988,0.66666666669999985,0.94007737020000004
151673,151673,SEDR,4,5,0.79746610060000001,0.81818181820000002,0.95086601230000001
151673,151673,SEDR,4,6,0.78740156409999995,0.81818181820000002,0.95146265510000005
151673,151673,SEDR,4,16,0.81291457700000003,0.81818181820000002,0.95193477950000005
151673,151673,SEDR,4,20,0.80808123460000003,0.72413793100000001,0.95280381339999998
151673,151673,SEDR,5,6,0.88619618970000003,0.85185185190000001,0.96888442009999998
151673,151673,SEDR,5,8,0.71832648320000003,0.72413793100000001,0.90567056059999995
151673,151673,SEDR,5,17,0.70469950309999985,0.6949152542,0.91672781069999998
151673,151673,SEDR,6,8,0.70263637840000004,0.75438596489999987,0.8932525308
151673,151673,SEDR,6,17,0.72996685260000005,0.6949152542,0.93886453540000003
151673,151673,SEDR,8,15,0.60904379330000002,0.6949152542,0.89164540130000003
151673,151673,SEDR,8,17,0.54280929089999985,0.63934426229999985,0.84478273120000003
151673,151673,SEDR,9,12,0.68067366139999985,0.72413793100000001,0.91989944440000004
151673,151673,SEDR,9,16,0.791906051,0.81818181820000002,0.95422424019999996
151673,151673,SEDR,9,19,0.75811118740000005,0.75438596489999987,0.94147376189999998
151673,151673,SEDR,9,20,0.77269857460000002,0.78571428570000001,0.93606836360000001
151673,151673,SEDR,10,11,0.82706552619999985,0.81818181820000002,0.95992683109999999
151673,151673,SEDR,10,14,0.87548370539999987,0.81818181820000002,0.96180367580000004
151673,151673,SEDR,10,18,0.80652348460000001,0.75438596489999987,0.94977911979999996
151673,151673,SEDR,11,14,0.80191157859999995,0.75438596489999987,0.95090773719999999
151673,151673,SEDR,11,15,0.82906067679999995,0.78571428570000001,0.95574474620000005
151673,151673,SEDR,11,18,0.8520347197,0.85185185190000001,0.96051557779999996
151673,151673,SEDR,12,16,0.75039999040000005,0.72413793100000001,0.93632424089999999
151673,151673,SEDR,12,19,0.77635023240000001,0.75438596489999987,0.93561389370000003
151673,151673,SEDR,12,20,0.75858386509999987,0.75438596489999987,0.92068584539999998
151673,151673,SEDR,13,19,0.87187188270000004,0.85185185190000001,0.97171355729999997
151673,151673,SEDR,14,15,0.84913309309999985,0.81818181820000002,0.95451965230000002
151673,151673,SEDR,14,18,0.78996834859999987,0.78571428570000001,0.95510038350000004
151673,151673,SEDR,15,17,0.8304028966,0.85185185190000001,0.93639956229999999
151673,151673,SEDR,16,20,0.80113350890000001,0.81818181820000002,0.9497926149
151674,151674,GraphST,1,2,0.54739704,0.75438596000000002,0.90945898999999997
151674,151674,GraphST,1,3,0.66387240999999997,0.85185184999999997,0.91484186000000001
151674,151674,GraphST,1,5,0.62450647000000004,0.88679244999999995,0.92049647999999995
151674,151674,GraphST,1,7,0.62434436000000004,0.85185184999999997,0.92375452999999996
151674,151674,GraphST,1,9,0.60617863000000005,0.78571429000000004,0.88620193000000003
151674,151674,GraphST,1,13,0.65091169000000004,0.85185184999999997,0.90386401999999999
151674,151674,GraphST,1,18,0.66571457999999994,0.88679244999999995,0.90963415000000003
151674,151674,GraphST,1,19,0.62695128,0.81818181999999995,0.91356576
151674,151674,GraphST,2,3,0.54791188000000002,0.72413793000000004,0.90062903000000005
151674,151674,GraphST,2,5,0.56432623000000004,0.69491524999999998,0.90455516999999996
151674,151674,GraphST,2,6,0.54039351000000002,0.81818181999999995,0.88559076999999997
151674,151674,GraphST,2,9,0.54108705999999995,0.72413793000000004,0.88834913999999998
151674,151674,GraphST,2,10,0.50212796999999998,0.75438596000000002,0.87646636
151674,151674,GraphST,2,13,0.51334986000000005,0.69491524999999998,0.89280559999999998
151674,151674,GraphST,2,15,0.56486537999999997,0.85185184999999997,0.91842212000000001
151674,151674,GraphST,2,18,0.55488797000000001,0.72413793000000004,0.90390508999999997
151674,151674,GraphST,2,19,0.54209666000000001,0.75438596000000002,0.89802563000000002
151674,151674,GraphST,3,5,0.65280737,0.85185184999999997,0.91087138999999995
151674,151674,GraphST,3,7,0.64694309999999999,0.85185184999999997,0.93454472
151674,151674,GraphST,3,18,0.68697204999999995,0.92307691999999997,0.92509087000000001
151674,151674,GraphST,4,6,0.59163096999999998,0.85185184999999997,0.91937869000000005
151674,151674,GraphST,4,8,0.66118958999999999,0.85185184999999997,0.92576082999999998
151674,151674,GraphST,4,10,0.56005181000000004,0.85185184999999997,0.90139524999999998
151674,151674,GraphST,4,12,0.55343463999999998,0.88679244999999995,0.89096779000000004
151674,151674,GraphST,4,14,0.60396662999999995,0.85185184999999997,0.91302985999999997
151674,151674,GraphST,4,15,0.62109303999999999,0.85185184999999997,0.91377775000000006
151674,151674,GraphST,4,16,0.50617025999999998,0.85185184999999997,0.88599623999999999
151674,151674,GraphST,4,17,0.57177754999999997,0.85185184999999997,0.90928721000000001
151674,151674,GraphST,4,20,0.60594731999999996,0.88679244999999995,0.92197996000000004
151674,151674,GraphST,5,9,0.61897013000000001,0.78571429000000004,0.88208078000000001
151674,151674,GraphST,5,13,0.63265267999999997,0.88679244999999995,0.92342157999999996
151674,151674,GraphST,5,18,0.65967388000000005,0.88679244999999995,0.91909107999999995
151674,151674,GraphST,5,19,0.62385455999999995,0.88679244999999995,0.90818047000000002
151674,151674,GraphST,6,8,0.61668270999999997,0.88679244999999995,0.89931591
151674,151674,GraphST,6,9,0.57016644999999999,0.75438596000000002,0.91234663000000005
151674,151674,GraphST,6,10,0.61779898,0.85185184999999997,0.89353011000000004
151674,151674,GraphST,6,12,0.58143730000000005,0.85185184999999997,0.86952836
151674,151674,GraphST,6,13,0.56340140000000005,0.78571429000000004,0.88018532000000005
151674,151674,GraphST,6,15,0.55598312999999999,0.78571429000000004,0.88467364999999998
151674,151674,GraphST,6,16,0.57425294000000005,0.88679244999999995,0.88302106000000002
151674,151674,GraphST,6,19,0.58303649000000002,0.88679244999999995,0.90570185999999997
151674,151674,GraphST,6,20,0.60879313000000002,0.88679244999999995,0.91390041
151674,151674,GraphST,7,18,0.63790842000000003,0.85185184999999997,0.92515915999999998
151674,151674,GraphST,8,10,0.56606144999999997,0.85185184999999997,0.90790780999999998
151674,151674,GraphST,8,12,0.55197035999999999,0.85185184999999997,0.89691975000000002
151674,151674,GraphST,8,14,0.61485069999999997,0.81818181999999995,0.91880125000000001
151674,151674,GraphST,8,15,0.65330502000000001,0.88679244999999995,0.92103051999999996
151674,151674,GraphST,8,16,0.53252823999999999,0.85185184999999997,0.89442776000000002
151674,151674,GraphST,8,17,0.58437302999999996,0.81818181999999995,0.91721741000000001
151674,151674,GraphST,8,20,0.61011751000000003,0.85185184999999997,0.92261464999999998
151674,151674,GraphST,9,10,0.54609916999999997,0.75438596000000002,0.88565651000000001
151674,151674,GraphST,9,13,0.64300674000000002,0.78571429000000004,0.89200665999999995
151674,151674,GraphST,9,15,0.63214908000000003,0.81818181999999995,0.86670088000000001
151674,151674,GraphST,9,16,0.47784837000000002,0.72413793000000004,0.86628759
151674,151674,GraphST,9,19,0.67272664000000004,0.85185184999999997,0.93624127999999995
151674,151674,GraphST,10,12,0.58988739999999995,0.88679244999999995,0.89485809999999999
151674,151674,GraphST,10,13,0.55611193000000003,0.81818181999999995,0.87781094000000004
151674,151674,GraphST,10,15,0.53027533000000004,0.75438596000000002,0.89076493000000001
151674,151674,GraphST,10,16,0.59985719000000004,0.88679244999999995,0.89132164000000003
151674,151674,GraphST,10,19,0.58490602999999997,0.85185184999999997,0.89853072
151674,151674,GraphST,10,20,0.56340212999999995,0.85185184999999997,0.91353119999999999
151674,151674,GraphST,11,14,0.58438164999999997,0.88679244999999995,0.91835564000000003
151674,151674,GraphST,11,17,0.62105891999999996,0.85185184999999997,0.92461970000000004
151674,151674,GraphST,12,15,0.54322893000000005,0.85185184999999997,0.88642462
151674,151674,GraphST,12,16,0.59830280999999996,0.88679244999999995,0.90201107000000003
151674,151674,GraphST,12,17,0.59068122000000001,0.88679244999999995,0.90111832000000003
151674,151674,GraphST,12,20,0.5638396,0.85185184999999997,0.90598659000000004
151674,151674,GraphST,13,15,0.64126004000000003,0.85185184999999997,0.92180461999999996
151674,151674,GraphST,13,16,0.52475393000000004,0.69491524999999998,0.89121507
151674,151674,GraphST,13,19,0.67420153000000005,0.81818181999999995,0.92090545999999995
151674,151674,GraphST,14,17,0.62051643999999995,0.81818181999999995,0.91904134999999998
151674,151674,GraphST,14,20,0.63092086999999997,0.85185184999999997,0.92743370999999997
151674,151674,GraphST,15,16,0.50333338999999999,0.78571429000000004,0.89540863000000004
151674,151674,GraphST,15,19,0.64697315,0.81818181999999995,0.90126978999999996
151674,151674,GraphST,15,20,0.57410912000000003,0.81818181999999995,0.90392527
151674,151674,GraphST,16,20,0.52994417999999999,0.85185184999999997,0.89685386
151674,151674,GraphST,17,20,0.58709418000000002,0.85185184999999997,0.91859272999999997
151674,151674,STAGATE,1,3,0.63827204000000004,0.81818181999999995,0.90719780000000005
151674,151674,STAGATE,1,4,0.55912068000000004,0.69491524999999998,0.90222446000000001
151674,151674,STAGATE,1,6,0.68912921999999999,0.88679244999999995,0.93541795999999999
151674,151674,STAGATE,1,8,0.56100108000000004,0.69491524999999998,0.90578550000000002
151674,151674,STAGATE,1,10,0.43510057000000002,0.58730159000000004,0.88379954000000005
151674,151674,STAGATE,1,12,0.69368651000000003,0.78571429000000004,0.93292441999999998
151674,151674,STAGATE,1,14,0.73004572999999995,0.85185184999999997,0.93742532000000001
151674,151674,STAGATE,1,15,0.43016188999999999,0.69491524999999998,0.89473451999999998
151674,151674,STAGATE,1,16,0.55956728,0.75438596000000002,0.90744751000000001
151674,151674,STAGATE,1,17,0.51651453000000003,0.78571429000000004,0.81419825000000001
151674,151674,STAGATE,1,19,0.72612893999999994,0.85185184999999997,0.93972100999999997
151674,151674,STAGATE,1,20,0.54640200999999999,0.75438596000000002,0.89788524999999997
151674,151674,STAGATE,2,4,0.61948585,0.81818181999999995,0.93079381000000005
151674,151674,STAGATE,2,5,0.49889918999999999,0.85185184999999997,0.90429749999999998
151674,151674,STAGATE,2,11,0.66638567999999998,0.85185184999999997,0.91250377999999999
151674,151674,STAGATE,2,13,0.57277739999999999,0.85185184999999997,0.89178902999999998
151674,151674,STAGATE,2,15,0.50801987999999998,0.81818181999999995,0.90140798
151674,151674,STAGATE,2,16,0.62617486,0.85185184999999997,0.90970801000000001
151674,151674,STAGATE,3,6,0.70370436999999997,0.81818181999999995,0.92235555999999996
151674,151674,STAGATE,3,9,0.64298281000000002,0.75438596000000002,0.88931636999999997
151674,151674,STAGATE,3,10,0.43727107999999998,0.61290323000000002,0.75134851999999996
151674,151674,STAGATE,3,17,0.46399051000000002,0.5625,0.75372287999999998
151674,151674,STAGATE,3,19,0.69072909999999998,0.88679244999999995,0.93406966000000002
151674,151674,STAGATE,4,5,0.55251724999999996,0.72413793000000004,0.91928567999999999
151674,151674,STAGATE,4,6,0.60206232000000004,0.81818181999999995,0.92946375000000003
151674,151674,STAGATE,4,8,0.68552246999999999,0.85185184999999997,0.94020028
151674,151674,STAGATE,4,11,0.66124194000000003,0.88679244999999995,0.93201628999999997
151674,151674,STAGATE,4,12,0.52849467999999999,0.78571429000000004,0.88444809000000002
151674,151674,STAGATE,4,13,0.60387822000000002,0.81818181999999995,0.92606440000000001
151674,151674,STAGATE,4,14,0.56682425999999997,0.69491524999999998,0.90800811999999997
151674,151674,STAGATE,4,15,0.57687091000000001,0.81818181999999995,0.93223062000000001
151674,151674,STAGATE,4,16,0.68523049000000003,0.85185184999999997,0.94339952000000005
151674,151674,STAGATE,4,17,0.61351162999999997,0.78571429000000004,0.90691387999999995
151674,151674,STAGATE,4,19,0.60270467999999999,0.78571429000000004,0.92529894000000001
151674,151674,STAGATE,4,20,0.67813270000000003,0.81818181999999995,0.93176859999999995
151674,151674,STAGATE,5,8,0.55109834999999996,0.72413793000000004,0.91052730000000004
151674,151674,STAGATE,5,11,0.51774492999999999,0.78571429000000004,0.90889165999999999
151674,151674,STAGATE,5,12,0.67222694999999999,0.85185184999999997,0.92131010999999996
151674,151674,STAGATE,5,13,0.51393482000000001,0.75438596000000002,0.90884149000000003
151674,151674,STAGATE,5,14,0.68351711000000004,0.78571429000000004,0.91768848999999997
151674,151674,STAGATE,5,15,0.43309829,0.69491524999999998,0.92767889999999997
151674,151674,STAGATE,5,16,0.57188251999999995,0.78571429000000004,0.92684411
151674,151674,STAGATE,6,8,0.57507299999999995,0.81818181999999995,0.92440507000000005
151674,151674,STAGATE,6,10,0.45818836000000002,0.58730159000000004,0.87587634999999997
151674,151674,STAGATE,6,12,0.67245507999999998,0.81818181999999995,0.92260483999999998
151674,151674,STAGATE,6,14,0.71628499000000001,0.85185184999999997,0.93569060000000004
151674,151674,STAGATE,6,15,0.47329146,0.66666667000000002,0.89880709999999997
151674,151674,STAGATE,6,16,0.58318972000000002,0.78571429000000004,0.91449583999999995
151674,151674,STAGATE,6,17,0.48215571000000002,0.81818181999999995,0.79836092999999997
151674,151674,STAGATE,6,19,0.72740660999999995,0.88679244999999995,0.92358744999999998
151674,151674,STAGATE,6,20,0.55222704,0.81818181999999995,0.91724240999999995
151674,151674,STAGATE,7,9,0.60170920999999999,0.63934426,0.52618628999999995
151674,151674,STAGATE,7,10,0.48938531000000002,0.63934426,0.81355696
151674,151674,STAGATE,8,11,0.67254760000000002,0.92307691999999997,0.91966996000000001
151674,151674,STAGATE,8,12,0.55561689999999997,0.75438596000000002,0.89310208000000002
151674,151674,STAGATE,8,13,0.58426794999999998,0.81818181999999995,0.89234457
151674,151674,STAGATE,8,14,0.57983059000000003,0.69491524999999998,0.89207175999999999
151674,151674,STAGATE,8,15,0.54903343000000004,0.85185184999999997,0.90772213999999996
151674,151674,STAGATE,8,16,0.68711222000000005,0.92307691999999997,0.93256605999999997
151674,151674,STAGATE,8,17,0.63887791999999999,0.85185184999999997,0.91967009
151674,151674,STAGATE,8,19,0.56397054000000002,0.75438596000000002,0.89577660999999997
151674,151674,STAGATE,8,20,0.67530336999999996,0.88679244999999995,0.93329574999999998
151674,151674,STAGATE,9,10,0.39384802000000002,0.49253731000000001,0.75527297999999998
151674,151674,STAGATE,10,17,0.47428210999999998,0.78571429000000004,0.78325619000000002
151674,151674,STAGATE,10,19,0.43364722999999999,0.58730159000000004,0.86407400000000001
151674,151674,STAGATE,11,12,0.56630444000000002,0.81818181999999995,0.90242425999999998
151674,151674,STAGATE,11,13,0.59446641,0.88679244999999995,0.92785909
151674,151674,STAGATE,11,14,0.55028421999999999,0.78571429000000004,0.91325149000000005
151674,151674,STAGATE,11,15,0.53795504999999999,0.85185184999999997,0.93192185999999999
151674,151674,STAGATE,11,16,0.69698395000000002,0.88679244999999995,0.93985834000000001
151674,151674,STAGATE,12,13,0.46833162,0.78571429000000004,0.89642933999999996
151674,151674,STAGATE,12,14,0.70736193999999997,0.85185184999999997,0.92987779000000004
151674,151674,STAGATE,12,15,0.42996944999999998,0.81818181999999995,0.92927199000000005
151674,151674,STAGATE,12,16,0.53981961999999994,0.75438596000000002,0.91218893999999995
151674,151674,STAGATE,12,17,0.50848521000000002,0.81818181999999995,0.83399047999999998
151674,151674,STAGATE,12,19,0.70717300999999999,0.81818181999999995,0.93485231000000002
151674,151674,STAGATE,12,20,0.55414410000000003,0.81818181999999995,0.90032084999999995
151674,151674,STAGATE,13,14,0.46771221000000002,0.69491524999999998,0.91006041999999998
151674,151674,STAGATE,13,15,0.62650444999999999,0.88679244999999995,0.93127428999999995
151674,151674,STAGATE,13,16,0.61797621000000003,0.88679244999999995,0.93217550000000005
151674,151674,STAGATE,14,15,0.42872484,0.72413793000000004,0.88307826
151674,151674,STAGATE,14,16,0.58046385,0.75438596000000002,0.90198979000000001
151674,151674,STAGATE,14,17,0.50731866999999997,0.75438596000000002,0.81454861000000001
151674,151674,STAGATE,14,19,0.71902401000000005,0.78571429000000004,0.92629236999999998
151674,151674,STAGATE,14,20,0.55357835,0.75438596000000002,0.90152098999999997
151674,151674,STAGATE,15,16,0.56793340000000003,0.85185184999999997,0.93897525999999998
151674,151674,STAGATE,15,17,0.48446938000000001,0.81818181999999995,0.76821865
151674,151674,STAGATE,15,19,0.46479354000000001,0.78571429000000004,0.93980737999999997
151674,151674,STAGATE,15,20,0.54126282999999997,0.88679244999999995,0.93204092000000005
151674,151674,STAGATE,16,17,0.63098368999999999,0.85185184999999997,0.93405011999999998
151674,151674,STAGATE,16,19,0.58777254999999995,0.78571429000000004,0.93429289000000004
151674,151674,STAGATE,16,20,0.70213331000000001,0.88679244999999995,0.94340449999999998
151674,151674,STAGATE,17,19,0.49414611000000003,0.78571429000000004,0.81515161999999997
151674,151674,STAGATE,17,20,0.62139953999999997,0.85185184999999997,0.92433677000000003
151674,151674,STAGATE,19,20,0.57353869999999996,0.75438596000000002,0.92684188999999995
151674,151674,SpaGCN,1,2,0.73183357999999998,0.75438596000000002,0.92779367999999995
151674,151674,SpaGCN,1,3,0.73986845999999995,0.78571429000000004,0.95572968000000003
151674,151674,SpaGCN,1,5,0.68567900000000004,0.75438596000000002,0.9448761
151674,151674,SpaGCN,1,7,0.68635886000000002,0.78571429000000004,0.9425713
151674,151674,SpaGCN,1,8,0.66511211999999997,0.69491524999999998,0.93051112999999996
151674,151674,SpaGCN,1,10,0.69609456000000003,0.75438596000000002,0.94114620000000004
151674,151674,SpaGCN,1,12,0.75862026999999999,0.81818181999999995,0.94950893000000003
151674,151674,SpaGCN,1,13,0.75488239000000001,0.78571429000000004,0.95796418000000005
151674,151674,SpaGCN,1,14,0.73352529,0.81818181999999995,0.95236704999999999
151674,151674,SpaGCN,1,15,0.79500636000000002,0.85185184999999997,0.95839836
151674,151674,SpaGCN,1,18,0.72406462999999999,0.78571429000000004,0.94680719000000002
151674,151674,SpaGCN,1,20,0.73655517000000004,0.81818181999999995,0.95216685000000001
151674,151674,SpaGCN,2,3,0.68330599999999997,0.81818181999999995,0.91689582000000003
151674,151674,SpaGCN,2,5,0.79494706000000004,0.81818181999999995,0.94687832000000005
151674,151674,SpaGCN,2,6,0.74290113000000002,0.85185184999999997,0.93513791999999996
151674,151674,SpaGCN,2,7,0.70272749000000001,0.81818181999999995,0.92367801999999999
151674,151674,SpaGCN,2,8,0.68848743999999995,0.78571429000000004,0.91171818999999998
151674,151674,SpaGCN,2,10,0.76114062999999998,0.78571429000000004,0.94024578999999997
151674,151674,SpaGCN,2,11,0.57821111000000003,0.69491524999999998,0.88888754999999997
151674,151674,SpaGCN,2,12,0.75316885,0.88679244999999995,0.93752442000000002
151674,151674,SpaGCN,2,13,0.73858166999999997,0.81818181999999995,0.92996122000000003
151674,151674,SpaGCN,2,14,0.73710182000000002,0.85185184999999997,0.93475971000000002
151674,151674,SpaGCN,2,15,0.70822786999999998,0.81818181999999995,0.92690835999999999
151674,151674,SpaGCN,2,18,0.72038139999999995,0.78571429000000004,0.94355937999999995
151674,151674,SpaGCN,2,20,0.74809440999999999,0.85185184999999997,0.93946308000000001
151674,151674,SpaGCN,3,5,0.68668669000000004,0.75438596000000002,0.93641233999999995
151674,151674,SpaGCN,3,6,0.74550693999999995,0.81818181999999995,0.95163874000000004
151674,151674,SpaGCN,3,7,0.79703915000000003,0.85185184999999997,0.96152411999999998
151674,151674,SpaGCN,3,8,0.75474332,0.81818181999999995,0.93905198000000001
151674,151674,SpaGCN,3,10,0.73014045000000005,0.85185184999999997,0.93699346999999999
151674,151674,SpaGCN,3,11,0.5173664,0.63934426,0.86797396000000004
151674,151674,SpaGCN,3,12,0.80892213999999996,0.88679244999999995,0.96342337
151674,151674,SpaGCN,3,13,0.77876182000000005,0.85185184999999997,0.95472752000000005
151674,151674,SpaGCN,3,14,0.78970962,0.88679244999999995,0.95652225999999996
151674,151674,SpaGCN,3,15,0.71367349000000002,0.85185184999999997,0.93910187000000001
151674,151674,SpaGCN,3,18,0.71434492999999999,0.85185184999999997,0.92264752999999999
151674,151674,SpaGCN,3,19,0.71652145,0.75438596000000002,0.93448291000000006
151674,151674,SpaGCN,3,20,0.77758020999999999,0.85185184999999997,0.95733080999999998
151674,151674,SpaGCN,4,5,0.72631261000000003,0.81818181999999995,0.96376768000000002
151674,151674,SpaGCN,4,6,0.77028421000000002,0.88679244999999995,0.96054841999999996
151674,151674,SpaGCN,4,7,0.782416,0.88679244999999995,0.97116685000000003
151674,151674,SpaGCN,4,8,0.75479479000000005,0.75438596000000002,0.95712565999999999
151674,151674,SpaGCN,4,10,0.73972008,0.78571429000000004,0.95494765000000004
151674,151674,SpaGCN,4,11,0.55799805000000002,0.85185184999999997,0.92999122000000001
151674,151674,SpaGCN,4,17,0.58356052000000003,0.85185184999999997,0.92645657999999997
151674,151674,SpaGCN,4,18,0.68905987999999996,0.69491524999999998,0.9543587
151674,151674,SpaGCN,4,19,0.73313713999999996,0.81818181999999995,0.95760533999999997
151674,151674,SpaGCN,4,20,0.77407238,0.88679244999999995,0.97075685
151674,151674,SpaGCN,5,6,0.76275771000000003,0.85185184999999997,0.95049653999999995
151674,151674,SpaGCN,5,7,0.72531749999999995,0.81818181999999995,0.95658557
151674,151674,SpaGCN,5,8,0.74337251999999998,0.81818181999999995,0.95973171999999995
151674,151674,SpaGCN,5,10,0.75413870000000005,0.81818181999999995,0.93676676999999997
151674,151674,SpaGCN,5,11,0.60990648000000003,0.75438596000000002,0.92725566000000004
151674,151674,SpaGCN,5,12,0.74685261999999997,0.88679244999999995,0.95671929
151674,151674,SpaGCN,5,13,0.76855061999999996,0.78571429000000004,0.95276139999999998
151674,151674,SpaGCN,5,14,0.73321035999999995,0.85185184999999997,0.95410465
151674,151674,SpaGCN,5,15,0.65902925999999995,0.81818181999999995,0.93015046000000001
151674,151674,SpaGCN,5,18,0.72799707000000002,0.81818181999999995,0.95505452000000002
151674,151674,SpaGCN,5,19,0.77067269999999999,0.85185184999999997,0.96212648999999995
151674,151674,SpaGCN,5,20,0.77679489000000002,0.88679244999999995,0.96277250999999997
151674,151674,SpaGCN,6,7,0.77663367999999999,0.81818181999999995,0.95978560000000002
151674,151674,SpaGCN,6,8,0.81323796999999998,0.85185184999999997,0.95722326999999996
151674,151674,SpaGCN,6,10,0.82953637999999996,0.85185184999999997,0.95817273000000003
151674,151674,SpaGCN,6,11,0.57373633999999996,0.72413793000000004,0.94130807000000005
151674,151674,SpaGCN,6,13,0.79560781000000003,0.88679244999999995,0.96214412999999999
151674,151674,SpaGCN,6,14,0.78643448999999999,0.81818181999999995,0.95463494000000004
151674,151674,SpaGCN,6,18,0.75265746,0.81818181999999995,0.95631851999999995
151674,151674,SpaGCN,6,19,0.78507864000000005,0.92307691999999997,0.96734708999999997
151674,151674,SpaGCN,6,20,0.81847780000000003,0.81818181999999995,0.96667634000000002
151674,151674,SpaGCN,7,8,0.81469566000000004,0.88679244999999995,0.95750789000000003
151674,151674,SpaGCN,7,10,0.77501520000000002,0.85185184999999997,0.94084268999999998
151674,151674,SpaGCN,7,11,0.55131943999999999,0.61290323000000002,0.91328728999999997
151674,151674,SpaGCN,7,13,0.78072684000000003,0.85185184999999997,0.95942547
151674,151674,SpaGCN,7,14,0.79357761999999998,0.92307691999999997,0.95279351000000001
151674,151674,SpaGCN,7,15,0.68396122999999998,0.78571429000000004,0.93386597000000005
151674,151674,SpaGCN,7,18,0.73143994999999995,0.78571429000000004,0.95335583000000002
151674,151674,SpaGCN,7,19,0.77772885000000003,0.81818181999999995,0.96162316000000003
151674,151674,SpaGCN,7,20,0.83289117999999995,0.88679244999999995,0.96273792000000002
151674,151674,SpaGCN,8,10,0.79512271000000001,0.81818181999999995,0.93854877999999997
151674,151674,SpaGCN,8,11,0.56428792000000005,0.69491524999999998,0.84019438000000002
151674,151674,SpaGCN,8,13,0.80959871000000005,0.85185184999999997,0.96515240000000002
151674,151674,SpaGCN,8,14,0.77473769999999997,0.85185184999999997,0.95249379999999995
151674,151674,SpaGCN,8,15,0.67559734000000005,0.81818181999999995,0.91320548999999995
151674,151674,SpaGCN,8,18,0.76955974000000005,0.85185184999999997,0.94535236
151674,151674,SpaGCN,8,19,0.80679471999999997,0.85185184999999997,0.96145106000000002
151674,151674,SpaGCN,8,20,0.81491130000000001,0.85185184999999997,0.96653617999999997
151674,151674,SpaGCN,9,16,0.71143020999999995,0.85185184999999997,0.95260075
151674,151674,SpaGCN,10,11,0.59138480000000004,0.63934426,0.91056440000000005
151674,151674,SpaGCN,10,12,0.75921481000000002,0.85185184999999997,0.94948549000000004
151674,151674,SpaGCN,10,13,0.79541589999999995,0.85185184999999997,0.95149161999999998
151674,151674,SpaGCN,10,14,0.76823585000000005,0.85185184999999997,0.92820104000000003
151674,151674,SpaGCN,10,15,0.70382641000000001,0.78571429000000004,0.93822532999999997
151674,151674,SpaGCN,10,18,0.77223279,0.81818181999999995,0.94703744999999995
151674,151674,SpaGCN,10,19,0.77687951,0.85185184999999997,0.94798645999999998
151674,151674,SpaGCN,10,20,0.82015444000000004,0.85185184999999997,0.95722057000000005
151674,151674,SpaGCN,11,13,0.54509479000000005,0.61290323000000002,0.83059625000000004
151674,151674,SpaGCN,11,14,0.54409415999999999,0.63934426,0.92445893999999995
151674,151674,SpaGCN,11,18,0.54787417999999999,0.69491524999999998,0.91978209
151674,151674,SpaGCN,11,19,0.61093030999999998,0.81818181999999995,0.90074465999999997
151674,151674,SpaGCN,11,20,0.55904182000000002,0.63934426,0.93355896999999999
151674,151674,SpaGCN,12,13,0.79856066999999997,0.85185184999999997,0.96274282
151674,151674,SpaGCN,12,14,0.81888702000000002,0.92307691999999997,0.96285750999999997
151674,151674,SpaGCN,12,15,0.76574352000000001,0.88679244999999995,0.94367142000000004
151674,151674,SpaGCN,13,14,0.78740520000000003,0.81818181999999995,0.94835791999999997
151674,151674,SpaGCN,13,15,0.72170902999999997,0.85185184999999997,0.93409218999999999
151674,151674,SpaGCN,13,18,0.80333149999999998,0.85185184999999997,0.95819801000000004
151674,151674,SpaGCN,13,19,0.78154758999999996,0.75438596000000002,0.97134474999999998
151674,151674,SpaGCN,13,20,0.84252565999999995,0.85185184999999997,0.97166395999999999
151674,151674,SpaGCN,14,15,0.75594797999999996,0.85185184999999997,0.94800371999999999
151674,151674,SpaGCN,14,18,0.7384617,0.81818181999999995,0.93251856
151674,151674,SpaGCN,14,19,0.72860745000000005,0.78571429000000004,0.9491115
151674,151674,SpaGCN,14,20,0.82686693,0.88679244999999995,0.96032965999999997
151674,151674,SpaGCN,15,18,0.73098700000000005,0.88679244999999995,0.93967328999999999
151674,151674,SpaGCN,15,20,0.74876651999999999,0.88679244999999995,0.94044377000000001
151674,151674,SpaGCN,18,19,0.76390226000000006,0.78571429000000004,0.96073657000000001
151674,151674,SpaGCN,18,20,0.79534212000000004,0.85185184999999997,0.96060603
151674,151674,SpaGCN,19,20,0.78492848000000004,0.78571429000000004,0.96460933999999998
151674,151674,BANKSY,1,2,0.99713417000000004,1,1
151674,151674,BANKSY,1,3,1,1,1
151674,151674,BANKSY,1,4,0.64957368000000004,0.92307691999999997,0.95001352999999999
151674,151674,BANKSY,1,6,0.99713417000000004,1,1
151674,151674,BANKSY,1,7,0.81522311999999997,0.88679244999999995,0.9612311
151674,151674,BANKSY,1,11,0.96709208999999996,0.92307691999999997,0.99508154000000004
151674,151674,BANKSY,1,12,1,1,1
151674,151674,BANKSY,1,13,0.72412529000000003,0.85185184999999997,0.93871473999999999
151674,151674,BANKSY,1,15,0.96427030999999996,0.92307691999999997,0.99484185000000003
151674,151674,BANKSY,1,16,0.64720632,0.92307691999999997,0.94322722000000003
151674,151674,BANKSY,1,17,0.96709208999999996,0.92307691999999997,0.99508154000000004
151674,151674,BANKSY,1,20,0.96520486000000005,0.92307691999999997,0.99500843999999999
151674,151674,BANKSY,2,3,0.99713417000000004,1,1
151674,151674,BANKSY,2,4,0.65175342999999997,0.92307691999999997,0.95001352999999999
151674,151674,BANKSY,2,6,1,1,1
151674,151674,BANKSY,2,7,0.81606694999999996,0.88679244999999995,0.96188667000000005
151674,151674,BANKSY,2,11,0.96614865000000005,0.92307691999999997,0.99479740999999999
151674,151674,BANKSY,2,12,0.99713417000000004,1,1
151674,151674,BANKSY,2,13,0.72390789,0.85185184999999997,0.93945100000000004
151674,151674,BANKSY,2,15,0.96332945999999997,0.92307691999999997,0.99460621000000005
151674,151674,BANKSY,2,16,0.64663126000000004,0.92307691999999997,0.94304858000000003
151674,151674,BANKSY,2,17,0.96614865000000005,0.92307691999999997,0.99479740999999999
151674,151674,BANKSY,2,20,0.96426312999999997,0.92307691999999997,0.99475241000000003
151674,151674,BANKSY,3,4,0.64957368000000004,0.92307691999999997,0.95001352999999999
151674,151674,BANKSY,3,6,0.99713417000000004,1,1
151674,151674,BANKSY,3,7,0.81522311999999997,0.88679244999999995,0.9612311
151674,151674,BANKSY,3,11,0.96709208999999996,0.92307691999999997,0.99508154000000004
151674,151674,BANKSY,3,12,1,1,1
151674,151674,BANKSY,3,13,0.72412529000000003,0.85185184999999997,0.93871473999999999
151674,151674,BANKSY,3,15,0.96427030999999996,0.92307691999999997,0.99484185000000003
151674,151674,BANKSY,3,16,0.64720632,0.92307691999999997,0.94322722000000003
151674,151674,BANKSY,3,17,0.96709208999999996,0.92307691999999997,0.99508154000000004
151674,151674,BANKSY,3,20,0.96520486000000005,0.92307691999999997,0.99500843999999999
151674,151674,BANKSY,4,6,0.65175342999999997,0.92307691999999997,0.95001352999999999
151674,151674,BANKSY,4,12,0.64957368000000004,0.92307691999999997,0.95001352999999999
151674,151674,BANKSY,4,13,0.50395592,0.85185184999999997,0.93424315999999996
151674,151674,BANKSY,4,16,0.46953277999999998,0.88679244999999995,0.91941421999999995
151674,151674,BANKSY,5,8,0.96688012999999995,0.92307691999999997,0.99137394999999995
151674,151674,BANKSY,5,19,0.96750471999999998,0.92307691999999997,0.99137394999999995
151674,151674,BANKSY,6,7,0.81606694999999996,0.88679244999999995,0.96188667000000005
151674,151674,BANKSY,6,11,0.96614865000000005,0.92307691999999997,0.99479740999999999
151674,151674,BANKSY,6,12,0.99713417000000004,1,1
151674,151674,BANKSY,6,13,0.72390789,0.85185184999999997,0.93945100000000004
151674,151674,BANKSY,6,15,0.96332945999999997,0.92307691999999997,0.99460621000000005
151674,151674,BANKSY,6,16,0.64663126000000004,0.92307691999999997,0.94304858000000003
151674,151674,BANKSY,6,17,0.96614865000000005,0.92307691999999997,0.99479740999999999
151674,151674,BANKSY,6,20,0.96426312999999997,0.92307691999999997,0.99475241000000003
151674,151674,BANKSY,7,11,0.81669817,0.92307691999999997,0.99247503000000004
151674,151674,BANKSY,7,12,0.81522311999999997,0.88679244999999995,0.9612311
151674,151674,BANKSY,7,13,0.75507632999999996,0.81818181999999995,0.95363240999999999
151674,151674,BANKSY,7,15,0.81917764999999998,0.96078430999999997,0.99247503000000004
151674,151674,BANKSY,7,16,0.57358958000000004,0.63934426,0.75683064
151674,151674,BANKSY,7,17,0.81669817,0.92307691999999997,0.99247503000000004
151674,151674,BANKSY,7,20,0.81832870000000002,0.96078430999999997,0.99247503000000004
151674,151674,BANKSY,8,19,0.99936552000000001,1,1
151674,151674,BANKSY,9,10,0.95907556999999999,0.92307691999999997,0.98342004999999999
151674,151674,BANKSY,9,11,0.84833826000000001,0.85185184999999997,0.97044295999999997
151674,151674,BANKSY,9,14,0.99741115999999996,1,1
151674,151674,BANKSY,9,15,0.84572013999999995,0.85185184999999997,0.97044295999999997
151674,151674,BANKSY,9,17,0.84833826000000001,0.85185184999999997,0.97044295999999997
151674,151674,BANKSY,9,20,0.84659508000000006,0.85185184999999997,0.97044295999999997
151674,151674,BANKSY,10,14,0.96161370000000002,0.92307691999999997,0.98397895999999996
151674,151674,BANKSY,11,12,0.96709208999999996,0.92307691999999997,0.99508154000000004
151674,151674,BANKSY,11,13,0.72395337000000004,0.72413793000000004,0.93282297000000003
151674,151674,BANKSY,11,14,0.84761481000000005,0.85185184999999997,0.97044295999999997
151674,151674,BANKSY,11,15,0.99521466000000003,1,1
151674,151674,BANKSY,11,16,0.63576600999999999,0.69491524999999998,0.75697139999999996
151674,151674,BANKSY,11,17,1,1,1
151674,151674,BANKSY,11,20,0.99808335999999998,1,1
151674,151674,BANKSY,12,13,0.72412529000000003,0.85185184999999997,0.93871473999999999
151674,151674,BANKSY,12,15,0.96427030999999996,0.92307691999999997,0.99484185000000003
151674,151674,BANKSY,12,16,0.64720632,0.92307691999999997,0.94322722000000003
151674,151674,BANKSY,12,17,0.96709208999999996,0.92307691999999997,0.99508154000000004
151674,151674,BANKSY,12,20,0.96520486000000005,0.92307691999999997,0.99500843999999999
151674,151674,BANKSY,13,15,0.72374101999999996,0.72413793000000004,0.93395074
151674,151674,BANKSY,13,16,0.66835586000000002,0.88679244999999995,0.94640029000000003
151674,151674,BANKSY,13,17,0.72395337000000004,0.72413793000000004,0.93282297000000003
151674,151674,BANKSY,13,20,0.72395337000000004,0.72413793000000004,0.93320793999999996
151674,151674,BANKSY,14,15,0.84499709999999995,0.85185184999999997,0.97044295999999997
151674,151674,BANKSY,14,17,0.84761481000000005,0.85185184999999997,0.97044295999999997
151674,151674,BANKSY,14,20,0.84587215000000004,0.85185184999999997,0.97044295999999997
151674,151674,BANKSY,15,16,0.63493463000000006,0.69491524999999998,0.75697139999999996
151674,151674,BANKSY,15,17,0.99521466000000003,1,1
151674,151674,BANKSY,15,20,0.99712637000000004,1,1
151674,151674,BANKSY,16,17,0.63576600999999999,0.69491524999999998,0.75697139999999996
151674,151674,BANKSY,16,20,0.63550023,0.69491524999999998,0.75697139999999996
151674,151674,BANKSY,17,20,0.99808335999999998,1,1
151674,151674,SEDR,1,2,0.76864492549999985,0.81818181820000002,0.94268523500000001
151674,151674,SEDR,1,7,0.71997872939999985,0.75438596489999987,0.89444935540000003
151674,151674,SEDR,1,9,0.78681164869999987,0.88679245279999985,0.94962939479999997
151674,151674,SEDR,1,15,0.83651362890000003,0.88679245279999985,0.9554636044
151674,151674,SEDR,1,19,0.68616520530000003,0.6949152542,0.90510108280000001
151674,151674,SEDR,2,7,0.74190108290000001,0.78571428570000001,0.88393673289999986
151674,151674,SEDR,3,6,0.52498292989999995,0.42857142860000003,0.70761873239999995
151674,151674,SEDR,3,11,0.50228015540000004,0.35135135140000001,0.5851777735
151674,151674,SEDR,3,13,0.51807396890000001,0.44927536229999993,0.69392204020000003
151674,151674,SEDR,3,20,0.56461747250000005,0.40845070420000001,0.72259280469999987
151674,151674,SEDR,4,12,0.8665313402,0.81818181820000002,0.94993985670000003
151674,151674,SEDR,4,14,0.8604788833,0.81818181820000002,0.93788602730000004
151674,151674,SEDR,4,16,0.84215935259999986,0.81818181820000002,0.94978302150000005
151674,151674,SEDR,5,12,0.8897562041,0.88679245279999985,0.96927886100000005
151674,151674,SEDR,5,18,0.90677223699999998,0.9230769231,0.97245737779999997
151674,151674,SEDR,6,11,0.72731059080000005,0.66666666669999985,0.88274783720000005
151674,151674,SEDR,6,13,0.75596369370000005,0.72413793100000001,0.88112249080000005
151674,151674,SEDR,6,20,0.75194738220000001,0.75438596489999987,0.89920000389999988
151674,151674,SEDR,7,19,0.78050680179999987,0.78571428570000001,0.92262774299999994
151674,151674,SEDR,8,17,0.62273288400000004,0.75438596489999987,0.88201260560000005
151674,151674,SEDR,9,10,0.71312587640000002,0.72413793100000001,0.90276413680000001
151674,151674,SEDR,9,13,0.73314290530000004,0.6949152542,0.9224695034
151674,151674,SEDR,9,15,0.76288238939999986,0.78571428570000001,0.94372596710000001
151674,151674,SEDR,9,19,0.6731926023,0.6949152542,0.89567718529999985
151674,151674,SEDR,10,13,0.71334259550000001,0.72413793100000001,0.86103286810000002
151674,151674,SEDR,10,15,0.62990556809999987,0.6949152542,0.86801313960000004
151674,151674,SEDR,10,19,0.64410771359999985,0.6949152542,0.88193003219999988
151674,151674,SEDR,10,20,0.69182472439999987,0.6949152542,0.86999407839999987
151674,151674,SEDR,11,13,0.71092289239999995,0.72413793100000001,0.88902830769999985
151674,151674,SEDR,11,20,0.67394240299999986,0.63934426229999985,0.88971214509999985
151674,151674,SEDR,12,14,0.87975089350000002,0.81818181820000002,0.96356994480000002
151674,151674,SEDR,12,16,0.83651038,0.81818181820000002,0.94209023579999995
151674,151674,SEDR,13,20,0.72558515020000003,0.6949152542,0.91258886319999999
151674,151674,SEDR,14,16,0.84339052810000004,0.88679245279999985,0.94836119959999998
151674,151674,SEDR,15,19,0.74649315009999995,0.75438596489999987,0.92049751339999997
151675,151675,GraphST,1,2,0.58922730999999995,0.75438596000000002,0.90759685999999995
151675,151675,GraphST,1,3,0.56562566999999997,0.75438596000000002,0.87013534000000003
151675,151675,GraphST,1,4,0.59148632999999995,0.81818181999999995,0.90375669999999997
151675,151675,GraphST,1,5,0.55282076999999996,0.69491524999999998,0.91936640999999997
151675,151675,GraphST,1,6,0.54341499999999998,0.66666667000000002,0.90503272999999995
151675,151675,GraphST,1,8,0.58300410000000003,0.75438596000000002,0.90569213999999998
151675,151675,GraphST,1,10,0.56245869000000004,0.78571429000000004,0.88454027999999996
151675,151675,GraphST,1,13,0.55253430000000003,0.75438596000000002,0.91870779999999996
151675,151675,GraphST,1,15,0.53424232000000005,0.75438596000000002,0.90844798000000004
151675,151675,GraphST,1,16,0.60579278999999997,0.75438596000000002,0.92481663000000003
151675,151675,GraphST,1,17,0.56185459999999998,0.66666667000000002,0.86812579999999995
151675,151675,GraphST,1,18,0.55748491,0.72413793000000004,0.89917157000000003
151675,151675,GraphST,2,3,0.52726901999999998,0.78571429000000004,0.91341837000000003
151675,151675,GraphST,2,5,0.48783992999999998,0.66666667000000002,0.88516119999999998
151675,151675,GraphST,2,6,0.49251714000000002,0.66666667000000002,0.90342233000000005
151675,151675,GraphST,2,8,0.63815741000000004,0.78571429000000004,0.91068439999999995
151675,151675,GraphST,2,10,0.55105461,0.78571429000000004,0.90834506999999998
151675,151675,GraphST,2,13,0.52647184999999996,0.81818181999999995,0.89867989999999998
151675,151675,GraphST,2,15,0.49154869000000001,0.75438596000000002,0.90726465999999995
151675,151675,GraphST,2,16,0.64837093999999995,0.72413793000000004,0.92592266999999995
151675,151675,GraphST,2,17,0.61475767000000003,0.63934426,0.92517430000000001
151675,151675,GraphST,2,18,0.63701629999999998,0.75438596000000002,0.94185432000000002
151675,151675,GraphST,3,6,0.56935179999999996,0.69491524999999998,0.92012095999999999
151675,151675,GraphST,3,10,0.57193497000000004,0.78571429000000004,0.91800355
151675,151675,GraphST,3,13,0.56742548999999998,0.72413793000000004,0.89730330000000003
151675,151675,GraphST,3,15,0.55707375000000003,0.81818181999999995,0.91769248999999997
151675,151675,GraphST,3,18,0.52100084000000002,0.78571429000000004,0.91139979000000004
151675,151675,GraphST,4,5,0.54141623999999999,0.75438596000000002,0.88809883000000001
151675,151675,GraphST,4,6,0.46821741,0.69491524999999998,0.86463020000000002
151675,151675,GraphST,4,7,0.58984621999999998,0.66666667000000002,0.86157843000000001
151675,151675,GraphST,4,8,0.69265933999999996,0.81818181999999995,0.92027585999999995
151675,151675,GraphST,4,9,0.48684479000000003,0.78571429000000004,0.87674626
151675,151675,GraphST,4,10,0.54074595000000003,0.75438596000000002,0.84892343999999997
151675,151675,GraphST,4,11,0.51528423999999995,0.61290323000000002,0.81843250000000001
151675,151675,GraphST,4,13,0.5348832,0.75438596000000002,0.89280271
151675,151675,GraphST,4,14,0.56255781000000005,0.75438596000000002,0.86885807000000004
151675,151675,GraphST,4,16,0.62092831999999998,0.75438596000000002,0.89877010000000002
151675,151675,GraphST,4,17,0.56730216,0.66666667000000002,0.85590639000000002
151675,151675,GraphST,4,20,0.60589011999999998,0.75438596000000002,0.88679251999999997
151675,151675,GraphST,5,6,0.52122482999999997,0.81818181999999995,0.90446159000000004
151675,151675,GraphST,5,7,0.47923141000000002,0.63934426,0.86680276000000001
151675,151675,GraphST,5,8,0.53589518000000003,0.75438596000000002,0.89193811000000001
151675,151675,GraphST,5,9,0.53074712000000002,0.78571429000000004,0.90916036
151675,151675,GraphST,5,10,0.5435449,0.78571429000000004,0.90122153000000005
151675,151675,GraphST,5,11,0.44539620000000002,0.5625,0.88691304000000004
151675,151675,GraphST,5,13,0.52111373000000005,0.72413793000000004,0.90920042999999995
151675,151675,GraphST,5,14,0.56232503,0.72413793000000004,0.90215433
151675,151675,GraphST,5,15,0.53408728999999999,0.75438596000000002,0.91194878999999995
151675,151675,GraphST,5,16,0.52015906000000001,0.75438596000000002,0.89750311000000005
151675,151675,GraphST,5,17,0.45230366999999999,0.61290323000000002,0.84573860000000001
151675,151675,GraphST,5,18,0.51399711000000003,0.75438596000000002,0.87524946000000003
151675,151675,GraphST,5,20,0.51417349000000001,0.72413793000000004,0.87839582000000005
151675,151675,GraphST,6,7,0.43192953000000001,0.66666667000000002,0.90920888
151675,151675,GraphST,6,8,0.45475473,0.78571429000000004,0.89911103999999997
151675,151675,GraphST,6,10,0.53809952000000005,0.75438596000000002,0.91768461000000001
151675,151675,GraphST,6,11,0.36217064999999998,0.5625,0.92199686999999997
151675,151675,GraphST,6,13,0.54442460999999998,0.75438596000000002,0.92149099000000001
151675,151675,GraphST,6,14,0.51899580000000001,0.75438596000000002,0.91066897999999996
151675,151675,GraphST,6,15,0.54694350000000003,0.78571429000000004,0.92416284999999998
151675,151675,GraphST,6,16,0.50007314999999997,0.72413793000000004,0.90734773999999996
151675,151675,GraphST,6,17,0.39619210999999999,0.58730159000000004,0.89214433999999998
151675,151675,GraphST,6,18,0.44523976999999998,0.75438596000000002,0.92681289
151675,151675,GraphST,6,20,0.44783479999999998,0.72413793000000004,0.91155947999999998
151675,151675,GraphST,7,8,0.60312314,0.69491524999999998,0.86925125999999997
151675,151675,GraphST,7,9,0.44412061000000003,0.69491524999999998,0.87400988000000002
151675,151675,GraphST,7,11,0.67444979000000005,0.75438596000000002,0.90822890000000001
151675,151675,GraphST,7,12,0.47386203999999998,0.63934426,0.85941171999999999
151675,151675,GraphST,7,14,0.60394243000000003,0.72413793000000004,0.94083083999999995
151675,151675,GraphST,7,16,0.64376500999999997,0.75438596000000002,0.90075419000000001
151675,151675,GraphST,7,17,0.70473247999999999,0.81818181999999995,0.93211195000000002
151675,151675,GraphST,7,20,0.63205272999999995,0.75438596000000002,0.91540474000000005
151675,151675,GraphST,8,9,0.48625810000000003,0.81818181999999995,0.90548200999999995
151675,151675,GraphST,8,10,0.55752473999999996,0.85185184999999997,0.89843441999999996
151675,151675,GraphST,8,11,0.54409951000000001,0.61290323000000002,0.87859730000000003
151675,151675,GraphST,8,13,0.52346791999999998,0.78571429000000004,0.89666228000000003
151675,151675,GraphST,8,14,0.57489266999999999,0.75438596000000002,0.87589828000000003
151675,151675,GraphST,8,15,0.50301903000000003,0.81818181999999995,0.87883928
151675,151675,GraphST,8,16,0.62632721000000002,0.81818181999999995,0.92992472999999998
151675,151675,GraphST,8,17,0.58627797000000004,0.63934426,0.86377077999999996
151675,151675,GraphST,8,18,0.66961831999999999,0.78571429000000004,0.92211980000000004
151675,151675,GraphST,8,20,0.59881136999999995,0.81818181999999995,0.89156100999999999
151675,151675,GraphST,9,11,0.38289842000000002,0.63934426,0.90841011000000005
151675,151675,GraphST,9,12,0.52315489000000004,0.61290323000000002,0.82482274
151675,151675,GraphST,9,14,0.53078934,0.78571429000000004,0.8868762
151675,151675,GraphST,9,16,0.47951025000000003,0.78571429000000004,0.92198172
151675,151675,GraphST,9,17,0.40813904000000001,0.61290323000000002,0.86583253999999998
151675,151675,GraphST,9,20,0.48950863999999999,0.81818181999999995,0.91297600000000001
151675,151675,GraphST,10,11,0.44508217,0.63934426,0.91632561000000001
151675,151675,GraphST,10,13,0.55855242999999999,0.81818181999999995,0.91591288000000004
151675,151675,GraphST,10,15,0.56023582999999999,0.78571429000000004,0.92054488999999995
151675,151675,GraphST,10,16,0.55119366999999997,0.85185184999999997,0.90580342999999997
151675,151675,GraphST,10,17,0.48375866000000001,0.63934426,0.91063545999999995
151675,151675,GraphST,10,18,0.53740385000000002,0.75438596000000002,0.93336258000000005
151675,151675,GraphST,11,12,0.39916836,0.5625,0.79371842999999997
151675,151675,GraphST,11,14,0.54997421999999996,0.81818181999999995,0.90134287999999996
151675,151675,GraphST,11,16,0.59525019000000001,0.69491524999999998,0.92255845999999997
151675,151675,GraphST,11,17,0.69761240000000002,0.72413793000000004,0.91105988000000004
151675,151675,GraphST,11,20,0.61996030000000002,0.69491524999999998,0.92757420000000002
151675,151675,GraphST,12,14,0.55064329000000001,0.63934426,0.86021265000000002
151675,151675,GraphST,12,20,0.47895104999999999,0.58730159000000004,0.81179844999999995
151675,151675,GraphST,13,15,0.54819607000000004,0.81818181999999995,0.91693321999999999
151675,151675,GraphST,13,16,0.52170333999999996,0.75438596000000002,0.91929826000000003
151675,151675,GraphST,13,17,0.44347238,0.66666667000000002,0.86887974000000001
151675,151675,GraphST,13,18,0.51324625999999995,0.75438596000000002,0.91111317999999997
151675,151675,GraphST,14,16,0.61919104999999997,0.75438596000000002,0.90924463
151675,151675,GraphST,14,17,0.56177679999999997,0.75438596000000002,0.92622777000000001
151675,151675,GraphST,14,20,0.62853842999999998,0.78571429000000004,0.91862405999999996
151675,151675,GraphST,15,16,0.50550618999999997,0.72413793000000004,0.92312273
151675,151675,GraphST,15,17,0.42708407999999998,0.66666667000000002,0.91779191999999998
151675,151675,GraphST,15,18,0.49594770999999999,0.85185184999999997,0.93380827
151675,151675,GraphST,16,17,0.61502367000000002,0.69491524999999998,0.89201112999999999
151675,151675,GraphST,16,18,0.60685540000000004,0.69491524999999998,0.92253262000000003
151675,151675,GraphST,16,20,0.63608575000000001,0.78571429000000004,0.92771707999999997
151675,151675,GraphST,17,18,0.57164588000000005,0.61290323000000002,0.91394441000000004
151675,151675,GraphST,17,20,0.62733921999999998,0.72413793000000004,0.92096208999999996
151675,151675,STAGATE,1,9,0.51959219000000001,0.53846154000000002,0.75611691000000003
151675,151675,STAGATE,1,10,0.55874151999999999,0.4084507,0.84117388000000004
151675,151675,STAGATE,1,11,0.57052404000000001,0.5625,0.83731211000000005
151675,151675,STAGATE,1,13,0.57457681000000005,0.5625,0.84632216999999998
151675,151675,STAGATE,1,14,0.54377171999999996,0.47058823999999999,0.83187045999999998
151675,151675,STAGATE,1,15,0.50348817999999995,0.51515151999999997,0.74535233000000001
151675,151675,STAGATE,1,16,0.55019224,0.16279070000000001,0.74418364000000004
151675,151675,STAGATE,2,3,0.64502638000000001,0.66666667000000002,0.87211865
151675,151675,STAGATE,2,6,0.65136799999999995,0.78571429000000004,0.90131967999999996
151675,151675,STAGATE,2,8,0.61834537000000001,0.69491524999999998,0.89746075000000003
151675,151675,STAGATE,2,12,0.65178636000000001,0.63934426,0.91654066000000001
151675,151675,STAGATE,2,17,0.62015807999999994,0.61290323000000002,0.90010266999999999
151675,151675,STAGATE,2,18,0.57428573000000005,0.61290323000000002,0.86175082999999997
151675,151675,STAGATE,2,19,0.59401453999999998,0.66666667000000002,0.87248051000000004
151675,151675,STAGATE,3,5,0.70516078000000004,0.75438596000000002,0.88710734000000002
151675,151675,STAGATE,3,6,0.73215887999999996,0.75438596000000002,0.92490415000000004
151675,151675,STAGATE,3,7,0.66792172999999999,0.69491524999999998,0.89482534999999996
151675,151675,STAGATE,3,8,0.66377355999999998,0.69491524999999998,0.89424446999999996
151675,151675,STAGATE,3,12,0.57106672000000003,0.61290323000000002,0.85839564999999995
151675,151675,STAGATE,3,17,0.64167249000000004,0.69491524999999998,0.92306527000000005
151675,151675,STAGATE,3,18,0.66927928000000003,0.75438596000000002,0.87192941999999996
151675,151675,STAGATE,3,19,0.73587714999999998,0.72413793000000004,0.93111613000000004
151675,151675,STAGATE,4,5,0.73237885000000003,0.69491524999999998,0.94215833000000004
151675,151675,STAGATE,4,6,0.70930177000000005,0.78571429000000004,0.88392210999999998
151675,151675,STAGATE,4,7,0.74182987,0.75438596000000002,0.93850142000000003
151675,151675,STAGATE,4,9,0.62846341999999999,0.66666667000000002,0.87458382999999995
151675,151675,STAGATE,4,10,0.67912452000000001,0.69491524999999998,0.90386054000000005
151675,151675,STAGATE,4,13,0.65873515999999999,0.69491524999999998,0.85882460000000005
151675,151675,STAGATE,4,14,0.61086202000000001,0.81818181999999995,0.83693673999999996
151675,151675,STAGATE,4,15,0.59499394999999999,0.61290323000000002,0.86597875000000002
151675,151675,STAGATE,4,17,0.62405063000000005,0.66666667000000002,0.82824454999999997
151675,151675,STAGATE,4,20,0.65687498,0.75438596000000002,0.91212917000000004
151675,151675,STAGATE,5,6,0.70178244000000001,0.81818181999999995,0.88875981000000004
151675,151675,STAGATE,5,7,0.72430397000000002,0.85185184999999997,0.92678846000000004
151675,151675,STAGATE,5,8,0.64323938999999997,0.72413793000000004,0.88910610999999995
151675,151675,STAGATE,5,17,0.63180278000000001,0.63934426,0.83240544999999999
151675,151675,STAGATE,5,19,0.69537413000000003,0.81818181999999995,0.88939875999999995
151675,151675,STAGATE,5,20,0.61782694999999999,0.75438596000000002,0.91080722999999997
151675,151675,STAGATE,6,7,0.70972798999999998,0.85185184999999997,0.88499760000000005
151675,151675,STAGATE,6,8,0.65168714999999999,0.69491524999999998,0.88305677000000005
151675,151675,STAGATE,6,17,0.66533116999999997,0.66666667000000002,0.92305256000000002
151675,151675,STAGATE,6,18,0.60347357000000001,0.61290323000000002,0.85441610999999995
151675,151675,STAGATE,6,19,0.72880838999999997,0.75438596000000002,0.92495333999999996
151675,151675,STAGATE,6,20,0.59329215999999996,0.72413793000000004,0.79664349000000001
151675,151675,STAGATE,7,8,0.67024503999999996,0.69491524999999998,0.91827479000000001
151675,151675,STAGATE,7,17,0.65087667000000005,0.66666667000000002,0.80823792999999999
151675,151675,STAGATE,7,19,0.65259407000000003,0.75438596000000002,0.87590120000000005
151675,151675,STAGATE,7,20,0.66299288000000001,0.81818181999999995,0.91133136999999997
151675,151675,STAGATE,8,12,0.57446757000000004,0.78571429000000004,0.88427714000000002
151675,151675,STAGATE,8,17,0.66536499000000005,0.78571429000000004,0.91848286999999995
151675,151675,STAGATE,8,18,0.64388973000000005,0.78571429000000004,0.92994299000000002
151675,151675,STAGATE,8,19,0.61639186000000001,0.61290323000000002,0.85776922
151675,151675,STAGATE,8,20,0.61078580000000005,0.69491524999999998,0.89591058000000001
151675,151675,STAGATE,9,10,0.61072329000000003,0.75438596000000002,0.89031205000000002
151675,151675,STAGATE,9,13,0.53150321,0.63934426,0.76578508000000001
151675,151675,STAGATE,9,14,0.51626894000000001,0.63934426,0.78559166000000002
151675,151675,STAGATE,9,15,0.65105765000000004,0.78571429000000004,0.91215860000000004
151675,151675,STAGATE,9,20,0.53711447999999995,0.72413793000000004,0.86329904999999996
151675,151675,STAGATE,10,11,0.63782296000000005,0.69491524999999998,0.91322119999999996
151675,151675,STAGATE,10,13,0.66069761000000005,0.69491524999999998,0.92288968999999998
151675,151675,STAGATE,10,14,0.63061628000000003,0.78571429000000004,0.87752788000000004
151675,151675,STAGATE,10,15,0.59254123000000003,0.69491524999999998,0.90532908999999995
151675,151675,STAGATE,10,16,0.66611186,0.81818181999999995,0.90786652000000001
151675,151675,STAGATE,11,15,0.50578197999999996,0.61290323000000002,0.76793433
151675,151675,STAGATE,11,16,0.73685498999999999,0.78571429000000004,0.92227555000000006
151675,151675,STAGATE,12,17,0.59298209000000002,0.78571429000000004,0.89159781000000005
151675,151675,STAGATE,12,18,0.56053246999999995,0.69491524999999998,0.86010328000000003
151675,151675,STAGATE,12,19,0.54446050000000001,0.63934426,0.85584992000000004
151675,151675,STAGATE,13,14,0.72026937999999996,0.78571429000000004,0.89610098000000005
151675,151675,STAGATE,13,15,0.53875658999999998,0.5625,0.77356745999999998
151675,151675,STAGATE,13,20,0.60121572999999995,0.78571429000000004,0.86828159000000005
151675,151675,STAGATE,14,15,0.52129398000000005,0.5625,0.78014687999999999
151675,151675,STAGATE,14,20,0.56099330000000003,0.75438596000000002,0.82071917999999999
151675,151675,STAGATE,15,16,0.51656661999999998,0.69491524999999998,0.92219980000000001
151675,151675,STAGATE,17,18,0.59800065999999996,0.81818181999999995,0.88627630000000002
151675,151675,STAGATE,17,19,0.60220768999999996,0.61290323000000002,0.88238994999999998
151675,151675,STAGATE,17,20,0.59774815000000003,0.72413793000000004,0.84359096
151675,151675,STAGATE,18,19,0.65268559000000004,0.78571429000000004,0.86306024000000003
151675,151675,SpaGCN,1,2,0.37495045999999999,0.2987013,0.69748231999999999
151675,151675,SpaGCN,1,3,0.46582417999999998,0.5625,0.76669885999999998
151675,151675,SpaGCN,1,6,0.46764269000000003,0.58730159000000004,0.77687384999999998
151675,151675,SpaGCN,1,7,0.46481348,0.47058823999999999,0.75489311999999997
151675,151675,SpaGCN,1,8,0.45275407000000001,0.49253731000000001,0.76986584000000002
151675,151675,SpaGCN,1,10,0.46908871000000002,0.5625,0.77059942999999997
151675,151675,SpaGCN,1,11,0.38090353999999998,0.36986300999999999,0.66381657999999999
151675,151675,SpaGCN,1,12,0.47668350999999998,0.63934426,0.77513493
151675,151675,SpaGCN,1,13,0.4717017,0.51515151999999997,0.76340536999999997
151675,151675,SpaGCN,1,14,0.47157431,0.51515151999999997,0.77462310999999995
151675,151675,SpaGCN,1,16,0.49050276999999998,0.58730159000000004,0.77739376000000004
151675,151675,SpaGCN,1,18,0.38372043,0.36986300999999999,0.70574934
151675,151675,SpaGCN,1,19,0.48191680999999997,0.58730159000000004,0.77341448999999995
151675,151675,SpaGCN,2,6,0.46652453999999999,0.63934426,0.91744608000000005
151675,151675,SpaGCN,2,7,0.48064400000000002,0.61290323000000002,0.93552287000000001
151675,151675,SpaGCN,2,10,0.46307238000000001,0.61290323000000002,0.91861618
151675,151675,SpaGCN,2,12,0.47364883000000002,0.5625,0.91933282000000005
151675,151675,SpaGCN,2,14,0.50704864000000005,0.66666667000000002,0.93230897999999995
151675,151675,SpaGCN,2,16,0.50543123999999995,0.63934426,0.92444932000000002
151675,151675,SpaGCN,2,18,0.48282960000000003,0.72413793000000004,0.92669221000000002
151675,151675,SpaGCN,2,19,0.47516486000000002,0.63934426,0.91674853000000001
151675,151675,SpaGCN,3,4,0.56660549999999998,0.5625,0.92927346
151675,151675,SpaGCN,3,7,0.73423938,0.75438596000000002,0.93733425000000004
151675,151675,SpaGCN,3,8,0.67000817999999995,0.78571429000000004,0.92921295000000004
151675,151675,SpaGCN,3,11,0.53099370999999995,0.58730159000000004,0.92672690999999996
151675,151675,SpaGCN,3,12,0.82814562000000003,0.81818181999999995,0.96215689000000004
151675,151675,SpaGCN,3,13,0.82854214999999998,0.81818181999999995,0.95543747999999995
151675,151675,SpaGCN,3,14,0.78238328000000001,0.75438596000000002,0.95094285999999995
151675,151675,SpaGCN,3,16,0.82530247999999995,0.85185184999999997,0.96090239
151675,151675,SpaGCN,3,18,0.49576704999999999,0.5625,0.93355286999999998
151675,151675,SpaGCN,3,19,0.83395295000000003,0.81818181999999995,0.95663387
151675,151675,SpaGCN,3,20,0.53507033000000004,0.51515151999999997,0.91755138999999997
151675,151675,SpaGCN,4,5,0.56153481999999999,0.5625,0.93493490000000001
151675,151675,SpaGCN,4,8,0.47854837,0.35135135000000001,0.87916782000000004
151675,151675,SpaGCN,4,9,0.49695339999999999,0.51515151999999997,0.92084197999999995
151675,151675,SpaGCN,4,11,0.53926892999999998,0.61290323000000002,0.91760138000000002
151675,151675,SpaGCN,4,13,0.55350326999999999,0.58730159000000004,0.92865803999999996
151675,151675,SpaGCN,4,16,0.56448180000000003,0.5625,0.92844296999999998
151675,151675,SpaGCN,4,20,0.56225420999999998,0.58730159000000004,0.94693503999999995
151675,151675,SpaGCN,5,9,0.45100071000000003,0.47058823999999999,0.88412363999999999
151675,151675,SpaGCN,5,11,0.49740261000000002,0.5625,0.92403495000000002
151675,151675,SpaGCN,5,13,0.73757594000000004,0.81818181999999995,0.95554815999999998
151675,151675,SpaGCN,5,15,0.70315368,0.72413793000000004,0.93911608999999996
151675,151675,SpaGCN,5,20,0.50383350999999998,0.53846154000000002,0.91586005000000004
151675,151675,SpaGCN,6,7,0.70101188999999997,0.72413793000000004,0.95239247999999999
151675,151675,SpaGCN,6,10,0.78556018000000005,0.78571429000000004,0.95422521000000005
151675,151675,SpaGCN,6,12,0.79204973000000001,0.88679244999999995,0.95927609999999996
151675,151675,SpaGCN,6,14,0.72866646999999996,0.75438596000000002,0.93655427000000002
151675,151675,SpaGCN,6,16,0.75422908,0.85185184999999997,0.95103629999999995
151675,151675,SpaGCN,6,18,0.47852377000000001,0.58730159000000004,0.89592269999999996
151675,151675,SpaGCN,6,19,0.77444942000000005,0.81818181999999995,0.95499341999999998
151675,151675,SpaGCN,7,8,0.62603534000000005,0.61290323000000002,0.89467960000000002
151675,151675,SpaGCN,7,10,0.67542455999999995,0.66666667000000002,0.94135263000000002
151675,151675,SpaGCN,7,11,0.51992446000000003,0.61290323000000002,0.93513930000000001
151675,151675,SpaGCN,7,12,0.72584740999999997,0.72413793000000004,0.94436330000000002
151675,151675,SpaGCN,7,13,0.73206344999999995,0.72413793000000004,0.94693751999999998
151675,151675,SpaGCN,7,14,0.71267888000000001,0.72413793000000004,0.95704772000000005
151675,151675,SpaGCN,7,16,0.74267678999999998,0.75438596000000002,0.94157489000000005
151675,151675,SpaGCN,7,18,0.48792865000000002,0.5625,0.91896087000000004
151675,151675,SpaGCN,7,19,0.73317425999999997,0.78571429000000004,0.94843918000000005
151675,151675,SpaGCN,8,11,0.4401699,0.53846154000000002,0.91492063000000001
151675,151675,SpaGCN,8,12,0.68385481999999997,0.81818181999999995,0.92065216000000005
151675,151675,SpaGCN,8,13,0.64547801999999999,0.75438596000000002,0.88944276
151675,151675,SpaGCN,8,14,0.65862672,0.78571429000000004,0.91264029000000002
151675,151675,SpaGCN,8,16,0.64866862000000003,0.78571429000000004,0.90525933000000003
151675,151675,SpaGCN,8,18,0.45572193999999999,0.5625,0.89835661
151675,151675,SpaGCN,8,19,0.69026969000000005,0.81818181999999995,0.92936443000000002
151675,151675,SpaGCN,8,20,0.41440474999999999,0.49253731000000001,0.87133824000000004
151675,151675,SpaGCN,9,15,0.45027519999999999,0.49253731000000001,0.90387631999999996
151675,151675,SpaGCN,9,17,0.41101579999999999,0.4084507,0.83997133999999996
151675,151675,SpaGCN,9,20,0.68840259000000004,0.69491524999999998,0.95894588000000003
151675,151675,SpaGCN,10,12,0.81538272000000001,0.78571429000000004,0.96234063999999997
151675,151675,SpaGCN,10,14,0.74205030999999999,0.75438596000000002,0.96447632000000005
151675,151675,SpaGCN,10,18,0.48424991000000001,0.58730159000000004,0.94144017000000002
151675,151675,SpaGCN,10,19,0.76851570999999996,0.81818181999999995,0.95639456
151675,151675,SpaGCN,11,12,0.51580113999999999,0.61290323000000002,0.92301023999999998
151675,151675,SpaGCN,11,13,0.53572248,0.66666667000000002,0.92582748000000004
151675,151675,SpaGCN,11,14,0.54736989000000003,0.63934426,0.92320290999999999
151675,151675,SpaGCN,11,16,0.55603175999999999,0.63934426,0.92565326000000003
151675,151675,SpaGCN,11,19,0.52248985999999997,0.61290323000000002,0.92442018000000004
151675,151675,SpaGCN,11,20,0.59316528999999996,0.63934426,0.91756799
151675,151675,SpaGCN,12,13,0.78674394000000003,0.81818181999999995,0.95597469000000002
151675,151675,SpaGCN,12,14,0.79655911999999995,0.72413793000000004,0.97179086999999997
151675,151675,SpaGCN,12,16,0.80678885,0.88679244999999995,0.96041162000000002
151675,151675,SpaGCN,12,18,0.49240929,0.58730159000000004,0.93366273
151675,151675,SpaGCN,12,19,0.82105603999999999,0.85185184999999997,0.96060665000000001
151675,151675,SpaGCN,13,14,0.79186069999999997,0.78571429000000004,0.96206192000000001
151675,151675,SpaGCN,13,16,0.81372747000000001,0.81818181999999995,0.95560374000000003
151675,151675,SpaGCN,13,19,0.80472896999999999,0.81818181999999995,0.96049704999999996
151675,151675,SpaGCN,13,20,0.55895578999999995,0.58730159000000004,0.92139316999999998
151675,151675,SpaGCN,14,16,0.82728780000000002,0.81818181999999995,0.95427134000000002
151675,151675,SpaGCN,14,18,0.52369840000000001,0.61290323000000002,0.93794871000000002
151675,151675,SpaGCN,14,19,0.81189829999999996,0.75438596000000002,0.95046596999999999
151675,151675,SpaGCN,15,17,0.55827614000000003,0.63934426,0.84069729999999998
151675,151675,SpaGCN,15,20,0.51560267000000004,0.61290323000000002,0.93544801
151675,151675,SpaGCN,16,18,0.51619139000000003,0.58730159000000004,0.93102839000000004
151675,151675,SpaGCN,16,19,0.83885546,0.85185184999999997,0.96302958999999999
151675,151675,SpaGCN,18,19,0.48863793999999999,0.5625,0.92048050999999997
151675,151675,BANKSY,1,3,0.73272784999999996,0.5625,0.88099888999999998
151675,151675,BANKSY,1,7,0.61376728999999997,0.61290323000000002,0.94668428000000004
151675,151675,BANKSY,1,8,0.57303716999999998,0.63934426,0.87291960999999996
151675,151675,BANKSY,1,13,0.61434692999999996,0.61290323000000002,0.94665878999999997
151675,151675,BANKSY,1,15,0.61496994000000005,0.61290323000000002,0.94685863999999997
151675,151675,BANKSY,1,16,0.61297553000000005,0.61290323000000002,0.94668428000000004
151675,151675,BANKSY,1,17,0.61133704,0.61290323000000002,0.94526204000000003
151675,151675,BANKSY,2,11,0.70065997999999996,0.78571429000000004,0.81071691000000001
151675,151675,BANKSY,3,7,0.67546574999999998,0.58730159000000004,0.91263355000000002
151675,151675,BANKSY,3,8,0.63882192999999998,0.53846154000000002,0.86242271999999998
151675,151675,BANKSY,3,13,0.67607022999999999,0.58730159000000004,0.91263355000000002
151675,151675,BANKSY,3,15,0.67689178000000005,0.58730159000000004,0.91263355000000002
151675,151675,BANKSY,3,16,0.67573870000000003,0.58730159000000004,0.91263355000000002
151675,151675,BANKSY,3,17,0.67265105000000003,0.58730159000000004,0.91263355000000002
151675,151675,BANKSY,4,12,0.58464163000000002,0.51515151999999997,0.90300431999999997
151675,151675,BANKSY,4,20,0.84657256000000003,0.81818181999999995,0.94186767000000005
151675,151675,BANKSY,5,10,0.75568016000000005,0.69491524999999998,0.87170261000000004
151675,151675,BANKSY,5,14,0.65343231000000002,0.78571429000000004,0.95017755999999998
151675,151675,BANKSY,5,18,0.76170353000000002,0.69491524999999998,0.92398882999999998
151675,151675,BANKSY,7,8,0.92689365000000001,0.88679244999999995,0.98096585999999997
151675,151675,BANKSY,7,13,0.99653837999999995,1,1
151675,151675,BANKSY,7,15,0.99822966999999996,1,1
151675,151675,BANKSY,7,16,0.99900301000000002,1,0.99987857999999996
151675,151675,BANKSY,7,17,0.99386412999999996,1,1
151675,151675,BANKSY,8,13,0.92691665999999995,0.88679244999999995,0.98070303999999997
151675,151675,BANKSY,8,15,0.92517329999999998,0.88679244999999995,0.98096585999999997
151675,151675,BANKSY,8,16,0.92767648999999996,0.88679244999999995,0.98117531999999996
151675,151675,BANKSY,8,17,0.93120994999999995,0.88679244999999995,0.98074876
151675,151675,BANKSY,9,12,0.49796397999999997,0.66666667000000002,0.86601795000000004
151675,151675,BANKSY,9,20,0.72102060999999995,0.81818181999999995,0.94053049
151675,151675,BANKSY,10,18,0.97181006999999997,0.92307691999999997,0.99682309999999996
151675,151675,BANKSY,12,20,0.54368821000000001,0.58730159000000004,0.93119370999999995
151675,151675,BANKSY,13,15,0.99476977,1,1
151675,151675,BANKSY,13,16,0.99725894999999998,1,0.99938274000000005
151675,151675,BANKSY,13,17,0.99560778000000005,1,1
151675,151675,BANKSY,15,16,0.99723255,1,0.99972996999999997
151675,151675,BANKSY,15,17,0.99210273999999998,1,1
151675,151675,BANKSY,16,17,0.99458535000000003,1,0.99945271999999996
151675,151675,SEDR,1,3,0.76079797149999995,0.81818181820000002,0.93619102359999995
151675,151675,SEDR,1,6,0.74659001260000002,0.75438596489999987,0.90412270530000005
151675,151675,SEDR,1,7,0.74279916530000001,0.72413793100000001,0.92506647119999996
151675,151675,SEDR,1,8,0.75052862909999996,0.6949152542,0.8703340758
151675,151675,SEDR,1,10,0.78891987630000004,0.85185185190000001,0.93784067839999996
151675,151675,SEDR,1,18,0.80054872919999986,0.81818181820000002,0.94010299470000003
151675,151675,SEDR,1,20,0.58835326919999986,0.63934426229999985,0.89400138419999986
151675,151675,SEDR,2,5,0.82038998519999995,0.78571428570000001,0.93772841439999999
151675,151675,SEDR,2,17,0.70718210940000004,0.75438596489999987,0.88255196869999986
151675,151675,SEDR,3,7,0.75574960229999988,0.75438596489999987,0.91404978510000001
151675,151675,SEDR,3,8,0.72263628729999985,0.6949152542,0.86015651159999995
151675,151675,SEDR,3,10,0.77472916869999986,0.81818181820000002,0.91992009689999998
151675,151675,SEDR,3,13,0.77715680379999985,0.81818181820000002,0.93455914870000001
151675,151675,SEDR,3,18,0.78891874360000003,0.81818181820000002,0.92857044850000003
151675,151675,SEDR,3,20,0.59440534469999995,0.63934426229999985,0.85881413449999988
151675,151675,SEDR,4,12,0.76319564080000002,0.75438596489999987,0.94525765930000005
151675,151675,SEDR,4,19,0.77905954570000002,0.75438596489999987,0.94888307520000004
151675,151675,SEDR,5,6,0.78282713390000003,0.75438596489999987,0.88166587569999988
151675,151675,SEDR,5,15,0.794245062,0.75438596489999987,0.91535885149999996
151675,151675,SEDR,5,16,0.79905969740000005,0.81818181820000002,0.93956987329999997
151675,151675,SEDR,5,17,0.69986796679999985,0.72413793100000001,0.89950840840000001
151675,151675,SEDR,6,8,0.6897927734,0.66666666669999985,0.86040322540000003
151675,151675,SEDR,6,10,0.79247247409999988,0.75438596489999987,0.89220795070000003
151675,151675,SEDR,6,15,0.87029856709999986,0.85185185190000001,0.96858212850000003
151675,151675,SEDR,6,16,0.7895929464,0.81818181820000002,0.91036569140000001
151675,151675,SEDR,6,17,0.72742011929999995,0.78571428570000001,0.90827438360000001
151675,151675,SEDR,7,8,0.70331118240000001,0.6949152542,0.87739975969999995
151675,151675,SEDR,7,9,0.7596051976,0.6949152542,0.89405778650000001
151675,151675,SEDR,7,13,0.7765944924,0.81818181820000002,0.91992094980000005
151675,151675,SEDR,7,18,0.84500979919999986,0.81818181820000002,0.94689811589999995
151675,151675,SEDR,7,20,0.66213900390000002,0.61290322580000001,0.91325840729999996
151675,151675,SEDR,8,10,0.74161978939999995,0.63934426229999985,0.88123583480000001
151675,151675,SEDR,8,18,0.75980102559999985,0.72413793100000001,0.8775378304
151675,151675,SEDR,8,20,0.58428210650000001,0.63934426229999985,0.83483428159999995
151675,151675,SEDR,9,11,0.74074135149999987,0.6949152542,0.87587558440000002
151675,151675,SEDR,9,13,0.75541157309999984,0.66666666669999985,0.88022524849999995
151675,151675,SEDR,9,14,0.70343659250000001,0.63934426229999985,0.88167966639999995
151675,151675,SEDR,9,18,0.78143013250000004,0.81818181820000002,0.92819942359999996
151675,151675,SEDR,10,16,0.79380592819999996,0.81818181820000002,0.9408419925
151675,151675,SEDR,10,18,0.86992913279999995,0.85185185190000001,0.96158161080000004
151675,151675,SEDR,10,20,0.63783462310000005,0.66666666669999985,0.86533903970000003
151675,151675,SEDR,11,12,0.7979733228,0.66666666669999985,0.9277774258
151675,151675,SEDR,11,13,0.86612748100000003,0.85185185190000001,0.95701200190000002
151675,151675,SEDR,11,14,0.73116148719999985,0.5625,0.92223970290000001
151675,151675,SEDR,12,14,0.6946488234,0.78571428570000001,0.95673502629999996
151675,151675,SEDR,13,14,0.74593350089999988,0.81818181820000002,0.96321478390000004
151675,151675,SEDR,13,18,0.80301199560000003,0.75438596489999987,0.90099777299999995
151675,151675,SEDR,13,20,0.66171340000000001,0.63934426229999985,0.9049224548
151675,151675,SEDR,15,16,0.79508155960000004,0.75438596489999987,0.934394422
151675,151675,SEDR,15,17,0.71621246429999985,0.78571428570000001,0.89292976010000003
151675,151675,SEDR,16,17,0.68839099839999995,0.78571428570000001,0.88023910620000001
151675,151675,SEDR,18,20,0.65859990260000001,0.63934426229999985,0.89601926040000002
151676,151676,GraphST,1,2,0.58015002000000004,0.75438596000000002,0.87841691
151676,151676,GraphST,1,3,0.63323348999999995,0.78571429000000004,0.92075496999999995
151676,151676,GraphST,1,4,0.59158454999999999,0.78571429000000004,0.90333806999999999
151676,151676,GraphST,1,5,0.61232246999999995,0.81818181999999995,0.90663287000000004
151676,151676,GraphST,1,6,0.56380191000000002,0.72413793000000004,0.89667925000000004
151676,151676,GraphST,1,7,0.61860358999999998,0.78571429000000004,0.91986741000000005
151676,151676,GraphST,1,8,0.60248316000000002,0.75438596000000002,0.91068963999999997
151676,151676,GraphST,1,9,0.56643314,0.75438596000000002,0.89761617999999999
151676,151676,GraphST,1,10,0.62092738999999997,0.81818181999999995,0.90632760999999995
151676,151676,GraphST,1,11,0.58367161000000001,0.78571429000000004,0.90213847999999996
151676,151676,GraphST,1,12,0.59675131999999997,0.78571429000000004,0.89370693000000001
151676,151676,GraphST,1,13,0.57805983999999999,0.75438596000000002,0.90264451999999995
151676,151676,GraphST,1,14,0.63085177999999997,0.72413793000000004,0.89150874999999996
151676,151676,GraphST,1,15,0.59065042000000001,0.78571429000000004,0.92055693999999999
151676,151676,GraphST,1,16,0.59365403000000005,0.75438596000000002,0.90386675000000005
151676,151676,GraphST,1,17,0.55200755000000001,0.78571429000000004,0.89549334000000003
151676,151676,GraphST,1,19,0.59575809999999996,0.78571429000000004,0.90085559000000004
151676,151676,GraphST,1,20,0.61455236999999996,0.81818181999999995,0.89768950999999997
151676,151676,GraphST,2,3,0.57188406000000003,0.78571429000000004,0.90479034999999997
151676,151676,GraphST,2,4,0.56764309999999996,0.75438596000000002,0.89171842000000001
151676,151676,GraphST,2,5,0.56445540999999999,0.81818181999999995,0.89510093000000002
151676,151676,GraphST,2,6,0.56668721,0.69491524999999998,0.83185986000000001
151676,151676,GraphST,2,7,0.56918822000000002,0.75438596000000002,0.90285632000000005
151676,151676,GraphST,2,8,0.58504486,0.72413793000000004,0.86030549999999995
151676,151676,GraphST,2,9,0.54033078000000001,0.66666667000000002,0.89080075000000003
151676,151676,GraphST,2,11,0.54101558000000005,0.72413793000000004,0.87511923000000003
151676,151676,GraphST,2,12,0.54998005000000005,0.69491524999999998,0.86409687999999996
151676,151676,GraphST,2,13,0.55408767000000003,0.75438596000000002,0.89763289000000002
151676,151676,GraphST,2,14,0.56432941000000003,0.72413793000000004,0.81725464000000003
151676,151676,GraphST,2,16,0.58509995000000004,0.75438596000000002,0.86722425000000003
151676,151676,GraphST,2,19,0.57029534999999998,0.75438596000000002,0.87016216000000002
151676,151676,GraphST,2,20,0.59497714000000002,0.75438596000000002,0.90794103000000004
151676,151676,GraphST,3,4,0.61751138999999999,0.75438596000000002,0.91424050000000001
151676,151676,GraphST,3,5,0.60626526000000003,0.78571429000000004,0.90664867999999998
151676,151676,GraphST,3,6,0.57809071999999995,0.72413793000000004,0.89130971000000003
151676,151676,GraphST,3,7,0.63511227000000003,0.78571429000000004,0.92094631000000005
151676,151676,GraphST,3,8,0.61098198000000004,0.72413793000000004,0.91325610000000002
151676,151676,GraphST,3,9,0.59527165000000004,0.72413793000000004,0.90172156000000003
151676,151676,GraphST,3,10,0.63063113000000004,0.81818181999999995,0.91192905999999996
151676,151676,GraphST,3,11,0.59252501000000002,0.75438596000000002,0.90915106999999995
151676,151676,GraphST,3,12,0.61998869000000001,0.78571429000000004,0.90901184999999995
151676,151676,GraphST,3,13,0.60698965000000005,0.75438596000000002,0.90760085999999995
151676,151676,GraphST,3,14,0.62013109,0.72413793000000004,0.88039696999999995
151676,151676,GraphST,3,15,0.60398289999999999,0.78571429000000004,0.90333381000000001
151676,151676,GraphST,3,16,0.60864563000000005,0.78571429000000004,0.91297251999999995
151676,151676,GraphST,3,19,0.61409301000000005,0.78571429000000004,0.91310789999999997
151676,151676,GraphST,3,20,0.62899389000000006,0.81818181999999995,0.91864577000000003
151676,151676,GraphST,4,5,0.60011382999999996,0.78571429000000004,0.91032632999999996
151676,151676,GraphST,4,6,0.60866251000000005,0.78571429000000004,0.90387976000000003
151676,151676,GraphST,4,7,0.61202641000000002,0.78571429000000004,0.91612906000000005
151676,151676,GraphST,4,8,0.60380707,0.75438596000000002,0.90463901000000002
151676,151676,GraphST,4,9,0.58156439999999998,0.75438596000000002,0.90887713999999997
151676,151676,GraphST,4,10,0.61378591999999998,0.78571429000000004,0.91504514999999997
151676,151676,GraphST,4,11,0.59110870000000004,0.72413793000000004,0.91369290000000003
151676,151676,GraphST,4,12,0.59337348999999995,0.78571429000000004,0.90683731000000001
151676,151676,GraphST,4,13,0.57023307999999995,0.72413793000000004,0.90283491999999999
151676,151676,GraphST,4,14,0.59159735000000002,0.75438596000000002,0.89385393999999996
151676,151676,GraphST,4,15,0.62749252,0.81818181999999995,0.92101575000000002
151676,151676,GraphST,4,16,0.63122621999999995,0.78571429000000004,0.92115756000000004
151676,151676,GraphST,4,17,0.57300468000000004,0.75438596000000002,0.91014927999999995
151676,151676,GraphST,4,19,0.60933439,0.75438596000000002,0.91676743000000005
151676,151676,GraphST,4,20,0.59986362999999998,0.78571429000000004,0.90437652999999996
151676,151676,GraphST,5,6,0.57198532000000002,0.72413793000000004,0.89358835000000003
151676,151676,GraphST,5,7,0.58505448999999998,0.75438596000000002,0.90090108000000002
151676,151676,GraphST,5,8,0.57874369999999997,0.72413793000000004,0.89234758999999997
151676,151676,GraphST,5,9,0.56274553000000005,0.72413793000000004,0.91324896
151676,151676,GraphST,5,10,0.59554790000000002,0.78571429000000004,0.91771128999999996
151676,151676,GraphST,5,11,0.56763313999999998,0.78571429000000004,0.89871818999999997
151676,151676,GraphST,5,12,0.59770701999999998,0.75438596000000002,0.89574531999999996
151676,151676,GraphST,5,13,0.56269563,0.78571429000000004,0.89108259999999995
151676,151676,GraphST,5,14,0.57948854999999999,0.75438596000000002,0.88096876000000002
151676,151676,GraphST,5,15,0.57980690999999995,0.75438596000000002,0.9136533
151676,151676,GraphST,5,16,0.57606420999999997,0.72413793000000004,0.89665106999999999
151676,151676,GraphST,5,17,0.54904096999999996,0.78571429000000004,0.91769729
151676,151676,GraphST,5,19,0.59596059999999995,0.78571429000000004,0.89867129999999995
151676,151676,GraphST,5,20,0.57408274999999998,0.75438596000000002,0.89064259000000001
151676,151676,GraphST,6,7,0.58294111000000004,0.69491524999999998,0.90984872000000006
151676,151676,GraphST,6,8,0.58408990999999999,0.75438596000000002,0.90895018000000005
151676,151676,GraphST,6,9,0.57347144999999999,0.69491524999999998,0.88961354999999998
151676,151676,GraphST,6,10,0.59166289000000005,0.75438596000000002,0.90309673999999995
151676,151676,GraphST,6,11,0.55910141000000002,0.75438596000000002,0.89117427999999999
151676,151676,GraphST,6,12,0.60584766999999995,0.81818181999999995,0.90300884999999997
151676,151676,GraphST,6,13,0.58151998000000005,0.72413793000000004,0.90901626000000002
151676,151676,GraphST,6,14,0.60537145999999997,0.81818181999999995,0.90609684999999995
151676,151676,GraphST,6,15,0.59963938999999999,0.78571429000000004,0.90621096000000001
151676,151676,GraphST,6,16,0.60888123000000005,0.78571429000000004,0.90091476999999998
151676,151676,GraphST,6,17,0.56652480999999999,0.78571429000000004,0.89948207000000002
151676,151676,GraphST,6,19,0.59030585999999996,0.78571429000000004,0.89499852999999996
151676,151676,GraphST,6,20,0.58930338000000004,0.72413793000000004,0.89229692999999999
151676,151676,GraphST,7,8,0.59639478999999995,0.75438596000000002,0.92126107000000002
151676,151676,GraphST,7,9,0.56923524000000003,0.75438596000000002,0.90706452000000004
151676,151676,GraphST,7,11,0.55770872999999999,0.75438596000000002,0.89905794000000006
151676,151676,GraphST,7,12,0.60190213000000004,0.75438596000000002,0.90402450000000001
151676,151676,GraphST,7,13,0.58387221,0.78571429000000004,0.91069895000000001
151676,151676,GraphST,7,14,0.63287906000000005,0.72413793000000004,0.89253994000000003
151676,151676,GraphST,7,16,0.62966867999999998,0.78571429000000004,0.92315493999999998
151676,151676,GraphST,7,19,0.60552340000000004,0.72413793000000004,0.90601096999999997
151676,151676,GraphST,7,20,0.61936508000000001,0.78571429000000004,0.92814867000000001
151676,151676,GraphST,8,9,0.56090892000000003,0.69491524999999998,0.89925606999999996
151676,151676,GraphST,8,10,0.57596946000000004,0.81818181999999995,0.90695313
151676,151676,GraphST,8,11,0.56377803000000004,0.78571429000000004,0.89301766999999999
151676,151676,GraphST,8,12,0.59665511999999998,0.75438596000000002,0.91412780999999999
151676,151676,GraphST,8,13,0.57113261000000004,0.75438596000000002,0.89480364000000001
151676,151676,GraphST,8,14,0.60518797000000002,0.78571429000000004,0.91741934999999997
151676,151676,GraphST,8,15,0.58720176000000002,0.81818181999999995,0.89447248999999995
151676,151676,GraphST,8,16,0.62911859000000003,0.78571429000000004,0.92178934999999995
151676,151676,GraphST,8,17,0.58092962000000004,0.75438596000000002,0.91105796999999999
151676,151676,GraphST,8,19,0.58241167999999999,0.69491524999999998,0.89227794999999999
151676,151676,GraphST,8,20,0.61096505999999995,0.81818181999999995,0.90610128000000001
151676,151676,GraphST,9,10,0.57802005000000001,0.75438596000000002,0.89572046999999999
151676,151676,GraphST,9,11,0.54754694999999998,0.69491524999999998,0.89229270000000005
151676,151676,GraphST,9,12,0.56276428999999994,0.72413793000000004,0.89244466
151676,151676,GraphST,9,13,0.57722556000000003,0.78571429000000004,0.90552783999999997
151676,151676,GraphST,9,14,0.56895479000000004,0.69491524999999998,0.87332120999999996
151676,151676,GraphST,9,15,0.60738031000000003,0.85185184999999997,0.92165222999999996
151676,151676,GraphST,9,16,0.60270548000000002,0.78571429000000004,0.91462913000000001
151676,151676,GraphST,9,19,0.57448025000000003,0.72413793000000004,0.89712274999999997
151676,151676,GraphST,9,20,0.59196258000000002,0.85185184999999997,0.90633233000000002
151676,151676,GraphST,10,11,0.58684323000000005,0.75438596000000002,0.90104589999999996
151676,151676,GraphST,10,12,0.63175689999999995,0.78571429000000004,0.90832449000000004
151676,151676,GraphST,10,13,0.61065040000000004,0.85185184999999997,0.90812442999999998
151676,151676,GraphST,10,15,0.62230795999999999,0.81818181999999995,0.90756227
151676,151676,GraphST,10,16,0.61571292,0.78571429000000004,0.91702815000000004
151676,151676,GraphST,10,17,0.58110099000000004,0.81818181999999995,0.92551306
151676,151676,GraphST,10,19,0.60415043000000002,0.75438596000000002,0.90648890999999998
151676,151676,GraphST,11,12,0.58252892999999994,0.78571429000000004,0.89355821999999996
151676,151676,GraphST,11,13,0.55547656999999995,0.72413793000000004,0.89061372000000005
151676,151676,GraphST,11,14,0.59631831000000002,0.69491524999999998,0.90128660999999999
151676,151676,GraphST,11,15,0.55762906000000001,0.72413793000000004,0.89748932999999997
151676,151676,GraphST,11,16,0.59255924000000004,0.81818181999999995,0.90047535999999995
151676,151676,GraphST,11,17,0.55773033999999999,0.78571429000000004,0.89673183000000001
151676,151676,GraphST,11,19,0.58863281999999995,0.75438596000000002,0.90856638999999995
151676,151676,GraphST,11,20,0.58963591000000004,0.85185184999999997,0.89983716999999996
151676,151676,GraphST,12,13,0.58311531000000005,0.75438596000000002,0.90185866000000003
151676,151676,GraphST,12,14,0.59765067000000005,0.75438596000000002,0.88843974000000003
151676,151676,GraphST,12,15,0.57884000999999996,0.78571429000000004,0.89514819000000001
151676,151676,GraphST,12,16,0.59660564999999999,0.78571429000000004,0.90284664999999997
151676,151676,GraphST,12,17,0.55780313000000004,0.75438596000000002,0.89387837999999997
151676,151676,GraphST,12,19,0.61219581000000001,0.81818181999999995,0.91071053999999996
151676,151676,GraphST,12,20,0.58581594999999997,0.75438596000000002,0.88450852999999996
151676,151676,GraphST,13,14,0.58064766999999995,0.69491524999999998,0.89147489999999996
151676,151676,GraphST,13,15,0.58882411999999995,0.81818181999999995,0.90815075000000001
151676,151676,GraphST,13,16,0.59630114000000001,0.78571429000000004,0.90850096999999996
151676,151676,GraphST,13,17,0.55613035,0.81818181999999995,0.90532272000000003
151676,151676,GraphST,13,19,0.57584480999999998,0.72413793000000004,0.8933759
151676,151676,GraphST,13,20,0.60506833000000004,0.78571429000000004,0.90574100999999996
151676,151676,GraphST,14,16,0.64117575000000004,0.72413793000000004,0.90960598999999998
151676,151676,GraphST,14,19,0.59845557000000005,0.72413793000000004,0.89426406000000003
151676,151676,GraphST,14,20,0.62335432000000002,0.75438596000000002,0.88208869000000001
151676,151676,GraphST,15,16,0.60725134000000003,0.75438596000000002,0.90829143999999995
151676,151676,GraphST,15,17,0.57134315000000002,0.81818181999999995,0.89932688999999999
151676,151676,GraphST,15,19,0.59497301999999996,0.75438596000000002,0.9078292
151676,151676,GraphST,16,17,0.60498850999999998,0.81818181999999995,0.92018171000000004
151676,151676,GraphST,16,19,0.60224734000000002,0.75438596000000002,0.90321339
151676,151676,GraphST,16,20,0.62691867000000001,0.81818181999999995,0.91596405000000003
151676,151676,GraphST,17,19,0.56870535,0.72413793000000004,0.89654244000000005
151676,151676,GraphST,19,20,0.61482311000000001,0.72413793000000004,0.90177598999999997
151676,151676,STAGATE,1,2,0.56739912000000003,0.75438596000000002,0.87069777999999998
151676,151676,STAGATE,1,3,0.58837655,0.81818181999999995,0.83738301999999998
151676,151676,STAGATE,1,4,0.63044051000000001,0.75438596000000002,0.86642909000000001
151676,151676,STAGATE,1,5,0.53896306999999999,0.72413793000000004,0.83589157999999997
151676,151676,STAGATE,1,7,0.61964942000000001,0.75438596000000002,0.87772698999999998
151676,151676,STAGATE,1,8,0.57375295000000004,0.72413793000000004,0.87342198000000004
151676,151676,STAGATE,1,10,0.59402453,0.75438596000000002,0.87075659000000005
151676,151676,STAGATE,1,12,0.63858934999999994,0.78571429000000004,0.87822869999999997
151676,151676,STAGATE,1,13,0.62296757000000003,0.81818181999999995,0.89963610000000005
151676,151676,STAGATE,1,14,0.66157960999999998,0.81818181999999995,0.91249111000000005
151676,151676,STAGATE,1,16,0.62287183999999995,0.78571429000000004,0.91015250999999997
151676,151676,STAGATE,1,17,0.64129504999999998,0.75438596000000002,0.87760912999999996
151676,151676,STAGATE,1,19,0.64789156999999997,0.78571429000000004,0.86036884000000002
151676,151676,STAGATE,1,20,0.57289990000000002,0.69491524999999998,0.86131594
151676,151676,STAGATE,2,3,0.55408325999999997,0.72413793000000004,0.87914334000000005
151676,151676,STAGATE,2,4,0.53727015,0.69491524999999998,0.88365585999999996
151676,151676,STAGATE,2,5,0.50657766000000004,0.72413793000000004,0.85511985000000001
151676,151676,STAGATE,2,7,0.55339307999999998,0.81818181999999995,0.90668356999999999
151676,151676,STAGATE,2,8,0.69771514000000001,0.78571429000000004,0.90428262000000004
151676,151676,STAGATE,2,10,0.56804920000000003,0.78571429000000004,0.89253757
151676,151676,STAGATE,2,12,0.55668012,0.72413793000000004,0.85893052999999997
151676,151676,STAGATE,2,13,0.53349953000000006,0.78571429000000004,0.88326148999999998
151676,151676,STAGATE,2,14,0.61318718000000005,0.75438596000000002,0.88667284999999996
151676,151676,STAGATE,2,16,0.55886606999999999,0.69491524999999998,0.84728888000000002
151676,151676,STAGATE,2,17,0.56287595000000001,0.75438596000000002,0.89475307999999998
151676,151676,STAGATE,2,19,0.56613548000000002,0.69491524999999998,0.89999848999999998
151676,151676,STAGATE,2,20,0.66095150999999996,0.75438596000000002,0.91251766999999995
151676,151676,STAGATE,3,4,0.67983526000000005,0.81818181999999995,0.90493182000000005
151676,151676,STAGATE,3,7,0.68614927999999997,0.85185184999999997,0.91147840000000002
151676,151676,STAGATE,3,10,0.70206703000000004,0.81818181999999995,0.91294041000000004
151676,151676,STAGATE,3,11,0.57407766999999998,0.81818181999999995,0.87159613000000002
151676,151676,STAGATE,3,12,0.63313945999999999,0.72413793000000004,0.86448159999999996
151676,151676,STAGATE,3,13,0.67623496000000005,0.78571429000000004,0.89020853
151676,151676,STAGATE,3,14,0.68999379000000005,0.78571429000000004,0.87672947000000001
151676,151676,STAGATE,3,16,0.67129638999999997,0.78571429000000004,0.89494324000000003
151676,151676,STAGATE,3,17,0.67733566000000001,0.78571429000000004,0.88712416999999999
151676,151676,STAGATE,3,19,0.69074411000000002,0.81818181999999995,0.92069953000000004
151676,151676,STAGATE,4,7,0.67396213000000005,0.78571429000000004,0.92031269999999998
151676,151676,STAGATE,4,8,0.59396914999999995,0.81818181999999995,0.91034033999999997
151676,151676,STAGATE,4,10,0.66798922000000005,0.81818181999999995,0.89209337
151676,151676,STAGATE,4,11,0.58677100000000004,0.81818181999999995,0.91517419
151676,151676,STAGATE,4,12,0.63618788000000004,0.72413793000000004,0.84916733
151676,151676,STAGATE,4,13,0.66241987000000002,0.81818181999999995,0.91355302999999999
151676,151676,STAGATE,4,14,0.65772125999999997,0.81818181999999995,0.88964136000000005
151676,151676,STAGATE,4,16,0.66598948999999996,0.75438596000000002,0.88368519999999995
151676,151676,STAGATE,4,17,0.68307660999999997,0.78571429000000004,0.90071813999999994
151676,151676,STAGATE,4,19,0.66317559000000004,0.75438596000000002,0.92230983
151676,151676,STAGATE,4,20,0.62220794999999995,0.78571429000000004,0.89353488000000003
151676,151676,STAGATE,5,8,0.53663413000000004,0.75438596000000002,0.89360101000000003
151676,151676,STAGATE,5,14,0.61121769000000004,0.78571429000000004,0.84283220999999997
151676,151676,STAGATE,5,17,0.63109177999999999,0.78571429000000004,0.89182324000000002
151676,151676,STAGATE,5,19,0.62709344,0.78571429000000004,0.88457003999999995
151676,151676,STAGATE,5,20,0.57207037999999999,0.78571429000000004,0.86250855000000004
151676,151676,STAGATE,6,7,0.71230636999999997,0.78571429000000004,0.92533761000000003
151676,151676,STAGATE,6,9,0.69722371999999999,0.69491524999999998,0.91885779999999995
151676,151676,STAGATE,6,11,0.61405295000000004,0.75438596000000002,0.88874818
151676,151676,STAGATE,6,15,0.62288732999999996,0.78571429000000004,0.90222882999999998
151676,151676,STAGATE,6,18,0.68399650999999995,0.72413793000000004,0.89990548000000004
151676,151676,STAGATE,7,10,0.69127152999999997,0.81818181999999995,0.92168220000000001
151676,151676,STAGATE,7,11,0.61892100999999999,0.75438596000000002,0.91404874000000003
151676,151676,STAGATE,7,12,0.65563335,0.78571429000000004,0.88386865000000003
151676,151676,STAGATE,7,13,0.70454457999999998,0.85185184999999997,0.91815290999999999
151676,151676,STAGATE,7,14,0.69032475000000004,0.78571429000000004,0.90344981000000002
151676,151676,STAGATE,7,15,0.62025560999999996,0.75438596000000002,0.89718876999999997
151676,151676,STAGATE,7,16,0.68092434999999996,0.75438596000000002,0.90855129999999995
151676,151676,STAGATE,7,17,0.71684545,0.81818181999999995,0.92431426000000005
151676,151676,STAGATE,7,19,0.68542736000000004,0.81818181999999995,0.92203895000000002
151676,151676,STAGATE,8,13,0.54613948999999995,0.75438596000000002,0.88641959999999997
151676,151676,STAGATE,8,14,0.61703105999999996,0.72413793000000004,0.89912232999999997
151676,151676,STAGATE,8,16,0.57522147000000001,0.66666667000000002,0.85722675000000004
151676,151676,STAGATE,8,17,0.58868761000000003,0.75438596000000002,0.89395440000000004
151676,151676,STAGATE,8,19,0.58924438999999995,0.75438596000000002,0.87391043000000002
151676,151676,STAGATE,8,20,0.73140850999999996,0.81818181999999995,0.89167176000000004
151676,151676,STAGATE,9,11,0.58341836000000002,0.66666667000000002,0.87529860000000004
151676,151676,STAGATE,9,15,0.61127472000000005,0.66666667000000002,0.87320134000000005
151676,151676,STAGATE,9,18,0.72665049000000004,0.78571429000000004,0.92645352999999997
151676,151676,STAGATE,10,11,0.59209405000000004,0.78571429000000004,0.88239747999999996
151676,151676,STAGATE,10,12,0.64590055999999996,0.75438596000000002,0.86077391999999997
151676,151676,STAGATE,10,13,0.66879798999999995,0.78571429000000004,0.88762752
151676,151676,STAGATE,10,14,0.66872096000000003,0.72413793000000004,0.86838630999999999
151676,151676,STAGATE,10,15,0.62698248000000001,0.72413793000000004,0.89830193999999997
151676,151676,STAGATE,10,16,0.66710714000000004,0.75438596000000002,0.89582572000000005
151676,151676,STAGATE,10,17,0.68363646,0.75438596000000002,0.90926315000000002
151676,151676,STAGATE,10,19,0.67492447,0.85185184999999997,0.91232648000000005
151676,151676,STAGATE,11,12,0.57793954999999997,0.75438596000000002,0.87002959999999996
151676,151676,STAGATE,11,13,0.59933817,0.78571429000000004,0.92606787000000002
151676,151676,STAGATE,11,15,0.61443882000000005,0.78571429000000004,0.88485599000000004
151676,151676,STAGATE,11,16,0.57874882999999999,0.75438596000000002,0.87442476999999996
151676,151676,STAGATE,11,18,0.62376883000000005,0.72413793000000004,0.89921678999999999
151676,151676,STAGATE,12,13,0.67513414999999999,0.81818181999999995,0.90187404999999998
151676,151676,STAGATE,12,14,0.72231305999999995,0.85185184999999997,0.90607309000000003
151676,151676,STAGATE,12,15,0.64551972999999996,0.85185184999999997,0.90428686999999996
151676,151676,STAGATE,12,16,0.66799050999999998,0.78571429000000004,0.88243289000000003
151676,151676,STAGATE,12,17,0.67536799999999997,0.75438596000000002,0.87998997999999995
151676,151676,STAGATE,12,19,0.68031114999999998,0.75438596000000002,0.91308104999999995
151676,151676,STAGATE,13,14,0.68699794999999997,0.81818181999999995,0.91356177000000005
151676,151676,STAGATE,13,16,0.70545712000000005,0.78571429000000004,0.91999109000000001
151676,151676,STAGATE,13,17,0.70336109999999996,0.81818181999999995,0.91536068000000004
151676,151676,STAGATE,13,19,0.69670385999999995,0.81818181999999995,0.90492452000000001
151676,151676,STAGATE,13,20,0.59100712,0.78571429000000004,0.89175004000000002
151676,151676,STAGATE,14,16,0.69848394000000003,0.78571429000000004,0.90154630000000002
151676,151676,STAGATE,14,17,0.72721265999999996,0.78571429000000004,0.89790369999999997
151676,151676,STAGATE,14,19,0.72075771,0.85185184999999997,0.92205572000000002
151676,151676,STAGATE,14,20,0.65008951999999998,0.72413793000000004,0.91113003000000004
151676,151676,STAGATE,15,18,0.62787227999999995,0.69491524999999998,0.88817243999999995
151676,151676,STAGATE,16,17,0.70544324999999997,0.78571429000000004,0.89252271999999999
151676,151676,STAGATE,16,19,0.70701738000000003,0.78571429000000004,0.91310795
151676,151676,STAGATE,16,20,0.61117557,0.72413793000000004,0.89101478000000001
151676,151676,STAGATE,17,19,0.69972774999999998,0.78571429000000004,0.90722073000000003
151676,151676,STAGATE,17,20,0.61605409,0.75438596000000002,0.88978692000000004
151676,151676,STAGATE,19,20,0.62113253000000002,0.81818181999999995,0.89747180999999998
151676,151676,SpaGCN,1,13,0.75430134000000004,0.78571429000000004,0.95396389000000004
151676,151676,SpaGCN,1,19,0.51908694,0.66666667000000002,0.88083462999999995
151676,151676,SpaGCN,2,3,0.62217736000000001,0.72413793000000004,0.93581888999999996
151676,151676,SpaGCN,2,4,0.62108752,0.66666667000000002,0.93839925999999996
151676,151676,SpaGCN,2,5,0.61559739000000002,0.75438596000000002,0.91808325000000002
151676,151676,SpaGCN,2,6,0.67620851000000004,0.69491524999999998,0.92955063999999998
151676,151676,SpaGCN,2,7,0.57473812999999996,0.66666667000000002,0.92420477999999995
151676,151676,SpaGCN,2,8,0.59106435000000002,0.72413793000000004,0.92816977000000001
151676,151676,SpaGCN,2,9,0.61303231000000002,0.69491524999999998,0.92832212999999997
151676,151676,SpaGCN,2,10,0.50676363000000002,0.69491524999999998,0.90121236999999998
151676,151676,SpaGCN,2,11,0.57523091999999998,0.75438596000000002,0.94063368999999997
151676,151676,SpaGCN,2,12,0.61090937000000001,0.78571429000000004,0.92257376999999996
151676,151676,SpaGCN,2,14,0.61773047999999997,0.81818181999999995,0.93127704
151676,151676,SpaGCN,2,15,0.66913593000000005,0.75438596000000002,0.92710144000000005
151676,151676,SpaGCN,2,16,0.56709001000000003,0.78571429000000004,0.91977471
151676,151676,SpaGCN,2,17,0.58091820000000005,0.66666667000000002,0.92383168000000004
151676,151676,SpaGCN,2,20,0.65883004000000001,0.75438596000000002,0.94399710000000003
151676,151676,SpaGCN,3,4,0.58503665999999999,0.69491524999999998,0.94699476999999999
151676,151676,SpaGCN,3,5,0.68264667000000001,0.72413793000000004,0.9604549
151676,151676,SpaGCN,3,6,0.69521858000000003,0.72413793000000004,0.93232371999999997
151676,151676,SpaGCN,3,7,0.65045350000000002,0.69491524999999998,0.94032892999999995
151676,151676,SpaGCN,3,8,0.68834463999999995,0.78571429000000004,0.94814321000000001
151676,151676,SpaGCN,3,9,0.60254730000000001,0.66666667000000002,0.93671815000000003
151676,151676,SpaGCN,3,10,0.60046968999999994,0.72413793000000004,0.91814775999999998
151676,151676,SpaGCN,3,11,0.56586113999999998,0.69491524999999998,0.93797129000000001
151676,151676,SpaGCN,3,12,0.79342687999999995,0.78571429000000004,0.95548670999999996
151676,151676,SpaGCN,3,14,0.69677834000000005,0.78571429000000004,0.95906038000000005
151676,151676,SpaGCN,3,15,0.69351183999999999,0.75438596000000002,0.93141573
151676,151676,SpaGCN,3,16,0.69683167999999995,0.75438596000000002,0.94719412000000003
151676,151676,SpaGCN,3,17,0.68734698999999999,0.72413793000000004,0.92020785000000005
151676,151676,SpaGCN,3,20,0.61704407999999999,0.69491524999999998,0.95082778999999995
151676,151676,SpaGCN,4,5,0.59880475,0.75438596000000002,0.92808632999999996
151676,151676,SpaGCN,4,8,0.57806046,0.72413793000000004,0.93943690999999996
151676,151676,SpaGCN,4,14,0.60913611000000001,0.72413793000000004,0.94341324999999998
151676,151676,SpaGCN,4,16,0.58837276000000005,0.69491524999999998,0.93174257000000005
151676,151676,SpaGCN,4,17,0.57044251999999995,0.63934426,0.91662421999999999
151676,151676,SpaGCN,4,18,0.63266305,0.75438596000000002,0.96045393000000001
151676,151676,SpaGCN,5,6,0.64244583,0.69491524999999998,0.92331437999999999
151676,151676,SpaGCN,5,8,0.64264606000000002,0.72413793000000004,0.94415987000000001
151676,151676,SpaGCN,5,9,0.57986775999999995,0.69491524999999998,0.91953066000000006
151676,151676,SpaGCN,5,10,0.50857889000000001,0.51515151999999997,0.89804614999999999
151676,151676,SpaGCN,5,12,0.70494239999999997,0.75438596000000002,0.94391404000000001
151676,151676,SpaGCN,5,14,0.68549484999999999,0.88679244999999995,0.95515338000000005
151676,151676,SpaGCN,5,16,0.77380665999999998,0.81818181999999995,0.94779225
151676,151676,SpaGCN,5,17,0.69522114000000002,0.72413793000000004,0.90985596999999996
151676,151676,SpaGCN,5,18,0.56836717000000003,0.78571429000000004,0.92290373999999997
151676,151676,SpaGCN,6,7,0.58651105999999997,0.61290323000000002,0.9090705
151676,151676,SpaGCN,6,8,0.64896359000000003,0.75438596000000002,0.93486672000000004
151676,151676,SpaGCN,6,9,0.59214997000000003,0.69491524999999998,0.90838911
151676,151676,SpaGCN,6,10,0.57055506,0.75438596000000002,0.91242913999999997
151676,151676,SpaGCN,6,11,0.55674424,0.63934426,0.94583720000000004
151676,151676,SpaGCN,6,12,0.66547250999999996,0.72413793000000004,0.92772646000000003
151676,151676,SpaGCN,6,13,0.66359058000000004,0.75438596000000002,0.92512369999999999
151676,151676,SpaGCN,6,14,0.63702060000000005,0.78571429000000004,0.93249802999999998
151676,151676,SpaGCN,6,15,0.70369161999999996,0.78571429000000004,0.91123436000000002
151676,151676,SpaGCN,6,16,0.59283534999999998,0.72413793000000004,0.915246
151676,151676,SpaGCN,6,19,0.51259463999999999,0.69491524999999998,0.90548340000000005
151676,151676,SpaGCN,6,20,0.62765351999999996,0.72413793000000004,0.92642636
151676,151676,SpaGCN,7,9,0.62223706999999995,0.66666667000000002,0.94467593000000005
151676,151676,SpaGCN,7,10,0.48198507000000002,0.61290323000000002,0.90239393000000001
151676,151676,SpaGCN,7,11,0.64041046000000001,0.69491524999999998,0.93299586999999995
151676,151676,SpaGCN,7,12,0.64158707000000004,0.69491524999999998,0.96129385999999994
151676,151676,SpaGCN,7,13,0.59370467000000005,0.63934426,0.92600093999999999
151676,151676,SpaGCN,7,14,0.65338731999999999,0.72413793000000004,0.95313418000000005
151676,151676,SpaGCN,7,15,0.66424223000000004,0.69491524999999998,0.95125641999999999
151676,151676,SpaGCN,7,16,0.6410074,0.69491524999999998,0.95485507000000003
151676,151676,SpaGCN,7,19,0.47348348000000001,0.53846154000000002,0.86228618999999995
151676,151676,SpaGCN,7,20,0.63082716999999999,0.72413793000000004,0.95191323000000005
151676,151676,SpaGCN,8,9,0.63055833999999999,0.78571429000000004,0.93686095000000003
151676,151676,SpaGCN,8,10,0.55209991000000003,0.69491524999999998,0.90398235000000005
151676,151676,SpaGCN,8,11,0.57057407000000004,0.69491524999999998,0.94186987
151676,151676,SpaGCN,8,12,0.69802702999999999,0.75438596000000002,0.94349123999999995
151676,151676,SpaGCN,8,14,0.70873807,0.81818181999999995,0.94567657000000005
151676,151676,SpaGCN,8,15,0.67902205000000004,0.78571429000000004,0.93147064999999996
151676,151676,SpaGCN,8,16,0.64820646000000004,0.78571429000000004,0.94297284000000003
151676,151676,SpaGCN,8,17,0.69396542999999999,0.75438596000000002,0.93193508000000003
151676,151676,SpaGCN,8,18,0.55636101000000004,0.72413793000000004,0.93211474999999999
151676,151676,SpaGCN,9,10,0.49694182999999997,0.63934426,0.91182854000000002
151676,151676,SpaGCN,9,11,0.59044565999999998,0.72413793000000004,0.9242186
151676,151676,SpaGCN,9,12,0.60885619999999996,0.69491524999999998,0.93223571000000005
151676,151676,SpaGCN,9,13,0.67197841000000003,0.85185184999999997,0.94435279999999999
151676,151676,SpaGCN,9,14,0.64592607999999996,0.81818181999999995,0.93632702999999995
151676,151676,SpaGCN,9,15,0.68853470000000006,0.78571429000000004,0.94758419000000005
151676,151676,SpaGCN,9,16,0.58105819000000003,0.63934426,0.92338091
151676,151676,SpaGCN,9,19,0.50611828999999997,0.75438596000000002,0.88201984
151676,151676,SpaGCN,9,20,0.71139308000000001,0.75438596000000002,0.95452481
151676,151676,SpaGCN,10,11,0.44787763000000003,0.61290323000000002,0.91060890000000005
151676,151676,SpaGCN,10,12,0.61557402000000006,0.66666667000000002,0.92171864000000003
151676,151676,SpaGCN,10,13,0.57101804,0.69491524999999998,0.91912371999999998
151676,151676,SpaGCN,10,14,0.52431386999999996,0.69491524999999998,0.90576714000000003
151676,151676,SpaGCN,10,15,0.58915123000000003,0.75438596000000002,0.91369469000000003
151676,151676,SpaGCN,10,16,0.52010002,0.61290323000000002,0.89610500000000004
151676,151676,SpaGCN,10,19,0.45667965999999999,0.69491524999999998,0.88208761999999996
151676,151676,SpaGCN,10,20,0.53586442999999995,0.72413793000000004,0.91472885999999998
151676,151676,SpaGCN,11,12,0.55682398,0.78571429000000004,0.92979365000000003
151676,151676,SpaGCN,11,13,0.54191988999999996,0.69491524999999998,0.89843678999999999
151676,151676,SpaGCN,11,14,0.61453371000000001,0.72413793000000004,0.93615928000000004
151676,151676,SpaGCN,11,15,0.56995565999999998,0.72413793000000004,0.91634512000000001
151676,151676,SpaGCN,11,16,0.58624173999999996,0.78571429000000004,0.92639068999999996
151676,151676,SpaGCN,11,19,0.45227708999999999,0.61290323000000002,0.82864548999999998
151676,151676,SpaGCN,11,20,0.62481452000000004,0.69491524999999998,0.94585755999999999
151676,151676,SpaGCN,12,13,0.64958280000000002,0.75438596000000002,0.92631958999999997
151676,151676,SpaGCN,12,14,0.69541028000000005,0.75438596000000002,0.95061735000000003
151676,151676,SpaGCN,12,15,0.71011906000000002,0.72413793000000004,0.94471625999999997
151676,151676,SpaGCN,12,16,0.73588290000000001,0.78571429000000004,0.96245281999999999
151676,151676,SpaGCN,12,19,0.56794129999999998,0.72413793000000004,0.86855468000000002
151676,151676,SpaGCN,12,20,0.61912922999999997,0.72413793000000004,0.93782317000000004
151676,151676,SpaGCN,13,15,0.74154109000000001,0.78571429000000004,0.95547572000000003
151676,151676,SpaGCN,13,16,0.58265703999999996,0.75438596000000002,0.90395481
151676,151676,SpaGCN,13,19,0.53096580000000004,0.78571429000000004,0.87203600000000003
151676,151676,SpaGCN,13,20,0.68503362999999995,0.75438596000000002,0.94908398999999999
151676,151676,SpaGCN,14,15,0.68984847000000005,0.78571429000000004,0.94197757000000004
151676,151676,SpaGCN,14,16,0.68375255999999995,0.81818181999999995,0.94523045000000006
151676,151676,SpaGCN,14,17,0.69349625000000004,0.75438596000000002,0.92149128999999996
151676,151676,SpaGCN,14,20,0.64971836000000005,0.78571429000000004,0.94295432999999995
151676,151676,SpaGCN,15,16,0.63975314000000005,0.81818181999999995,0.94382964000000003
151676,151676,SpaGCN,15,19,0.53212837000000002,0.75438596000000002,0.91669058999999997
151676,151676,SpaGCN,15,20,0.69914321999999995,0.78571429000000004,0.94763850000000005
151676,151676,SpaGCN,16,17,0.67067493,0.69491524999999998,0.90513440999999994
151676,151676,SpaGCN,16,20,0.58484955999999999,0.72413793000000004,0.92985545000000003
151676,151676,SpaGCN,17,18,0.52654314000000002,0.69491524999999998,0.90712802000000003
151676,151676,SpaGCN,19,20,0.51647841999999999,0.78571429000000004,0.89091792999999997
151676,151676,BANKSY,1,3,0.96628384,0.96078430999999997,0.99531320999999995
151676,151676,BANKSY,1,5,0.97461708000000002,0.96078430999999997,0.99676204999999996
151676,151676,BANKSY,1,6,0.82673004000000005,0.85185184999999997,0.98310892000000005
151676,151676,BANKSY,1,8,0.57190348999999996,0.75438596000000002,0.87846486999999995
151676,151676,BANKSY,1,10,0.82746470000000005,0.88679244999999995,0.98453283000000003
151676,151676,BANKSY,1,11,0.58001358999999997,0.63934426,0.85738994999999996
151676,151676,BANKSY,1,12,0.96269795999999996,0.92307691999999997,0.99531320999999995
151676,151676,BANKSY,1,15,0.99307769000000001,0.96078430999999997,0.99850035000000004
151676,151676,BANKSY,1,16,0.96149804000000005,0.92307691999999997,0.99531320999999995
151676,151676,BANKSY,1,17,0.96628384,0.96078430999999997,0.99531320999999995
151676,151676,BANKSY,1,19,0.96628384,0.96078430999999997,0.99531320999999995
151676,151676,BANKSY,1,20,0.96397646999999997,0.92307691999999997,0.99531320999999995
151676,151676,BANKSY,3,5,0.98866286000000003,0.96078430999999997,0.99813543999999998
151676,151676,BANKSY,3,6,0.82378393000000005,0.85185184999999997,0.98046018000000001
151676,151676,BANKSY,3,8,0.58257831000000004,0.75438596000000002,0.87994154000000002
151676,151676,BANKSY,3,10,0.82312827,0.85185184999999997,0.98021822000000003
151676,151676,BANKSY,3,11,0.57484358000000002,0.61290323000000002,0.85475162999999998
151676,151676,BANKSY,3,12,0.99487634000000003,1,0.99956449000000003
151676,151676,BANKSY,3,15,0.95948387999999996,0.96078430999999997,0.99492194
151676,151676,BANKSY,3,16,0.99319232000000002,1,0.99942940000000002
151676,151676,BANKSY,3,17,1,1,1
151676,151676,BANKSY,3,19,1,1,1
151676,151676,BANKSY,3,20,0.99529610999999996,1,0.99874255000000001
151676,151676,BANKSY,4,7,0.66820639999999998,0.66666667000000002,0.80738078000000002
151676,151676,BANKSY,4,9,0.89639970999999996,0.85185184999999997,0.83083697000000001
151676,151676,BANKSY,4,14,0.71133698999999995,0.61290323000000002,0.91810930999999996
151676,151676,BANKSY,5,6,0.82776141999999997,0.88679244999999995,0.98201890999999997
151676,151676,BANKSY,5,8,0.58020914999999995,0.75438596000000002,0.87895371
151676,151676,BANKSY,5,10,0.82712121999999999,0.85185184999999997,0.98205385000000001
151676,151676,BANKSY,5,11,0.57402600999999998,0.63934426,0.8552225
151676,151676,BANKSY,5,12,0.98358672999999996,0.96078430999999997,0.99801514000000002
151676,151676,BANKSY,5,15,0.96777950999999995,0.96078430999999997,0.99603545000000004
151676,151676,BANKSY,5,16,0.98670696000000002,0.96078430999999997,0.99862660999999997
151676,151676,BANKSY,5,17,0.98866286000000003,0.96078430999999997,0.99813543999999998
151676,151676,BANKSY,5,19,0.98866286000000003,0.96078430999999997,0.99813543999999998
151676,151676,BANKSY,5,20,0.98631672999999997,0.96078430999999997,0.99870734999999999
151676,151676,BANKSY,6,8,0.61651222999999999,0.75438596000000002,0.90364842999999995
151676,151676,BANKSY,6,10,0.99461769,0.96078430999999997,0.99914066000000001
151676,151676,BANKSY,6,11,0.60461259999999994,0.63934426,0.90698537000000001
151676,151676,BANKSY,6,12,0.82050803999999999,0.85185184999999997,0.98046018000000001
151676,151676,BANKSY,6,13,0.65051219000000005,0.78571429000000004,0.94001111999999998
151676,151676,BANKSY,6,15,0.82457258,0.81818181999999995,0.97995944999999995
151676,151676,BANKSY,6,16,0.82059426000000002,0.85185184999999997,0.98046018000000001
151676,151676,BANKSY,6,17,0.82378393000000005,0.85185184999999997,0.98046018000000001
151676,151676,BANKSY,6,19,0.82378393000000005,0.85185184999999997,0.98046018000000001
151676,151676,BANKSY,6,20,0.81999971000000005,0.85185184999999997,0.98046018000000001
151676,151676,BANKSY,7,14,0.79958949000000001,0.75438596000000002,0.78224539999999998
151676,151676,BANKSY,7,18,0.58546067999999996,0.5625,0.76322539
151676,151676,BANKSY,8,10,0.61477276000000003,0.75438596000000002,0.90217882000000005
151676,151676,BANKSY,8,11,0.84773377000000005,0.88679244999999995,0.94403462999999999
151676,151676,BANKSY,8,12,0.58013745999999999,0.75438596000000002,0.87994154000000002
151676,151676,BANKSY,8,13,0.39704633,0.58730159000000004,0.84979088999999997
151676,151676,BANKSY,8,15,0.56827720000000004,0.75438596000000002,0.88015065999999997
151676,151676,BANKSY,8,16,0.58069132999999995,0.75438596000000002,0.87994154000000002
151676,151676,BANKSY,8,17,0.58257831000000004,0.75438596000000002,0.87994154000000002
151676,151676,BANKSY,8,19,0.58257831000000004,0.75438596000000002,0.87994154000000002
151676,151676,BANKSY,8,20,0.57967506999999996,0.75438596000000002,0.87994154000000002
151676,151676,BANKSY,10,11,0.60541305000000001,0.63934426,0.90630023000000004
151676,151676,BANKSY,10,12,0.82122565000000003,0.85185184999999997,0.98021822000000003
151676,151676,BANKSY,10,15,0.82531273000000005,0.85185184999999997,0.98161885999999998
151676,151676,BANKSY,10,16,0.81994012000000005,0.85185184999999997,0.98021822000000003
151676,151676,BANKSY,10,17,0.82312827,0.85185184999999997,0.98021822000000003
151676,151676,BANKSY,10,19,0.82312827,0.85185184999999997,0.98021822000000003
151676,151676,BANKSY,10,20,0.81934624,0.85185184999999997,0.98021822000000003
151676,151676,BANKSY,11,12,0.57359985000000002,0.63934426,0.85423747000000005
151676,151676,BANKSY,11,13,0.44200313000000002,0.61290323000000002,0.81086515000000003
151676,151676,BANKSY,11,15,0.57784975999999999,0.61290323000000002,0.85730541000000005
151676,151676,BANKSY,11,16,0.57214726000000005,0.63934426,0.85368807000000002
151676,151676,BANKSY,11,17,0.57484358000000002,0.61290323000000002,0.85475162999999998
151676,151676,BANKSY,11,19,0.57484358000000002,0.61290323000000002,0.85475162999999998
151676,151676,BANKSY,11,20,0.57162712999999998,0.61290323000000002,0.85423747000000005
151676,151676,BANKSY,12,15,0.95591565000000001,0.92307691999999997,0.99492194
151676,151676,BANKSY,12,16,0.99685802999999995,1,1
151676,151676,BANKSY,12,17,0.99487634000000003,1,0.99956449000000003
151676,151676,BANKSY,12,19,0.99487634000000003,1,0.99956449000000003
151676,151676,BANKSY,12,20,0.99724062999999996,1,0.99907338000000001
151676,151676,BANKSY,14,18,0.60772446000000002,0.5625,0.86782996999999995
151676,151676,BANKSY,15,16,0.95471967999999996,0.88679244999999995,0.99492194
151676,151676,BANKSY,15,17,0.95948387999999996,0.96078430999999997,0.99492194
151676,151676,BANKSY,15,19,0.95948387999999996,0.96078430999999997,0.99492194
151676,151676,BANKSY,15,20,0.95718736000000004,0.92307691999999997,0.99492194
151676,151676,BANKSY,16,17,0.99319232000000002,1,0.99942940000000002
151676,151676,BANKSY,16,19,0.99319232000000002,1,0.99942940000000002
151676,151676,BANKSY,16,20,0.99555298000000003,0.96078430999999997,0.99874255000000001
151676,151676,BANKSY,17,19,1,1,1
151676,151676,BANKSY,17,20,0.99529610999999996,1,0.99874255000000001
151676,151676,BANKSY,19,20,0.99529610999999996,1,0.99874255000000001
151676,151676,SEDR,1,2,0.7957397866,0.81818181820000002,0.94004468890000004
151676,151676,SEDR,1,6,0.77964000229999986,0.75438596489999987,0.93934021280000002
151676,151676,SEDR,1,8,0.81399239150000002,0.81818181820000002,0.96036009160000002
151676,151676,SEDR,1,9,0.83685307600000003,0.75438596489999987,0.94393245020000005
151676,151676,SEDR,1,13,0.85014782349999996,0.78571428570000001,0.94973787170000001
151676,151676,SEDR,1,16,0.89123214640000004,0.78571428570000001,0.96227056779999998
151676,151676,SEDR,1,17,0.8914942253,0.78571428570000001,0.96470058989999996
151676,151676,SEDR,2,3,0.74463489220000001,0.78571428570000001,0.9202402636
151676,151676,SEDR,2,4,0.7214311457,0.72413793100000001,0.8980316451
151676,151676,SEDR,2,6,0.7782628211,0.72413793100000001,0.90849641339999998
151676,151676,SEDR,2,8,0.80927485840000002,0.78571428570000001,0.90788764710000003
151676,151676,SEDR,2,13,0.7411791392,0.75438596489999987,0.92990397089999999
151676,151676,SEDR,2,16,0.78898981869999985,0.78571428570000001,0.92654124829999995
151676,151676,SEDR,2,17,0.78150974110000004,0.81818181820000002,0.9198025702
151676,151676,SEDR,2,18,0.76388571959999985,0.81818181820000002,0.94125236239999999
151676,151676,SEDR,3,4,0.79021477389999994,0.72413793100000001,0.90649354250000003
151676,151676,SEDR,3,8,0.80672348380000003,0.75438596489999987,0.9526419867
151676,151676,SEDR,3,18,0.83757608059999988,0.81818181820000002,0.95561610929999996
151676,151676,SEDR,4,8,0.74780858670000006,0.81818181820000002,0.93522497189999998
151676,151676,SEDR,4,13,0.7762473822,0.78571428570000001,0.92119608369999995
151676,151676,SEDR,4,17,0.76495753700000002,0.75438596489999987,0.91160838619999995
151676,151676,SEDR,4,18,0.75939724220000004,0.75438596489999987,0.91376867530000006
151676,151676,SEDR,6,8,0.85828293290000002,0.78571428570000001,0.94715750389999998
151676,151676,SEDR,6,9,0.75758078979999988,0.75438596489999987,0.93500959859999999
151676,151676,SEDR,6,13,0.74851853719999994,0.75438596489999987,0.941898342
151676,151676,SEDR,6,16,0.75896767310000002,0.6949152542,0.93253830979999996
151676,151676,SEDR,6,17,0.77083115400000002,0.75438596489999987,0.93049661139999995
151676,151676,SEDR,8,9,0.76376406640000005,0.81818181820000002,0.93793226070000002
151676,151676,SEDR,8,13,0.78066868509999987,0.78571428570000001,0.9487006965
151676,151676,SEDR,8,16,0.7675785705,0.75438596489999987,0.94960332110000001
151676,151676,SEDR,8,17,0.76978026170000002,0.78571428570000001,0.94469962409999997
151676,151676,SEDR,8,18,0.79771417570000003,0.78571428570000001,0.94240412250000005
151676,151676,SEDR,9,13,0.83685059100000003,0.81818181820000002,0.94352883949999999
151676,151676,SEDR,9,16,0.81330923590000004,0.78571428570000001,0.9424523252
151676,151676,SEDR,9,17,0.79391901710000001,0.75438596489999987,0.93511704389999994
151676,151676,SEDR,10,11,0.70245792289999986,0.61290322580000001,0.89280495390000003
151676,151676,SEDR,10,15,0.73492949880000003,0.66666666669999985,0.94431287649999995
151676,151676,SEDR,10,19,0.70130056360000004,0.63934426229999985,0.89064063849999986
151676,151676,SEDR,10,20,0.70097951999999986,0.66666666669999985,0.9052863015
151676,151676,SEDR,11,12,0.79046532869999986,0.78571428570000001,0.92274404649999997
151676,151676,SEDR,11,15,0.68999482830000003,0.72413793100000001,0.88580658150000002
151676,151676,SEDR,11,19,0.75500831810000002,0.78571428570000001,0.9077099515
151676,151676,SEDR,11,20,0.77687936810000002,0.75438596489999987,0.89269762500000005
151676,151676,SEDR,12,15,0.74005754089999987,0.66666666669999985,0.86104172540000001
151676,151676,SEDR,13,16,0.83063745200000005,0.75438596489999987,0.9393869239
151676,151676,SEDR,13,17,0.82791031159999995,0.78571428570000001,0.93521053460000003
151676,151676,SEDR,15,19,0.71152566169999987,0.6949152542,0.88732877330000004
151676,151676,SEDR,15,20,0.71811391400000002,0.72413793100000001,0.91259473700000004
151676,151676,SEDR,16,17,0.91525565499999995,0.85185185190000001,0.97501383630000005
151676,151676,SEDR,18,19,0.77510670820000005,0.75438596489999987,0.91121271150000005
151676,151676,SEDR,19,20,0.81415677870000003,0.78571428570000001,0.94196507979999999
STARmap,STARmap,GraphST,1,17,0.59813187000000001,0.69491524999999998,0.91768443
STARmap,STARmap,GraphST,3,5,0.70258140000000002,0.75438596000000002,0.93574210000000002
STARmap,STARmap,GraphST,3,7,0.67226808000000005,0.78571429000000004,0.93193130000000002
STARmap,STARmap,GraphST,3,9,0.64670121000000003,0.72413793000000004,0.91307850999999995
STARmap,STARmap,GraphST,3,10,0.66496759999999999,0.75438596000000002,0.93655752999999997
STARmap,STARmap,GraphST,3,11,0.56336916999999997,0.42857142999999998,0.80484800000000001
STARmap,STARmap,GraphST,3,13,0.56072973999999998,0.4084507,0.79170072000000002
STARmap,STARmap,GraphST,3,14,0.65478848999999995,0.78571429000000004,0.92414847
STARmap,STARmap,GraphST,3,18,0.68250708999999998,0.75438596000000002,0.94770480000000001
STARmap,STARmap,GraphST,3,20,0.54375147000000001,0.51515151999999997,0.82740709999999995
STARmap,STARmap,GraphST,4,6,0.74735110999999999,0.81818181999999995,0.95567906000000002
STARmap,STARmap,GraphST,4,8,0.66443964,0.69491524999999998,0.94175951999999996
STARmap,STARmap,GraphST,4,12,0.55353436,0.61290323000000002,0.85266043000000002
STARmap,STARmap,GraphST,4,15,0.57409779000000005,0.51515151999999997,0.83415892000000003
STARmap,STARmap,GraphST,4,19,0.54418102999999995,0.42857142999999998,0.82835292000000005
STARmap,STARmap,GraphST,4,20,0.70175352999999996,0.72413793000000004,0.94017983000000005
STARmap,STARmap,GraphST,5,7,0.69863633000000003,0.72413793000000004,0.94793607000000002
STARmap,STARmap,GraphST,5,9,0.70086000999999998,0.72413793000000004,0.94038566999999995
STARmap,STARmap,GraphST,5,10,0.76088909999999998,0.78571429000000004,0.96195719999999996
STARmap,STARmap,GraphST,5,11,0.61629356999999996,0.51515151999999997,0.84395005999999995
STARmap,STARmap,GraphST,5,13,0.59708992999999999,0.47058823999999999,0.81770441999999999
STARmap,STARmap,GraphST,5,14,0.75439433,0.75438596000000002,0.94694878999999998
STARmap,STARmap,GraphST,5,18,0.74182168999999998,0.72413793000000004,0.94771401
STARmap,STARmap,GraphST,5,20,0.61185584999999998,0.63934426,0.87412447999999998
STARmap,STARmap,GraphST,6,8,0.66998988999999998,0.78571429000000004,0.94302065000000002
STARmap,STARmap,GraphST,6,12,0.55151446000000004,0.61290323000000002,0.84307958000000005
STARmap,STARmap,GraphST,6,15,0.57417269999999998,0.53846154000000002,0.86092184000000005
STARmap,STARmap,GraphST,6,19,0.54681345000000003,0.51515151999999997,0.85191574999999997
STARmap,STARmap,GraphST,7,9,0.65932568000000003,0.66666667000000002,0.93993576000000001
STARmap,STARmap,GraphST,7,10,0.67361852,0.72413793000000004,0.94578508999999999
STARmap,STARmap,GraphST,7,11,0.66293500000000005,0.61290323000000002,0.88885460000000005
STARmap,STARmap,GraphST,7,13,0.59859629999999997,0.69491524999999998,0.92529903999999996
STARmap,STARmap,GraphST,7,14,0.65792547000000001,0.63934426,0.89991129999999997
STARmap,STARmap,GraphST,7,18,0.71930640999999995,0.75438596000000002,0.94988938000000001
STARmap,STARmap,GraphST,7,20,0.66273581999999998,0.61290323000000002,0.92663998000000003
STARmap,STARmap,GraphST,8,12,0.52378811999999997,0.47058823999999999,0.81744015999999997
STARmap,STARmap,GraphST,8,15,0.53413743000000002,0.51515151999999997,0.82565681000000002
STARmap,STARmap,GraphST,8,18,0.55756821000000001,0.49253731000000001,0.83173401999999996
STARmap,STARmap,GraphST,8,19,0.53077881000000005,0.44927536000000001,0.82639253999999995
STARmap,STARmap,GraphST,8,20,0.69938440000000002,0.75438596000000002,0.94324585999999999
STARmap,STARmap,GraphST,9,10,0.67215013000000001,0.66666667000000002,0.93874771000000001
STARmap,STARmap,GraphST,9,11,0.61152850999999997,0.69491524999999998,0.89431795000000003
STARmap,STARmap,GraphST,9,13,0.56404312999999995,0.58730159000000004,0.87257368000000002
STARmap,STARmap,GraphST,9,14,0.64905475000000001,0.58730159000000004,0.88037778
STARmap,STARmap,GraphST,9,15,0.70024167000000004,0.78571429000000004,0.9375502
STARmap,STARmap,GraphST,9,18,0.66306704000000005,0.78571429000000004,0.92888870000000001
STARmap,STARmap,GraphST,9,19,0.62008030999999997,0.58730159000000004,0.89427327999999995
STARmap,STARmap,GraphST,9,20,0.62333981999999999,0.66666667000000002,0.93067018000000001
STARmap,STARmap,GraphST,10,11,0.62233269999999996,0.5625,0.85553559000000001
STARmap,STARmap,GraphST,10,13,0.57490814999999995,0.51515151999999997,0.82245880000000005
STARmap,STARmap,GraphST,10,14,0.68271018000000006,0.72413793000000004,0.93800296000000005
STARmap,STARmap,GraphST,10,16,0.70427651999999996,0.75438596000000002,0.95527521000000004
STARmap,STARmap,GraphST,10,18,0.74019411000000002,0.75438596000000002,0.94960338
STARmap,STARmap,GraphST,11,13,0.64595528999999996,0.63934426,0.89943488000000005
STARmap,STARmap,GraphST,11,14,0.63791977,0.53846154000000002,0.84119752999999997
STARmap,STARmap,GraphST,11,15,0.59584658999999995,0.44927536000000001,0.83359158
STARmap,STARmap,GraphST,11,18,0.63353152000000001,0.47058823999999999,0.86775015
STARmap,STARmap,GraphST,11,20,0.74029971999999999,0.66666667000000002,0.90668872
STARmap,STARmap,GraphST,12,15,0.69739804000000005,0.81818181999999995,0.94735389000000003
STARmap,STARmap,GraphST,12,19,0.61817615000000004,0.72413793000000004,0.91697837999999998
STARmap,STARmap,GraphST,12,20,0.59162482999999999,0.61290323000000002,0.86781423999999996
STARmap,STARmap,GraphST,13,14,0.60779453000000006,0.49253731000000001,0.83280047999999995
STARmap,STARmap,GraphST,13,15,0.55102797000000003,0.4084507,0.80503055999999995
STARmap,STARmap,GraphST,13,18,0.56138756999999995,0.47058823999999999,0.81966638999999997
STARmap,STARmap,GraphST,13,20,0.66127385999999999,0.5625,0.87615483999999999
STARmap,STARmap,GraphST,14,18,0.70158454000000003,0.66666667000000002,0.93540197000000003
STARmap,STARmap,GraphST,14,20,0.62073266000000005,0.5625,0.85365382999999995
STARmap,STARmap,GraphST,15,18,0.76438914999999996,0.78571429000000004,0.95554159000000005
STARmap,STARmap,GraphST,15,19,0.65520679999999998,0.72413793000000004,0.92265998000000005
STARmap,STARmap,GraphST,15,20,0.60180166999999996,0.53846154000000002,0.85890359000000005
STARmap,STARmap,GraphST,18,19,0.65612583999999996,0.72413793000000004,0.92725630999999997
STARmap,STARmap,GraphST,18,20,0.61534498000000004,0.5625,0.88596905000000004
STARmap,STARmap,GraphST,19,20,0.56266757000000001,0.47058823999999999,0.83174561000000002
STARmap,STARmap,STAGATE,1,2,0.58616948000000002,0.72413793000000004,0.91599695000000003
STARmap,STARmap,STAGATE,1,3,0.63555837000000004,0.78571429000000004,0.94498782999999997
STARmap,STARmap,STAGATE,1,5,0.67518012000000005,0.81818181999999995,0.95287991000000005
STARmap,STARmap,STAGATE,1,7,0.52228386000000004,0.75438596000000002,0.90627793000000001
STARmap,STARmap,STAGATE,1,9,0.57414957,0.72413793000000004,0.90317121
STARmap,STARmap,STAGATE,1,13,0.59974788000000001,0.78571429000000004,0.91700071000000005
STARmap,STARmap,STAGATE,1,14,0.57525996000000001,0.75438596000000002,0.92676917000000003
STARmap,STARmap,STAGATE,1,19,0.59775619000000002,0.75438596000000002,0.93244627000000002
STARmap,STARmap,STAGATE,2,3,0.64049739999999999,0.75438596000000002,0.92541112999999997
STARmap,STARmap,STAGATE,2,5,0.68865229999999999,0.78571429000000004,0.93333107999999998
STARmap,STARmap,STAGATE,2,7,0.53592463000000001,0.75438596000000002,0.91256568999999998
STARmap,STARmap,STAGATE,2,9,0.70530733999999995,0.81818181999999995,0.94619712
STARmap,STARmap,STAGATE,2,13,0.57737724000000001,0.63934426,0.86554836999999996
STARmap,STARmap,STAGATE,2,14,0.66009585999999998,0.75438596000000002,0.94451578999999997
STARmap,STARmap,STAGATE,2,19,0.70601891000000006,0.81818181999999995,0.95207061999999998
STARmap,STARmap,STAGATE,3,5,0.65900278999999995,0.81818181999999995,0.94143487999999997
STARmap,STARmap,STAGATE,3,7,0.57203271,0.78571429000000004,0.93338613000000004
STARmap,STARmap,STAGATE,3,9,0.60022014999999995,0.72413793000000004,0.92412592000000005
STARmap,STARmap,STAGATE,3,13,0.60239255000000003,0.61290323000000002,0.92209795999999999
STARmap,STARmap,STAGATE,3,14,0.59513563000000003,0.72413793000000004,0.92997054999999995
STARmap,STARmap,STAGATE,3,19,0.62625604000000001,0.78571429000000004,0.94270507999999997
STARmap,STARmap,STAGATE,4,6,0.70170895,0.78571429000000004,0.9514707
STARmap,STARmap,STAGATE,4,10,0.73134381000000004,0.85185184999999997,0.95983525000000003
STARmap,STARmap,STAGATE,4,11,0.71573520000000002,0.81818181999999995,0.94801690000000005
STARmap,STARmap,STAGATE,4,12,0.72777153000000006,0.81818181999999995,0.95560442000000001
STARmap,STARmap,STAGATE,4,14,0.73122259000000001,0.85185184999999997,0.95209719999999998
STARmap,STARmap,STAGATE,4,15,0.75146778999999997,0.85185184999999997,0.96096881000000001
STARmap,STARmap,STAGATE,4,16,0.68559252000000004,0.81818181999999995,0.93724569999999996
STARmap,STARmap,STAGATE,4,17,0.71437406999999997,0.81818181999999995,0.94987421999999999
STARmap,STARmap,STAGATE,4,18,0.58823482999999999,0.72413793000000004,0.89815736000000002
STARmap,STARmap,STAGATE,4,19,0.72686640999999996,0.85185184999999997,0.95700428000000004
STARmap,STARmap,STAGATE,4,20,0.69955257000000004,0.85185184999999997,0.95850086000000001
STARmap,STARmap,STAGATE,5,6,0.67495696000000005,0.75438596000000002,0.93602945999999998
STARmap,STARmap,STAGATE,5,9,0.66778404000000002,0.75438596000000002,0.93644488999999997
STARmap,STARmap,STAGATE,5,11,0.64944864000000002,0.78571429000000004,0.92442948999999996
STARmap,STARmap,STAGATE,5,12,0.68255312999999995,0.75438596000000002,0.93928036999999998
STARmap,STARmap,STAGATE,5,13,0.63711094999999995,0.75438596000000002,0.92155301999999995
STARmap,STARmap,STAGATE,5,14,0.64302380999999997,0.75438596000000002,0.92954703000000005
STARmap,STARmap,STAGATE,5,15,0.69677436000000004,0.81818181999999995,0.94415093000000005
STARmap,STARmap,STAGATE,5,16,0.71290217,0.81818181999999995,0.94044676999999999
STARmap,STARmap,STAGATE,5,19,0.69722010000000001,0.81818181999999995,0.94251194999999999
STARmap,STARmap,STAGATE,6,9,0.74171598000000005,0.81818181999999995,0.95807487000000002
STARmap,STARmap,STAGATE,6,10,0.71955625999999995,0.78571429000000004,0.95907984000000002
STARmap,STARmap,STAGATE,6,11,0.73484616999999997,0.78571429000000004,0.95530656999999997
STARmap,STARmap,STAGATE,6,12,0.70544673000000002,0.78571429000000004,0.95481583000000003
STARmap,STARmap,STAGATE,6,14,0.71217136999999997,0.81818181999999995,0.95554958999999995
STARmap,STARmap,STAGATE,6,15,0.74729095999999995,0.81818181999999995,0.96349074999999995
STARmap,STARmap,STAGATE,6,16,0.68903146000000004,0.75438596000000002,0.94455131000000003
STARmap,STARmap,STAGATE,6,17,0.72531714999999997,0.81818181999999995,0.95471435999999998
STARmap,STARmap,STAGATE,6,18,0.61849089000000002,0.72413793000000004,0.90052445000000003
STARmap,STARmap,STAGATE,6,19,0.71790403999999997,0.75438596000000002,0.94184765999999998
STARmap,STARmap,STAGATE,6,20,0.72713081999999996,0.85185184999999997,0.95520890000000003
STARmap,STARmap,STAGATE,9,12,0.73069656000000005,0.81818181999999995,0.9510073
STARmap,STARmap,STAGATE,9,13,0.54666408,0.61290323000000002,0.84117657999999995
STARmap,STARmap,STAGATE,9,14,0.73337967999999998,0.78571429000000004,0.95763967999999999
STARmap,STARmap,STAGATE,9,15,0.71127954999999998,0.81818181999999995,0.94900574000000004
STARmap,STARmap,STAGATE,9,16,0.65577026000000005,0.75438596000000002,0.92779650999999996
STARmap,STARmap,STAGATE,9,19,0.73364547999999996,0.78571429000000004,0.94876417000000002
STARmap,STARmap,STAGATE,10,11,0.78278588999999998,0.81818181999999995,0.96805869
STARmap,STARmap,STAGATE,10,12,0.74584996000000003,0.88679244999999995,0.95961379000000002
STARmap,STARmap,STAGATE,10,15,0.76311424000000005,0.85185184999999997,0.96584842000000004
STARmap,STARmap,STAGATE,10,16,0.69641587999999999,0.81818181999999995,0.95123696999999996
STARmap,STARmap,STAGATE,10,17,0.75358917999999997,0.81818181999999995,0.95503713999999995
STARmap,STARmap,STAGATE,10,18,0.60063500999999997,0.69491524999999998,0.89109713999999995
STARmap,STARmap,STAGATE,10,20,0.75652763999999995,0.85185184999999997,0.95990757999999998
STARmap,STARmap,STAGATE,11,12,0.73986843999999996,0.81818181999999995,0.96005255
STARmap,STARmap,STAGATE,11,14,0.73242231999999996,0.78571429000000004,0.95878050000000004
STARmap,STARmap,STAGATE,11,15,0.75110403999999997,0.81818181999999995,0.96278368000000003
STARmap,STARmap,STAGATE,11,16,0.66425891999999997,0.75438596000000002,0.94038975999999996
STARmap,STARmap,STAGATE,11,17,0.71605163000000005,0.78571429000000004,0.95075189999999998
STARmap,STARmap,STAGATE,11,18,0.58995021000000003,0.66666667000000002,0.87715261
STARmap,STARmap,STAGATE,11,19,0.74192879,0.81818181999999995,0.95549474000000001
STARmap,STARmap,STAGATE,11,20,0.76448397999999995,0.85185184999999997,0.96627032999999996
STARmap,STARmap,STAGATE,12,14,0.72769938999999995,0.78571429000000004,0.96058069000000001
STARmap,STARmap,STAGATE,12,15,0.75325394999999995,0.81818181999999995,0.96347490999999996
STARmap,STARmap,STAGATE,12,16,0.68602991000000002,0.81818181999999995,0.94300470999999997
STARmap,STARmap,STAGATE,12,17,0.72846,0.78571429000000004,0.95097520999999996
STARmap,STARmap,STAGATE,12,18,0.60730174000000003,0.72413793000000004,0.89227436000000004
STARmap,STARmap,STAGATE,12,19,0.73824800999999995,0.85185184999999997,0.95539770999999996
STARmap,STARmap,STAGATE,12,20,0.69779999000000004,0.78571429000000004,0.95021102000000002
STARmap,STARmap,STAGATE,13,14,0.53883009000000004,0.63934426,0.86305597999999994
STARmap,STARmap,STAGATE,13,15,0.57912001000000002,0.66666667000000002,0.88238799999999995
STARmap,STARmap,STAGATE,13,19,0.55319063999999996,0.63934426,0.86822199
STARmap,STARmap,STAGATE,14,15,0.73248807999999999,0.85185184999999997,0.95912313000000005
STARmap,STARmap,STAGATE,14,16,0.66962785999999996,0.81818181999999995,0.94918714999999998
STARmap,STARmap,STAGATE,14,18,0.56148989000000005,0.63934426,0.88254098000000003
STARmap,STARmap,STAGATE,14,19,0.72360922000000005,0.81818181999999995,0.95169411999999998
STARmap,STARmap,STAGATE,14,20,0.70435559999999997,0.78571429000000004,0.95075942000000002
STARmap,STARmap,STAGATE,15,16,0.71083258000000005,0.85185184999999997,0.94637550999999998
STARmap,STARmap,STAGATE,15,18,0.62380860999999999,0.69491524999999998,0.90781115999999995
STARmap,STARmap,STAGATE,15,19,0.73704999000000004,0.81818181999999995,0.95654019000000001
STARmap,STARmap,STAGATE,15,20,0.70781221999999999,0.78571429000000004,0.94996612999999996
STARmap,STARmap,STAGATE,16,17,0.69479042999999996,0.75438596000000002,0.94281145
STARmap,STARmap,STAGATE,16,18,0.64193204000000004,0.75438596000000002,0.92335153000000003
STARmap,STARmap,STAGATE,16,19,0.67414929000000001,0.81818181999999995,0.93329108999999999
STARmap,STARmap,STAGATE,16,20,0.64844888999999994,0.78571429000000004,0.94176150999999997
STARmap,STARmap,STAGATE,17,18,0.59638875999999996,0.72413793000000004,0.89506226
STARmap,STARmap,STAGATE,17,20,0.71484133999999999,0.78571429000000004,0.95162150000000001
STARmap,STARmap,STAGATE,18,19,0.57697277000000002,0.72413793000000004,0.89131035999999997
STARmap,STARmap,STAGATE,18,20,0.57672303999999996,0.63934426,0.88024933999999999
STARmap,STARmap,STAGATE,19,20,0.70854026999999997,0.78571429000000004,0.94575872999999999
STARmap,STARmap,SpaGCN,1,4,0.43415261999999999,0.21951219999999999,0.56232185000000001
STARmap,STARmap,SpaGCN,1,8,0.55561366999999995,0.47058823999999999,0.85908916999999996
STARmap,STARmap,SpaGCN,1,10,0.46995657000000002,0.53846154000000002,0.83791115999999999
STARmap,STARmap,SpaGCN,1,12,0.48016562000000002,0.38888888999999999,0.77594189999999996
STARmap,STARmap,SpaGCN,2,3,0.40252362000000003,0.44927536000000001,0.63199094
STARmap,STARmap,SpaGCN,2,17,0.36479603999999999,0.51515151999999997,0.73970678999999995
STARmap,STARmap,SpaGCN,4,8,0.48000082999999999,0.5625,0.84026272000000002
STARmap,STARmap,SpaGCN,4,10,0.36823014999999998,0.4084507,0.70768346000000004
STARmap,STARmap,SpaGCN,4,12,0.57852071000000005,0.5625,0.84610713000000004
STARmap,STARmap,SpaGCN,5,9,0.65257522999999995,0.69491524999999998,0.93878249000000002
STARmap,STARmap,SpaGCN,5,13,0.62094718000000004,0.63934426,0.90851574000000002
STARmap,STARmap,SpaGCN,5,14,0.66815546999999997,0.75438596000000002,0.94191849000000005
STARmap,STARmap,SpaGCN,6,13,0.56710331999999997,0.63934426,0.92075077000000005
STARmap,STARmap,SpaGCN,6,14,0.64231656000000004,0.69491524999999998,0.94862732999999999
STARmap,STARmap,SpaGCN,6,15,0.55210837000000001,0.69491524999999998,0.92156855000000004
STARmap,STARmap,SpaGCN,6,19,0.61151580999999999,0.69491524999999998,0.93399279000000002
STARmap,STARmap,SpaGCN,7,20,0.82280536999999998,0.75438596000000002,0.96864479000000003
STARmap,STARmap,SpaGCN,8,10,0.45855282000000003,0.61290323000000002,0.890683
STARmap,STARmap,SpaGCN,8,12,0.48792332999999999,0.5625,0.84694685999999997
STARmap,STARmap,SpaGCN,9,13,0.72303550999999999,0.78571429000000004,0.95079913999999999
STARmap,STARmap,SpaGCN,9,14,0.71231358,0.78571429000000004,0.95216027999999997
STARmap,STARmap,SpaGCN,10,12,0.42303447,0.5625,0.80019046000000005
STARmap,STARmap,SpaGCN,11,16,0.46137676999999999,0.51515151999999997,0.84824040999999994
STARmap,STARmap,SpaGCN,13,14,0.67999971999999997,0.72413793000000004,0.94474798000000004
STARmap,STARmap,SpaGCN,15,19,0.58336306999999998,0.69491524999999998,0.92534214999999997
STARmap,STARmap,SpaGCN,18,20,0.71552112000000001,0.75438596000000002,0.94684067999999999
STARmap,STARmap,BANKSY,1,2,0.93731478999999995,1,1
STARmap,STARmap,BANKSY,1,3,0.92661092,0.88679244999999995,0.97555784000000001
STARmap,STARmap,BANKSY,1,4,0.93731478999999995,1,1
STARmap,STARmap,BANKSY,1,5,0.86903337000000003,0.69491524999999998,0.97013514999999995
STARmap,STARmap,BANKSY,1,6,0.96547623999999999,0.92307691999999997,0.99097964000000005
STARmap,STARmap,BANKSY,1,8,0.97921276000000002,1,0.99909638000000001
STARmap,STARmap,BANKSY,1,9,0.94500521000000004,0.92307691999999997,0.98193783000000001
STARmap,STARmap,BANKSY,1,10,0.92238818,0.88679244999999995,0.97555784000000001
STARmap,STARmap,BANKSY,1,13,0.94135055999999995,0.92307691999999997,0.99482824999999997
STARmap,STARmap,BANKSY,1,14,0.93643208,0.88679244999999995,0.99605787999999995
STARmap,STARmap,BANKSY,1,15,0.96023524000000005,0.92307691999999997,0.98955676000000004
STARmap,STARmap,BANKSY,1,16,0.94500521000000004,0.92307691999999997,0.98193783000000001
STARmap,STARmap,BANKSY,1,17,0.96802186000000001,0.88679244999999995,0.99222677000000004
STARmap,STARmap,BANKSY,1,20,0.94502070999999999,0.88679244999999995,0.98399859000000001
STARmap,STARmap,BANKSY,2,3,0.98908156000000003,1,1
STARmap,STARmap,BANKSY,2,4,1,1,1
STARmap,STARmap,BANKSY,2,5,0.89706125999999997,0.69491524999999998,0.97013514999999995
STARmap,STARmap,BANKSY,2,6,0.94272252000000001,0.92307691999999997,0.98690697999999999
STARmap,STARmap,BANKSY,2,8,0.95467493999999997,0.92307691999999997,0.99605787999999995
STARmap,STARmap,BANKSY,2,9,0.96072946999999997,0.92307691999999997,0.99589435999999998
STARmap,STARmap,BANKSY,2,10,0.98476395999999999,1,1
STARmap,STARmap,BANKSY,2,13,0.88433530000000005,0.81818181999999995,0.97006912000000001
STARmap,STARmap,BANKSY,2,14,0.99912851000000003,1,1
STARmap,STARmap,BANKSY,2,15,0.94372644999999999,0.92307691999999997,0.98838446999999996
STARmap,STARmap,BANKSY,2,16,0.96072946999999997,0.92307691999999997,0.99589435999999998
STARmap,STARmap,BANKSY,2,17,0.91138381999999996,0.81818181999999995,0.97688644999999996
STARmap,STARmap,BANKSY,2,20,0.88890011999999996,0.85185184999999997,0.96430936
STARmap,STARmap,BANKSY,3,4,0.98908156000000003,1,1
STARmap,STARmap,BANKSY,3,5,0.88791878999999996,0.69491524999999998,0.97013514999999995
STARmap,STARmap,BANKSY,3,6,0.94620778999999999,0.92307691999999997,0.98690697999999999
STARmap,STARmap,BANKSY,3,8,0.94571274000000005,0.92307691999999997,0.98690697999999999
STARmap,STARmap,BANKSY,3,9,0.96423745999999999,0.92307691999999997,0.99589435999999998
STARmap,STARmap,BANKSY,3,10,0.99548006,1,1
STARmap,STARmap,BANKSY,3,13,0.87547878999999995,0.81818181999999995,0.97006912000000001
STARmap,STARmap,BANKSY,3,14,0.98991364999999998,1,1
STARmap,STARmap,BANKSY,3,15,0.95416595999999998,0.92307691999999997,0.98838446999999996
STARmap,STARmap,BANKSY,3,16,0.96423745999999999,0.92307691999999997,0.99589435999999998
STARmap,STARmap,BANKSY,3,20,0.87995108,0.81818181999999995,0.96430936
STARmap,STARmap,BANKSY,4,5,0.89706125999999997,0.69491524999999998,0.97013514999999995
STARmap,STARmap,BANKSY,4,6,0.94272252000000001,0.92307691999999997,0.98690697999999999
STARmap,STARmap,BANKSY,4,8,0.95467493999999997,0.92307691999999997,0.99605787999999995
STARmap,STARmap,BANKSY,4,9,0.96072946999999997,0.92307691999999997,0.99589435999999998
STARmap,STARmap,BANKSY,4,10,0.98476395999999999,1,1
STARmap,STARmap,BANKSY,4,13,0.88433530000000005,0.81818181999999995,0.97006912000000001
STARmap,STARmap,BANKSY,4,14,0.99912851000000003,1,1
STARmap,STARmap,BANKSY,4,15,0.94372644999999999,0.92307691999999997,0.98838446999999996
STARmap,STARmap,BANKSY,4,16,0.96072946999999997,0.92307691999999997,0.99589435999999998
STARmap,STARmap,BANKSY,4,17,0.91138381999999996,0.81818181999999995,0.97688644999999996
STARmap,STARmap,BANKSY,4,20,0.88890011999999996,0.85185184999999997,0.96430936
STARmap,STARmap,BANKSY,5,6,0.87511037000000003,0.69491524999999998,0.97013514999999995
STARmap,STARmap,BANKSY,5,8,0.88345205999999998,0.69491524999999998,0.97013514999999995
STARmap,STARmap,BANKSY,5,9,0.88788142000000003,0.69491524999999998,0.97013514999999995
STARmap,STARmap,BANKSY,5,10,0.88432966000000002,0.69491524999999998,0.97013514999999995
STARmap,STARmap,BANKSY,5,13,0.88838348,0.81818181999999995,0.97569357999999995
STARmap,STARmap,BANKSY,5,14,0.89628110000000005,0.69491524999999998,0.97013514999999995
STARmap,STARmap,BANKSY,5,15,0.87343892999999995,0.69491524999999998,0.97013514999999995
STARmap,STARmap,BANKSY,5,16,0.88788142000000003,0.69491524999999998,0.97013514999999995
STARmap,STARmap,BANKSY,5,20,0.86476892999999999,0.63934426,0.96735859999999996
STARmap,STARmap,BANKSY,6,8,0.98451031,1,0.99876759999999998
STARmap,STARmap,BANKSY,6,9,0.97851774000000002,1,0.99829517999999995
STARmap,STARmap,BANKSY,6,10,0.94697966,0.92307691999999997,0.98690697999999999
STARmap,STARmap,BANKSY,6,13,0.91229537999999999,0.88679244999999995,0.98668427000000003
STARmap,STARmap,BANKSY,6,14,0.94184405999999998,0.92307691999999997,0.98690697999999999
STARmap,STARmap,BANKSY,6,15,0.98395513999999995,0.96078430999999997,0.99551173999999998
STARmap,STARmap,BANKSY,6,16,0.97851774000000002,1,0.99829517999999995
STARmap,STARmap,BANKSY,6,17,0.94802955,0.88679244999999995,0.98923170999999999
STARmap,STARmap,BANKSY,6,20,0.91415676999999995,0.81818181999999995,0.97009571000000006
STARmap,STARmap,BANKSY,7,11,0.99737962999999996,1,1
STARmap,STARmap,BANKSY,7,12,0.99657938999999995,1,0.99933245999999998
STARmap,STARmap,BANKSY,8,9,0.96321241000000002,1,0.99179680000000003
STARmap,STARmap,BANKSY,8,10,0.94148410999999999,0.92307691999999997,0.98690697999999999
STARmap,STARmap,BANKSY,8,13,0.92124576000000002,0.88679244999999995,0.98668427000000003
STARmap,STARmap,BANKSY,8,14,0.95553447000000002,1,1
STARmap,STARmap,BANKSY,8,15,0.98088922999999995,0.96078430999999997,0.99506386000000002
STARmap,STARmap,BANKSY,8,16,0.96321241000000002,1,0.99179680000000003
STARmap,STARmap,BANKSY,8,17,0.94944470000000003,0.88679244999999995,0.98923099000000003
STARmap,STARmap,BANKSY,8,20,0.92549055999999996,0.85185184999999997,0.98129833
STARmap,STARmap,BANKSY,9,10,0.96501473000000004,0.92307691999999997,0.99513635
STARmap,STARmap,BANKSY,9,14,0.95985363000000001,0.92307691999999997,0.99589435999999998
STARmap,STARmap,BANKSY,9,15,0.96697549000000005,0.96078430999999997,0.99376850000000005
STARmap,STARmap,BANKSY,9,16,1,1,1
STARmap,STARmap,BANKSY,9,20,0.89469743999999995,0.85185184999999997,0.96805395999999999
STARmap,STARmap,BANKSY,10,13,0.87200434000000004,0.81818181999999995,0.97006912000000001
STARmap,STARmap,BANKSY,10,14,0.98557609999999995,1,1
STARmap,STARmap,BANKSY,10,15,0.95593099000000004,0.92307691999999997,0.99136058000000005
STARmap,STARmap,BANKSY,10,16,0.96501473000000004,0.92307691999999997,0.99513635
STARmap,STARmap,BANKSY,10,20,0.87643926999999999,0.81818181999999995,0.96049169999999995
STARmap,STARmap,BANKSY,11,12,0.99919979000000003,1,1
STARmap,STARmap,BANKSY,13,14,0.88350784000000004,0.81818181999999995,0.97006912000000001
STARmap,STARmap,BANKSY,13,15,0.91077357999999997,0.88679244999999995,0.98503660000000004
STARmap,STARmap,BANKSY,13,17,0.91648536999999997,0.88679244999999995,0.98556295000000005
STARmap,STARmap,BANKSY,13,20,0.93598196,0.92307691999999997,0.99359344000000005
STARmap,STARmap,BANKSY,14,15,0.94450694999999996,0.92307691999999997,0.98838446999999996
STARmap,STARmap,BANKSY,14,16,0.95985363000000001,0.92307691999999997,0.99589435999999998
STARmap,STARmap,BANKSY,14,17,0.91215473999999996,0.81818181999999995,0.97688644999999996
STARmap,STARmap,BANKSY,14,20,0.88832246999999998,0.85185184999999997,0.96430936
STARmap,STARmap,BANKSY,15,16,0.96697549000000005,0.96078430999999997,0.99376850000000005
STARmap,STARmap,BANKSY,15,17,0.95491857000000002,0.96078430999999997,0.99368520999999999
STARmap,STARmap,BANKSY,15,20,0.91513285,0.85185184999999997,0.97392926999999996
STARmap,STARmap,BANKSY,16,20,0.89469743999999995,0.85185184999999997,0.96805395999999999
STARmap,STARmap,BANKSY,17,20,0.94271172999999997,0.88679244999999995,0.99194651
STARmap,STARmap,BANKSY,18,19,0.98464300999999999,0.96078430999999997,0.99921868999999996
STARmap,STARmap,SEDR,1,2,0.86372458490000004,0.88679245279999985,0.98325752060000005
STARmap,STARmap,SEDR,1,6,0.81783684869999995,0.78571428570000001,0.97167970000000004
STARmap,STARmap,SEDR,1,11,0.71716041580000001,0.66666666669999985,0.871440137
STARmap,STARmap,SEDR,1,17,0.72583204130000001,0.61290322580000001,0.87948080780000004
STARmap,STARmap,SEDR,2,6,0.83251692470000005,0.85185185190000001,0.9777788194
STARmap,STARmap,SEDR,2,11,0.78162201019999988,0.6949152542,0.93192550620000003
STARmap,STARmap,SEDR,2,12,0.84992224019999985,0.88679245279999985,0.97710925719999997
STARmap,STARmap,SEDR,2,17,0.75531262659999987,0.72413793100000001,0.93186224989999999
STARmap,STARmap,SEDR,4,5,0.81524131919999987,0.78571428570000001,0.97776885710000006
STARmap,STARmap,SEDR,4,7,0.82406828399999987,0.81818181820000002,0.97697804060000004
STARmap,STARmap,SEDR,4,8,0.84420464910000004,0.85185185190000001,0.97926341949999995
STARmap,STARmap,SEDR,4,9,0.81094352739999986,0.75438596489999987,0.97879660759999998
STARmap,STARmap,SEDR,4,13,0.8710420888,0.85185185190000001,0.98192558819999998
STARmap,STARmap,SEDR,4,19,0.84919304740000001,0.88679245279999985,0.98318396279999998
STARmap,STARmap,SEDR,4,20,0.84938177250000002,0.75438596489999987,0.97312543500000004
STARmap,STARmap,SEDR,5,7,0.77281320769999995,0.72413793100000001,0.96662254520000002
STARmap,STARmap,SEDR,5,8,0.8620002886,0.81818181820000002,0.97349368729999997
STARmap,STARmap,SEDR,5,9,0.7870583981,0.75438596489999987,0.96259785630000005
STARmap,STARmap,SEDR,5,10,0.79947390250000006,0.6949152542,0.93600114840000004
STARmap,STARmap,SEDR,5,13,0.87550425480000005,0.85185185190000001,0.97776885710000006
STARmap,STARmap,SEDR,5,19,0.86561858120000001,0.85185185190000001,0.97791012639999997
STARmap,STARmap,SEDR,5,20,0.82780763540000002,0.72413793100000001,0.96919817470000003
STARmap,STARmap,SEDR,6,11,0.76110855649999987,0.5625,0.85806664779999986
STARmap,STARmap,SEDR,6,12,0.81246369500000004,0.81818181820000002,0.98377079649999999
STARmap,STARmap,SEDR,6,17,0.71363747119999987,0.58730158730000004,0.89141585560000003
STARmap,STARmap,SEDR,7,8,0.81757702109999986,0.85185185190000001,0.9834515412
STARmap,STARmap,SEDR,7,9,0.81653677049999995,0.75438596489999987,0.98043427120000004
STARmap,STARmap,SEDR,7,13,0.83001831950000005,0.81818181820000002,0.98321407569999997
STARmap,STARmap,SEDR,7,19,0.80208056189999988,0.81818181820000002,0.97259445089999996
STARmap,STARmap,SEDR,7,20,0.83246141549999986,0.85185185190000001,0.97455004680000001
STARmap,STARmap,SEDR,8,9,0.81893805720000001,0.78571428570000001,0.97143227229999995
STARmap,STARmap,SEDR,8,13,0.91348783489999996,0.9230769231,0.99221194720000006
STARmap,STARmap,SEDR,8,19,0.87827678689999988,0.88679245279999985,0.98690679930000003
STARmap,STARmap,SEDR,8,20,0.83785693589999988,0.75438596489999987,0.96628732309999998
STARmap,STARmap,SEDR,9,10,0.83370218080000003,0.81818181820000002,0.94511242660000006
STARmap,STARmap,SEDR,9,13,0.81896245020000003,0.75438596489999987,0.98143841080000005
STARmap,STARmap,SEDR,9,14,0.82207553899999986,0.78571428570000001,0.96278110039999998
STARmap,STARmap,SEDR,9,16,0.68648492520000004,0.5384615385,0.82222205130000003
STARmap,STARmap,SEDR,9,18,0.77246579370000001,0.72413793100000001,0.94719063380000001
STARmap,STARmap,SEDR,9,19,0.78713115389999988,0.75438596489999987,0.9680876732
STARmap,STARmap,SEDR,9,20,0.81139602899999985,0.78571428570000001,0.97776567960000005
STARmap,STARmap,SEDR,10,14,0.79970135580000001,0.72413793100000001,0.93164639380000003
STARmap,STARmap,SEDR,10,16,0.66801302880000002,0.5384615385,0.84089193610000001
STARmap,STARmap,SEDR,10,18,0.77985863499999986,0.72413793100000001,0.95191457940000002
STARmap,STARmap,SEDR,11,17,0.8075207351,0.75438596489999987,0.94377902410000003
STARmap,STARmap,SEDR,12,17,0.67027573959999986,0.61290322580000001,0.86461294860000004
STARmap,STARmap,SEDR,13,19,0.88465667709999996,0.88679245279999985,0.9820560585
STARmap,STARmap,SEDR,13,20,0.87098408360000001,0.81818181820000002,0.97312543500000004
STARmap,STARmap,SEDR,14,16,0.72141620699999986,0.5384615385,0.81784270209999987
STARmap,STARmap,SEDR,14,18,0.7764290921,0.81818181820000002,0.96441479490000004
STARmap,STARmap,SEDR,16,18,0.67864817629999985,0.78571428570000001,0.93986601179999996
STARmap,STARmap,SEDR,19,20,0.85921864469999987,0.81818181820000002,0.97172341630000003
HBCA1,HBCA1,GraphST,1,12,0.68111778000000001,0.72413793000000004,0.88743623000000005
HBCA1,HBCA1,GraphST,1,14,0.69552471999999999,0.70952658999999996,0.88085793999999995
HBCA1,HBCA1,GraphST,1,15,0.70516477,0.73926194999999995,0.89967355999999998
HBCA1,HBCA1,GraphST,1,16,0.67952475000000001,0.74031477000000001,0.88153534
HBCA1,HBCA1,GraphST,1,18,0.66545989000000005,0.66852058000000003,0.87061029999999995
HBCA1,HBCA1,GraphST,2,4,0.72286676000000005,0.70952658999999996,0.90568009999999999
HBCA1,HBCA1,GraphST,2,5,0.66636143999999997,0.62612374000000004,0.85322805999999995
HBCA1,HBCA1,GraphST,2,7,0.69110992000000004,0.68079095999999995,0.88904846000000004
HBCA1,HBCA1,GraphST,2,8,0.65693860000000004,0.75438596000000002,0.88637549000000004
HBCA1,HBCA1,GraphST,2,9,0.64586034000000003,0.72465060999999997,0.90974052000000005
HBCA1,HBCA1,GraphST,2,10,0.61050366,0.69491524999999998,0.87712201999999995
HBCA1,HBCA1,GraphST,2,11,0.70971048999999997,0.73926194999999995,0.87421378000000005
HBCA1,HBCA1,GraphST,2,13,0.71886704000000001,0.73926194999999995,0.89388590999999995
HBCA1,HBCA1,GraphST,2,17,0.69868123999999998,0.72413793000000004,0.88798650999999995
HBCA1,HBCA1,GraphST,2,19,0.67100844999999998,0.63934426,0.87135845000000001
HBCA1,HBCA1,GraphST,2,20,0.71351604999999996,0.68174109999999999,0.87553417
HBCA1,HBCA1,GraphST,3,12,0.73700051,0.80194805000000002,0.90659069000000003
HBCA1,HBCA1,GraphST,3,14,0.71234776,0.70952658999999996,0.86110472000000005
HBCA1,HBCA1,GraphST,3,15,0.73148866000000001,0.78628388999999999,0.89349171999999999
HBCA1,HBCA1,GraphST,3,16,0.73635662999999996,0.78571429000000004,0.89331753999999997
HBCA1,HBCA1,GraphST,4,6,0.74898653000000004,0.75654854000000005,0.91651901000000002
HBCA1,HBCA1,GraphST,4,7,0.73638817000000001,0.70952658999999996,0.91719720000000005
HBCA1,HBCA1,GraphST,4,11,0.71910112000000004,0.72465060999999997,0.90597485
HBCA1,HBCA1,GraphST,4,13,0.75319723000000005,0.77005013,0.91502362000000004
HBCA1,HBCA1,GraphST,4,17,0.72858698,0.77115986999999997,0.89647695000000005
HBCA1,HBCA1,GraphST,4,18,0.74690073999999995,0.75492610999999998,0.86956758000000001
HBCA1,HBCA1,GraphST,4,20,0.74371317999999997,0.74031477000000001,0.87738843
HBCA1,HBCA1,GraphST,5,7,0.69108473000000004,0.66852058000000003,0.84107991000000004
HBCA1,HBCA1,GraphST,5,8,0.65467516999999997,0.70952658999999996,0.86451990000000001
HBCA1,HBCA1,GraphST,5,9,0.60829389,0.66666667000000002,0.82904644999999999
HBCA1,HBCA1,GraphST,5,10,0.58787721000000004,0.69491524999999998,0.86046224000000004
HBCA1,HBCA1,GraphST,5,19,0.69621131000000003,0.75438596000000002,0.86456206999999996
HBCA1,HBCA1,GraphST,5,20,0.70712503000000004,0.75438596000000002,0.88743565999999996
HBCA1,HBCA1,GraphST,6,11,0.73095452000000005,0.75438596000000002,0.88835746000000004
HBCA1,HBCA1,GraphST,6,13,0.74605087999999997,0.73926194999999995,0.88111476
HBCA1,HBCA1,GraphST,6,17,0.70168070000000005,0.66852058000000003,0.84312690000000001
HBCA1,HBCA1,GraphST,6,18,0.72342280000000003,0.66712976000000002,0.81733067000000004
HBCA1,HBCA1,GraphST,6,20,0.71397052999999999,0.72465060999999997,0.86501296000000005
HBCA1,HBCA1,GraphST,7,9,0.63427942999999998,0.68079095999999995,0.88868427999999999
HBCA1,HBCA1,GraphST,7,10,0.60389881999999995,0.70952658999999996,0.88112743000000004
HBCA1,HBCA1,GraphST,7,11,0.68304096999999997,0.69491524999999998,0.86573767999999995
HBCA1,HBCA1,GraphST,7,13,0.70786256000000003,0.69540230000000003,0.86651213000000005
HBCA1,HBCA1,GraphST,7,17,0.68696036999999999,0.70952658999999996,0.86120193
HBCA1,HBCA1,GraphST,7,19,0.68285101000000004,0.72413793000000004,0.88687232999999999
HBCA1,HBCA1,GraphST,7,20,0.69341233000000002,0.66666667000000002,0.83220941999999998
HBCA1,HBCA1,GraphST,8,9,0.60265946999999997,0.69491524999999998,0.86182992999999997
HBCA1,HBCA1,GraphST,8,10,0.59177252999999996,0.73926194999999995,0.86127865999999997
HBCA1,HBCA1,GraphST,8,19,0.67451622,0.78628388999999999,0.88721667000000004
HBCA1,HBCA1,GraphST,9,10,0.61072029999999999,0.72413793000000004,0.88834192000000001
HBCA1,HBCA1,GraphST,9,11,0.63738382000000005,0.70952658999999996,0.90069460999999995
HBCA1,HBCA1,GraphST,9,13,0.64064600000000005,0.69540230000000003,0.87199084000000004
HBCA1,HBCA1,GraphST,9,17,0.63084421000000002,0.73926194999999995,0.83025855000000004
HBCA1,HBCA1,GraphST,9,19,0.61181538000000002,0.69491524999999998,0.85231151999999999
HBCA1,HBCA1,GraphST,9,20,0.64386849999999995,0.58770160999999999,0.83185898999999996
HBCA1,HBCA1,GraphST,10,11,0.62220754,0.65300546000000004,0.83436458000000002
HBCA1,HBCA1,GraphST,10,13,0.62136765999999999,0.78571429000000004,0.88191604000000001
HBCA1,HBCA1,GraphST,10,17,0.61928824999999998,0.73926194999999995,0.85609860999999998
HBCA1,HBCA1,GraphST,10,19,0.58219147000000004,0.70952658999999996,0.85423760000000004
HBCA1,HBCA1,GraphST,10,20,0.61134599999999995,0.69540230000000003,0.84242992000000005
HBCA1,HBCA1,GraphST,11,13,0.72028080000000005,0.69491524999999998,0.91085806000000002
HBCA1,HBCA1,GraphST,11,17,0.70151021000000002,0.68079095999999995,0.87037463999999998
HBCA1,HBCA1,GraphST,11,20,0.71335433000000004,0.70952658999999996,0.87231137999999997
HBCA1,HBCA1,GraphST,12,14,0.69613778000000004,0.72413793000000004,0.85284731999999996
HBCA1,HBCA1,GraphST,12,15,0.72896229000000001,0.75438596000000002,0.88068879
HBCA1,HBCA1,GraphST,12,16,0.71436334999999995,0.78571429000000004,0.90741335000000001
HBCA1,HBCA1,GraphST,12,18,0.68348377999999999,0.75438596000000002,0.87486593000000001
HBCA1,HBCA1,GraphST,13,17,0.72323256999999996,0.75492610999999998,0.91030723000000002
HBCA1,HBCA1,GraphST,13,20,0.72260431000000003,0.72465060999999997,0.88523253000000002
HBCA1,HBCA1,GraphST,14,15,0.72714482999999996,0.78571429000000004,0.87912250000000003
HBCA1,HBCA1,GraphST,14,16,0.69598636000000003,0.70952658999999996,0.84396534999999995
HBCA1,HBCA1,GraphST,15,16,0.71663410000000005,0.77005013,0.86535965999999997
HBCA1,HBCA1,GraphST,16,18,0.67794979,0.72465060999999997,0.86408861999999997
HBCA1,HBCA1,GraphST,17,20,0.72123917000000004,0.70952658999999996,0.88894751000000005
HBCA1,HBCA1,GraphST,19,20,0.70908495999999999,0.72413793000000004,0.86364814000000001
HBCA1,HBCA1,STAGATE,1,2,0.79440909999999998,0.61290323000000002,0.85334339999999997
HBCA1,HBCA1,STAGATE,1,4,0.77488115999999996,0.72465060999999997,0.89787636999999998
HBCA1,HBCA1,STAGATE,1,5,0.78586497,0.66666667000000002,0.83749068999999998
HBCA1,HBCA1,STAGATE,1,6,0.83103002000000004,0.80194805000000002,0.92164440999999997
HBCA1,HBCA1,STAGATE,1,7,0.75238157999999999,0.78628388999999999,0.91086137
HBCA1,HBCA1,STAGATE,1,10,0.77435045000000002,0.68079095999999995,0.90031090999999996
HBCA1,HBCA1,STAGATE,1,11,0.78408942999999998,0.61290323000000002,0.86841884999999996
HBCA1,HBCA1,STAGATE,1,12,0.78316702999999999,0.71252926999999999,0.88867697999999995
HBCA1,HBCA1,STAGATE,1,13,0.79886338000000001,0.72413793000000004,0.91588656999999996
HBCA1,HBCA1,STAGATE,1,14,0.76993423999999999,0.62612374000000004,0.88988179999999995
HBCA1,HBCA1,STAGATE,1,15,0.81137873999999999,0.78571429000000004,0.89778557999999997
HBCA1,HBCA1,STAGATE,1,16,0.79105358000000003,0.75438596000000002,0.89669509999999997
HBCA1,HBCA1,STAGATE,1,17,0.82318206000000005,0.72465060999999997,0.90192835999999998
HBCA1,HBCA1,STAGATE,1,19,0.79197624,0.65300546000000004,0.91197057999999998
HBCA1,HBCA1,STAGATE,2,4,0.78715455999999995,0.66852058000000003,0.89930341999999996
HBCA1,HBCA1,STAGATE,2,5,0.83288693000000003,0.77005013,0.9027094
HBCA1,HBCA1,STAGATE,2,7,0.75353619000000005,0.72413793000000004,0.88939741999999999
HBCA1,HBCA1,STAGATE,2,10,0.78254329,0.75492610999999998,0.87639482000000002
HBCA1,HBCA1,STAGATE,2,11,0.80565573999999995,0.69491524999999998,0.87993615000000003
HBCA1,HBCA1,STAGATE,2,12,0.78131611999999995,0.63934426,0.87711419000000002
HBCA1,HBCA1,STAGATE,2,13,0.79231870999999998,0.69491524999999998,0.86467854
HBCA1,HBCA1,STAGATE,2,14,0.80927800000000005,0.69686510999999995,0.88537292999999995
HBCA1,HBCA1,STAGATE,2,16,0.78810276000000001,0.73926194999999995,0.90632179999999996
HBCA1,HBCA1,STAGATE,2,17,0.82027682999999996,0.70952658999999996,0.89587682999999996
HBCA1,HBCA1,STAGATE,2,19,0.81448993999999997,0.75438596000000002,0.91081049999999997
HBCA1,HBCA1,STAGATE,4,5,0.79216291999999999,0.70952658999999996,0.87740220000000002
HBCA1,HBCA1,STAGATE,4,7,0.77016072999999996,0.73926194999999995,0.90961265000000002
HBCA1,HBCA1,STAGATE,4,10,0.78769805999999998,0.72619047999999997,0.88536714999999999
HBCA1,HBCA1,STAGATE,4,12,0.79993795000000001,0.69540230000000003,0.90811847000000001
HBCA1,HBCA1,STAGATE,4,13,0.77567653000000003,0.73926194999999995,0.91066561999999995
HBCA1,HBCA1,STAGATE,4,14,0.78010661000000003,0.72413793000000004,0.90298321000000004
HBCA1,HBCA1,STAGATE,4,16,0.78615672999999997,0.77115986999999997,0.91847323999999997
HBCA1,HBCA1,STAGATE,4,17,0.77633757999999997,0.64110842000000001,0.89384819000000004
HBCA1,HBCA1,STAGATE,4,19,0.76650463000000002,0.73926194999999995,0.90460191999999995
HBCA1,HBCA1,STAGATE,5,6,0.81623226999999998,0.69491524999999998,0.87871368999999999
HBCA1,HBCA1,STAGATE,5,10,0.80323235999999998,0.72413793000000004,0.88207511000000005
HBCA1,HBCA1,STAGATE,5,11,0.79479719999999998,0.66666667000000002,0.87295571000000005
HBCA1,HBCA1,STAGATE,5,12,0.80393846000000002,0.72465060999999997,0.90287642000000001
HBCA1,HBCA1,STAGATE,5,13,0.80522598999999995,0.70952658999999996,0.87861659999999997
HBCA1,HBCA1,STAGATE,5,14,0.81445467999999999,0.73926194999999995,0.89829970000000003
HBCA1,HBCA1,STAGATE,5,15,0.82651103999999997,0.69491524999999998,0.90455978000000004
HBCA1,HBCA1,STAGATE,5,16,0.79692589000000003,0.72413793000000004,0.89504397000000002
HBCA1,HBCA1,STAGATE,5,17,0.81929571999999995,0.70952658999999996,0.88955355999999997
HBCA1,HBCA1,STAGATE,5,19,0.81144674999999999,0.75438596000000002,0.87032452000000005
HBCA1,HBCA1,STAGATE,6,11,0.81246094000000002,0.73926194999999995,0.89708568
HBCA1,HBCA1,STAGATE,6,12,0.79756514999999994,0.68079095999999995,0.90054471000000003
HBCA1,HBCA1,STAGATE,6,13,0.81029514000000002,0.77005013,0.91840834999999998
HBCA1,HBCA1,STAGATE,6,15,0.82248189000000005,0.66666667000000002,0.89305159999999995
HBCA1,HBCA1,STAGATE,6,16,0.81106323000000002,0.69491524999999998,0.90573945
HBCA1,HBCA1,STAGATE,6,17,0.83010055999999999,0.74031477000000001,0.90343859000000004
HBCA1,HBCA1,STAGATE,7,10,0.73519880999999998,0.70952658999999996,0.87070583999999995
HBCA1,HBCA1,STAGATE,7,12,0.78947319000000005,0.70952658999999996,0.89298067999999997
HBCA1,HBCA1,STAGATE,7,13,0.75501094999999996,0.72413793000000004,0.90336947000000001
HBCA1,HBCA1,STAGATE,7,14,0.76309576999999995,0.75438596000000002,0.88325940999999997
HBCA1,HBCA1,STAGATE,7,19,0.75068102999999997,0.70952658999999996,0.89012891000000005
HBCA1,HBCA1,STAGATE,7,20,0.79928547999999999,0.78571429000000004,0.93184754999999997
HBCA1,HBCA1,STAGATE,8,9,0.70124410000000004,0.63934426,0.85623791000000005
HBCA1,HBCA1,STAGATE,8,18,0.71866083999999997,0.73926194999999995,0.87769922
HBCA1,HBCA1,STAGATE,8,20,0.77195179000000003,0.78571429000000004,0.89959012999999999
HBCA1,HBCA1,STAGATE,9,18,0.71171894000000002,0.73926194999999995,0.87767097999999999
HBCA1,HBCA1,STAGATE,9,20,0.73485120000000004,0.75438596000000002,0.91204615
HBCA1,HBCA1,STAGATE,10,12,0.77244546000000003,0.72413793000000004,0.92009344999999998
HBCA1,HBCA1,STAGATE,10,13,0.78824209000000001,0.69540230000000003,0.91203761999999999
HBCA1,HBCA1,STAGATE,10,14,0.78906080999999995,0.66712976000000002,0.89281496999999999
HBCA1,HBCA1,STAGATE,10,16,0.78505811999999997,0.75492610999999998,0.92782732999999995
HBCA1,HBCA1,STAGATE,10,17,0.78913705000000001,0.69491524999999998,0.91213613000000004
HBCA1,HBCA1,STAGATE,10,19,0.78894277999999995,0.73926194999999995,0.88079552000000005
HBCA1,HBCA1,STAGATE,11,12,0.77266181,0.70952658999999996,0.89201847000000001
HBCA1,HBCA1,STAGATE,11,13,0.76683053999999995,0.68079095999999995,0.85252501999999997
HBCA1,HBCA1,STAGATE,11,14,0.77281460999999996,0.62698412999999997,0.83887394999999998
HBCA1,HBCA1,STAGATE,11,15,0.78853333000000003,0.60010240999999998,0.83870769000000001
HBCA1,HBCA1,STAGATE,11,16,0.77394512999999998,0.69491524999999998,0.86597926999999997
HBCA1,HBCA1,STAGATE,11,17,0.78952526999999995,0.68079095999999995,0.87546873999999997
HBCA1,HBCA1,STAGATE,12,13,0.78426940999999994,0.71252926999999999,0.90199857000000006
HBCA1,HBCA1,STAGATE,12,14,0.78957116000000005,0.72619047999999997,0.88679585000000005
HBCA1,HBCA1,STAGATE,12,15,0.79888541000000002,0.77338355000000003,0.90733686999999996
HBCA1,HBCA1,STAGATE,12,16,0.80893839000000001,0.80194805000000002,0.92465218000000005
HBCA1,HBCA1,STAGATE,12,17,0.79286272000000002,0.68079095999999995,0.90372905999999997
HBCA1,HBCA1,STAGATE,12,19,0.77877927000000002,0.69930875999999997,0.87528322999999997
HBCA1,HBCA1,STAGATE,13,14,0.79786102000000003,0.73926194999999995,0.90498624999999999
HBCA1,HBCA1,STAGATE,13,15,0.80871579000000005,0.65300546000000004,0.90623458000000001
HBCA1,HBCA1,STAGATE,13,16,0.79546285999999999,0.72413793000000004,0.91244725000000004
HBCA1,HBCA1,STAGATE,13,17,0.83633334999999998,0.80194805000000002,0.92696959999999995
HBCA1,HBCA1,STAGATE,13,19,0.80501615999999998,0.80194805000000002,0.92395503999999995
HBCA1,HBCA1,STAGATE,14,16,0.79360344000000005,0.78571429000000004,0.89209689999999997
HBCA1,HBCA1,STAGATE,14,17,0.79221775000000005,0.65300546000000004,0.8776602
HBCA1,HBCA1,STAGATE,14,19,0.81022088999999997,0.77338355000000003,0.92262516999999999
HBCA1,HBCA1,STAGATE,15,16,0.80579747000000002,0.71252926999999999,0.87927818000000002
HBCA1,HBCA1,STAGATE,15,17,0.83207788999999999,0.78571429000000004,0.90606036999999995
HBCA1,HBCA1,STAGATE,16,17,0.79964572,0.66666667000000002,0.88274147999999997
HBCA1,HBCA1,STAGATE,16,19,0.79187545000000004,0.80194805000000002,0.91321220999999997
HBCA1,HBCA1,STAGATE,17,19,0.80821500000000002,0.74242423999999996,0.90766236
HBCA1,HBCA1,STAGATE,18,20,0.76591571000000003,0.73926194999999995,0.89085223000000002
HBCA1,HBCA1,SpaGCN,1,3,0.67941728999999995,0.75438596000000002,0.88432175999999996
HBCA1,HBCA1,SpaGCN,1,5,0.64680318999999997,0.69491524999999998,0.90786789999999995
HBCA1,HBCA1,SpaGCN,1,8,0.73858166999999997,0.80194805000000002,0.93002530999999999
HBCA1,HBCA1,SpaGCN,1,10,0.66652816000000004,0.78571429000000004,0.88617610000000002
HBCA1,HBCA1,SpaGCN,1,11,0.66189114000000004,0.75438596000000002,0.89435597
HBCA1,HBCA1,SpaGCN,1,17,0.67643909000000002,0.78571429000000004,0.90048052000000001
HBCA1,HBCA1,SpaGCN,2,4,0.65720168999999995,0.63934426,0.85655135999999998
HBCA1,HBCA1,SpaGCN,2,6,0.67917660000000002,0.61290323000000002,0.83202016000000001
HBCA1,HBCA1,SpaGCN,2,7,0.70691978,0.66666667000000002,0.86983529000000004
HBCA1,HBCA1,SpaGCN,2,9,0.65338359999999995,0.75438596000000002,0.86967651000000001
HBCA1,HBCA1,SpaGCN,2,12,0.74124140999999999,0.61290323000000002,0.90166668999999999
HBCA1,HBCA1,SpaGCN,2,13,0.66541139000000005,0.69491524999999998,0.82245192
HBCA1,HBCA1,SpaGCN,2,14,0.72621813999999996,0.69491524999999998,0.85876971999999996
HBCA1,HBCA1,SpaGCN,2,15,0.69141173,0.66666667000000002,0.86413337000000001
HBCA1,HBCA1,SpaGCN,2,16,0.72800545000000005,0.66666667000000002,0.85734498000000003
HBCA1,HBCA1,SpaGCN,2,18,0.72479857999999997,0.66666667000000002,0.85942019999999997
HBCA1,HBCA1,SpaGCN,2,19,0.72171867999999995,0.72413793000000004,0.86928813999999999
HBCA1,HBCA1,SpaGCN,2,20,0.65636280999999996,0.5625,0.88431872
HBCA1,HBCA1,SpaGCN,3,5,0.67611487000000003,0.72413793000000004,0.86867371999999998
HBCA1,HBCA1,SpaGCN,3,10,0.64695250000000004,0.72465060999999997,0.87805617000000002
HBCA1,HBCA1,SpaGCN,3,11,0.66789569999999998,0.72413793000000004,0.90043792
HBCA1,HBCA1,SpaGCN,3,17,0.68024256000000005,0.81818181999999995,0.91443034000000001
HBCA1,HBCA1,SpaGCN,4,7,0.70626608999999996,0.63934426,0.86806105
HBCA1,HBCA1,SpaGCN,4,8,0.70886092999999994,0.78571429000000004,0.91725042999999995
HBCA1,HBCA1,SpaGCN,4,9,0.71939185999999999,0.75438596000000002,0.93396668000000005
HBCA1,HBCA1,SpaGCN,4,12,0.74847134999999998,0.72465060999999997,0.93444645000000004
HBCA1,HBCA1,SpaGCN,4,13,0.71265807999999997,0.67410714000000005,0.86704353000000001
HBCA1,HBCA1,SpaGCN,4,14,0.72589678000000002,0.73926194999999995,0.90230363999999996
HBCA1,HBCA1,SpaGCN,4,15,0.74459410999999998,0.74031477000000001,0.91719826000000004
HBCA1,HBCA1,SpaGCN,4,16,0.71536031,0.77005013,0.92273501000000002
HBCA1,HBCA1,SpaGCN,4,18,0.71237845,0.78571429000000004,0.91488815000000001
HBCA1,HBCA1,SpaGCN,4,19,0.68557546999999996,0.71052632000000004,0.88982598000000002
HBCA1,HBCA1,SpaGCN,4,20,0.73931685999999996,0.80311891000000002,0.92060048999999999
HBCA1,HBCA1,SpaGCN,5,8,0.67012950999999998,0.75492610999999998,0.90922316999999997
HBCA1,HBCA1,SpaGCN,5,10,0.69220064999999997,0.75438596000000002,0.88682304000000001
HBCA1,HBCA1,SpaGCN,5,11,0.65592391999999999,0.72413793000000004,0.91690269000000002
HBCA1,HBCA1,SpaGCN,5,17,0.65402565000000001,0.75438596000000002,0.88541999999999998
HBCA1,HBCA1,SpaGCN,6,7,0.72711581999999997,0.75438596000000002,0.89816512999999998
HBCA1,HBCA1,SpaGCN,6,12,0.71290551999999996,0.63934426,0.80064374999999999
HBCA1,HBCA1,SpaGCN,6,18,0.68764380000000003,0.63934426,0.77098648999999997
HBCA1,HBCA1,SpaGCN,7,9,0.67710351999999996,0.69491524999999998,0.90995649000000001
HBCA1,HBCA1,SpaGCN,7,12,0.71283927999999996,0.63934426,0.88748996999999996
HBCA1,HBCA1,SpaGCN,7,13,0.70186808999999994,0.61290323000000002,0.85038281000000004
HBCA1,HBCA1,SpaGCN,7,14,0.74123954999999997,0.69491524999999998,0.89617036000000005
HBCA1,HBCA1,SpaGCN,7,15,0.69964824000000003,0.66666667000000002,0.82970060000000001
HBCA1,HBCA1,SpaGCN,7,16,0.73943075000000003,0.69491524999999998,0.88021252999999999
HBCA1,HBCA1,SpaGCN,7,18,0.72261514999999998,0.66666667000000002,0.85684691000000002
HBCA1,HBCA1,SpaGCN,7,19,0.76951000999999997,0.78571429000000004,0.90968112999999995
HBCA1,HBCA1,SpaGCN,7,20,0.66597360999999999,0.63934426,0.87673572
HBCA1,HBCA1,SpaGCN,8,9,0.70176815999999997,0.75492610999999998,0.92097048000000004
HBCA1,HBCA1,SpaGCN,8,10,0.69675041000000004,0.81818181999999995,0.92967734999999996
HBCA1,HBCA1,SpaGCN,8,13,0.70621604999999998,0.78571429000000004,0.91908500999999998
HBCA1,HBCA1,SpaGCN,8,14,0.71369656000000004,0.75438596000000002,0.8843337
HBCA1,HBCA1,SpaGCN,8,15,0.73836919000000001,0.75438596000000002,0.92490819999999996
HBCA1,HBCA1,SpaGCN,8,16,0.75187802000000004,0.75438596000000002,0.90707148999999998
HBCA1,HBCA1,SpaGCN,8,17,0.72992827999999998,0.83501683999999998,0.93144073000000005
HBCA1,HBCA1,SpaGCN,8,19,0.70873430000000004,0.81818181999999995,0.93189065000000004
HBCA1,HBCA1,SpaGCN,8,20,0.73726066999999995,0.78571429000000004,0.92945253000000005
HBCA1,HBCA1,SpaGCN,9,12,0.69066366000000001,0.66666667000000002,0.89653581000000004
HBCA1,HBCA1,SpaGCN,9,13,0.71098072000000001,0.75438596000000002,0.90823770999999998
HBCA1,HBCA1,SpaGCN,9,14,0.67033849000000001,0.75438596000000002,0.87346785999999998
HBCA1,HBCA1,SpaGCN,9,15,0.71465023000000005,0.72413793000000004,0.89593904999999996
HBCA1,HBCA1,SpaGCN,9,16,0.70210616999999997,0.72413793000000004,0.91194076000000002
HBCA1,HBCA1,SpaGCN,9,18,0.73235130000000004,0.75438596000000002,0.89636313999999995
HBCA1,HBCA1,SpaGCN,9,19,0.67623796999999997,0.75438596000000002,0.91071135000000003
HBCA1,HBCA1,SpaGCN,9,20,0.68620126999999997,0.72413793000000004,0.92947206999999998
HBCA1,HBCA1,SpaGCN,10,11,0.65083243999999996,0.66666667000000002,0.88431987000000001
HBCA1,HBCA1,SpaGCN,10,17,0.69306595000000004,0.75492610999999998,0.89448185000000002
HBCA1,HBCA1,SpaGCN,10,19,0.68709757999999999,0.69686510999999995,0.88981208000000001
HBCA1,HBCA1,SpaGCN,10,20,0.69635592999999996,0.75492610999999998,0.88069639
HBCA1,HBCA1,SpaGCN,11,17,0.67394195000000001,0.69491524999999998,0.88873038999999998
HBCA1,HBCA1,SpaGCN,12,13,0.70655314999999996,0.67084378,0.86570504000000004
HBCA1,HBCA1,SpaGCN,12,14,0.7761209,0.72413793000000004,0.91417541000000002
HBCA1,HBCA1,SpaGCN,12,15,0.75519040999999998,0.77005013,0.92711542999999996
HBCA1,HBCA1,SpaGCN,12,16,0.72569813000000005,0.72413793000000004,0.90647644999999999
HBCA1,HBCA1,SpaGCN,12,18,0.76204603000000004,0.78571429000000004,0.92646998999999997
HBCA1,HBCA1,SpaGCN,12,19,0.71196682,0.61290323000000002,0.89579450000000005
HBCA1,HBCA1,SpaGCN,13,14,0.69611133999999997,0.63978495000000002,0.82771139999999999
HBCA1,HBCA1,SpaGCN,13,15,0.72353824,0.73926194999999995,0.88886909999999997
HBCA1,HBCA1,SpaGCN,13,16,0.71445535000000004,0.66852058000000003,0.89035129000000002
HBCA1,HBCA1,SpaGCN,13,18,0.72676138000000001,0.85185184999999997,0.93049999999999999
HBCA1,HBCA1,SpaGCN,13,19,0.70591693,0.72413793000000004,0.88503699999999996
HBCA1,HBCA1,SpaGCN,13,20,0.69403415000000002,0.61458332999999998,0.87125478000000001
HBCA1,HBCA1,SpaGCN,14,15,0.74054785999999995,0.77005013,0.89359814000000004
HBCA1,HBCA1,SpaGCN,14,16,0.74867477000000004,0.73926194999999995,0.88864030000000005
HBCA1,HBCA1,SpaGCN,14,18,0.71734454999999997,0.72413793000000004,0.87606125000000001
HBCA1,HBCA1,SpaGCN,14,19,0.72375577999999996,0.75492610999999998,0.87397820999999998
HBCA1,HBCA1,SpaGCN,14,20,0.70675531000000003,0.73926194999999995,0.882884
HBCA1,HBCA1,SpaGCN,15,16,0.77917431999999998,0.75438596000000002,0.91281188000000002
HBCA1,HBCA1,SpaGCN,15,18,0.76167724000000003,0.81818181999999995,0.91337283999999996
HBCA1,HBCA1,SpaGCN,15,19,0.71308037999999996,0.70952658999999996,0.89753923999999996
HBCA1,HBCA1,SpaGCN,15,20,0.73655839999999995,0.72413793000000004,0.89067801999999996
HBCA1,HBCA1,SpaGCN,16,18,0.7904603,0.78571429000000004,0.94064921000000001
HBCA1,HBCA1,SpaGCN,16,19,0.75674178999999997,0.70952658999999996,0.88351075999999995
HBCA1,HBCA1,SpaGCN,16,20,0.70193415000000003,0.75438596000000002,0.92924105000000001
HBCA1,HBCA1,SpaGCN,17,19,0.68394341999999997,0.75492610999999998,0.88475751999999996
HBCA1,HBCA1,SpaGCN,17,20,0.67312441999999995,0.78571429000000004,0.89606394
HBCA1,HBCA1,SpaGCN,19,20,0.67932265000000003,0.69540230000000003,0.92621112000000005
HBCA1,HBCA1,BANKSY,1,2,0.89059215000000003,0.88679244999999995,0.97489585000000001
HBCA1,HBCA1,BANKSY,1,3,0.87209935999999999,0.86932215000000002,0.97364097999999999
HBCA1,HBCA1,BANKSY,1,4,0.88108514000000004,0.72413793000000004,0.89862744000000006
HBCA1,HBCA1,BANKSY,1,5,0.89857757000000005,0.88679244999999995,0.96888907000000002
HBCA1,HBCA1,BANKSY,1,8,0.9490712,0.86932215000000002,0.96578691999999999
HBCA1,HBCA1,BANKSY,1,11,0.91148432000000001,0.86932215000000002,0.97148880000000004
HBCA1,HBCA1,BANKSY,1,16,0.92305738000000004,0.83501683999999998,0.96846728000000004
HBCA1,HBCA1,BANKSY,1,17,0.87191410000000003,0.83501683999999998,0.96435157000000005
HBCA1,HBCA1,BANKSY,1,18,0.90193316000000001,0.90493469000000004,0.97975528999999995
HBCA1,HBCA1,BANKSY,1,20,0.90874748000000005,0.85185184999999997,0.96746706000000005
HBCA1,HBCA1,BANKSY,2,3,0.93326719999999996,0.92307691999999997,0.98825289999999999
HBCA1,HBCA1,BANKSY,2,4,0.96641206000000002,0.85185184999999997,0.98193483000000004
HBCA1,HBCA1,BANKSY,2,5,0.91724278000000004,0.83501683999999998,0.97768065000000004
HBCA1,HBCA1,BANKSY,2,8,0.89284954000000005,0.82058920999999996,0.94993538
HBCA1,HBCA1,BANKSY,2,11,0.92861649000000002,0.88679244999999995,0.97929467999999997
HBCA1,HBCA1,BANKSY,2,16,0.88735682999999999,0.83501683999999998,0.96131717000000005
HBCA1,HBCA1,BANKSY,2,17,0.94321374000000002,0.94193062000000005,0.98565446999999995
HBCA1,HBCA1,BANKSY,2,18,0.93002295999999995,0.92307691999999997,0.98139845000000003
HBCA1,HBCA1,BANKSY,2,20,0.92898316000000003,0.85185184999999997,0.97461169999999997
HBCA1,HBCA1,BANKSY,3,4,0.92817185999999996,0.77115986999999997,0.97109884000000002
HBCA1,HBCA1,BANKSY,3,5,0.92525252999999996,0.86932215000000002,0.98607270999999996
HBCA1,HBCA1,BANKSY,3,8,0.88349118999999998,0.86932215000000002,0.96229785000000001
HBCA1,HBCA1,BANKSY,3,11,0.90982563000000005,0.90493469000000004,0.98017094000000005
HBCA1,HBCA1,BANKSY,3,16,0.86685603,0.83501683999999998,0.94517689000000005
HBCA1,HBCA1,BANKSY,3,17,0.93870540999999996,0.92378837999999996,0.97437562
HBCA1,HBCA1,BANKSY,3,18,0.92188024999999996,0.88679244999999995,0.97959014
HBCA1,HBCA1,BANKSY,3,20,0.90551833999999998,0.81878306999999995,0.96638047999999999
HBCA1,HBCA1,BANKSY,4,5,0.90989781999999997,0.81818181999999995,0.97480564999999997
HBCA1,HBCA1,BANKSY,4,8,0.896173,0.75492610999999998,0.94627702000000002
HBCA1,HBCA1,BANKSY,4,11,0.92537946000000004,0.81818181999999995,0.96667415999999995
HBCA1,HBCA1,BANKSY,4,16,0.88012696999999995,0.71052632000000004,0.89830010000000005
HBCA1,HBCA1,BANKSY,4,17,0.92898561000000002,0.78628388999999999,0.96471362999999999
HBCA1,HBCA1,BANKSY,4,18,0.90845018,0.75438596000000002,0.93396467999999999
HBCA1,HBCA1,BANKSY,4,20,0.92452140999999999,0.85185184999999997,0.97239500000000001
HBCA1,HBCA1,BANKSY,5,8,0.90662792999999997,0.86932215000000002,0.95326946000000001
HBCA1,HBCA1,BANKSY,5,9,0.84195841000000005,0.81818181999999995,0.92611637000000002
HBCA1,HBCA1,BANKSY,5,11,0.95690321,0.92307691999999997,0.98762185999999996
HBCA1,HBCA1,BANKSY,5,16,0.91145405000000002,0.85185184999999997,0.97114652000000001
HBCA1,HBCA1,BANKSY,5,17,0.92930778000000003,0.85185184999999997,0.97879503999999995
HBCA1,HBCA1,BANKSY,5,18,0.97598742000000005,0.92307691999999997,0.99042359000000002
HBCA1,HBCA1,BANKSY,5,20,0.95941469999999995,0.88679244999999995,0.98104919999999995
HBCA1,HBCA1,BANKSY,6,10,0.93186133999999998,0.88679244999999995,0.97254476999999995
HBCA1,HBCA1,BANKSY,6,12,0.92052226000000004,0.85185184999999997,0.97043296000000001
HBCA1,HBCA1,BANKSY,6,13,0.83342905,0.85185184999999997,0.95523024000000001
HBCA1,HBCA1,BANKSY,6,14,0.91206025000000002,0.81818181999999995,0.95720463
HBCA1,HBCA1,BANKSY,6,15,0.87179459000000004,0.80194805000000002,0.94805158
HBCA1,HBCA1,BANKSY,6,19,0.93831282000000005,0.92307691999999997,0.98296963999999998
HBCA1,HBCA1,BANKSY,7,9,0.97129131999999996,0.86932215000000002,0.98483102
HBCA1,HBCA1,BANKSY,7,12,0.93853154000000005,0.86932215000000002,0.98143981000000002
HBCA1,HBCA1,BANKSY,7,14,0.91880300000000004,0.80194805000000002,0.97328532999999995
HBCA1,HBCA1,BANKSY,7,15,0.90480939000000005,0.85248714000000003,0.97018000999999998
HBCA1,HBCA1,BANKSY,8,9,0.85189413999999997,0.80194805000000002,0.94903782000000003
HBCA1,HBCA1,BANKSY,8,11,0.93261660000000002,0.88679244999999995,0.97360042000000002
HBCA1,HBCA1,BANKSY,8,16,0.93592003000000001,0.80194805000000002,0.95405264000000001
HBCA1,HBCA1,BANKSY,8,17,0.88042321999999995,0.85248714000000003,0.95085892000000005
HBCA1,HBCA1,BANKSY,8,18,0.89910824,0.80194805000000002,0.94423699999999999
HBCA1,HBCA1,BANKSY,8,20,0.91683283000000004,0.77005013,0.94592807000000001
HBCA1,HBCA1,BANKSY,9,12,0.93169738999999996,0.88746438999999999,0.97835121000000003
HBCA1,HBCA1,BANKSY,9,14,0.91560839999999999,0.81818181999999995,0.96267230000000004
HBCA1,HBCA1,BANKSY,9,15,0.89680196999999995,0.85248714000000003,0.97239586
HBCA1,HBCA1,BANKSY,9,16,0.82106524000000003,0.75654854000000005,0.91213842000000001
HBCA1,HBCA1,BANKSY,10,13,0.84249001000000001,0.81878306999999995,0.96591769000000005
HBCA1,HBCA1,BANKSY,10,19,0.97291527,0.92307691999999997,0.98940631999999995
HBCA1,HBCA1,BANKSY,11,16,0.92161229,0.88679244999999995,0.96882997999999998
HBCA1,HBCA1,BANKSY,11,17,0.91244957000000004,0.85185184999999997,0.96512986999999995
HBCA1,HBCA1,BANKSY,11,18,0.94645937999999996,0.90493469000000004,0.97526632999999996
HBCA1,HBCA1,BANKSY,11,20,0.96494484000000003,0.92307691999999997,0.98318503000000002
HBCA1,HBCA1,BANKSY,12,14,0.95806153000000005,0.90493469000000004,0.98519210999999995
HBCA1,HBCA1,BANKSY,12,15,0.91437661999999997,0.85185184999999997,0.96743683999999996
HBCA1,HBCA1,BANKSY,13,19,0.84534228,0.88679244999999995,0.97812860000000001
HBCA1,HBCA1,BANKSY,14,15,0.88742118000000003,0.75438596000000002,0.92171499999999995
HBCA1,HBCA1,BANKSY,16,17,0.87629650999999997,0.81818181999999995,0.94891088999999995
HBCA1,HBCA1,BANKSY,16,18,0.90770755999999997,0.85185184999999997,0.96428453000000003
HBCA1,HBCA1,BANKSY,16,20,0.93446611000000002,0.88679244999999995,0.97020793999999999
HBCA1,HBCA1,BANKSY,17,18,0.92570474000000003,0.86932215000000002,0.97556852000000005
HBCA1,HBCA1,BANKSY,17,20,0.90730237999999996,0.80194805000000002,0.94263112000000004
HBCA1,HBCA1,BANKSY,18,20,0.94733003999999998,0.88679244999999995,0.97346442
HBCA1,HBCA1,SEDR,1,2,0.60973390520000004,0.72413793100000001,0.85300740740000003
HBCA1,HBCA1,SEDR,1,4,0.62166624240000001,0.81818181820000002,0.90819024420000005
HBCA1,HBCA1,SEDR,1,6,0.62409910970000004,0.77005012530000005,0.91140140749999998
HBCA1,HBCA1,SEDR,1,8,0.59432249309999985,0.78571428570000001,0.88143254900000001
HBCA1,HBCA1,SEDR,1,9,0.66680447639999985,0.88679245279999985,0.95214458869999996
HBCA1,HBCA1,SEDR,2,4,0.72903467720000004,0.85185185190000001,0.93795702020000005
HBCA1,HBCA1,SEDR,2,6,0.68871683549999985,0.81818181820000002,0.91544243839999995
HBCA1,HBCA1,SEDR,2,8,0.6134213288,0.70952659259999995,0.86742173499999986
HBCA1,HBCA1,SEDR,2,9,0.56231066009999986,0.79085385350000004,0.85770838059999988
HBCA1,HBCA1,SEDR,3,7,0.68368943859999987,0.81818181820000002,0.94933629060000002
HBCA1,HBCA1,SEDR,3,10,0.83456491860000004,0.88679245279999985,0.96615458740000004
HBCA1,HBCA1,SEDR,3,11,0.74373328620000001,0.81878306879999985,0.94431805540000002
HBCA1,HBCA1,SEDR,3,13,0.67273060299999987,0.83501683500000001,0.9383409251
HBCA1,HBCA1,SEDR,3,14,0.73900163370000005,0.86932215229999987,0.93314550519999995
HBCA1,HBCA1,SEDR,3,15,0.74321322830000003,0.90493468799999999,0.96064125249999999
HBCA1,HBCA1,SEDR,3,19,0.79864021640000005,0.90493468799999999,0.95573486819999998
HBCA1,HBCA1,SEDR,3,20,0.76555045399999988,0.86932215229999987,0.94665933759999998
HBCA1,HBCA1,SEDR,4,6,0.70766916189999995,0.7862838915,0.91742071420000004
HBCA1,HBCA1,SEDR,4,8,0.62659573859999995,0.72465060960000005,0.90351963589999995
HBCA1,HBCA1,SEDR,4,9,0.57770304260000005,0.75492610839999985,0.88661687300000003
HBCA1,HBCA1,SEDR,5,9,0.59624321339999986,0.90493468799999999,0.94137697440000001
HBCA1,HBCA1,SEDR,5,17,0.61960593060000002,0.85248713549999988,0.92112744499999999
HBCA1,HBCA1,SEDR,6,8,0.62215294539999988,0.7862838915,0.93077535190000005
HBCA1,HBCA1,SEDR,6,9,0.58997145679999985,0.83501683500000001,0.92521905989999997
HBCA1,HBCA1,SEDR,7,10,0.71369349029999996,0.88679245279999985,0.95547436060000002
HBCA1,HBCA1,SEDR,7,11,0.65649080309999985,0.83501683500000001,0.92779702730000002
HBCA1,HBCA1,SEDR,7,13,0.619415457,0.83501683500000001,0.94833852630000004
HBCA1,HBCA1,SEDR,7,14,0.63720400269999988,0.85185185190000001,0.91076910099999997
HBCA1,HBCA1,SEDR,7,15,0.64166764769999995,0.86932215229999987,0.95374138330000002
HBCA1,HBCA1,SEDR,7,16,0.68895089399999987,0.86932215229999987,0.94181641329999999
HBCA1,HBCA1,SEDR,7,18,0.53486837409999988,0.81818181820000002,0.93476364810000001
HBCA1,HBCA1,SEDR,7,19,0.64337287430000001,0.70952659259999995,0.87508588279999988
HBCA1,HBCA1,SEDR,7,20,0.66814768339999986,0.9230769231,0.95130902439999998
HBCA1,HBCA1,SEDR,8,9,0.5753884614,0.80194805189999985,0.91269152249999996
HBCA1,HBCA1,SEDR,9,17,0.65378771999999985,0.88679245279999985,0.93756163240000001
HBCA1,HBCA1,SEDR,10,11,0.76021872310000005,0.86932215229999987,0.93299581590000003
HBCA1,HBCA1,SEDR,10,12,0.60701862640000004,0.86932215229999987,0.91471989099999995
HBCA1,HBCA1,SEDR,10,13,0.67123185630000004,0.83501683500000001,0.93980740890000003
HBCA1,HBCA1,SEDR,10,14,0.73590390500000002,0.86932215229999987,0.91669798940000002
HBCA1,HBCA1,SEDR,10,15,0.73557412099999986,0.90493468799999999,0.97027227760000001
HBCA1,HBCA1,SEDR,10,16,0.82519148649999985,0.90493468799999999,0.95316171100000002
HBCA1,HBCA1,SEDR,10,18,0.54392624190000005,0.77115987460000002,0.901659188
HBCA1,HBCA1,SEDR,10,19,0.76868404260000001,0.81878306879999985,0.94769193240000005
HBCA1,HBCA1,SEDR,10,20,0.76649817139999987,0.9230769231,0.9644563156
HBCA1,HBCA1,SEDR,11,13,0.66691170209999995,0.80194805189999985,0.91873202470000004
HBCA1,HBCA1,SEDR,11,14,0.78073745059999988,0.88746438750000001,0.9493880388
HBCA1,HBCA1,SEDR,11,15,0.74310203210000003,0.88679245279999985,0.94117216839999995
HBCA1,HBCA1,SEDR,11,19,0.7501361648,0.78571428570000001,0.93049701360000003
HBCA1,HBCA1,SEDR,11,20,0.73660722180000004,0.86932215229999987,0.94203047910000004
HBCA1,HBCA1,SEDR,12,16,0.5916513243,0.81878306879999985,0.90901520570000005
HBCA1,HBCA1,SEDR,12,18,0.66960103360000001,0.83501683500000001,0.91658133539999997
HBCA1,HBCA1,SEDR,13,14,0.68975938120000002,0.80194805189999985,0.92264850700000001
HBCA1,HBCA1,SEDR,13,15,0.67092002240000004,0.81818181820000002,0.91576647730000005
HBCA1,HBCA1,SEDR,13,19,0.63270722290000003,0.75438596489999987,0.88640412759999987
HBCA1,HBCA1,SEDR,13,20,0.69170503459999988,0.85185185190000001,0.94096773499999997
HBCA1,HBCA1,SEDR,14,15,0.78579094699999985,0.85185185190000001,0.95292619629999997
HBCA1,HBCA1,SEDR,14,19,0.73384804209999988,0.77115987460000002,0.91643307539999996
HBCA1,HBCA1,SEDR,14,20,0.77462379169999995,0.90493468799999999,0.94147533549999995
HBCA1,HBCA1,SEDR,15,19,0.70858231679999995,0.85439560439999995,0.93850241229999998
HBCA1,HBCA1,SEDR,15,20,0.7832910045,0.9230769231,0.96100525790000002
HBCA1,HBCA1,SEDR,16,18,0.54335550600000004,0.75492610839999985,0.87887879849999995
HBCA1,HBCA1,SEDR,16,19,0.7405278435,0.80194805189999985,0.91281723540000004
HBCA1,HBCA1,SEDR,16,20,0.78102424739999987,0.90493468799999999,0.9563229647
HBCA1,HBCA1,SEDR,18,19,0.51729794120000006,0.74031477000000001,0.88367886929999995
HBCA1,HBCA1,SEDR,18,20,0.58449518119999988,0.85185185190000001,0.91574410689999997
HBCA1,HBCA1,SEDR,19,20,0.69742291869999995,0.77005012530000005,0.90466824589999995
Bregma −0.04,Bregma −0.04,GraphST,1,2,0.30599779249999998,0.72465060960000005,0.92980084429999998
Bregma −0.04,Bregma −0.04,GraphST,1,5,0.45695599990000002,0.83501683500000001,0.98304437499999997
Bregma −0.04,Bregma −0.04,GraphST,1,6,0.29699037690000002,0.75492610839999996,0.96392317360000002
Bregma −0.04,Bregma −0.04,GraphST,1,7,0.45236306440000001,0.79085385350000004,0.93704199030000002
Bregma −0.04,Bregma −0.04,GraphST,1,8,0.25313787720000003,0.77005012530000005,0.95177242110000004
Bregma −0.04,Bregma −0.04,GraphST,1,9,0.28414961509999997,0.72619047619999999,0.93235151940000005
Bregma −0.04,Bregma −0.04,GraphST,1,10,0.26159643890000001,0.72465060960000005,0.90426508969999997
Bregma −0.04,Bregma −0.04,GraphST,1,11,0.28367476800000002,0.72876304020000005,0.90741838809999997
Bregma −0.04,Bregma −0.04,GraphST,1,13,0.23548173359999999,0.69686511360000003,0.91833972480000003
Bregma −0.04,Bregma −0.04,GraphST,1,14,0.28697529999999999,0.80194805189999996,0.96375882180000005
Bregma −0.04,Bregma −0.04,GraphST,1,15,0.47694096139999997,0.81878306879999996,0.97186523150000004
Bregma −0.04,Bregma −0.04,GraphST,1,18,0.29928963990000002,0.81818181820000002,0.97813154589999995
Bregma −0.04,Bregma −0.04,GraphST,1,20,0.29603400959999998,0.72413793100000001,0.94011794660000003
Bregma −0.04,Bregma −0.04,GraphST,2,5,0.36679591719999999,0.77005012530000005,0.93084173889999999
Bregma −0.04,Bregma −0.04,GraphST,2,7,0.2420993467,0.66712975829999999,0.83785085879999999
Bregma −0.04,Bregma −0.04,GraphST,2,9,0.42981490210000001,0.70952659259999995,0.90776964969999996
Bregma −0.04,Bregma −0.04,GraphST,2,10,0.39885142569999998,0.78799489140000001,0.93561438559999999
Bregma −0.04,Bregma −0.04,GraphST,2,13,0.37004468060000001,0.77338355299999995,0.95342238410000002
Bregma −0.04,Bregma −0.04,GraphST,2,14,0.45367588129999997,0.81818181820000002,0.967513132
Bregma −0.04,Bregma −0.04,GraphST,2,15,0.28642330189999998,0.68174109670000005,0.89671135319999995
Bregma −0.04,Bregma −0.04,GraphST,2,20,0.55354275350000004,0.83501683500000001,0.96963198090000002
Bregma −0.04,Bregma −0.04,GraphST,5,6,0.36852771449999999,0.7862838915,0.97047790919999999
Bregma −0.04,Bregma −0.04,GraphST,5,7,0.34031038390000001,0.80194805189999996,0.92368438009999998
Bregma −0.04,Bregma −0.04,GraphST,5,8,0.31571023069999998,0.83501683500000001,0.96585994649999996
Bregma −0.04,Bregma −0.04,GraphST,5,9,0.31580637230000003,0.75438596489999998,0.92660081849999998
Bregma −0.04,Bregma −0.04,GraphST,5,11,0.3285476209,0.75492610839999996,0.92929650990000001
Bregma −0.04,Bregma −0.04,GraphST,5,12,0.38093976219999998,0.75492610839999996,0.97197963330000003
Bregma −0.04,Bregma −0.04,GraphST,5,14,0.38073103009999998,0.80194805189999996,0.97360542679999995
Bregma −0.04,Bregma −0.04,GraphST,5,15,0.491761218,0.88679245279999996,0.97794624730000002
Bregma −0.04,Bregma −0.04,GraphST,5,16,0.36091588359999999,0.77005012530000005,0.96136927589999999
Bregma −0.04,Bregma −0.04,GraphST,5,18,0.35762833090000001,0.88746438750000001,0.97869872059999996
Bregma −0.04,Bregma −0.04,GraphST,5,20,0.36837856019999998,0.739261948,0.96261641580000001
Bregma −0.04,Bregma −0.04,GraphST,6,8,0.55657865910000004,0.85185185190000001,0.97648319419999996
Bregma −0.04,Bregma −0.04,GraphST,6,9,0.54018458960000004,0.78571428570000001,0.96347523440000005
Bregma −0.04,Bregma −0.04,GraphST,6,11,0.53203016690000005,0.83501683500000001,0.97560020619999999
Bregma −0.04,Bregma −0.04,GraphST,6,12,0.58258332130000001,0.86932215229999998,0.98043408200000004
Bregma −0.04,Bregma −0.04,GraphST,6,14,0.44330744789999998,0.81818181820000002,0.962286101
Bregma −0.04,Bregma −0.04,GraphST,6,16,0.28498259250000002,0.68079096049999999,0.90154845149999996
Bregma −0.04,Bregma −0.04,GraphST,6,18,0.57949749989999999,0.83501683500000001,0.96887306240000004
Bregma −0.04,Bregma −0.04,GraphST,6,19,0.30733916090000002,0.74242424240000005,0.94915890560000005
Bregma −0.04,Bregma −0.04,GraphST,7,8,0.23169925769999999,0.77115987460000002,0.89952950279999999
Bregma −0.04,Bregma −0.04,GraphST,7,9,0.24547487279999999,0.75438596489999998,0.9545228965
Bregma −0.04,Bregma −0.04,GraphST,7,10,0.28129008890000001,0.80194805189999996,0.96361058300000002
Bregma −0.04,Bregma −0.04,GraphST,7,13,0.2830531892,0.80546519189999999,0.92003641520000001
Bregma −0.04,Bregma −0.04,GraphST,7,14,0.23029828229999999,0.739261948,0.91314169700000003
Bregma −0.04,Bregma −0.04,GraphST,7,15,0.41657419099999998,0.85248713549999999,0.97082272570000006
Bregma −0.04,Bregma −0.04,GraphST,7,18,0.25666024640000001,0.78571428570000001,0.9270439238
Bregma −0.04,Bregma −0.04,GraphST,7,20,0.26946546840000002,0.71252927399999999,0.89963584799999996
Bregma −0.04,Bregma −0.04,GraphST,8,9,0.5656718328,0.78571428570000001,0.95998839869999997
Bregma −0.04,Bregma −0.04,GraphST,8,11,0.42882031079999999,0.80194805189999996,0.96669620700000003
Bregma −0.04,Bregma −0.04,GraphST,8,12,0.4719689957,0.83501683500000001,0.96548129289999995
Bregma −0.04,Bregma −0.04,GraphST,8,14,0.44352516520000002,0.81878306879999996,0.97278205669999995
Bregma −0.04,Bregma −0.04,GraphST,8,15,0.2789434294,0.77672955970000002,0.94931681219999997
Bregma −0.04,Bregma −0.04,GraphST,8,16,0.25633619870000002,0.81878306879999996,0.97218587860000005
Bregma −0.04,Bregma −0.04,GraphST,8,18,0.63543075640000002,0.81818181820000002,0.97583062099999995
Bregma −0.04,Bregma −0.04,GraphST,8,20,0.50274780649999995,0.74031477000000001,0.9547871483
Bregma −0.04,Bregma −0.04,GraphST,9,11,0.43183954079999998,0.80194805189999996,0.95635815800000001
Bregma −0.04,Bregma −0.04,GraphST,9,12,0.49480914440000001,0.77115987460000002,0.94611678639999996
Bregma −0.04,Bregma −0.04,GraphST,9,13,0.47669899780000002,0.72413793100000001,0.91829460860000001
Bregma −0.04,Bregma −0.04,GraphST,9,14,0.44163029570000001,0.75438596489999998,0.92566465789999997
Bregma −0.04,Bregma −0.04,GraphST,9,15,0.26695954249999998,0.77115987460000002,0.95916502849999996
Bregma −0.04,Bregma −0.04,GraphST,9,18,0.62964702849999998,0.80194805189999996,0.95882504589999995
Bregma −0.04,Bregma −0.04,GraphST,9,20,0.4787692053,0.739261948,0.92333795240000005
Bregma −0.04,Bregma −0.04,GraphST,10,13,0.34243434020000002,0.80194805189999996,0.9236924366
Bregma −0.04,Bregma −0.04,GraphST,10,15,0.2750405501,0.75492610839999996,0.94317134479999998
Bregma −0.04,Bregma −0.04,GraphST,10,20,0.39655511290000001,0.78571428570000001,0.93898037450000005
Bregma −0.04,Bregma −0.04,GraphST,11,12,0.50900968049999995,0.81878306879999996,0.97280139219999995
Bregma −0.04,Bregma −0.04,GraphST,11,14,0.39043181529999998,0.7862838915,0.96737133829999999
Bregma −0.04,Bregma −0.04,GraphST,11,15,0.3003691866,0.78571428570000001,0.96720215269999998
Bregma −0.04,Bregma −0.04,GraphST,11,16,0.30078742339999998,0.5877016129,0.84455866710000005
Bregma −0.04,Bregma −0.04,GraphST,11,18,0.45844336159999999,0.81818181820000002,0.96977377460000003
Bregma −0.04,Bregma −0.04,GraphST,11,19,0.31069836839999998,0.68650793649999997,0.88661822050000005
Bregma −0.04,Bregma −0.04,GraphST,12,14,0.45702356150000001,0.77115987460000002,0.95130353519999999
Bregma −0.04,Bregma −0.04,GraphST,12,16,0.2958724392,0.62870762710000005,0.89565273440000004
Bregma −0.04,Bregma −0.04,GraphST,12,18,0.53677568409999998,0.78571428570000001,0.97001546839999997
Bregma −0.04,Bregma −0.04,GraphST,12,19,0.34115147169999999,0.71957671960000003,0.93738358420000001
Bregma −0.04,Bregma −0.04,GraphST,13,15,0.25322600830000003,0.72619047619999999,0.91611130799999996
Bregma −0.04,Bregma −0.04,GraphST,13,20,0.44152473060000003,0.7862838915,0.95334826459999999
Bregma −0.04,Bregma −0.04,GraphST,14,15,0.29002539859999998,0.75492610839999996,0.94343398540000001
Bregma −0.04,Bregma −0.04,GraphST,14,16,0.24857754100000001,0.80194805189999996,0.95257645580000005
Bregma −0.04,Bregma −0.04,GraphST,14,18,0.49434140189999998,0.85248713549999999,0.97245174180000005
Bregma −0.04,Bregma −0.04,GraphST,14,20,0.48089153480000002,0.78571428570000001,0.96676065870000005
Bregma −0.04,Bregma −0.04,GraphST,15,18,0.29100676990000002,0.80194805189999996,0.96290000320000002
Bregma −0.04,Bregma −0.04,GraphST,15,20,0.30660388599999999,0.739261948,0.9364087525
Bregma −0.04,Bregma −0.04,GraphST,16,18,0.26478456360000002,0.81818181820000002,0.97527311400000005
Bregma −0.04,Bregma −0.04,GraphST,16,19,0.45875611440000003,0.86932215229999998,0.97495246690000004
Bregma −0.04,Bregma −0.04,STAGATE,1,3,0.55660117200000003,0.75654853619999995,0.91958041960000003
Bregma −0.04,Bregma −0.04,STAGATE,1,5,0.61006528280000005,0.83501683500000001,0.96679771839999995
Bregma −0.04,Bregma −0.04,STAGATE,1,9,0.70445430809999998,0.86932215229999998,0.99287808970000002
Bregma −0.04,Bregma −0.04,STAGATE,1,20,0.67896136460000001,0.85248713549999999,0.96640456320000001
Bregma −0.04,Bregma −0.04,STAGATE,2,19,0.40442064350000001,0.66852057840000001,0.94565595690000004
Bregma −0.04,Bregma −0.04,STAGATE,3,5,0.56413760550000003,0.8031189084,0.96423254169999995
Bregma −0.04,Bregma −0.04,STAGATE,3,9,0.57927606460000003,0.77115987460000002,0.93038413200000003
Bregma −0.04,Bregma −0.04,STAGATE,3,20,0.54421710570000004,0.68079096049999999,0.90785343689999998
Bregma −0.04,Bregma −0.04,STAGATE,4,8,0.56268999500000005,0.74242424240000005,0.93277528919999997
Bregma −0.04,Bregma −0.04,STAGATE,4,16,0.53853011750000002,0.74242424240000005,0.90685604720000001
Bregma −0.04,Bregma −0.04,STAGATE,4,17,0.50658425750000002,0.70274170270000003,0.89691759849999997
Bregma −0.04,Bregma −0.04,STAGATE,4,18,0.77610542579999997,0.90493468799999999,0.99055299539999997
Bregma −0.04,Bregma −0.04,STAGATE,5,20,0.66073922139999997,0.71252927399999999,0.94624891239999998
Bregma −0.04,Bregma −0.04,STAGATE,6,12,0.74525021430000005,0.90493468799999999,0.99195804200000004
Bregma −0.04,Bregma −0.04,STAGATE,6,13,0.45312314799999998,0.80194805189999996,0.95093293800000001
Bregma −0.04,Bregma −0.04,STAGATE,7,8,0.40931912609999999,0.71252927399999999,0.85232348300000005
Bregma −0.04,Bregma −0.04,STAGATE,7,16,0.39899012350000002,0.71052631580000003,0.83972640259999998
Bregma −0.04,Bregma −0.04,STAGATE,8,16,0.74252766550000004,0.9230769231,0.99126679770000004
Bregma −0.04,Bregma −0.04,STAGATE,8,17,0.64706394460000005,0.88679245279999996,0.97450613900000005
Bregma −0.04,Bregma −0.04,STAGATE,9,20,0.64362471349999995,0.83501683500000001,0.96117430960000005
Bregma −0.04,Bregma −0.04,STAGATE,10,12,0.68980503569999996,0.88679245279999996,0.98870484349999999
Bregma −0.04,Bregma −0.04,STAGATE,10,13,0.46256384290000002,0.81818181820000002,0.96604363380000002
Bregma −0.04,Bregma −0.04,STAGATE,10,19,0.3963577257,0.75492610839999996,0.96296445490000004
Bregma −0.04,Bregma −0.04,STAGATE,12,13,0.47149387079999999,0.80194805189999996,0.95003222580000002
Bregma −0.04,Bregma −0.04,STAGATE,12,19,0.41421177139999998,0.75492610839999996,0.97350391540000003
Bregma −0.04,Bregma −0.04,STAGATE,16,17,0.66921509300000004,0.83625336930000005,0.96909380940000001
Bregma −0.04,Bregma −0.04,STAGATE,17,18,0.49120067849999999,0.64331896550000001,0.8774096871
Bregma −0.04,Bregma −0.04,SpaGCN,2,3,0.3616630535,0.83625336930000005,0.97908059680000004
Bregma −0.04,Bregma −0.04,SpaGCN,2,5,0.29435914520000001,0.71957671960000003,0.9299796977
Bregma −0.04,Bregma −0.04,SpaGCN,2,6,0.299610502,0.74559805710000004,0.93999548840000002
Bregma −0.04,Bregma −0.04,SpaGCN,2,16,0.40130881099999999,0.83501683500000001,0.98160710259999995
Bregma −0.04,Bregma −0.04,SpaGCN,2,17,0.31814209980000002,0.74559805710000004,0.93699848539999997
Bregma −0.04,Bregma −0.04,SpaGCN,2,18,0.39252238839999998,0.78799489140000001,0.97681350909999998
Bregma −0.04,Bregma −0.04,SpaGCN,2,19,0.37369066849999999,0.83625336930000005,0.97466726820000005
Bregma −0.04,Bregma −0.04,SpaGCN,3,5,0.33531899279999999,0.73237753880000001,0.92582739839999995
Bregma −0.04,Bregma −0.04,SpaGCN,3,6,0.28510349159999998,0.73237753880000001,0.9406980117
Bregma −0.04,Bregma −0.04,SpaGCN,3,14,0.31945198089999999,0.7862838915,0.96922915789999997
Bregma −0.04,Bregma −0.04,SpaGCN,3,16,0.40293235640000002,0.88746438750000001,0.98137829909999996
Bregma −0.04,Bregma −0.04,SpaGCN,3,18,0.41715005729999999,0.86932215229999998,0.97991524600000002
Bregma −0.04,Bregma −0.04,SpaGCN,3,19,0.4953917182,0.9230769231,0.98840192069999999
Bregma −0.04,Bregma −0.04,SpaGCN,4,8,0.4742855352,0.85248713549999999,0.98466694600000004
Bregma −0.04,Bregma −0.04,SpaGCN,4,9,0.39467414070000001,0.68617614270000005,0.86090683509999999
Bregma −0.04,Bregma −0.04,SpaGCN,4,10,0.28152338129999999,0.6584429825,0.86067964289999999
Bregma −0.04,Bregma −0.04,SpaGCN,4,11,0.35901214669999998,0.78799489140000001,0.96581966419999998
Bregma −0.04,Bregma −0.04,SpaGCN,4,12,0.37949508859999997,0.82058920889999998,0.95774225769999999
Bregma −0.04,Bregma −0.04,SpaGCN,4,13,0.4454599205,0.83873144399999999,0.97506525730000004
Bregma −0.04,Bregma −0.04,SpaGCN,4,15,0.37231887159999999,0.65535956579999999,0.84434919919999996
Bregma −0.04,Bregma −0.04,SpaGCN,4,17,0.39515950500000002,0.88679245279999996,0.98435596660000002
Bregma −0.04,Bregma −0.04,SpaGCN,5,6,0.35561002819999998,0.67869034409999995,0.88386452260000004
Bregma −0.04,Bregma −0.04,SpaGCN,5,14,0.33749556850000001,0.74984783929999999,0.92953659239999997
Bregma −0.04,Bregma −0.04,SpaGCN,5,16,0.31037697759999999,0.72876304020000005,0.93953465889999999
Bregma −0.04,Bregma −0.04,SpaGCN,5,18,0.28704784500000002,0.70274170270000003,0.92868905290000003
Bregma −0.04,Bregma −0.04,SpaGCN,5,19,0.32741973810000002,0.75925925930000004,0.91550868490000004
Bregma −0.04,Bregma −0.04,SpaGCN,6,14,0.32120573800000002,0.78799489140000001,0.96519448289999998
Bregma −0.04,Bregma −0.04,SpaGCN,6,16,0.3026678867,0.71554252200000001,0.93185846409999995
Bregma −0.04,Bregma −0.04,SpaGCN,6,17,0.35926783740000001,0.81818181820000002,0.97300602619999998
Bregma −0.04,Bregma −0.04,SpaGCN,6,18,0.2616420552,0.73237753880000001,0.93577551479999999
Bregma −0.04,Bregma −0.04,SpaGCN,6,19,0.2918262714,0.73237753880000001,0.94570590700000001
Bregma −0.04,Bregma −0.04,SpaGCN,7,8,0.38200917340000001,0.83501683500000001,0.96258096739999999
Bregma −0.04,Bregma −0.04,SpaGCN,7,9,0.35391676239999997,0.72876304020000005,0.92629306180000004
Bregma −0.04,Bregma −0.04,SpaGCN,7,12,0.34705440910000002,0.82058920889999998,0.94092359250000002
Bregma −0.04,Bregma −0.04,SpaGCN,7,15,0.35077140449999999,0.7071759259,0.9269311334
Bregma −0.04,Bregma −0.04,SpaGCN,7,20,0.4190177953,0.80194805189999996,0.94338886919999998
Bregma −0.04,Bregma −0.04,SpaGCN,8,9,0.3945112818,0.79487179490000004,0.93487963650000006
Bregma −0.04,Bregma −0.04,SpaGCN,8,10,0.29260541200000001,0.64642375169999999,0.86980761169999998
Bregma −0.04,Bregma −0.04,SpaGCN,8,11,0.40671356310000001,0.81818181820000002,0.97551158520000003
Bregma −0.04,Bregma −0.04,SpaGCN,8,12,0.35905069140000001,0.80194805189999996,0.95805001450000005
Bregma −0.04,Bregma −0.04,SpaGCN,8,13,0.5655775555,0.86932215229999998,0.99121523639999998
Bregma −0.04,Bregma −0.04,SpaGCN,8,15,0.35485039819999997,0.69034090910000001,0.88407237920000004
Bregma −0.04,Bregma −0.04,SpaGCN,8,20,0.4204794624,0.87062937060000001,0.9770294222
Bregma −0.04,Bregma −0.04,SpaGCN,9,10,0.26119690969999998,0.5877016129,0.86704424609999997
Bregma −0.04,Bregma −0.04,SpaGCN,9,11,0.31916933190000002,0.71957671960000003,0.89039831140000003
Bregma −0.04,Bregma −0.04,SpaGCN,9,12,0.3548680219,0.66122004359999997,0.82531661889999997
Bregma −0.04,Bregma −0.04,SpaGCN,9,13,0.40332282429999999,0.80899608869999995,0.93517128029999996
Bregma −0.04,Bregma −0.04,SpaGCN,9,15,0.45700451289999999,0.85248713549999999,0.98033579319999997
Bregma −0.04,Bregma −0.04,SpaGCN,9,20,0.41577798129999999,0.69683257919999997,0.84786020429999998
Bregma −0.04,Bregma −0.04,SpaGCN,10,11,0.28749421110000001,0.67084377610000001,0.88818278500000003
Bregma −0.04,Bregma −0.04,SpaGCN,10,12,0.26144744469999998,0.68079096049999999,0.86451612899999997
Bregma −0.04,Bregma −0.04,SpaGCN,10,13,0.33928523469999999,0.69034090910000001,0.88516161260000004
Bregma −0.04,Bregma −0.04,SpaGCN,10,15,0.29614988869999997,0.61332292479999995,0.88119138929999996
Bregma −0.04,Bregma −0.04,SpaGCN,10,17,0.27999878540000001,0.61668839630000005,0.86825271500000001
Bregma −0.04,Bregma −0.04,SpaGCN,11,12,0.37396184360000001,0.81878306879999996,0.96345589890000005
Bregma −0.04,Bregma −0.04,SpaGCN,11,13,0.40165629310000001,0.86932215229999998,0.97345396539999995
Bregma −0.04,Bregma −0.04,SpaGCN,11,15,0.31829558070000002,0.69515669520000001,0.88988753180000002
Bregma −0.04,Bregma −0.04,SpaGCN,12,13,0.38294724720000001,0.82058920889999998,0.94806161580000003
Bregma −0.04,Bregma −0.04,SpaGCN,12,15,0.37874088020000002,0.68617614270000005,0.82745641459999997
Bregma −0.04,Bregma −0.04,SpaGCN,12,20,0.48355155379999998,0.88746438750000001,0.97688118329999996
Bregma −0.04,Bregma −0.04,SpaGCN,13,15,0.34605963969999998,0.72464622639999998,0.90333376300000001
Bregma −0.04,Bregma −0.04,SpaGCN,13,17,0.42394186389999999,0.79085385350000004,0.97490735070000001
Bregma −0.04,Bregma −0.04,SpaGCN,14,16,0.34506251570000002,0.77005012530000005,0.95829009700000001
Bregma −0.04,Bregma −0.04,SpaGCN,14,18,0.32991400770000001,0.75492610839999996,0.96361863940000003
Bregma −0.04,Bregma −0.04,SpaGCN,14,19,0.32882334000000002,0.7862838915,0.96236827690000004
Bregma −0.04,Bregma −0.04,SpaGCN,15,20,0.33263327059999998,0.67219458259999998,0.83341980599999999
Bregma −0.04,Bregma −0.04,SpaGCN,16,18,0.4323836298,0.83625336930000005,0.98763494569999999
Bregma −0.04,Bregma −0.04,SpaGCN,16,19,0.4056578736,0.87062937060000001,0.98325706550000003
Bregma −0.04,Bregma −0.04,SpaGCN,17,18,0.32771924320000001,0.75518925520000002,0.94591215240000004
Bregma −0.04,Bregma −0.04,SpaGCN,17,19,0.34095994400000001,0.73704702010000001,0.94829525309999996
Bregma −0.04,Bregma −0.04,SpaGCN,18,19,0.43171532109999999,0.88746438750000001,0.98382262899999995
Bregma −0.04,Bregma −0.04,BANKSY,1,2,0.51754379559999997,0.94339622639999998,0.99842576780000003
Bregma −0.04,Bregma −0.04,BANKSY,1,3,0.51030632760000005,0.94339622639999998,0.99841287739999995
Bregma −0.04,Bregma −0.04,BANKSY,1,4,0.99891091949999999,1,1
Bregma −0.04,Bregma −0.04,BANKSY,1,5,0.51509450710000004,0.94339622639999998,0.99842576780000003
Bregma −0.04,Bregma −0.04,BANKSY,1,6,0.9984026735,1,1
Bregma −0.04,Bregma −0.04,BANKSY,1,7,0.56750068789999997,0.96078431369999995,0.9977087429
Bregma −0.04,Bregma −0.04,BANKSY,1,8,0.99891091949999999,1,1
Bregma −0.04,Bregma −0.04,BANKSY,1,9,0.99891091949999999,1,1
Bregma −0.04,Bregma −0.04,BANKSY,1,10,0.9984026735,1,1
Bregma −0.04,Bregma −0.04,BANKSY,1,11,0.99891091949999999,1,1
Bregma −0.04,Bregma −0.04,BANKSY,1,12,1,1,1
Bregma −0.04,Bregma −0.04,BANKSY,1,15,0.99891091949999999,1,1
Bregma −0.04,Bregma −0.04,BANKSY,1,16,1,1,1
Bregma −0.04,Bregma −0.04,BANKSY,1,18,0.51123008240000001,0.9615384615,0.99903967000000005
Bregma −0.04,Bregma −0.04,BANKSY,1,20,0.51588757439999999,0.94339622639999998,0.99842576780000003
Bregma −0.04,Bregma −0.04,BANKSY,2,3,0.96073921390000006,1,0.99997421929999997
Bregma −0.04,Bregma −0.04,BANKSY,2,4,0.51747327590000003,0.94339622639999998,0.99843382420000004
Bregma −0.04,Bregma −0.04,BANKSY,2,5,0.98983389430000002,1,1
Bregma −0.04,Bregma −0.04,BANKSY,2,6,0.51711437459999998,0.94339622639999998,0.99843382420000004
Bregma −0.04,Bregma −0.04,BANKSY,2,7,0.68638668810000003,0.96078431369999995,0.99829686439999998
Bregma −0.04,Bregma −0.04,BANKSY,2,8,0.51693231250000005,0.94339622639999998,0.99843382420000004
Bregma −0.04,Bregma −0.04,BANKSY,2,9,0.51693231250000005,0.94339622639999998,0.99843382420000004
Bregma −0.04,Bregma −0.04,BANKSY,2,10,0.51711437459999998,0.94339622639999998,0.99843382420000004
Bregma −0.04,Bregma −0.04,BANKSY,2,11,0.51747327590000003,0.94339622639999998,0.99843382420000004
Bregma −0.04,Bregma −0.04,BANKSY,2,12,0.51754379559999997,0.94339622639999998,0.99842576780000003
Bregma −0.04,Bregma −0.04,BANKSY,2,15,0.51747327590000003,0.94339622639999998,0.99843382420000004
Bregma −0.04,Bregma −0.04,BANKSY,2,16,0.51754379559999997,0.94339622639999998,0.99842576780000003
Bregma −0.04,Bregma −0.04,BANKSY,2,18,0.97594373919999999,1,0.99985014989999998
Bregma −0.04,Bregma −0.04,BANKSY,2,20,0.99177147539999999,1,1
Bregma −0.04,Bregma −0.04,BANKSY,3,4,0.51023532640000002,0.94339622639999998,0.99841771130000001
Bregma −0.04,Bregma −0.04,BANKSY,3,5,0.96950529360000004,1,0.99997421929999997
Bregma −0.04,Bregma −0.04,BANKSY,3,6,0.50989060509999995,0.94339622639999998,0.99841771130000001
Bregma −0.04,Bregma −0.04,BANKSY,3,7,0.68617146480000002,0.96078431369999995,0.99829686439999998
Bregma −0.04,Bregma −0.04,BANKSY,3,8,0.50972547020000003,0.94339622639999998,0.99841771130000001
Bregma −0.04,Bregma −0.04,BANKSY,3,9,0.50972547020000003,0.94339622639999998,0.99841771130000001
Bregma −0.04,Bregma −0.04,BANKSY,3,10,0.50989060509999995,0.94339622639999998,0.99841771130000001
Bregma −0.04,Bregma −0.04,BANKSY,3,11,0.51023532640000002,0.94339622639999998,0.99841771130000001
Bregma −0.04,Bregma −0.04,BANKSY,3,12,0.51030632760000005,0.94339622639999998,0.99841287739999995
Bregma −0.04,Bregma −0.04,BANKSY,3,15,0.51023532640000002,0.94339622639999998,0.99841771130000001
Bregma −0.04,Bregma −0.04,BANKSY,3,16,0.51030632760000005,0.94339622639999998,0.99841287739999995
Bregma −0.04,Bregma −0.04,BANKSY,3,18,0.98286321200000004,0.98039215690000003,0.99978892080000004
Bregma −0.04,Bregma −0.04,BANKSY,3,20,0.9687743231,1,0.99997421929999997
Bregma −0.04,Bregma −0.04,BANKSY,4,5,0.51502371010000003,0.94339622639999998,0.99843382420000004
Bregma −0.04,Bregma −0.04,BANKSY,4,6,0.99949123959999997,1,1
Bregma −0.04,Bregma −0.04,BANKSY,4,7,0.5674302014,0.96078431369999995,0.99771035419999998
Bregma −0.04,Bregma −0.04,BANKSY,4,8,0.99898265529999997,1,1
Bregma −0.04,Bregma −0.04,BANKSY,4,9,0.99898265529999997,1,1
Bregma −0.04,Bregma −0.04,BANKSY,4,10,0.99949123959999997,1,1
Bregma −0.04,Bregma −0.04,BANKSY,4,11,1,1,1
Bregma −0.04,Bregma −0.04,BANKSY,4,12,0.99891091949999999,1,1
Bregma −0.04,Bregma −0.04,BANKSY,4,15,1,1,1
Bregma −0.04,Bregma −0.04,BANKSY,4,16,0.99891091949999999,1,1
Bregma −0.04,Bregma −0.04,BANKSY,4,18,0.51115905979999998,0.9615384615,0.99904772649999996
Bregma −0.04,Bregma −0.04,BANKSY,4,20,0.51581711610000003,0.94339622639999998,0.99843382420000004
Bregma −0.04,Bregma −0.04,BANKSY,5,6,0.51466944380000001,0.94339622639999998,0.99843382420000004
Bregma −0.04,Bregma −0.04,BANKSY,5,7,0.68574152479999995,0.96078431369999995,0.99829686439999998
Bregma −0.04,Bregma −0.04,BANKSY,5,8,0.51449132279999998,0.94339622639999998,0.99843382420000004
Bregma −0.04,Bregma −0.04,BANKSY,5,9,0.51449132279999998,0.94339622639999998,0.99843382420000004
Bregma −0.04,Bregma −0.04,BANKSY,5,10,0.51466944380000001,0.94339622639999998,0.99843382420000004
Bregma −0.04,Bregma −0.04,BANKSY,5,11,0.51502371010000003,0.94339622639999998,0.99843382420000004
Bregma −0.04,Bregma −0.04,BANKSY,5,12,0.51509450710000004,0.94339622639999998,0.99842576780000003
Bregma −0.04,Bregma −0.04,BANKSY,5,15,0.51502371010000003,0.94339622639999998,0.99843382420000004
Bregma −0.04,Bregma −0.04,BANKSY,5,16,0.51509450710000004,0.94339622639999998,0.99842576780000003
Bregma −0.04,Bregma −0.04,BANKSY,5,18,0.98600291929999995,1,0.99990654509999999
Bregma −0.04,Bregma −0.04,BANKSY,5,20,0.99683488730000003,1,1
Bregma −0.04,Bregma −0.04,BANKSY,6,7,0.56772015799999997,0.96078431369999995,0.99771035419999998
Bregma −0.04,Bregma −0.04,BANKSY,6,8,0.99949123959999997,1,1
Bregma −0.04,Bregma −0.04,BANKSY,6,9,0.99949123959999997,1,1
Bregma −0.04,Bregma −0.04,BANKSY,6,10,1,1,1
Bregma −0.04,Bregma −0.04,BANKSY,6,11,0.99949123959999997,1,1
Bregma −0.04,Bregma −0.04,BANKSY,6,12,0.9984026735,1,1
Bregma −0.04,Bregma −0.04,BANKSY,6,15,0.99949123959999997,1,1
Bregma −0.04,Bregma −0.04,BANKSY,6,16,0.9984026735,1,1
Bregma −0.04,Bregma −0.04,BANKSY,6,18,0.51081233879999999,0.9615384615,0.99904772649999996
Bregma −0.04,Bregma −0.04,BANKSY,6,20,0.51546152280000002,0.94339622639999998,0.99843382420000004
Bregma −0.04,Bregma −0.04,BANKSY,7,8,0.5674302014,0.96078431369999995,0.99771035419999998
Bregma −0.04,Bregma −0.04,BANKSY,7,9,0.5674302014,0.96078431369999995,0.99771035419999998
Bregma −0.04,Bregma −0.04,BANKSY,7,10,0.56772015799999997,0.96078431369999995,0.99771035419999998
Bregma −0.04,Bregma −0.04,BANKSY,7,11,0.5674302014,0.96078431369999995,0.99771035419999998
Bregma −0.04,Bregma −0.04,BANKSY,7,12,0.56750068789999997,0.96078431369999995,0.9977087429
Bregma −0.04,Bregma −0.04,BANKSY,7,15,0.5674302014,0.96078431369999995,0.99771035419999998
Bregma −0.04,Bregma −0.04,BANKSY,7,16,0.56750068789999997,0.96078431369999995,0.9977087429
Bregma −0.04,Bregma −0.04,BANKSY,7,18,0.68159539960000004,0.94193061840000003,0.99708517289999998
Bregma −0.04,Bregma −0.04,BANKSY,7,20,0.68582137949999999,0.96078431369999995,0.99829686439999998
Bregma −0.04,Bregma −0.04,BANKSY,8,9,1,1,1
Bregma −0.04,Bregma −0.04,BANKSY,8,10,0.99949123959999997,1,1
Bregma −0.04,Bregma −0.04,BANKSY,8,11,0.99898265529999997,1,1
Bregma −0.04,Bregma −0.04,BANKSY,8,12,0.99891091949999999,1,1
Bregma −0.04,Bregma −0.04,BANKSY,8,15,0.99898265529999997,1,1
Bregma −0.04,Bregma −0.04,BANKSY,8,16,0.99891091949999999,1,1
Bregma −0.04,Bregma −0.04,BANKSY,8,18,0.51063968719999997,0.9615384615,0.99904772649999996
Bregma −0.04,Bregma −0.04,BANKSY,8,20,0.51528315810000003,0.94339622639999998,0.99843382420000004
Bregma −0.04,Bregma −0.04,BANKSY,9,10,0.99949123959999997,1,1
Bregma −0.04,Bregma −0.04,BANKSY,9,11,0.99898265529999997,1,1
Bregma −0.04,Bregma −0.04,BANKSY,9,12,0.99891091949999999,1,1
Bregma −0.04,Bregma −0.04,BANKSY,9,15,0.99898265529999997,1,1
Bregma −0.04,Bregma −0.04,BANKSY,9,16,0.99891091949999999,1,1
Bregma −0.04,Bregma −0.04,BANKSY,9,18,0.51063968719999997,0.9615384615,0.99904772649999996
Bregma −0.04,Bregma −0.04,BANKSY,9,20,0.51528315810000003,0.94339622639999998,0.99843382420000004
Bregma −0.04,Bregma −0.04,BANKSY,10,11,0.99949123959999997,1,1
Bregma −0.04,Bregma −0.04,BANKSY,10,12,0.9984026735,1,1
Bregma −0.04,Bregma −0.04,BANKSY,10,15,0.99949123959999997,1,1
Bregma −0.04,Bregma −0.04,BANKSY,10,16,0.9984026735,1,1
Bregma −0.04,Bregma −0.04,BANKSY,10,18,0.51081233879999999,0.9615384615,0.99904772649999996
Bregma −0.04,Bregma −0.04,BANKSY,10,20,0.51546152280000002,0.94339622639999998,0.99843382420000004
Bregma −0.04,Bregma −0.04,BANKSY,11,12,0.99891091949999999,1,1
Bregma −0.04,Bregma −0.04,BANKSY,11,15,1,1,1
Bregma −0.04,Bregma −0.04,BANKSY,11,16,0.99891091949999999,1,1
Bregma −0.04,Bregma −0.04,BANKSY,11,18,0.51115905979999998,0.9615384615,0.99904772649999996
Bregma −0.04,Bregma −0.04,BANKSY,11,20,0.51581711610000003,0.94339622639999998,0.99843382420000004
Bregma −0.04,Bregma −0.04,BANKSY,12,15,0.99891091949999999,1,1
Bregma −0.04,Bregma −0.04,BANKSY,12,16,1,1,1
Bregma −0.04,Bregma −0.04,BANKSY,12,18,0.51123008240000001,0.9615384615,0.99903967000000005
Bregma −0.04,Bregma −0.04,BANKSY,12,20,0.51588757439999999,0.94339622639999998,0.99842576780000003
Bregma −0.04,Bregma −0.04,BANKSY,14,17,0.98369986350000005,1,0.99984531600000004
Bregma −0.04,Bregma −0.04,BANKSY,14,19,0.97571805570000003,0.98039215690000003,0.99984531600000004
Bregma −0.04,Bregma −0.04,BANKSY,15,16,0.99891091949999999,1,1
Bregma −0.04,Bregma −0.04,BANKSY,15,18,0.51115905979999998,0.9615384615,0.99904772649999996
Bregma −0.04,Bregma −0.04,BANKSY,15,20,0.51581711610000003,0.94339622639999998,0.99843382420000004
Bregma −0.04,Bregma −0.04,BANKSY,16,18,0.51123008240000001,0.9615384615,0.99903967000000005
Bregma −0.04,Bregma −0.04,BANKSY,16,20,0.51588757439999999,0.94339622639999998,0.99842576780000003
Bregma −0.04,Bregma −0.04,BANKSY,17,19,0.99193735810000006,1,1
Bregma −0.04,Bregma −0.04,BANKSY,18,20,0.98286891830000001,1,0.999895266
Bregma −0.04,Bregma −0.04,SEDR,1,2,0.775795821,0.80899608869999995,0.93284618610000003
Bregma −0.04,Bregma −0.04,SEDR,1,4,0.63630722210000001,0.65390923999999995,0.8864329219
Bregma −0.04,Bregma −0.04,SEDR,1,7,0.67463086620000001,0.88679245279999985,0.97808481839999994
Bregma −0.04,Bregma −0.04,SEDR,1,8,0.6567914668,0.77338355299999995,0.93025361740000001
Bregma −0.04,Bregma −0.04,SEDR,1,10,0.38548670759999992,0.6949152542,0.89036769680000005
Bregma −0.04,Bregma −0.04,SEDR,1,12,0.71211111329999988,0.85248713549999988,0.97260159199999996
Bregma −0.04,Bregma −0.04,SEDR,1,13,0.78032546889999987,0.77338355299999995,0.93220328060000002
Bregma −0.04,Bregma −0.04,SEDR,1,15,0.64757441199999988,0.64331896550000001,0.87876317230000001
Bregma −0.04,Bregma −0.04,SEDR,1,17,0.53104167759999987,0.75654853619999995,0.93000708970000001
Bregma −0.04,Bregma −0.04,SEDR,1,18,0.74687087549999986,0.77338355299999995,0.93060165640000003
Bregma −0.04,Bregma −0.04,SEDR,1,19,0.56848246729999985,0.82058920889999987,0.97044890589999999
Bregma −0.04,Bregma −0.04,SEDR,2,7,0.66399880259999988,0.88679245279999985,0.98389674839999997
Bregma −0.04,Bregma −0.04,SEDR,2,8,0.71666708300000004,0.9230769231,0.99734297959999996
Bregma −0.04,Bregma −0.04,SEDR,2,9,0.4159836052,0.79085385350000004,0.97157036510000006
Bregma −0.04,Bregma −0.04,SEDR,2,10,0.41103323260000002,0.88679245279999985,0.99433308629999995
Bregma −0.04,Bregma −0.04,SEDR,2,11,0.46505640609999988,0.86932215229999987,0.95966291770000001
Bregma −0.04,Bregma −0.04,SEDR,2,12,0.67098005599999988,0.83625336930000005,0.97503947670000002
Bregma −0.04,Bregma −0.04,SEDR,2,13,0.80733672300000003,0.94193061840000003,0.99669685149999998
Bregma −0.04,Bregma −0.04,SEDR,2,15,0.69289704210000003,0.90493468799999999,0.9944136509
Bregma −0.04,Bregma −0.04,SEDR,2,16,0.54378213990000002,0.87062937060000001,0.97594824530000002
Bregma −0.04,Bregma −0.04,SEDR,2,17,0.54162817379999995,0.85248713549999988,0.97555670139999995
Bregma −0.04,Bregma −0.04,SEDR,2,18,0.80355023950000004,0.94193061840000003,0.99659856270000002
Bregma −0.04,Bregma −0.04,SEDR,2,19,0.5751577873,0.94193061840000003,0.99644226739999997
Bregma −0.04,Bregma −0.04,SEDR,3,4,0.52701230170000002,0.72619047619999988,0.92686990430000005
Bregma −0.04,Bregma −0.04,SEDR,3,15,0.53942981509999988,0.75492610839999985,0.93522123040000005
Bregma −0.04,Bregma −0.04,SEDR,4,7,0.61470880459999988,0.88679245279999985,0.98078212109999996
Bregma −0.04,Bregma −0.04,SEDR,4,13,0.69354464569999985,0.88746438750000001,0.99428797010000003
Bregma −0.04,Bregma −0.04,SEDR,4,15,0.79016801619999988,0.88746438750000001,0.99563339890000002
Bregma −0.04,Bregma −0.04,SEDR,5,6,0.5059870286,0.83625336930000005,0.96406013339999996
Bregma −0.04,Bregma −0.04,SEDR,5,8,0.51409294009999995,0.85248713549999988,0.96113724980000004
Bregma −0.04,Bregma −0.04,SEDR,5,9,0.45067014049999993,0.75492610839999985,0.91076826399999999
Bregma −0.04,Bregma −0.04,SEDR,5,11,0.653426442,0.90493468799999999,0.99235119719999998
Bregma −0.04,Bregma −0.04,SEDR,5,14,0.48779945530000002,0.75492610839999985,0.9331233283
Bregma −0.04,Bregma −0.04,SEDR,5,16,0.66277060290000001,0.83501683500000001,0.97412909670000003
Bregma −0.04,Bregma −0.04,SEDR,5,17,0.67521237599999995,0.85185185190000001,0.97616576970000002
Bregma −0.04,Bregma −0.04,SEDR,5,20,0.68989159119999988,0.88679245279999985,0.98253198409999998
Bregma −0.04,Bregma −0.04,SEDR,6,8,0.4702567949,0.7679900744,0.89254777480000003
Bregma −0.04,Bregma −0.04,SEDR,6,9,0.4942611871,0.7679900744,0.92730173049999998
Bregma −0.04,Bregma −0.04,SEDR,6,11,0.53014303409999985,0.87062937060000001,0.97549063840000005
Bregma −0.04,Bregma −0.04,SEDR,6,14,0.48646922889999988,0.90493468799999999,0.99265573139999996
Bregma −0.04,Bregma −0.04,SEDR,6,16,0.50267574650000002,0.83501683500000001,0.97461892949999995
Bregma −0.04,Bregma −0.04,SEDR,6,20,0.52610008919999995,0.83501683500000001,0.96614675650000004
Bregma −0.04,Bregma −0.04,SEDR,7,8,0.60645822790000004,0.90493468799999999,0.99031774679999995
Bregma −0.04,Bregma −0.04,SEDR,7,10,0.40440935160000002,0.80546519189999988,0.9586880861
Bregma −0.04,Bregma −0.04,SEDR,7,12,0.6070420862,0.75654853619999995,0.90419097029999995
Bregma −0.04,Bregma −0.04,SEDR,7,13,0.68526742259999995,0.9230769231,0.98456865709999997
Bregma −0.04,Bregma −0.04,SEDR,7,15,0.62051327249999988,0.76306835760000002,0.94468112530000004
Bregma −0.04,Bregma −0.04,SEDR,7,16,0.47719032960000002,0.85439560439999995,0.96799651959999999
Bregma −0.04,Bregma −0.04,SEDR,7,17,0.48849470220000002,0.90493468799999999,0.98520511749999995
Bregma −0.04,Bregma −0.04,SEDR,7,18,0.65332647129999988,0.9230769231,0.98242402760000003
Bregma −0.04,Bregma −0.04,SEDR,7,19,0.52794515819999988,0.9230769231,0.98412394059999997
Bregma −0.04,Bregma −0.04,SEDR,8,9,0.46272212639999988,0.77338355299999995,0.97614160029999997
Bregma −0.04,Bregma −0.04,SEDR,8,10,0.43432409869999988,0.88746438750000001,0.99511939670000005
Bregma −0.04,Bregma −0.04,SEDR,8,11,0.50551527330000001,0.88746438750000001,0.96470948410000001
Bregma −0.04,Bregma −0.04,SEDR,8,12,0.56850340700000002,0.86932215229999987,0.9712819439
Bregma −0.04,Bregma −0.04,SEDR,8,16,0.54665527680000003,0.87062937060000001,0.97480100540000003
Bregma −0.04,Bregma −0.04,SEDR,8,17,0.55525027780000002,0.86932215229999987,0.97433534209999995
Bregma −0.04,Bregma −0.04,SEDR,8,18,0.69468020070000003,0.96078431369999995,0.99526924689999996
Bregma −0.04,Bregma −0.04,SEDR,8,19,0.54710701340000001,0.94193061840000003,0.99748960720000002
Bregma −0.04,Bregma −0.04,SEDR,8,20,0.53906965780000005,0.88746438750000001,0.96838322970000001
Bregma −0.04,Bregma −0.04,SEDR,9,10,0.50125123069999988,0.82058920889999987,0.97658792819999996
Bregma −0.04,Bregma −0.04,SEDR,9,11,0.57724679629999986,0.80194805189999985,0.94144403980000002
Bregma −0.04,Bregma −0.04,SEDR,9,12,0.4146707396,0.64110842079999986,0.79723341169999995
Bregma −0.04,Bregma −0.04,SEDR,9,14,0.59788980839999994,0.78121059270000004,0.91358480230000005
Bregma −0.04,Bregma −0.04,SEDR,9,16,0.46641811430000002,0.81818181820000002,0.94043053720000003
Bregma −0.04,Bregma −0.04,SEDR,9,17,0.47592845680000001,0.81818181820000002,0.94341142730000005
Bregma −0.04,Bregma −0.04,SEDR,9,18,0.40952528519999992,0.82058920889999987,0.97400019339999999
Bregma −0.04,Bregma −0.04,SEDR,9,19,0.479875828,0.82058920889999987,0.97382133999999998
Bregma −0.04,Bregma −0.04,SEDR,9,20,0.49141838739999988,0.80194805189999985,0.93049369979999996
Bregma −0.04,Bregma −0.04,SEDR,10,11,0.52178352790000004,0.85185185190000001,0.96726177049999995
Bregma −0.04,Bregma −0.04,SEDR,10,12,0.41207736960000002,0.61668839630000005,0.78834069159999987
Bregma −0.04,Bregma −0.04,SEDR,10,13,0.42961052080000001,0.88679245279999985,0.99448454770000005
Bregma −0.04,Bregma −0.04,SEDR,10,15,0.51792663819999984,0.88679245279999985,0.98829396410000003
Bregma −0.04,Bregma −0.04,SEDR,10,16,0.59271246200000005,0.7862838915,0.95162740489999997
Bregma −0.04,Bregma −0.04,SEDR,10,17,0.60906650679999985,0.8031189084,0.95544455539999995
Bregma −0.04,Bregma −0.04,SEDR,10,18,0.4136074347,0.9230769231,0.99428958140000001
Bregma −0.04,Bregma −0.04,SEDR,10,19,0.54955015429999987,0.90493468799999999,0.99487448040000004
Bregma −0.04,Bregma −0.04,SEDR,11,12,0.4981352839,0.78799489140000001,0.92782378909999996
Bregma −0.04,Bregma −0.04,SEDR,11,14,0.47193491209999988,0.7862838915,0.93740130840000002
Bregma −0.04,Bregma −0.04,SEDR,11,16,0.63582899960000006,0.83501683500000001,0.96693628949999999
Bregma −0.04,Bregma −0.04,SEDR,11,17,0.64521867840000002,0.85185185190000001,0.97058908830000001
Bregma −0.04,Bregma −0.04,SEDR,11,18,0.45285537300000001,0.87062937060000001,0.95776159319999998
Bregma −0.04,Bregma −0.04,SEDR,11,19,0.62973561879999995,0.88746438750000001,0.98161032520000002
Bregma −0.04,Bregma −0.04,SEDR,11,20,0.65777396450000003,0.9230769231,0.9875672714
Bregma −0.04,Bregma −0.04,SEDR,12,13,0.67956607749999987,0.85248713549999988,0.97672005409999996
Bregma −0.04,Bregma −0.04,SEDR,12,15,0.56761411080000002,0.70952659259999995,0.87260964839999988
Bregma −0.04,Bregma −0.04,SEDR,12,16,0.6010900616,0.79085385350000004,0.92672327669999999
Bregma −0.04,Bregma −0.04,SEDR,12,17,0.60466118040000005,0.82784978399999987,0.9221488189
Bregma −0.04,Bregma −0.04,SEDR,12,18,0.67433159030000001,0.87062937060000001,0.97572266439999999
Bregma −0.04,Bregma −0.04,SEDR,12,19,0.5541572857,0.77338355299999995,0.90563468790000001
Bregma −0.04,Bregma −0.04,SEDR,13,15,0.69543614180000002,0.88746438750000001,0.99198543390000005
Bregma −0.04,Bregma −0.04,SEDR,13,18,0.79381084790000001,0.96078431369999995,0.9978408688
Bregma −0.04,Bregma −0.04,SEDR,13,19,0.60164918820000002,0.9230769231,0.99626180269999998
Bregma −0.04,Bregma −0.04,SEDR,14,20,0.5446305897,0.80194805189999985,0.95266346560000004
Bregma −0.04,Bregma −0.04,SEDR,15,18,0.68503805149999986,0.90493468799999999,0.99156166410000002
Bregma −0.04,Bregma −0.04,SEDR,16,17,0.82928537830000004,0.96078431369999995,0.99698366149999995
Bregma −0.04,Bregma −0.04,SEDR,16,18,0.55302854859999995,0.88948306600000004,0.97617221489999995
Bregma −0.04,Bregma −0.04,SEDR,16,19,0.64234154310000002,0.90631808280000004,0.98225484190000001
Bregma −0.04,Bregma −0.04,SEDR,16,20,0.82272445329999988,0.88746438750000001,0.98239824689999999
Bregma −0.04,Bregma −0.04,SEDR,17,18,0.53318306680000005,0.87062937060000001,0.97456414550000003
Bregma −0.04,Bregma −0.04,SEDR,17,19,0.6610435885,0.86932215229999987,0.98449453769999995
Bregma −0.04,Bregma −0.04,SEDR,17,20,0.80736717499999988,0.86932215229999987,0.98099964549999996
Bregma −0.04,Bregma −0.04,SEDR,18,19,0.56742042000000004,0.9230769231,0.99535625660000004
Bregma −0.09,Bregma −0.09,GraphST,1,3,0.54507182740000004,0.86932215229999998,0.97097257579999996
Bregma −0.09,Bregma −0.09,GraphST,1,4,0.58202382880000003,0.86932215229999998,0.97774322449999995
Bregma −0.09,Bregma −0.09,GraphST,1,20,0.60180309539999999,0.85185185190000001,0.96633366629999995
Bregma −0.09,Bregma −0.09,GraphST,2,6,0.54060205829999997,0.86932215229999998,0.98039863360000001
Bregma −0.09,Bregma −0.09,GraphST,3,4,0.59444013900000003,0.85185185190000001,0.97247913379999995
Bregma −0.09,Bregma −0.09,GraphST,5,8,0.57821533780000001,0.86932215229999998,0.9839885921
Bregma −0.09,Bregma −0.09,GraphST,5,11,0.56161695160000003,0.85248713549999999,0.97748702909999996
Bregma −0.09,Bregma −0.09,GraphST,5,14,0.52307153360000003,0.88746438750000001,0.98463633139999995
Bregma −0.09,Bregma −0.09,GraphST,5,18,0.49292977929999998,0.86932215229999998,0.96598401599999995
Bregma −0.09,Bregma −0.09,GraphST,5,19,0.59615582199999995,0.88679245279999996,0.98874351449999998
Bregma −0.09,Bregma −0.09,GraphST,6,9,0.50029430600000002,0.85248713549999999,0.97520060580000001
Bregma −0.09,Bregma −0.09,GraphST,7,11,0.42022203879999998,0.86932215229999998,0.9803905772
Bregma −0.09,Bregma −0.09,GraphST,7,12,0.41884352809999997,0.86932215229999998,0.97759820819999999
Bregma −0.09,Bregma −0.09,GraphST,7,13,0.46168717339999998,0.85439560439999995,0.98447681350000005
Bregma −0.09,Bregma −0.09,GraphST,7,15,0.60922094829999995,0.9230769231,0.98844542550000003
Bregma −0.09,Bregma −0.09,GraphST,7,16,0.41507860489999998,0.88679245279999996,0.97759337440000005
Bregma −0.09,Bregma −0.09,GraphST,7,17,0.43320212679999998,0.86932215229999998,0.98670361900000003
Bregma −0.09,Bregma −0.09,GraphST,7,19,0.44847025439999999,0.9230769231,0.98860977729999999
Bregma −0.09,Bregma −0.09,GraphST,8,10,0.542582385,0.85185185190000001,0.97067126420000005
Bregma −0.09,Bregma −0.09,GraphST,8,14,0.59746408920000005,0.86932215229999998,0.98669395120000003
Bregma −0.09,Bregma −0.09,GraphST,8,18,0.55418072939999996,0.88746438750000001,0.97705681420000001
Bregma −0.09,Bregma −0.09,GraphST,8,19,0.60228322190000005,0.9230769231,0.98944442649999997
Bregma −0.09,Bregma −0.09,GraphST,9,10,0.45466288529999999,0.83625336930000005,0.94953272529999999
Bregma −0.09,Bregma −0.09,GraphST,11,12,0.5986626518,0.88679245279999996,0.98417227929999995
Bregma −0.09,Bregma −0.09,GraphST,11,13,0.50211246499999995,0.85248713549999999,0.97407109020000004
Bregma −0.09,Bregma −0.09,GraphST,11,14,0.47420252930000001,0.85185185190000001,0.97957042959999996
Bregma −0.09,Bregma −0.09,GraphST,11,17,0.4774138148,0.83501683500000001,0.9789226902
Bregma −0.09,Bregma −0.09,GraphST,11,18,0.56420258599999995,0.90493468799999999,0.98598820529999998
Bregma −0.09,Bregma −0.09,GraphST,11,19,0.55422330860000002,0.86932215229999998,0.98215816440000003
Bregma −0.09,Bregma −0.09,GraphST,12,13,0.51890046010000002,0.88679245279999996,0.97437562440000003
Bregma −0.09,Bregma −0.09,GraphST,12,14,0.50591566030000001,0.86932215229999998,0.98035029490000003
Bregma −0.09,Bregma −0.09,GraphST,12,15,0.41899547529999998,0.90493468799999999,0.97704070119999997
Bregma −0.09,Bregma −0.09,GraphST,12,16,0.52765417260000003,0.83501683500000001,0.98646675900000003
Bregma −0.09,Bregma −0.09,GraphST,12,17,0.51808548679999999,0.88746438750000001,0.98024556090000003
Bregma −0.09,Bregma −0.09,GraphST,12,19,0.5848904774,0.90493468799999999,0.98128806680000003
Bregma −0.09,Bregma −0.09,GraphST,13,14,0.56233021230000002,0.83501683500000001,0.98159582349999996
Bregma −0.09,Bregma −0.09,GraphST,13,15,0.44933347899999998,0.87062937060000001,0.98734169059999999
Bregma −0.09,Bregma −0.09,GraphST,13,17,0.54220264900000004,0.86932215229999998,0.98257065519999998
Bregma −0.09,Bregma −0.09,GraphST,13,18,0.53896259830000004,0.88679245279999996,0.97025232829999997
Bregma −0.09,Bregma −0.09,GraphST,13,19,0.57699631419999997,0.83625336930000005,0.98378234669999998
Bregma −0.09,Bregma −0.09,GraphST,14,17,0.49782450070000001,0.88679245279999996,0.98307176689999998
Bregma −0.09,Bregma −0.09,GraphST,14,18,0.49715290029999998,0.85185185190000001,0.97680061870000001
Bregma −0.09,Bregma −0.09,GraphST,14,19,0.56619600069999998,0.86932215229999998,0.98615416840000003
Bregma −0.09,Bregma −0.09,GraphST,15,16,0.39305192109999998,0.86932215229999998,0.97476716829999999
Bregma −0.09,Bregma −0.09,GraphST,15,17,0.41114933980000001,0.9230769231,0.9804566401
Bregma −0.09,Bregma −0.09,GraphST,17,18,0.45727497189999999,0.86932215229999998,0.97540523990000005
Bregma −0.09,Bregma −0.09,GraphST,17,19,0.54596731649999997,0.88746438750000001,0.9857303986
Bregma −0.09,Bregma −0.09,GraphST,18,19,0.52192574790000001,0.90493468799999999,0.97560504010000004
Bregma −0.09,Bregma −0.09,STAGATE,1,3,0.59764469909999995,0.83625336930000005,0.96219425739999997
Bregma −0.09,Bregma −0.09,STAGATE,1,5,0.54377971329999997,0.83501683500000001,0.96480293900000003
Bregma −0.09,Bregma −0.09,STAGATE,1,6,0.6361707124,0.81818181820000002,0.97231961590000004
Bregma −0.09,Bregma −0.09,STAGATE,1,7,0.68414276360000004,0.88679245279999996,0.98636202510000004
Bregma −0.09,Bregma −0.09,STAGATE,1,9,0.73734918009999995,0.88679245279999996,0.98525184489999995
Bregma −0.09,Bregma −0.09,STAGATE,1,10,0.60418563690000004,0.81878306879999996,0.93696948209999997
Bregma −0.09,Bregma −0.09,STAGATE,1,11,0.62602086810000002,0.83501683500000001,0.97661209760000001
Bregma −0.09,Bregma −0.09,STAGATE,1,12,0.60992459600000004,0.83501683500000001,0.97667010409999999
Bregma −0.09,Bregma −0.09,STAGATE,1,14,0.50417574740000004,0.75492610839999996,0.91946601790000004
Bregma −0.09,Bregma −0.09,STAGATE,1,16,0.53229632090000001,0.69540229890000005,0.93801521060000004
Bregma −0.09,Bregma −0.09,STAGATE,1,19,0.66494779039999996,0.78799489140000001,0.93364216430000002
Bregma −0.09,Bregma −0.09,STAGATE,2,7,0.60733175260000005,0.72465060960000005,0.90618736099999997
Bregma −0.09,Bregma −0.09,STAGATE,2,12,0.71554593229999996,0.85185185190000001,0.97753053400000001
Bregma −0.09,Bregma −0.09,STAGATE,2,17,0.68730567460000003,0.81818181820000002,0.95630659659999995
Bregma −0.09,Bregma −0.09,STAGATE,2,20,0.64189333189999997,0.81878306879999996,0.94327769009999995
Bregma −0.09,Bregma −0.09,STAGATE,3,5,0.52314091019999998,0.83501683500000001,0.96464986630000005
Bregma −0.09,Bregma −0.09,STAGATE,3,6,0.74839011219999996,0.90493468799999999,0.98983435919999996
Bregma −0.09,Bregma −0.09,STAGATE,3,9,0.54452216379999996,0.80194805189999996,0.94791982210000003
Bregma −0.09,Bregma −0.09,STAGATE,3,10,0.68846459729999998,0.83501683500000001,0.98108021010000002
Bregma −0.09,Bregma −0.09,STAGATE,3,11,0.76011843059999995,0.88679245279999996,0.98754954719999999
Bregma −0.09,Bregma −0.09,STAGATE,3,14,0.56536114969999995,0.81818181820000002,0.96968676480000005
Bregma −0.09,Bregma −0.09,STAGATE,3,16,0.66000692090000002,0.77005012530000005,0.97051819149999996
Bregma −0.09,Bregma −0.09,STAGATE,3,19,0.77638703919999996,0.88679245279999996,0.98561921949999998
Bregma −0.09,Bregma −0.09,STAGATE,5,6,0.54562599899999997,0.80194805189999996,0.96770326449999999
Bregma −0.09,Bregma −0.09,STAGATE,5,7,0.47835348420000001,0.81818181820000002,0.95140988039999996
Bregma −0.09,Bregma −0.09,STAGATE,5,9,0.62093832169999996,0.85248713549999999,0.96013502630000003
Bregma −0.09,Bregma −0.09,STAGATE,5,10,0.54281566370000001,0.7862838915,0.95797267249999996
Bregma −0.09,Bregma −0.09,STAGATE,5,11,0.53550983330000002,0.81878306879999996,0.96538622669999996
Bregma −0.09,Bregma −0.09,STAGATE,5,12,0.51672578390000001,0.80194805189999996,0.96226676550000001
Bregma −0.09,Bregma −0.09,STAGATE,5,14,0.53707606539999997,0.77005012530000005,0.96329638100000003
Bregma −0.09,Bregma −0.09,STAGATE,5,16,0.59125348359999996,0.77338355299999995,0.9680432471
Bregma −0.09,Bregma −0.09,STAGATE,5,19,0.47084219980000003,0.66666666669999997,0.76155779700000004
Bregma −0.09,Bregma −0.09,STAGATE,6,9,0.58431821630000003,0.81818181820000002,0.96786600499999997
Bregma −0.09,Bregma −0.09,STAGATE,6,10,0.75078513069999997,0.86932215229999998,0.98174245110000002
Bregma −0.09,Bregma −0.09,STAGATE,6,11,0.8350996544,0.9230769231,0.99435886689999997
Bregma −0.09,Bregma −0.09,STAGATE,6,14,0.54296208810000002,0.81878306879999996,0.96953852600000001
Bregma −0.09,Bregma −0.09,STAGATE,6,16,0.72272214680000002,0.85248713549999999,0.97484612159999995
Bregma −0.09,Bregma −0.09,STAGATE,6,19,0.6931656021,0.85248713549999999,0.9622764332
Bregma −0.09,Bregma −0.09,STAGATE,7,9,0.58933532560000002,0.81818181820000002,0.96973510360000004
Bregma −0.09,Bregma −0.09,STAGATE,7,10,0.62347449079999995,0.79085385350000004,0.95666752600000005
Bregma −0.09,Bregma −0.09,STAGATE,7,11,0.62759790179999997,0.83625336930000005,0.97573394349999998
Bregma −0.09,Bregma −0.09,STAGATE,7,12,0.65163575230000004,0.85248713549999999,0.97497341370000001
Bregma −0.09,Bregma −0.09,STAGATE,7,14,0.52983025849999998,0.77005012530000005,0.9429892688
Bregma −0.09,Bregma −0.09,STAGATE,7,17,0.60073582780000001,0.77115987460000002,0.94650027390000002
Bregma −0.09,Bregma −0.09,STAGATE,9,10,0.56800024169999996,0.80194805189999996,0.94181302570000003
Bregma −0.09,Bregma −0.09,STAGATE,9,11,0.59067864329999997,0.7862838915,0.9639247849
Bregma −0.09,Bregma −0.09,STAGATE,9,12,0.57230794070000002,0.80194805189999996,0.95894589279999998
Bregma −0.09,Bregma −0.09,STAGATE,9,14,0.51393637120000002,0.72619047619999999,0.92770938739999997
Bregma −0.09,Bregma −0.09,STAGATE,9,16,0.55453136150000004,0.70952659259999995,0.93868228549999999
Bregma −0.09,Bregma −0.09,STAGATE,9,19,0.59569318010000005,0.77338355299999995,0.92103702750000005
Bregma −0.09,Bregma −0.09,STAGATE,10,11,0.71130573239999995,0.85185185190000001,0.98077084209999998
Bregma −0.09,Bregma −0.09,STAGATE,10,12,0.74792750090000004,0.86932215229999998,0.98452031839999998
Bregma −0.09,Bregma −0.09,STAGATE,10,14,0.59684056460000001,0.85185185190000001,0.98057265319999998
Bregma −0.09,Bregma −0.09,STAGATE,10,16,0.73670697090000004,0.80194805189999996,0.97124327290000001
Bregma −0.09,Bregma −0.09,STAGATE,10,19,0.64759243420000001,0.76306835760000002,0.91905513839999997
Bregma −0.09,Bregma −0.09,STAGATE,11,12,0.82263405700000003,0.90493468799999999,0.99179369019999997
Bregma −0.09,Bregma −0.09,STAGATE,11,14,0.53739684310000002,0.81818181820000002,0.95884438139999995
Bregma −0.09,Bregma −0.09,STAGATE,11,16,0.67262336980000004,0.83625336930000005,0.96725049139999997
Bregma −0.09,Bregma −0.09,STAGATE,11,19,0.69039727470000001,0.85248713549999999,0.96060552349999995
Bregma −0.09,Bregma −0.09,STAGATE,12,14,0.5601138993,0.83501683500000001,0.97073571589999996
Bregma −0.09,Bregma −0.09,STAGATE,12,17,0.74959784409999997,0.88746438750000001,0.98767039410000002
Bregma −0.09,Bregma −0.09,STAGATE,14,16,0.51766837020000001,0.78799489140000001,0.95742644450000003
Bregma −0.09,Bregma −0.09,STAGATE,14,17,0.57624445300000005,0.85185185190000001,0.98695659179999995
Bregma −0.09,Bregma −0.09,STAGATE,14,19,0.51682924490000004,0.69686511360000003,0.85847378429999999
Bregma −0.09,Bregma −0.09,STAGATE,15,18,0.66312591509999996,0.75438596489999998,0.93644742349999999
Bregma −0.09,Bregma −0.09,STAGATE,16,19,0.6047285818,0.72413793100000001,0.94506783539999994
Bregma −0.09,Bregma −0.09,STAGATE,17,20,0.64073606729999999,0.80194805189999996,0.9318165705
Bregma −0.09,Bregma −0.09,SpaGCN,1,4,0.3638162412,0.81878306879999996,0.96733911250000004
Bregma −0.09,Bregma −0.09,SpaGCN,1,5,0.45297155319999999,0.83625336930000005,0.97925783889999996
Bregma −0.09,Bregma −0.09,SpaGCN,1,16,0.54799891840000003,0.88679245279999996,0.99207727759999997
Bregma −0.09,Bregma −0.09,SpaGCN,1,20,0.45036946919999998,0.81878306879999996,0.98383068539999996
Bregma −0.09,Bregma −0.09,SpaGCN,2,6,0.4180914637,0.83501683500000001,0.98806193809999998
Bregma −0.09,Bregma −0.09,SpaGCN,2,10,0.3674150786,0.80194805189999996,0.97530856239999997
Bregma −0.09,Bregma −0.09,SpaGCN,2,17,0.30695039559999998,0.77115987460000002,0.95530920689999999
Bregma −0.09,Bregma −0.09,SpaGCN,3,8,0.29831925030000001,0.75925925930000004,0.93936063940000003
Bregma −0.09,Bregma −0.09,SpaGCN,4,5,0.36398191870000002,0.75654853619999995,0.95010473399999995
Bregma −0.09,Bregma −0.09,SpaGCN,4,16,0.361801229,0.81878306879999996,0.97437723570000001
Bregma −0.09,Bregma −0.09,SpaGCN,4,17,0.3570436588,0.8031189084,0.9660081854
Bregma −0.09,Bregma −0.09,SpaGCN,5,16,0.43979287540000001,0.85248713549999999,0.97874705939999995
Bregma −0.09,Bregma −0.09,SpaGCN,5,17,0.35524582069999999,0.8031189084,0.95442138509999996
Bregma −0.09,Bregma −0.09,SpaGCN,6,10,0.46048224409999999,0.85185185190000001,0.98509554960000001
Bregma −0.09,Bregma −0.09,SpaGCN,7,9,0.43064230790000002,0.81818181820000002,0.98693242240000001
Bregma −0.09,Bregma −0.09,SpaGCN,7,11,0.53396483189999999,0.86932215229999998,0.99023234829999995
Bregma −0.09,Bregma −0.09,SpaGCN,7,12,0.66572924769999997,0.88679245279999996,0.99252199409999997
Bregma −0.09,Bregma −0.09,SpaGCN,7,13,0.45834821739999998,0.83501683500000001,0.98658921720000003
Bregma −0.09,Bregma −0.09,SpaGCN,7,14,0.52101730290000003,0.85185185190000001,0.99214011790000001
Bregma −0.09,Bregma −0.09,SpaGCN,9,11,0.57377477740000005,0.85248713549999999,0.99165028519999998
Bregma −0.09,Bregma −0.09,SpaGCN,9,12,0.42981909979999999,0.86932215229999998,0.98958138640000004
Bregma −0.09,Bregma −0.09,SpaGCN,9,13,0.54355337400000003,0.86932215229999998,0.99486158999999996
Bregma −0.09,Bregma −0.09,SpaGCN,9,14,0.62571445459999997,0.88746438750000001,0.9942525217
Bregma −0.09,Bregma −0.09,SpaGCN,10,17,0.31527996489999999,0.80194805189999996,0.9605442944
Bregma −0.09,Bregma −0.09,SpaGCN,11,12,0.51866756300000005,0.86932215229999998,0.98939125390000005
Bregma −0.09,Bregma −0.09,SpaGCN,11,13,0.51919737590000004,0.88679245279999996,0.99012922560000005
Bregma −0.09,Bregma −0.09,SpaGCN,11,14,0.6526802196,0.88746438750000001,0.99329702559999999
Bregma −0.09,Bregma −0.09,SpaGCN,12,13,0.46877351890000002,0.86932215229999998,0.99049660019999997
Bregma −0.09,Bregma −0.09,SpaGCN,12,15,0.4581801613,0.86932215229999998,0.98998582059999995
Bregma −0.09,Bregma −0.09,SpaGCN,12,18,0.43415506840000001,0.83625336930000005,0.97834907029999996
Bregma −0.09,Bregma −0.09,SpaGCN,13,15,0.48447583020000001,0.85248713549999999,0.99221423740000003
Bregma −0.09,Bregma −0.09,SpaGCN,13,18,0.42375017809999999,0.83501683500000001,0.97665399119999996
Bregma −0.09,Bregma −0.09,SpaGCN,15,18,0.45814048940000002,0.83501683500000001,0.9756275982
Bregma −0.09,Bregma −0.09,SpaGCN,15,20,0.46381578779999999,0.81818181820000002,0.98575295669999996
Bregma −0.09,Bregma −0.09,SpaGCN,16,17,0.32917789720000001,0.85248713549999999,0.96230865909999996
Bregma −0.09,Bregma −0.09,SpaGCN,18,20,0.52973533049999999,0.81818181820000002,0.98788791850000002
Bregma −0.09,Bregma −0.09,BANKSY,1,4,0.99942715029999996,1,1
Bregma −0.09,Bregma −0.09,BANKSY,1,10,0.9988547888,1,1
Bregma −0.09,Bregma −0.09,BANKSY,1,12,0.9988547888,1,1
Bregma −0.09,Bregma −0.09,BANKSY,2,3,0.93131878710000005,0.96078431369999995,0.99803261249999997
Bregma −0.09,Bregma −0.09,BANKSY,2,5,0.92121175659999999,0.94193061840000003,0.99735586990000002
Bregma −0.09,Bregma −0.09,BANKSY,2,6,0.93131878710000005,0.96078431369999995,0.99803261249999997
Bregma −0.09,Bregma −0.09,BANKSY,2,7,0.93131878710000005,0.96078431369999995,0.99803261249999997
Bregma −0.09,Bregma −0.09,BANKSY,2,8,0.91897548129999995,0.94193061840000003,0.9973768167
Bregma −0.09,Bregma −0.09,BANKSY,2,9,0.93131878710000005,0.96078431369999995,0.99803261249999997
Bregma −0.09,Bregma −0.09,BANKSY,2,11,0.93131878710000005,0.96078431369999995,0.99803261249999997
Bregma −0.09,Bregma −0.09,BANKSY,2,13,0.92121175659999999,0.94193061840000003,0.99735586990000002
Bregma −0.09,Bregma −0.09,BANKSY,2,14,0.93131878710000005,0.96078431369999995,0.99803261249999997
Bregma −0.09,Bregma −0.09,BANKSY,2,15,0.91770691569999996,0.94193061840000003,0.99718990689999998
Bregma −0.09,Bregma −0.09,BANKSY,2,16,0.93131878710000005,0.96078431369999995,0.99803261249999997
Bregma −0.09,Bregma −0.09,BANKSY,2,17,0.93131878710000005,0.96078431369999995,0.99803261249999997
Bregma −0.09,Bregma −0.09,BANKSY,2,18,0.93081594339999996,0.96078431369999995,0.99800038670000002
Bregma −0.09,Bregma −0.09,BANKSY,2,19,0.93131878710000005,0.96078431369999995,0.99803261249999997
Bregma −0.09,Bregma −0.09,BANKSY,2,20,0.93131878710000005,0.96078431369999995,0.99803261249999997
Bregma −0.09,Bregma −0.09,BANKSY,3,5,0.95063529530000002,0.96078431369999995,0.99963423669999996
Bregma −0.09,Bregma −0.09,BANKSY,3,6,1,1,1
Bregma −0.09,Bregma −0.09,BANKSY,3,7,1,1,1
Bregma −0.09,Bregma −0.09,BANKSY,3,8,0.943341396,0.96078431369999995,0.99966485130000005
Bregma −0.09,Bregma −0.09,BANKSY,3,9,1,1,1
Bregma −0.09,Bregma −0.09,BANKSY,3,11,1,1,1
Bregma −0.09,Bregma −0.09,BANKSY,3,13,0.95063529530000002,0.96078431369999995,0.99963423669999996
Bregma −0.09,Bregma −0.09,BANKSY,3,14,1,1,1
Bregma −0.09,Bregma −0.09,BANKSY,3,15,0.95023581739999996,0.96078431369999995,0.99967451900000004
Bregma −0.09,Bregma −0.09,BANKSY,3,16,1,1,1
Bregma −0.09,Bregma −0.09,BANKSY,3,17,1,1,1
Bregma −0.09,Bregma −0.09,BANKSY,3,18,0.99948720300000005,1,1
Bregma −0.09,Bregma −0.09,BANKSY,3,19,1,1,1
Bregma −0.09,Bregma −0.09,BANKSY,3,20,1,1,1
Bregma −0.09,Bregma −0.09,BANKSY,4,10,0.99828291489999998,1,1
Bregma −0.09,Bregma −0.09,BANKSY,4,12,0.99828291489999998,1,1
Bregma −0.09,Bregma −0.09,BANKSY,5,6,0.95063529530000002,0.96078431369999995,0.99963423669999996
Bregma −0.09,Bregma −0.09,BANKSY,5,7,0.95063529530000002,0.96078431369999995,0.99963423669999996
Bregma −0.09,Bregma −0.09,BANKSY,5,8,0.98910053419999999,1,0.99985659500000001
Bregma −0.09,Bregma −0.09,BANKSY,5,9,0.95063529530000002,0.96078431369999995,0.99963423669999996
Bregma −0.09,Bregma −0.09,BANKSY,5,11,0.95063529530000002,0.96078431369999995,0.99963423669999996
Bregma −0.09,Bregma −0.09,BANKSY,5,13,1,1,1
Bregma −0.09,Bregma −0.09,BANKSY,5,14,0.95063529530000002,0.96078431369999995,0.99963423669999996
Bregma −0.09,Bregma −0.09,BANKSY,5,15,0.98149198010000005,1,0.9997728078
Bregma −0.09,Bregma −0.09,BANKSY,5,16,0.95063529530000002,0.96078431369999995,0.99963423669999996
Bregma −0.09,Bregma −0.09,BANKSY,5,17,0.95063529530000002,0.96078431369999995,0.99963423669999996
Bregma −0.09,Bregma −0.09,BANKSY,5,18,0.95014061370000003,0.96078431369999995,0.99963423669999996
Bregma −0.09,Bregma −0.09,BANKSY,5,19,0.95063529530000002,0.96078431369999995,0.99963423669999996
Bregma −0.09,Bregma −0.09,BANKSY,5,20,0.95063529530000002,0.96078431369999995,0.99963423669999996
Bregma −0.09,Bregma −0.09,BANKSY,6,7,1,1,1
Bregma −0.09,Bregma −0.09,BANKSY,6,8,0.943341396,0.96078431369999995,0.99966485130000005
Bregma −0.09,Bregma −0.09,BANKSY,6,9,1,1,1
Bregma −0.09,Bregma −0.09,BANKSY,6,11,1,1,1
Bregma −0.09,Bregma −0.09,BANKSY,6,13,0.95063529530000002,0.96078431369999995,0.99963423669999996
Bregma −0.09,Bregma −0.09,BANKSY,6,14,1,1,1
Bregma −0.09,Bregma −0.09,BANKSY,6,15,0.95023581739999996,0.96078431369999995,0.99967451900000004
Bregma −0.09,Bregma −0.09,BANKSY,6,16,1,1,1
Bregma −0.09,Bregma −0.09,BANKSY,6,17,1,1,1
Bregma −0.09,Bregma −0.09,BANKSY,6,18,0.99948720300000005,1,1
Bregma −0.09,Bregma −0.09,BANKSY,6,19,1,1,1
Bregma −0.09,Bregma −0.09,BANKSY,6,20,1,1,1
Bregma −0.09,Bregma −0.09,BANKSY,7,8,0.943341396,0.96078431369999995,0.99966485130000005
Bregma −0.09,Bregma −0.09,BANKSY,7,9,1,1,1
Bregma −0.09,Bregma −0.09,BANKSY,7,11,1,1,1
Bregma −0.09,Bregma −0.09,BANKSY,7,13,0.95063529530000002,0.96078431369999995,0.99963423669999996
Bregma −0.09,Bregma −0.09,BANKSY,7,14,1,1,1
Bregma −0.09,Bregma −0.09,BANKSY,7,15,0.95023581739999996,0.96078431369999995,0.99967451900000004
Bregma −0.09,Bregma −0.09,BANKSY,7,16,1,1,1
Bregma −0.09,Bregma −0.09,BANKSY,7,17,1,1,1
Bregma −0.09,Bregma −0.09,BANKSY,7,18,0.99948720300000005,1,1
Bregma −0.09,Bregma −0.09,BANKSY,7,19,1,1,1
Bregma −0.09,Bregma −0.09,BANKSY,7,20,1,1,1
Bregma −0.09,Bregma −0.09,BANKSY,8,9,0.943341396,0.96078431369999995,0.99966485130000005
Bregma −0.09,Bregma −0.09,BANKSY,8,11,0.943341396,0.96078431369999995,0.99966485130000005
Bregma −0.09,Bregma −0.09,BANKSY,8,13,0.98910053419999999,1,0.99985659500000001
Bregma −0.09,Bregma −0.09,BANKSY,8,14,0.943341396,0.96078431369999995,0.99966485130000005
Bregma −0.09,Bregma −0.09,BANKSY,8,15,0.98924848519999997,0.98039215690000003,0.99979375459999997
Bregma −0.09,Bregma −0.09,BANKSY,8,16,0.943341396,0.96078431369999995,0.99966485130000005
Bregma −0.09,Bregma −0.09,BANKSY,8,17,0.943341396,0.96078431369999995,0.99966485130000005
Bregma −0.09,Bregma −0.09,BANKSY,8,18,0.94284935479999998,0.96078431369999995,0.99966485130000005
Bregma −0.09,Bregma −0.09,BANKSY,8,19,0.943341396,0.96078431369999995,0.99966485130000005
Bregma −0.09,Bregma −0.09,BANKSY,8,20,0.943341396,0.96078431369999995,0.99966485130000005
Bregma −0.09,Bregma −0.09,BANKSY,9,11,1,1,1
Bregma −0.09,Bregma −0.09,BANKSY,9,13,0.95063529530000002,0.96078431369999995,0.99963423669999996
Bregma −0.09,Bregma −0.09,BANKSY,9,14,1,1,1
Bregma −0.09,Bregma −0.09,BANKSY,9,15,0.95023581739999996,0.96078431369999995,0.99967451900000004
Bregma −0.09,Bregma −0.09,BANKSY,9,16,1,1,1
Bregma −0.09,Bregma −0.09,BANKSY,9,17,1,1,1
Bregma −0.09,Bregma −0.09,BANKSY,9,18,0.99948720300000005,1,1
Bregma −0.09,Bregma −0.09,BANKSY,9,19,1,1,1
Bregma −0.09,Bregma −0.09,BANKSY,9,20,1,1,1
Bregma −0.09,Bregma −0.09,BANKSY,10,12,1,1,1
Bregma −0.09,Bregma −0.09,BANKSY,11,13,0.95063529530000002,0.96078431369999995,0.99963423669999996
Bregma −0.09,Bregma −0.09,BANKSY,11,14,1,1,1
Bregma −0.09,Bregma −0.09,BANKSY,11,15,0.95023581739999996,0.96078431369999995,0.99967451900000004
Bregma −0.09,Bregma −0.09,BANKSY,11,16,1,1,1
Bregma −0.09,Bregma −0.09,BANKSY,11,17,1,1,1
Bregma −0.09,Bregma −0.09,BANKSY,11,18,0.99948720300000005,1,1
Bregma −0.09,Bregma −0.09,BANKSY,11,19,1,1,1
Bregma −0.09,Bregma −0.09,BANKSY,11,20,1,1,1
Bregma −0.09,Bregma −0.09,BANKSY,13,14,0.95063529530000002,0.96078431369999995,0.99963423669999996
Bregma −0.09,Bregma −0.09,BANKSY,13,15,0.98149198010000005,1,0.9997728078
Bregma −0.09,Bregma −0.09,BANKSY,13,16,0.95063529530000002,0.96078431369999995,0.99963423669999996
Bregma −0.09,Bregma −0.09,BANKSY,13,17,0.95063529530000002,0.96078431369999995,0.99963423669999996
Bregma −0.09,Bregma −0.09,BANKSY,13,18,0.95014061370000003,0.96078431369999995,0.99963423669999996
Bregma −0.09,Bregma −0.09,BANKSY,13,19,0.95063529530000002,0.96078431369999995,0.99963423669999996
Bregma −0.09,Bregma −0.09,BANKSY,13,20,0.95063529530000002,0.96078431369999995,0.99963423669999996
Bregma −0.09,Bregma −0.09,BANKSY,14,15,0.95023581739999996,0.96078431369999995,0.99967451900000004
Bregma −0.09,Bregma −0.09,BANKSY,14,16,1,1,1
Bregma −0.09,Bregma −0.09,BANKSY,14,17,1,1,1
Bregma −0.09,Bregma −0.09,BANKSY,14,18,0.99948720300000005,1,1
Bregma −0.09,Bregma −0.09,BANKSY,14,19,1,1,1
Bregma −0.09,Bregma −0.09,BANKSY,14,20,1,1,1
Bregma −0.09,Bregma −0.09,BANKSY,15,16,0.95023581739999996,0.96078431369999995,0.99967451900000004
Bregma −0.09,Bregma −0.09,BANKSY,15,17,0.95023581739999996,0.96078431369999995,0.99967451900000004
Bregma −0.09,Bregma −0.09,BANKSY,15,18,0.94973866009999997,0.96078431369999995,0.99967451900000004
Bregma −0.09,Bregma −0.09,BANKSY,15,19,0.95023581739999996,0.96078431369999995,0.99967451900000004
Bregma −0.09,Bregma −0.09,BANKSY,15,20,0.95023581739999996,0.96078431369999995,0.99967451900000004
Bregma −0.09,Bregma −0.09,BANKSY,16,17,1,1,1
Bregma −0.09,Bregma −0.09,BANKSY,16,18,0.99948720300000005,1,1
Bregma −0.09,Bregma −0.09,BANKSY,16,19,1,1,1
Bregma −0.09,Bregma −0.09,BANKSY,16,20,1,1,1
Bregma −0.09,Bregma −0.09,BANKSY,17,18,0.99948720300000005,1,1
Bregma −0.09,Bregma −0.09,BANKSY,17,19,1,1,1
Bregma −0.09,Bregma −0.09,BANKSY,17,20,1,1,1
Bregma −0.09,Bregma −0.09,BANKSY,18,19,0.99948720300000005,1,1
Bregma −0.09,Bregma −0.09,BANKSY,18,20,0.99948720300000005,1,1
Bregma −0.09,Bregma −0.09,BANKSY,19,20,1,1,1
Bregma −0.09,Bregma −0.09,SEDR,1,4,0.55241224649999987,0.68079096049999988,0.92528600429999996
Bregma −0.09,Bregma −0.09,SEDR,1,7,0.69841072609999988,0.79085385350000004,0.95702362149999998
Bregma −0.09,Bregma −0.09,SEDR,1,13,0.71447827860000002,0.9230769231,0.99360478230000004
Bregma −0.09,Bregma −0.09,SEDR,2,11,0.54673953529999986,0.71262699559999987,0.89711901000000005
Bregma −0.09,Bregma −0.09,SEDR,2,18,0.51077091139999986,0.71957671960000003,0.91430988369999999
Bregma −0.09,Bregma −0.09,SEDR,2,20,0.50806666889999985,0.70952659259999995,0.92792852309999996
Bregma −0.09,Bregma −0.09,SEDR,3,5,0.53514736919999994,0.90493468799999999,0.99187264350000004
Bregma −0.09,Bregma −0.09,SEDR,3,6,0.71567689820000002,0.7862838915,0.9820663208
Bregma −0.09,Bregma −0.09,SEDR,4,7,0.62465271280000001,0.83873144399999988,0.96436466759999995
Bregma −0.09,Bregma −0.09,SEDR,4,13,0.55083161179999995,0.66712975829999988,0.9373368567
Bregma −0.09,Bregma −0.09,SEDR,5,6,0.55230180600000001,0.77115987460000002,0.95584576710000002
Bregma −0.09,Bregma −0.09,SEDR,5,8,0.65250785440000003,0.86932215229999987,0.98664400119999995
Bregma −0.09,Bregma −0.09,SEDR,8,14,0.4780154714,0.62698412699999995,0.90942928040000004
Bregma −0.09,Bregma −0.09,SEDR,9,15,0.54083309940000002,0.80194805189999985,0.95349650350000004
Bregma −0.09,Bregma −0.09,SEDR,10,12,0.54481204729999988,0.58275174480000003,0.79243659570000002
Bregma −0.09,Bregma −0.09,SEDR,10,13,0.57873706889999987,0.65300546449999985,0.92470593919999999
Bregma −0.09,Bregma −0.09,SEDR,10,19,0.62453824449999995,0.6949152542,0.9242032161
Bregma −0.09,Bregma −0.09,SEDR,11,18,0.44289482870000002,0.7862838915,0.94464567690000001
Bregma −0.09,Bregma −0.09,SEDR,11,20,0.54562242620000001,0.77115987460000002,0.95650639680000005
Bregma −0.09,Bregma −0.09,SEDR,12,19,0.58519541829999988,0.81818181820000002,0.97482517479999997
Bregma −0.09,Bregma −0.09,SEDR,14,18,0.52094966359999995,0.80899608869999995,0.94894943769999995
Bregma −0.09,Bregma −0.09,SEDR,14,20,0.72124483979999987,0.75654853619999995,0.96032193610000005
Bregma −0.09,Bregma −0.09,SEDR,18,20,0.41860703770000002,0.65300546449999985,0.87841513329999987
Bregma −0.14,Bregma −0.14,GraphST,1,7,0.4599733936,0.86932215229999998,0.97898230799999997
Bregma −0.14,Bregma −0.14,GraphST,1,11,0.51912859700000002,0.86932215229999998,0.98123006030000004
Bregma −0.14,Bregma −0.14,GraphST,1,15,0.52412751970000004,0.83501683500000001,0.98303309589999999
Bregma −0.14,Bregma −0.14,GraphST,2,3,0.4560155487,0.75438596489999998,0.9600802423
Bregma −0.14,Bregma −0.14,GraphST,2,4,0.53062749789999997,0.80546519189999999,0.96433727560000004
Bregma −0.14,Bregma −0.14,GraphST,2,6,0.55578543439999994,0.90493468799999999,0.9903515839
Bregma −0.14,Bregma −0.14,GraphST,2,8,0.58215459660000002,0.88679245279999996,0.99096548610000001
Bregma −0.14,Bregma −0.14,GraphST,2,9,0.58838380859999995,0.9230769231,0.98848087399999995
Bregma −0.14,Bregma −0.14,GraphST,2,12,0.50222013450000003,0.74559805710000004,0.91923721439999995
Bregma −0.14,Bregma −0.14,GraphST,2,13,0.4114398963,0.77338355299999995,0.95330153719999999
Bregma −0.14,Bregma −0.14,GraphST,2,14,0.53215895120000001,0.9230769231,0.98933808130000001
Bregma −0.14,Bregma −0.14,GraphST,2,17,0.44750589940000002,0.69515669520000001,0.91359769260000001
Bregma −0.14,Bregma −0.14,GraphST,2,18,0.52957415779999994,0.86932215229999998,0.98261254870000003
Bregma −0.14,Bregma −0.14,GraphST,2,19,0.57087219209999995,0.88679245279999996,0.9875672714
Bregma −0.14,Bregma −0.14,GraphST,2,20,0.56246299970000002,0.80194805189999996,0.98072250329999999
Bregma −0.14,Bregma −0.14,GraphST,3,4,0.44600032899999997,0.75438596489999998,0.97099191129999995
Bregma −0.14,Bregma −0.14,GraphST,3,5,0.57587554620000003,0.85185185190000001,0.96830749900000002
Bregma −0.14,Bregma −0.14,GraphST,3,6,0.4613403076,0.7862838915,0.94999516610000001
Bregma −0.14,Bregma −0.14,GraphST,3,9,0.45971492460000002,0.81818181820000002,0.96454835490000002
Bregma −0.14,Bregma −0.14,GraphST,3,10,0.4348702243,0.74242424240000005,0.94961812379999999
Bregma −0.14,Bregma −0.14,GraphST,3,12,0.42261877069999998,0.78799489140000001,0.96265830939999997
Bregma −0.14,Bregma −0.14,GraphST,3,13,0.55159146349999999,0.80546519189999999,0.95020141150000004
Bregma −0.14,Bregma −0.14,GraphST,3,14,0.4438730521,0.77005012530000005,0.93857594020000001
Bregma −0.14,Bregma −0.14,GraphST,3,17,0.44563947520000002,0.72465060960000005,0.89959556569999999
Bregma −0.14,Bregma −0.14,GraphST,3,18,0.4634150742,0.81878306879999996,0.96293222909999998
Bregma −0.14,Bregma −0.14,GraphST,3,19,0.44344149960000001,0.77005012530000005,0.93868550799999995
Bregma −0.14,Bregma −0.14,GraphST,3,20,0.47115417180000002,0.85185185190000001,0.96470948410000001
Bregma −0.14,Bregma −0.14,GraphST,4,6,0.55180538130000001,0.8031189084,0.95877992970000003
Bregma −0.14,Bregma −0.14,GraphST,4,8,0.55714752840000004,0.8031189084,0.96240211399999998
Bregma −0.14,Bregma −0.14,GraphST,4,12,0.46694900350000001,0.83501683500000001,0.98055815150000003
Bregma −0.14,Bregma −0.14,GraphST,4,13,0.42440917750000001,0.80194805189999996,0.97173471690000002
Bregma −0.14,Bregma −0.14,GraphST,4,16,0.41566330950000002,0.85185185190000001,0.98602365380000001
Bregma −0.14,Bregma −0.14,GraphST,4,17,0.45544091730000003,0.74242424240000005,0.93850665460000005
Bregma −0.14,Bregma −0.14,GraphST,4,18,0.50829812070000002,0.7862838915,0.95834971479999997
Bregma −0.14,Bregma −0.14,GraphST,4,19,0.51248308760000005,0.81818181820000002,0.94651155300000001
Bregma −0.14,Bregma −0.14,GraphST,4,20,0.53947204140000005,0.81878306879999996,0.9809964229
Bregma −0.14,Bregma −0.14,GraphST,5,7,0.58371815650000003,0.90493468799999999,0.98145725240000004
Bregma −0.14,Bregma −0.14,GraphST,5,9,0.44458363099999998,0.90493468799999999,0.98508104799999996
Bregma −0.14,Bregma −0.14,GraphST,5,10,0.37667311879999998,0.81878306879999996,0.98277528920000001
Bregma −0.14,Bregma −0.14,GraphST,5,11,0.56706214499999996,0.85185185190000001,0.97783829069999995
Bregma −0.14,Bregma −0.14,GraphST,5,14,0.43138839029999998,0.85248713549999999,0.97253552899999995
Bregma −0.14,Bregma −0.14,GraphST,5,15,0.56468031910000005,0.87062937060000001,0.98067255330000003
Bregma −0.14,Bregma −0.14,GraphST,5,17,0.44058950559999999,0.71554252200000001,0.89544810029999999
Bregma −0.14,Bregma −0.14,GraphST,5,19,0.4559625933,0.86932215229999998,0.97635912469999997
Bregma −0.14,Bregma −0.14,GraphST,6,8,0.60963972040000003,0.88679245279999996,0.99150204630000005
Bregma −0.14,Bregma −0.14,GraphST,6,9,0.56920145779999998,0.92378838330000002,0.98734330189999997
Bregma −0.14,Bregma −0.14,GraphST,6,12,0.45981953640000001,0.73237753880000001,0.88039863360000004
Bregma −0.14,Bregma −0.14,GraphST,6,13,0.42403163989999998,0.74242424240000005,0.9572298669
Bregma −0.14,Bregma −0.14,GraphST,6,14,0.54635807700000005,0.88679245279999996,0.98689375140000002
Bregma −0.14,Bregma −0.14,GraphST,6,17,0.4625078963,0.69034090910000001,0.90212690539999996
Bregma −0.14,Bregma −0.14,GraphST,6,18,0.5773218846,0.88679245279999996,0.98380490480000005
Bregma −0.14,Bregma −0.14,GraphST,6,19,0.59179731940000002,0.90493468799999999,0.98679223999999999
Bregma −0.14,Bregma −0.14,GraphST,6,20,0.49848394629999998,0.85185185190000001,0.97672327670000003
Bregma −0.14,Bregma −0.14,GraphST,7,10,0.38825860290000003,0.81878306879999996,0.97466565689999995
Bregma −0.14,Bregma −0.14,GraphST,7,11,0.64227559069999995,0.90493468799999999,0.98927524089999996
Bregma −0.14,Bregma −0.14,GraphST,7,15,0.66268053019999995,0.88679245279999996,0.98764139090000003
Bregma −0.14,Bregma −0.14,GraphST,8,12,0.4959555511,0.75925925930000004,0.91072153649999998
Bregma −0.14,Bregma −0.14,GraphST,8,13,0.42635549509999998,0.77338355299999995,0.95992716960000002
Bregma −0.14,Bregma −0.14,GraphST,8,16,0.4377702678,0.85185185190000001,0.97225033029999997
Bregma −0.14,Bregma −0.14,GraphST,8,17,0.46273051529999998,0.64642375169999999,0.89938126389999995
Bregma −0.14,Bregma −0.14,GraphST,8,18,0.54480567020000004,0.85248713549999999,0.98004253809999997
Bregma −0.14,Bregma −0.14,GraphST,8,19,0.58374131579999999,0.85185185190000001,0.98611388609999995
Bregma −0.14,Bregma −0.14,GraphST,8,20,0.57567403750000001,0.88679245279999996,0.98184396249999994
Bregma −0.14,Bregma −0.14,GraphST,9,10,0.44601117909999999,0.83501683500000001,0.98025361740000005
Bregma −0.14,Bregma −0.14,GraphST,9,11,0.49088836279999998,0.81878306879999996,0.97006702970000003
Bregma −0.14,Bregma −0.14,GraphST,9,12,0.47082391880000002,0.72876304020000005,0.85497566950000004
Bregma −0.14,Bregma −0.14,GraphST,9,14,0.49810146709999997,0.90493468799999999,0.9821323837
Bregma −0.14,Bregma −0.14,GraphST,9,17,0.45600085680000002,0.73237753880000001,0.91592600950000003
Bregma −0.14,Bregma −0.14,GraphST,9,18,0.52583395669999999,0.90493468799999999,0.98338113500000002
Bregma −0.14,Bregma −0.14,GraphST,9,19,0.5843855979,0.9230769231,0.9819051916
Bregma −0.14,Bregma −0.14,GraphST,10,11,0.4116961999,0.78571428570000001,0.97033933809999995
Bregma −0.14,Bregma −0.14,GraphST,10,14,0.51284335130000003,0.81878306879999996,0.97668460570000004
Bregma −0.14,Bregma −0.14,GraphST,10,15,0.40174319860000002,0.81878306879999996,0.97496535719999999
Bregma −0.14,Bregma −0.14,GraphST,11,15,0.67222125580000003,0.87062937060000001,0.9866778383
Bregma −0.14,Bregma −0.14,GraphST,12,13,0.43300821900000003,0.83501683500000001,0.949144404
Bregma −0.14,Bregma −0.14,GraphST,12,14,0.46164965400000002,0.74559805710000004,0.83608004899999999
Bregma −0.14,Bregma −0.14,GraphST,12,17,0.38507421139999998,0.70274170270000003,0.91868615259999997
Bregma −0.14,Bregma −0.14,GraphST,12,18,0.43370328159999999,0.71957671960000003,0.80592955430000002
Bregma −0.14,Bregma −0.14,GraphST,12,19,0.46029113640000002,0.71554252200000001,0.89239792470000001
Bregma −0.14,Bregma −0.14,GraphST,12,20,0.55300731859999996,0.75925925930000004,0.93403048560000002
Bregma −0.14,Bregma −0.14,GraphST,13,16,0.53787661529999997,0.82058920889999998,0.97265315330000002
Bregma −0.14,Bregma −0.14,GraphST,13,17,0.48264471209999998,0.68079096049999999,0.88891753409999996
Bregma −0.14,Bregma −0.14,GraphST,13,18,0.449911803,0.82058920889999998,0.96268892399999995
Bregma −0.14,Bregma −0.14,GraphST,13,19,0.43070413880000002,0.71052631580000003,0.94578486029999997
Bregma −0.14,Bregma −0.14,GraphST,13,20,0.4235959359,0.81878306879999996,0.97234056270000002
Bregma −0.14,Bregma −0.14,GraphST,14,17,0.4820298864,0.77338355299999995,0.94026940800000003
Bregma −0.14,Bregma −0.14,GraphST,14,18,0.57818272280000005,0.88679245279999996,0.98409815990000005
Bregma −0.14,Bregma −0.14,GraphST,14,19,0.5279481063,0.9230769231,0.98509716089999999
Bregma −0.14,Bregma −0.14,GraphST,14,20,0.46343274309999999,0.83501683500000001,0.97122877119999995
Bregma −0.14,Bregma −0.14,GraphST,16,20,0.47545504389999999,0.83625336930000005,0.98771067639999999
Bregma −0.14,Bregma −0.14,GraphST,17,18,0.48874939620000002,0.77338355299999995,0.93972479129999997
Bregma −0.14,Bregma −0.14,GraphST,17,19,0.49123854080000001,0.72464622639999998,0.91992040220000004
Bregma −0.14,Bregma −0.14,GraphST,17,20,0.3867692002,0.6584429825,0.85630176280000003
Bregma −0.14,Bregma −0.14,GraphST,18,19,0.55130475889999997,0.87062937060000001,0.98601720859999997
Bregma −0.14,Bregma −0.14,GraphST,18,20,0.46389619069999999,0.77005012530000005,0.96607585959999998
Bregma −0.14,Bregma −0.14,GraphST,19,20,0.51655193509999997,0.81818181820000002,0.97172827169999998
Bregma −0.14,Bregma −0.14,STAGATE,1,11,0.56314929970000005,0.90493468799999999,0.99622796560000004
Bregma −0.14,Bregma −0.14,STAGATE,1,20,0.53207553669999996,0.90493468799999999,0.9930875576
Bregma −0.14,Bregma −0.14,STAGATE,2,9,0.63038309469999998,0.85248713549999999,0.97006702970000003
Bregma −0.14,Bregma −0.14,STAGATE,2,11,0.65588877280000002,0.9230769231,0.99333247400000002
Bregma −0.14,Bregma −0.14,STAGATE,2,20,0.70480202700000005,0.90493468799999999,0.99158422219999998
Bregma −0.14,Bregma −0.14,STAGATE,3,6,0.77587194250000002,0.90493468799999999,0.99324546420000004
Bregma −0.14,Bregma −0.14,STAGATE,3,7,0.77078457209999995,0.85185185190000001,0.98113338269999995
Bregma −0.14,Bregma −0.14,STAGATE,3,10,0.76169811590000003,0.85248713549999999,0.99237536660000003
Bregma −0.14,Bregma −0.14,STAGATE,3,15,0.73385208020000003,0.81878306879999996,0.98737230509999996
Bregma −0.14,Bregma −0.14,STAGATE,3,16,0.60748488119999999,0.85185185190000001,0.96663497789999997
Bregma −0.14,Bregma −0.14,STAGATE,3,17,0.51537782779999997,0.77005012530000005,0.96081176889999997
Bregma −0.14,Bregma −0.14,STAGATE,3,18,0.85171025619999996,0.88679245279999996,0.99131835909999999
Bregma −0.14,Bregma −0.14,STAGATE,4,5,0.63035778360000005,0.83625336930000005,0.98362282879999996
Bregma −0.14,Bregma −0.14,STAGATE,6,7,0.82239264970000003,0.88679245279999996,0.99196287579999998
Bregma −0.14,Bregma −0.14,STAGATE,6,10,0.83428263039999995,0.9230769231,0.9940543328
Bregma −0.14,Bregma −0.14,STAGATE,6,15,0.82733620809999997,0.88679245279999996,0.99400277140000004
Bregma −0.14,Bregma −0.14,STAGATE,6,16,0.64036330669999997,0.81818181820000002,0.95767297220000003
Bregma −0.14,Bregma −0.14,STAGATE,6,17,0.54440467849999996,0.75438596489999998,0.96071186880000004
Bregma −0.14,Bregma −0.14,STAGATE,6,18,0.80190296130000005,0.88679245279999996,0.98926879570000004
Bregma −0.14,Bregma −0.14,STAGATE,7,10,0.77718626059999996,0.85185185190000001,0.9802955109
Bregma −0.14,Bregma −0.14,STAGATE,7,15,0.80773091679999998,0.86932215229999998,0.98541941929999999
Bregma −0.14,Bregma −0.14,STAGATE,7,16,0.60254297749999997,0.81818181820000002,0.95240727010000004
Bregma −0.14,Bregma −0.14,STAGATE,7,17,0.53746881449999995,0.75438596489999998,0.93864522569999997
Bregma −0.14,Bregma −0.14,STAGATE,7,18,0.77269097840000001,0.86932215229999998,0.98253842930000002
Bregma −0.14,Bregma −0.14,STAGATE,8,13,0.44442705799999999,0.72413793100000001,0.94170345779999998
Bregma −0.14,Bregma −0.14,STAGATE,8,14,0.53779020609999995,0.81878306879999996,0.96722954459999999
Bregma −0.14,Bregma −0.14,STAGATE,8,19,0.42851708249999998,0.78571428570000001,0.94225774230000003
Bregma −0.14,Bregma −0.14,STAGATE,9,12,0.76918424809999997,0.85248713549999999,0.99137636559999998
Bregma −0.14,Bregma −0.14,STAGATE,10,15,0.82767926030000005,0.92378838330000002,0.99449260419999996
Bregma −0.14,Bregma −0.14,STAGATE,10,16,0.61007684929999995,0.77005012530000005,0.94330991590000002
Bregma −0.14,Bregma −0.14,STAGATE,10,17,0.52553102789999995,0.75438596489999998,0.94834198059999997
Bregma −0.14,Bregma −0.14,STAGATE,10,18,0.76455886559999997,0.86932215229999998,0.98904321480000001
Bregma −0.14,Bregma −0.14,STAGATE,11,20,0.66684212980000002,0.90493468799999999,0.99510811769999996
Bregma −0.14,Bregma −0.14,STAGATE,13,14,0.61002821510000005,0.83625336930000005,0.98849859819999997
Bregma −0.14,Bregma −0.14,STAGATE,13,19,0.79278834460000003,0.90493468799999999,0.99304888660000001
Bregma −0.14,Bregma −0.14,STAGATE,14,19,0.67370169800000002,0.88679245279999996,0.99077696500000001
Bregma −0.14,Bregma −0.14,STAGATE,15,16,0.64327790409999996,0.77005012530000005,0.94286197670000005
Bregma −0.14,Bregma −0.14,STAGATE,15,17,0.55735533739999998,0.75438596489999998,0.94769746379999997
Bregma −0.14,Bregma −0.14,STAGATE,15,18,0.76049669330000003,0.88679245279999996,0.98907382939999999
Bregma −0.14,Bregma −0.14,STAGATE,16,17,0.68796120500000002,0.88679245279999996,0.99593309919999995
Bregma −0.14,Bregma −0.14,STAGATE,16,18,0.59405521709999998,0.78571428570000001,0.95257645580000005
Bregma −0.14,Bregma −0.14,STAGATE,17,18,0.49613672139999998,0.75438596489999998,0.95002094680000004
Bregma −0.14,Bregma −0.14,SpaGCN,1,2,0.46160614030000002,0.85185185190000001,0.99131030259999997
Bregma −0.14,Bregma −0.14,SpaGCN,1,6,0.48952809730000002,0.83501683500000001,0.98639908480000005
Bregma −0.14,Bregma −0.14,SpaGCN,1,8,0.51040982729999995,0.88679245279999996,0.99153427220000001
Bregma −0.14,Bregma −0.14,SpaGCN,1,9,0.50559115430000001,0.88679245279999996,0.99062228090000004
Bregma −0.14,Bregma −0.14,SpaGCN,1,12,0.62788251579999999,0.90493468799999999,0.99182430470000005
Bregma −0.14,Bregma −0.14,SpaGCN,1,14,0.5816749551,0.90493468799999999,0.99476652379999997
Bregma −0.14,Bregma −0.14,SpaGCN,1,15,0.53386040830000003,0.90493468799999999,0.99411233929999998
Bregma −0.14,Bregma −0.14,SpaGCN,1,19,0.56619998949999994,0.9230769231,0.99481486259999996
Bregma −0.14,Bregma −0.14,SpaGCN,1,20,0.55957771059999994,0.86932215229999998,0.9930021591
Bregma −0.14,Bregma −0.14,SpaGCN,2,6,0.4176294062,0.83501683500000001,0.98530824009999995
Bregma −0.14,Bregma −0.14,SpaGCN,2,8,0.41685108199999998,0.88746438750000001,0.98723534530000001
Bregma −0.14,Bregma −0.14,SpaGCN,2,9,0.4044474589,0.88746438750000001,0.98924946020000004
Bregma −0.14,Bregma −0.14,SpaGCN,2,11,0.4339701883,0.90493468799999999,0.98746898260000004
Bregma −0.14,Bregma −0.14,SpaGCN,2,14,0.448932938,0.92378838330000002,0.99358061289999999
Bregma −0.14,Bregma −0.14,SpaGCN,2,15,0.41144115999999997,0.88679245279999996,0.99090909090000001
Bregma −0.14,Bregma −0.14,SpaGCN,2,19,0.45544019949999998,0.87062937060000001,0.99286197669999998
Bregma −0.14,Bregma −0.14,SpaGCN,2,20,0.44021285339999999,0.87062937060000001,0.99046115180000005
Bregma −0.14,Bregma −0.14,SpaGCN,3,17,0.25257293520000001,0.75654853619999995,0.95945022719999995
Bregma −0.14,Bregma −0.14,SpaGCN,4,16,0.39131614739999998,0.86932215229999998,0.98243369530000002
Bregma −0.14,Bregma −0.14,SpaGCN,6,8,0.47611740870000002,0.85248713549999999,0.98647642680000003
Bregma −0.14,Bregma −0.14,SpaGCN,6,10,0.58032487529999999,0.88679245279999996,0.98835035930000004
Bregma −0.14,Bregma −0.14,SpaGCN,6,11,0.50730798720000003,0.83501683500000001,0.9882117882
Bregma −0.14,Bregma −0.14,SpaGCN,6,13,0.52202923599999995,0.85185185190000001,0.98405143240000004
Bregma −0.14,Bregma −0.14,SpaGCN,6,14,0.53090168859999998,0.86932215229999998,0.98497470269999998
Bregma −0.14,Bregma −0.14,SpaGCN,6,15,0.40364425749999999,0.85185185190000001,0.98276401020000004
Bregma −0.14,Bregma −0.14,SpaGCN,6,19,0.49211046209999998,0.85185185190000001,0.98488930419999998
Bregma −0.14,Bregma −0.14,SpaGCN,7,18,0.61505949209999999,0.90493468799999999,0.99273468470000004
Bregma −0.14,Bregma −0.14,SpaGCN,8,10,0.58969739470000004,0.90493468799999999,0.98992942539999995
Bregma −0.14,Bregma −0.14,SpaGCN,8,11,0.47397631239999999,0.85248713549999999,0.98557571460000004
Bregma −0.14,Bregma −0.14,SpaGCN,8,13,0.52384439049999998,0.88746438750000001,0.99013889340000005
Bregma −0.14,Bregma −0.14,SpaGCN,8,14,0.53965222759999998,0.90631808280000004,0.99161644810000005
Bregma −0.14,Bregma −0.14,SpaGCN,8,15,0.45595217719999998,0.9230769231,0.99108149909999999
Bregma −0.14,Bregma −0.14,SpaGCN,8,19,0.59826093140000003,0.90493468799999999,0.99308272369999995
Bregma −0.14,Bregma −0.14,SpaGCN,9,12,0.56582316239999997,0.9230769231,0.99342270629999996
Bregma −0.14,Bregma −0.14,SpaGCN,9,14,0.52607135230000002,0.90493468799999999,0.99331152720000004
Bregma −0.14,Bregma −0.14,SpaGCN,9,15,0.53355359189999996,0.90493468799999999,0.98907060680000003
Bregma −0.14,Bregma −0.14,SpaGCN,9,18,0.48403109750000001,0.9230769231,0.98979729949999995
Bregma −0.14,Bregma −0.14,SpaGCN,9,19,0.51802128709999995,0.90493468799999999,0.99304083009999999
Bregma −0.14,Bregma −0.14,SpaGCN,9,20,0.52828962550000003,0.9230769231,0.99181624830000004
Bregma −0.14,Bregma −0.14,SpaGCN,10,11,0.53676765039999996,0.90493468799999999,0.990644839
Bregma −0.14,Bregma −0.14,SpaGCN,10,13,0.57401220360000005,0.9230769231,0.98957977509999995
Bregma −0.14,Bregma −0.14,SpaGCN,11,13,0.48381223359999997,0.90493468799999999,0.98811833329999998
Bregma −0.14,Bregma −0.14,SpaGCN,11,19,0.51181374859999995,0.88746438750000001,0.98894653730000004
Bregma −0.14,Bregma −0.14,SpaGCN,12,14,0.67937774870000001,0.9230769231,0.99566401339999999
Bregma −0.14,Bregma −0.14,SpaGCN,12,15,0.49338730559999999,0.9230769231,0.99025812899999999
Bregma −0.14,Bregma −0.14,SpaGCN,12,18,0.47657002129999998,0.9230769231,0.99230124710000001
Bregma −0.14,Bregma −0.14,SpaGCN,12,20,0.6841997876,0.90493468799999999,0.99490026099999995
Bregma −0.14,Bregma −0.14,SpaGCN,13,19,0.62273036520000002,0.87062937060000001,0.99237858919999999
Bregma −0.14,Bregma −0.14,SpaGCN,14,15,0.4939742942,0.90493468799999999,0.99328252390000005
Bregma −0.14,Bregma −0.14,SpaGCN,14,19,0.70736114429999997,0.92378838330000002,0.99644387869999995
Bregma −0.14,Bregma −0.14,SpaGCN,14,20,0.61862113819999998,0.88746438750000001,0.99423157490000003
Bregma −0.14,Bregma −0.14,SpaGCN,15,19,0.46093628920000002,0.9230769231,0.99349682579999998
Bregma −0.14,Bregma −0.14,SpaGCN,15,20,0.45616734409999998,0.88746438750000001,0.99099932329999996
Bregma −0.14,Bregma −0.14,SpaGCN,18,20,0.46412101639999997,0.90493468799999999,0.99336792240000005
Bregma −0.14,Bregma −0.14,SpaGCN,19,20,0.60310106409999997,0.90493468799999999,0.99402694079999998
Bregma −0.14,Bregma −0.14,BANKSY,1,2,0.9717666157,0.98039215690000003,0.99986304020000005
Bregma −0.14,Bregma −0.14,BANKSY,1,4,0.98743165769999997,1,0.99994199350000001
Bregma −0.14,Bregma −0.14,BANKSY,1,7,0.58261547589999996,0.96078431369999995,0.9994795527
Bregma −0.14,Bregma −0.14,BANKSY,1,8,0.69681413699999994,0.96078431369999995,0.99945538330000006
Bregma −0.14,Bregma −0.14,BANKSY,1,9,0.98309523529999998,1,0.99990815639999997
Bregma −0.14,Bregma −0.14,BANKSY,1,12,0.98743165769999997,1,0.99994199350000001
Bregma −0.14,Bregma −0.14,BANKSY,1,13,0.98838792689999999,1,0.99994038220000003
Bregma −0.14,Bregma −0.14,BANKSY,1,15,0.97772939459999997,1,0.99989204340000004
Bregma −0.14,Bregma −0.14,BANKSY,1,16,0.69731349129999998,0.96078431369999995,0.99945538330000006
Bregma −0.14,Bregma −0.14,BANKSY,1,18,0.64605171169999998,0.96078431369999995,0.99957945280000005
Bregma −0.14,Bregma −0.14,BANKSY,1,19,0.98533278599999996,1,0.99993393699999999
Bregma −0.14,Bregma −0.14,BANKSY,1,20,0.98504392870000002,1,0.9999242693
Bregma −0.14,Bregma −0.14,BANKSY,2,4,0.98415975950000001,1,0.9998678741
Bregma −0.14,Bregma −0.14,BANKSY,2,7,0.58051446309999999,0.96078431369999995,0.99945860590000002
Bregma −0.14,Bregma −0.14,BANKSY,2,8,0.68714524359999996,0.96078431369999995,0.9993844865
Bregma −0.14,Bregma −0.14,BANKSY,2,9,0.98850402130000004,1,0.99991943539999995
Bregma −0.14,Bregma −0.14,BANKSY,2,12,0.98415975950000001,1,0.9998678741
Bregma −0.14,Bregma −0.14,BANKSY,2,13,0.98319786440000001,1,0.99990171120000004
Bregma −0.14,Bregma −0.14,BANKSY,2,15,0.99293764539999996,1,0.99992910319999995
Bregma −0.14,Bregma −0.14,BANKSY,2,16,0.68761845460000004,0.96078431369999995,0.9993844865
Bregma −0.14,Bregma −0.14,BANKSY,2,18,0.65530222780000003,0.96078431369999995,0.99960362219999999
Bregma −0.14,Bregma −0.14,BANKSY,2,19,0.98624766080000004,1,0.99990815639999997
Bregma −0.14,Bregma −0.14,BANKSY,2,20,0.98654538560000005,1,0.99991943539999995
Bregma −0.14,Bregma −0.14,BANKSY,3,5,0.99945106939999995,1,1
Bregma −0.14,Bregma −0.14,BANKSY,3,6,0.9968859176,1,1
Bregma −0.14,Bregma −0.14,BANKSY,3,10,0.99797217439999997,1,0.99998710970000004
Bregma −0.14,Bregma −0.14,BANKSY,3,11,0.99945106939999995,1,1
Bregma −0.14,Bregma −0.14,BANKSY,3,14,0.99633698130000004,1,0.99998710970000004
Bregma −0.14,Bregma −0.14,BANKSY,3,17,1,1,1
Bregma −0.14,Bregma −0.14,BANKSY,4,7,0.58213838129999995,0.96078431369999995,0.99951016729999997
Bregma −0.14,Bregma −0.14,BANKSY,4,8,0.69289506609999996,0.96078431369999995,0.99948599790000003
Bregma −0.14,Bregma −0.14,BANKSY,4,9,0.99561611780000003,1,0.99997260799999999
Bregma −0.14,Bregma −0.14,BANKSY,4,12,1,1,1
Bregma −0.14,Bregma −0.14,BANKSY,4,13,0.99826365250000004,1,0.99996616289999996
Bregma −0.14,Bregma −0.14,BANKSY,4,15,0.98961327960000001,1,0.99992265800000002
Bregma −0.14,Bregma −0.14,BANKSY,4,16,0.69338254359999996,0.96078431369999995,0.99948599790000003
Bregma −0.14,Bregma −0.14,BANKSY,4,18,0.65161418569999996,0.96078431369999995,0.99962779160000004
Bregma −0.14,Bregma −0.14,BANKSY,4,19,0.99729115420000003,1,0.99995005000000003
Bregma −0.14,Bregma −0.14,BANKSY,4,20,0.99758931620000002,1,0.99998710970000004
Bregma −0.14,Bregma −0.14,BANKSY,5,6,0.99633845139999999,1,0.99998710970000004
Bregma −0.14,Bregma −0.14,BANKSY,5,10,0.99852108139999995,1,1
Bregma −0.14,Bregma −0.14,BANKSY,5,11,1,1,1
Bregma −0.14,Bregma −0.14,BANKSY,5,14,0.99688589120000004,1,1
Bregma −0.14,Bregma −0.14,BANKSY,5,17,0.99945106939999995,1,1
Bregma −0.14,Bregma −0.14,BANKSY,6,10,0.99595248209999998,1,0.99998710970000004
Bregma −0.14,Bregma −0.14,BANKSY,6,11,0.99633845139999999,1,0.99998710970000004
Bregma −0.14,Bregma −0.14,BANKSY,6,14,0.99540716070000002,1,0.99998710970000004
Bregma −0.14,Bregma −0.14,BANKSY,6,17,0.9968859176,1,1
Bregma −0.14,Bregma −0.14,BANKSY,7,8,0.76202855800000002,1,0.99989043209999995
Bregma −0.14,Bregma −0.14,BANKSY,7,9,0.58188685520000005,0.96078431369999995,0.99951338980000004
Bregma −0.14,Bregma −0.14,BANKSY,7,12,0.58213838129999995,0.96078431369999995,0.99951016729999997
Bregma −0.14,Bregma −0.14,BANKSY,7,13,0.58175485400000004,0.96078431369999995,0.99951016729999997
Bregma −0.14,Bregma −0.14,BANKSY,7,15,0.57997023430000005,0.96078431369999995,0.99943927040000002
Bregma −0.14,Bregma −0.14,BANKSY,7,16,0.76212666129999995,1,0.99989043209999995
Bregma −0.14,Bregma −0.14,BANKSY,7,18,0.733346367,1,0.99966001739999999
Bregma −0.14,Bregma −0.14,BANKSY,7,19,0.58200469960000001,0.96078431369999995,0.99950694470000001
Bregma −0.14,Bregma −0.14,BANKSY,7,20,0.58224887839999995,0.96078431369999995,0.99950694470000001
Bregma −0.14,Bregma −0.14,BANKSY,8,9,0.69145420680000003,0.96078431369999995,0.99949244299999995
Bregma −0.14,Bregma −0.14,BANKSY,8,12,0.69289506609999996,0.96078431369999995,0.99948599790000003
Bregma −0.14,Bregma −0.14,BANKSY,8,13,0.69265757859999999,0.96078431369999995,0.99948599790000003
Bregma −0.14,Bregma −0.14,BANKSY,8,15,0.68800758399999995,0.96078431369999995,0.99940221070000002
Bregma −0.14,Bregma −0.14,BANKSY,8,16,0.99913180020000003,1,1
Bregma −0.14,Bregma −0.14,BANKSY,8,18,0.65685737499999997,1,0.99958912060000005
Bregma −0.14,Bregma −0.14,BANKSY,8,19,0.6920571928,0.96078431369999995,0.99949244299999995
Bregma −0.14,Bregma −0.14,BANKSY,8,20,0.69229459609999999,0.96078431369999995,0.99949244299999995
Bregma −0.14,Bregma −0.14,BANKSY,9,12,0.99561611780000003,1,0.99997260799999999
Bregma −0.14,Bregma −0.14,BANKSY,9,13,0.99464203169999998,1,0.99997260799999999
Bregma −0.14,Bregma −0.14,BANKSY,9,15,0.99292505539999998,1,0.99995810640000005
Bregma −0.14,Bregma −0.14,BANKSY,9,16,0.69193780829999996,0.96078431369999995,0.99949244299999995
Bregma −0.14,Bregma −0.14,BANKSY,9,18,0.65346901120000001,0.96078431369999995,0.99963745930000003
Bregma −0.14,Bregma −0.14,BANKSY,9,19,0.9977244971,1,0.99998549839999995
Bregma −0.14,Bregma −0.14,BANKSY,9,20,0.99802285310000005,1,1
Bregma −0.14,Bregma −0.14,BANKSY,10,11,0.99852108139999995,1,1
Bregma −0.14,Bregma −0.14,BANKSY,10,14,0.99836265260000001,1,1
Bregma −0.14,Bregma −0.14,BANKSY,10,17,0.99797217439999997,1,0.99998710970000004
Bregma −0.14,Bregma −0.14,BANKSY,11,14,0.99688589120000004,1,1
Bregma −0.14,Bregma −0.14,BANKSY,11,17,0.99945106939999995,1,1
Bregma −0.14,Bregma −0.14,BANKSY,12,13,0.99826365250000004,1,0.99996616289999996
Bregma −0.14,Bregma −0.14,BANKSY,12,15,0.98961327960000001,1,0.99992265800000002
Bregma −0.14,Bregma −0.14,BANKSY,12,16,0.69338254359999996,0.96078431369999995,0.99948599790000003
Bregma −0.14,Bregma −0.14,BANKSY,12,18,0.65161418569999996,0.96078431369999995,0.99962779160000004
Bregma −0.14,Bregma −0.14,BANKSY,12,19,0.99729115420000003,1,0.99995005000000003
Bregma −0.14,Bregma −0.14,BANKSY,12,20,0.99758931620000002,1,0.99998710970000004
Bregma −0.14,Bregma −0.14,BANKSY,13,15,0.98923858320000002,1,0.9999806645
Bregma −0.14,Bregma −0.14,BANKSY,13,16,0.69314583539999997,0.96078431369999995,0.99948599790000003
Bregma −0.14,Bregma −0.14,BANKSY,13,18,0.65096787219999996,0.96078431369999995,0.99962779160000004
Bregma −0.14,Bregma −0.14,BANKSY,13,19,0.99690912629999995,1,1
Bregma −0.14,Bregma −0.14,BANKSY,13,20,0.99661287160000001,1,0.99998710970000004
Bregma −0.14,Bregma −0.14,BANKSY,14,17,0.99633698130000004,1,0.99998710970000004
Bregma −0.14,Bregma −0.14,BANKSY,15,16,0.68848621870000004,0.96078431369999995,0.99940221070000002
Bregma −0.14,Bregma −0.14,BANKSY,15,18,0.65417048909999997,0.96078431369999995,0.9996020109
Bregma −0.14,Bregma −0.14,BANKSY,15,19,0.9912570705,1,0.9999806645
Bregma −0.14,Bregma −0.14,BANKSY,15,20,0.99095796930000002,1,0.9999436048
Bregma −0.14,Bregma −0.14,BANKSY,16,18,0.65684003189999995,1,0.99958912060000005
Bregma −0.14,Bregma −0.14,BANKSY,16,19,0.69254245039999995,0.96078431369999995,0.99949244299999995
Bregma −0.14,Bregma −0.14,BANKSY,16,20,0.69277978549999997,0.96078431369999995,0.99949244299999995
Bregma −0.14,Bregma −0.14,BANKSY,18,19,0.65230480530000001,0.96078431369999995,0.99963262539999997
Bregma −0.14,Bregma −0.14,BANKSY,18,20,0.65256774250000005,0.96078431369999995,0.99963262539999997
Bregma −0.14,Bregma −0.14,BANKSY,19,20,0.99970151539999996,1,1
Bregma −0.14,Bregma −0.14,SEDR,1,2,0.56741661870000004,0.90493468799999999,0.99794399150000002
Bregma −0.14,Bregma −0.14,SEDR,1,6,0.52279341629999987,0.92378838330000002,0.99848860819999996
Bregma −0.14,Bregma −0.14,SEDR,1,7,0.60594648929999995,0.92378838330000002,0.99804389159999995
Bregma −0.14,Bregma −0.14,SEDR,1,12,0.55173021170000003,0.9230769231,0.99764751380000005
Bregma −0.14,Bregma −0.14,SEDR,1,15,0.5207673961,0.92378838330000002,0.99713028910000001
Bregma −0.14,Bregma −0.14,SEDR,1,16,0.56794906710000004,0.9230769231,0.99756211530000005
Bregma −0.14,Bregma −0.14,SEDR,1,17,0.59797637520000002,0.85439560439999995,0.98351809479999996
Bregma −0.14,Bregma −0.14,SEDR,2,5,0.65702176680000002,0.9230769231,0.98272211659999997
Bregma −0.14,Bregma −0.14,SEDR,2,6,0.65994334060000004,0.96078431369999995,0.99822113369999999
Bregma −0.14,Bregma −0.14,SEDR,2,17,0.74213854369999988,0.85758513930000002,0.97520705100000005
Bregma −0.14,Bregma −0.14,SEDR,3,7,0.70462368689999988,0.88746438750000001,0.98991170120000005
Bregma −0.14,Bregma −0.14,SEDR,3,9,0.53471608709999985,0.53882575759999995,0.71802391160000001
Bregma −0.14,Bregma −0.14,SEDR,3,12,0.51449924309999995,0.80546519189999988,0.96262608360000002
Bregma −0.14,Bregma −0.14,SEDR,3,14,0.58584059850000003,0.85439560439999995,0.97231639329999997
Bregma −0.14,Bregma −0.14,SEDR,3,15,0.597771779,0.79085385350000004,0.96266153200000004
Bregma −0.14,Bregma −0.14,SEDR,3,16,0.55914087300000004,0.82360742710000001,0.96273887400000002
Bregma −0.14,Bregma −0.14,SEDR,3,18,0.62534311490000005,0.82360742710000001,0.96213302830000003
Bregma −0.14,Bregma −0.14,SEDR,3,19,0.62366781469999988,0.86932215229999987,0.98933647000000002
Bregma −0.14,Bregma −0.14,SEDR,3,20,0.59232553340000005,0.79085385350000004,0.96295317589999996
Bregma −0.14,Bregma −0.14,SEDR,4,8,0.72864622469999984,0.88746438750000001,0.98177789950000005
Bregma −0.14,Bregma −0.14,SEDR,4,10,0.84233955459999987,0.94193061840000003,0.99624246719999998
Bregma −0.14,Bregma −0.14,SEDR,4,13,0.89642207959999987,0.96078431369999995,0.99878669720000002
Bregma −0.14,Bregma −0.14,SEDR,4,20,0.71722492280000005,0.88746438750000001,0.9799829203
Bregma −0.14,Bregma −0.14,SEDR,5,6,0.76453745829999986,0.9230769231,0.99321323839999998
Bregma −0.14,Bregma −0.14,SEDR,5,17,0.59382119050000004,0.78121059270000004,0.92411620640000003
Bregma −0.14,Bregma −0.14,SEDR,6,17,0.6333688811,0.7679900744,0.9230108601
Bregma −0.14,Bregma −0.14,SEDR,7,9,0.51651231320000002,0.50384441430000004,0.7254390771
Bregma −0.14,Bregma −0.14,SEDR,7,12,0.55499514309999987,0.90493468799999999,0.99681930969999999
Bregma −0.14,Bregma −0.14,SEDR,7,14,0.59031823780000003,0.92378838330000002,0.99576552480000002
Bregma −0.14,Bregma −0.14,SEDR,7,15,0.5795755185,0.94193061840000003,0.99675646929999995
Bregma −0.14,Bregma −0.14,SEDR,7,16,0.62727572249999985,0.96078431369999995,0.99638103830000002
Bregma −0.14,Bregma −0.14,SEDR,7,18,0.5777455722,0.90493468799999999,0.99756211530000005
Bregma −0.14,Bregma −0.14,SEDR,7,19,0.54145286530000003,0.88746438750000001,0.97414520959999995
Bregma −0.14,Bregma −0.14,SEDR,8,9,0.53790793000000003,0.51549942589999986,0.7522348619
Bregma −0.14,Bregma −0.14,SEDR,8,10,0.77881614020000001,0.94193061840000003,0.99809867549999998
Bregma −0.14,Bregma −0.14,SEDR,8,13,0.77386980139999995,0.94193061840000003,0.99885114890000004
Bregma −0.14,Bregma −0.14,SEDR,8,14,0.65922874860000003,0.96078431369999995,0.9986932422
Bregma −0.14,Bregma −0.14,SEDR,8,18,0.60618605979999995,0.9230769231,0.99803422379999995
Bregma −0.14,Bregma −0.14,SEDR,8,19,0.60414254779999987,0.88746438750000001,0.97645257969999999
Bregma −0.14,Bregma −0.14,SEDR,8,20,0.61039173680000003,0.96078431369999995,0.99787148339999998
Bregma −0.14,Bregma −0.14,SEDR,9,12,0.59118730669999986,0.63476874000000005,0.83581257450000002
Bregma −0.14,Bregma −0.14,SEDR,9,13,0.60073551030000005,0.7679900744,0.91416486740000003
Bregma −0.14,Bregma −0.14,SEDR,9,14,0.61162716090000002,0.57724788869999988,0.8106651413
Bregma −0.14,Bregma −0.14,SEDR,9,15,0.6029822252,0.66208791209999995,0.8309287487
Bregma −0.14,Bregma −0.14,SEDR,9,16,0.67917071289999986,0.65043290040000001,0.85403306369999987
Bregma −0.14,Bregma −0.14,SEDR,9,18,0.60022761530000002,0.65043290040000001,0.83742870030000005
Bregma −0.14,Bregma −0.14,SEDR,9,19,0.59919995000000004,0.617494824,0.79502271920000001
Bregma −0.14,Bregma −0.14,SEDR,9,20,0.62059348260000002,0.67832167830000001,0.84285230899999986
Bregma −0.14,Bregma −0.14,SEDR,10,13,0.88194503160000004,0.94193061840000003,0.99883342460000002
Bregma −0.14,Bregma −0.14,SEDR,10,14,0.7348050357,0.96078431369999995,0.9984853856
Bregma −0.14,Bregma −0.14,SEDR,10,19,0.65591826590000002,0.88746438750000001,0.97570977410000004
Bregma −0.14,Bregma −0.14,SEDR,10,20,0.67177979929999987,0.94193061840000003,0.9979262673
Bregma −0.14,Bregma −0.14,SEDR,12,15,0.71255625700000003,0.94193061840000003,0.99691437589999998
Bregma −0.14,Bregma −0.14,SEDR,12,16,0.62617622380000004,0.94193061840000003,0.99906706199999995
Bregma −0.14,Bregma −0.14,SEDR,12,18,0.70708393380000001,0.94193061840000003,0.99784570269999995
Bregma −0.14,Bregma −0.14,SEDR,12,19,0.69586518040000001,0.90631808280000004,0.98485546710000005
Bregma −0.14,Bregma −0.14,SEDR,13,14,0.77379893509999986,0.94193061840000003,0.99893332469999996
Bregma −0.14,Bregma −0.14,SEDR,13,18,0.70479207359999985,0.88746438750000001,0.99730430859999997
Bregma −0.14,Bregma −0.14,SEDR,13,19,0.7062197415,0.86932215229999987,0.97602236470000003
Bregma −0.14,Bregma −0.14,SEDR,13,20,0.71085595260000001,0.94193061840000003,0.99816796109999995
Bregma −0.14,Bregma −0.14,SEDR,14,18,0.765436538,0.92378838330000002,0.99787148339999998
Bregma −0.14,Bregma −0.14,SEDR,14,19,0.76253673609999995,0.88746438750000001,0.99022590310000003
Bregma −0.14,Bregma −0.14,SEDR,14,20,0.76411843329999996,0.94193061840000003,0.99831619989999998
Bregma −0.14,Bregma −0.14,SEDR,15,16,0.60253129679999995,0.94193061840000003,0.99693532269999996
Bregma −0.14,Bregma −0.14,SEDR,15,18,0.83891669670000002,0.96078431369999995,0.99763945730000003
Bregma −0.14,Bregma −0.14,SEDR,16,18,0.59783868149999986,0.9230769231,0.99789081889999998
Bregma −0.14,Bregma −0.14,SEDR,18,19,0.78570348450000005,0.94193061840000003,0.99626341399999996
Bregma −0.14,Bregma −0.14,SEDR,18,20,0.80597898940000001,0.9230769231,0.99774902519999997
Bregma −0.14,Bregma −0.14,SEDR,19,20,0.82922373009999994,0.9230769231,0.99621507519999997
Bregma −0.19,Bregma −0.19,GraphST,1,2,0.64845668779999999,0.90493468799999999,0.98618478300000001
Bregma −0.19,Bregma −0.19,GraphST,1,7,0.64207908270000003,0.86932215229999998,0.98712738870000005
Bregma −0.19,Bregma −0.19,GraphST,2,7,0.68768165240000001,0.86932215229999998,0.98988269790000005
Bregma −0.19,Bregma −0.19,GraphST,2,16,0.66598538880000002,0.88679245279999996,0.98996487379999998
Bregma −0.19,Bregma −0.19,GraphST,3,5,0.52865385760000005,0.83501683500000001,0.97784956980000004
Bregma −0.19,Bregma −0.19,GraphST,3,8,0.57898730239999996,0.88679245279999996,0.98386774519999998
Bregma −0.19,Bregma −0.19,GraphST,3,13,0.62911300130000003,0.81818181820000002,0.98201798200000001
Bregma −0.19,Bregma −0.19,GraphST,3,14,0.5942215904,0.80194805189999996,0.96920337729999995
Bregma −0.19,Bregma −0.19,GraphST,3,18,0.66127617719999998,0.85185185190000001,0.98894492599999995
Bregma −0.19,Bregma −0.19,GraphST,3,19,0.5513274628,0.88679245279999996,0.98152009279999997
Bregma −0.19,Bregma −0.19,GraphST,4,10,0.48052984679999999,0.88679245279999996,0.98973123649999994
Bregma −0.19,Bregma −0.19,GraphST,5,8,0.6001877525,0.86932215229999998,0.99217878900000001
Bregma −0.19,Bregma −0.19,GraphST,5,13,0.54617041479999995,0.88746438750000001,0.99060777929999999
Bregma −0.19,Bregma −0.19,GraphST,5,14,0.50403358549999999,0.83501683500000001,0.97919822109999999
Bregma −0.19,Bregma −0.19,GraphST,6,12,0.49887917500000001,0.83501683500000001,0.98610260709999997
Bregma −0.19,Bregma −0.19,GraphST,6,15,0.69627523120000001,0.94193061840000003,0.99319551419999996
Bregma −0.19,Bregma −0.19,GraphST,6,16,0.68749031829999996,0.9230769231,0.98702265479999995
Bregma −0.19,Bregma −0.19,GraphST,6,20,0.65235918240000002,0.83501683500000001,0.9838177951
Bregma −0.19,Bregma −0.19,GraphST,7,16,0.64439817430000002,0.86932215229999998,0.98218877900000001
Bregma −0.19,Bregma −0.19,GraphST,8,13,0.60988170239999995,0.86932215229999998,0.98868067420000005
Bregma −0.19,Bregma −0.19,GraphST,8,14,0.50689741210000006,0.7862838915,0.97651219749999996
Bregma −0.19,Bregma −0.19,GraphST,8,18,0.59313314520000004,0.90493468799999999,0.98992136900000005
Bregma −0.19,Bregma −0.19,GraphST,8,19,0.58765168459999995,0.88679245279999996,0.98988592050000002
Bregma −0.19,Bregma −0.19,GraphST,9,11,0.56978027840000001,0.81818181820000002,0.98165060749999999
Bregma −0.19,Bregma −0.19,GraphST,9,12,0.52741849780000005,0.85248713549999999,0.97953498110000004
Bregma −0.19,Bregma −0.19,GraphST,9,15,0.67545281980000005,0.90493468799999999,0.98974896069999996
Bregma −0.19,Bregma −0.19,GraphST,9,18,0.5823412765,0.88679245279999996,0.98292513940000004
Bregma −0.19,Bregma −0.19,GraphST,9,19,0.4990830047,0.88679245279999996,0.98240308080000005
Bregma −0.19,Bregma −0.19,GraphST,11,12,0.59809332189999997,0.86932215229999998,0.98718378399999995
Bregma −0.19,Bregma −0.19,GraphST,11,14,0.59882240310000001,0.81818181820000002,0.97119493410000002
Bregma −0.19,Bregma −0.19,GraphST,11,18,0.66235549540000005,0.88679245279999996,0.98884019209999996
Bregma −0.19,Bregma −0.19,GraphST,11,19,0.60063394569999995,0.86932215229999998,0.99142792690000003
Bregma −0.19,Bregma −0.19,GraphST,12,15,0.51443913549999998,0.86932215229999998,0.98534368859999999
Bregma −0.19,Bregma −0.19,GraphST,12,16,0.50809649349999997,0.86932215229999998,0.98795720409999999
Bregma −0.19,Bregma −0.19,GraphST,12,20,0.5339005429,0.88679245279999996,0.98185040769999998
Bregma −0.19,Bregma −0.19,GraphST,13,14,0.56651936309999995,0.81818181820000002,0.97171538140000002
Bregma −0.19,Bregma −0.19,GraphST,13,18,0.64955372990000004,0.88746438750000001,0.99016145150000001
Bregma −0.19,Bregma −0.19,GraphST,13,19,0.6047156266,0.85185185190000001,0.98875962750000002
Bregma −0.19,Bregma −0.19,GraphST,14,18,0.59096320430000004,0.83501683500000001,0.97923205830000004
Bregma −0.19,Bregma −0.19,GraphST,14,19,0.52251075709999995,0.81878306879999996,0.97374883180000005
Bregma −0.19,Bregma −0.19,GraphST,15,16,0.67465504359999995,0.88679245279999996,0.9877847958
Bregma −0.19,Bregma −0.19,GraphST,15,20,0.70256215339999994,0.88746438750000001,0.98943798140000006
Bregma −0.19,Bregma −0.19,GraphST,16,20,0.63515968860000005,0.90493468799999999,0.99062389220000002
Bregma −0.19,Bregma −0.19,GraphST,18,19,0.57586843850000002,0.88679245279999996,0.98872256780000001
Bregma −0.19,Bregma −0.19,STAGATE,1,5,0.6523056921,0.86932215229999998,0.9836196062
Bregma −0.19,Bregma −0.19,STAGATE,1,6,0.58873471170000002,0.80546519189999999,0.927972028
Bregma −0.19,Bregma −0.19,STAGATE,1,7,0.58968888919999995,0.79085385350000004,0.92729689670000004
Bregma −0.19,Bregma −0.19,STAGATE,1,9,0.66380006410000003,0.82058920889999998,0.94307950110000005
Bregma −0.19,Bregma −0.19,STAGATE,1,12,0.6489891793,0.78799489140000001,0.94536270180000004
Bregma −0.19,Bregma −0.19,STAGATE,1,16,0.64371843510000004,0.9230769231,0.99166317550000005
Bregma −0.19,Bregma −0.19,STAGATE,1,17,0.71969267449999996,0.81818181820000002,0.9766314331
Bregma −0.19,Bregma −0.19,STAGATE,1,19,0.81494158699999997,0.94193061840000003,0.99453127519999995
Bregma −0.19,Bregma −0.19,STAGATE,2,11,0.82769168199999998,0.88679245279999996,0.98786697170000004
Bregma −0.19,Bregma −0.19,STAGATE,2,15,0.63155326469999995,0.81818181820000002,0.97147207629999999
Bregma −0.19,Bregma −0.19,STAGATE,2,18,0.83015405330000003,0.92378838330000002,0.9954835487
Bregma −0.19,Bregma −0.19,STAGATE,3,4,0.61371447099999998,0.55952380950000002,0.72012987009999996
Bregma −0.19,Bregma −0.19,STAGATE,4,8,0.51181709070000003,0.68079096049999999,0.87982823629999996
Bregma −0.19,Bregma −0.19,STAGATE,5,6,0.57388255290000001,0.70952659259999995,0.90762785599999996
Bregma −0.19,Bregma −0.19,STAGATE,5,7,0.59060857190000005,0.68174109670000005,0.8931939029
Bregma −0.19,Bregma −0.19,STAGATE,5,9,0.52546211759999994,0.70952659259999995,0.88968773160000003
Bregma −0.19,Bregma −0.19,STAGATE,5,12,0.58602929309999996,0.66712975829999999,0.86309496949999998
Bregma −0.19,Bregma −0.19,STAGATE,5,16,0.77227016989999997,0.85185185190000001,0.97734845800000003
Bregma −0.19,Bregma −0.19,STAGATE,5,17,0.6534031656,0.80194805189999996,0.96768876290000005
Bregma −0.19,Bregma −0.19,STAGATE,6,7,0.71806596970000003,0.90493468799999999,0.99028713219999998
Bregma −0.19,Bregma −0.19,STAGATE,6,12,0.69553806289999998,0.9230769231,0.99398021329999997
Bregma −0.19,Bregma −0.19,STAGATE,6,16,0.58306894109999996,0.8031189084,0.94158422220000004
Bregma −0.19,Bregma −0.19,STAGATE,6,17,0.56164978369999996,0.739261948,0.92002513620000004
Bregma −0.19,Bregma −0.19,STAGATE,6,19,0.5760019502,0.72619047619999999,0.89901872319999998
Bregma −0.19,Bregma −0.19,STAGATE,7,9,0.6802928775,0.92378838330000002,0.98978440909999998
Bregma −0.19,Bregma −0.19,STAGATE,7,12,0.79854445070000002,0.9230769231,0.99182913859999999
Bregma −0.19,Bregma −0.19,STAGATE,7,16,0.60566625119999995,0.78799489140000001,0.94237697789999997
Bregma −0.19,Bregma −0.19,STAGATE,7,17,0.59355637939999994,0.72465060960000005,0.91557313650000005
Bregma −0.19,Bregma −0.19,STAGATE,7,19,0.64699519100000003,0.72619047619999999,0.90554445549999996
Bregma −0.19,Bregma −0.19,STAGATE,8,10,0.51765327620000001,0.739261948,0.93211465950000005
Bregma −0.19,Bregma −0.19,STAGATE,8,13,0.53224346389999999,0.7862838915,0.95519802779999996
Bregma −0.19,Bregma −0.19,STAGATE,10,13,0.84140162139999997,0.92378838330000002,0.98942186850000002
Bregma −0.19,Bregma −0.19,STAGATE,11,15,0.6480768844,0.81818181820000002,0.96959330990000003
Bregma −0.19,Bregma −0.19,STAGATE,11,18,0.86065942819999997,0.96078431369999995,0.99504527730000003
Bregma −0.19,Bregma −0.19,STAGATE,12,16,0.60746949689999996,0.78799489140000001,0.93199703519999999
Bregma −0.19,Bregma −0.19,STAGATE,12,17,0.62448109490000003,0.72465060960000005,0.92105636300000004
Bregma −0.19,Bregma −0.19,STAGATE,12,19,0.66932997750000001,0.8031189084,0.94887531820000004
Bregma −0.19,Bregma −0.19,STAGATE,13,20,0.54877278679999997,0.60353535349999998,0.76881344460000001
Bregma −0.19,Bregma −0.19,STAGATE,15,18,0.62467566640000005,0.80194805189999996,0.96402307369999996
Bregma −0.19,Bregma −0.19,STAGATE,15,19,0.63454600989999999,0.80194805189999996,0.97121104700000005
Bregma −0.19,Bregma −0.19,STAGATE,16,17,0.62090152860000003,0.77005012530000005,0.96224743000000001
Bregma −0.19,Bregma −0.19,STAGATE,16,19,0.66894345970000002,0.86932215229999998,0.98116077469999996
Bregma −0.19,Bregma −0.19,STAGATE,17,18,0.74183035990000001,0.80194805189999996,0.96980761169999996
Bregma −0.19,Bregma −0.19,STAGATE,17,19,0.76979901549999996,0.81878306879999996,0.97501369599999999
Bregma −0.19,Bregma −0.19,STAGATE,18,19,0.83720132700000005,0.9230769231,0.99149560120000002
Bregma −0.19,Bregma −0.19,SpaGCN,1,5,0.52576081519999995,0.85185185190000001,0.98565305660000002
Bregma −0.19,Bregma −0.19,SpaGCN,1,18,0.55864019570000001,0.88679245279999996,0.98978118660000003
Bregma −0.19,Bregma −0.19,SpaGCN,1,20,0.40957572440000001,0.85185185190000001,0.97975733939999998
Bregma −0.19,Bregma −0.19,SpaGCN,2,10,0.34496968350000001,0.90493468799999999,0.9841110502
Bregma −0.19,Bregma −0.19,SpaGCN,2,11,0.31982171669999998,0.87062937060000001,0.97489123779999998
Bregma −0.19,Bregma −0.19,SpaGCN,2,17,0.3394019439,0.88746438750000001,0.97964454899999998
Bregma −0.19,Bregma −0.19,SpaGCN,3,8,0.30471159679999998,0.74031477000000001,0.95112145920000002
Bregma −0.19,Bregma −0.19,SpaGCN,5,18,0.49322182269999998,0.86932215229999998,0.98729496309999998
Bregma −0.19,Bregma −0.19,SpaGCN,5,20,0.4472622067,0.86932215229999998,0.98103670519999997
Bregma −0.19,Bregma −0.19,SpaGCN,6,13,0.34780639070000002,0.80194805189999996,0.98649092839999997
Bregma −0.19,Bregma −0.19,SpaGCN,6,16,0.39019818740000001,0.77115987460000002,0.96120331280000004
Bregma −0.19,Bregma −0.19,SpaGCN,7,9,0.62755459130000002,0.86932215229999998,0.99196609840000005
Bregma −0.19,Bregma −0.19,SpaGCN,7,12,0.52695429289999995,0.85185185190000001,0.99370951630000004
Bregma −0.19,Bregma −0.19,SpaGCN,8,14,0.34377561140000001,0.79487179490000004,0.96787889530000004
Bregma −0.19,Bregma −0.19,SpaGCN,9,12,0.59553573680000005,0.90493468799999999,0.99358222419999997
Bregma −0.19,Bregma −0.19,SpaGCN,10,11,0.50896208759999995,0.90493468799999999,0.98307660080000003
Bregma −0.19,Bregma −0.19,SpaGCN,10,17,0.47078780799999997,0.88679245279999996,0.98314910899999997
Bregma −0.19,Bregma −0.19,SpaGCN,11,17,0.45374974420000003,0.88679245279999996,0.98494408820000001
Bregma −0.19,Bregma −0.19,SpaGCN,13,16,0.38534175920000002,0.86932215229999998,0.99074312779999996
Bregma −0.19,Bregma −0.19,SpaGCN,15,17,0.36218499119999997,0.81878306879999996,0.96869743159999999
Bregma −0.19,Bregma −0.19,SpaGCN,15,19,0.36709893599999999,0.81818181820000002,0.9909574297
Bregma −0.19,Bregma −0.19,SpaGCN,18,20,0.41666946560000001,0.86932215229999998,0.98549031610000004
Bregma −0.19,Bregma −0.19,BANKSY,1,2,0.99762017670000003,1,0.99996777420000005
Bregma −0.19,Bregma −0.19,BANKSY,1,4,0.99762017670000003,1,0.99996777420000005
Bregma −0.19,Bregma −0.19,BANKSY,1,5,0.99852082220000005,1,1
Bregma −0.19,Bregma −0.19,BANKSY,1,6,0.99904804859999996,1,1
Bregma −0.19,Bregma −0.19,BANKSY,1,7,0.99733845970000001,1,0.99996616289999996
Bregma −0.19,Bregma −0.19,BANKSY,1,8,0.99638746749999996,1,0.99996294029999999
Bregma −0.19,Bregma −0.19,BANKSY,1,9,0.99904804859999996,1,1
Bregma −0.19,Bregma −0.19,BANKSY,1,10,0.99904804859999996,1,1
Bregma −0.19,Bregma −0.19,BANKSY,1,11,0.99666918130000004,1,0.9999709967
Bregma −0.19,Bregma −0.19,BANKSY,1,12,0.9978646659,1,0.9999806645
Bregma −0.19,Bregma −0.19,BANKSY,1,14,0.99563005429999996,1,0.99996132900000001
Bregma −0.19,Bregma −0.19,BANKSY,1,16,0.99691400230000005,1,0.99996777420000005
Bregma −0.19,Bregma −0.19,BANKSY,1,17,0.99733845970000001,1,0.99996616289999996
Bregma −0.19,Bregma −0.19,BANKSY,1,19,0.99762017670000003,1,0.99996777420000005
Bregma −0.19,Bregma −0.19,BANKSY,1,20,0.9989963369,1,1
Bregma −0.19,Bregma −0.19,BANKSY,2,4,1,1,1
Bregma −0.19,Bregma −0.19,BANKSY,2,5,0.99909909529999996,1,1
Bregma −0.19,Bregma −0.19,BANKSY,2,6,0.99857182040000003,1,1
Bregma −0.19,Bregma −0.19,BANKSY,2,7,0.99686323880000005,1,1
Bregma −0.19,Bregma −0.19,BANKSY,2,8,0.99506437780000001,1,0.99994038220000003
Bregma −0.19,Bregma −0.19,BANKSY,2,9,0.99857182040000003,1,1
Bregma −0.19,Bregma −0.19,BANKSY,2,10,0.99857182040000003,1,1
Bregma −0.19,Bregma −0.19,BANKSY,2,11,0.99600409580000004,1,1
Bregma −0.19,Bregma −0.19,BANKSY,2,12,0.99548759450000002,1,0.99995327249999999
Bregma −0.19,Bregma −0.19,BANKSY,2,14,0.99430713449999997,1,0.99994199350000001
Bregma −0.19,Bregma −0.19,BANKSY,2,16,0.99453866660000001,1,0.99994199350000001
Bregma −0.19,Bregma −0.19,BANKSY,2,17,0.99686323880000005,1,1
Bregma −0.19,Bregma −0.19,BANKSY,2,19,1,1,1
Bregma −0.19,Bregma −0.19,BANKSY,2,20,0.9976715665,1,0.99997583059999995
Bregma −0.19,Bregma −0.19,BANKSY,4,5,0.99909909529999996,1,1
Bregma −0.19,Bregma −0.19,BANKSY,4,6,0.99857182040000003,1,1
Bregma −0.19,Bregma −0.19,BANKSY,4,7,0.99686323880000005,1,1
Bregma −0.19,Bregma −0.19,BANKSY,4,8,0.99506437780000001,1,0.99994038220000003
Bregma −0.19,Bregma −0.19,BANKSY,4,9,0.99857182040000003,1,1
Bregma −0.19,Bregma −0.19,BANKSY,4,10,0.99857182040000003,1,1
Bregma −0.19,Bregma −0.19,BANKSY,4,11,0.99600409580000004,1,1
Bregma −0.19,Bregma −0.19,BANKSY,4,12,0.99548759450000002,1,0.99995327249999999
Bregma −0.19,Bregma −0.19,BANKSY,4,14,0.99430713449999997,1,0.99994199350000001
Bregma −0.19,Bregma −0.19,BANKSY,4,16,0.99453866660000001,1,0.99994199350000001
Bregma −0.19,Bregma −0.19,BANKSY,4,17,0.99686323880000005,1,1
Bregma −0.19,Bregma −0.19,BANKSY,4,19,1,1,1
Bregma −0.19,Bregma −0.19,BANKSY,4,20,0.9976715665,1,0.99997583059999995
Bregma −0.19,Bregma −0.19,BANKSY,5,6,0.99947255089999998,1,1
Bregma −0.19,Bregma −0.19,BANKSY,5,7,0.9977630555,1,1
Bregma −0.19,Bregma −0.19,BANKSY,5,8,0.99596434069999995,1,0.99995488379999997
Bregma −0.19,Bregma −0.19,BANKSY,5,9,0.99947255089999998,1,1
Bregma −0.19,Bregma −0.19,BANKSY,5,10,0.99947255089999998,1,1
Bregma −0.19,Bregma −0.19,BANKSY,5,11,0.99624712130000004,1,0.99997583059999995
Bregma −0.19,Bregma −0.19,BANKSY,5,12,0.99638746810000001,1,0.99996455159999997
Bregma −0.19,Bregma −0.19,BANKSY,5,14,0.99520713019999996,1,0.99994843870000005
Bregma −0.19,Bregma −0.19,BANKSY,5,16,0.99543845549999999,1,0.99995005000000003
Bregma −0.19,Bregma −0.19,BANKSY,5,17,0.9977630555,1,1
Bregma −0.19,Bregma −0.19,BANKSY,5,19,0.99909909529999996,1,1
Bregma −0.19,Bregma −0.19,BANKSY,5,20,0.99857249729999997,1,1
Bregma −0.19,Bregma −0.19,BANKSY,6,7,0.99829000400000001,1,1
Bregma −0.19,Bregma −0.19,BANKSY,6,8,0.99543845470000003,1,0.99995166120000001
Bregma −0.19,Bregma −0.19,BANKSY,6,9,1,1,1
Bregma −0.19,Bregma −0.19,BANKSY,6,10,1,1,1
Bregma −0.19,Bregma −0.19,BANKSY,6,11,0.99572006940000002,1,0.9999709967
Bregma −0.19,Bregma −0.19,BANKSY,6,12,0.99691400230000005,1,0.99996616289999996
Bregma −0.19,Bregma −0.19,BANKSY,6,14,0.99468164960000005,1,0.99995327249999999
Bregma −0.19,Bregma −0.19,BANKSY,6,16,0.9959647666,1,0.99995810640000005
Bregma −0.19,Bregma −0.19,BANKSY,6,17,0.99829000400000001,1,1
Bregma −0.19,Bregma −0.19,BANKSY,6,19,0.99857182040000003,1,1
Bregma −0.19,Bregma −0.19,BANKSY,6,20,0.99804515979999997,1,1
Bregma −0.19,Bregma −0.19,BANKSY,7,8,0.99609525730000004,1,1
Bregma −0.19,Bregma −0.19,BANKSY,7,9,0.99829000400000001,1,1
Bregma −0.19,Bregma −0.19,BANKSY,7,10,0.99829000400000001,1,1
Bregma −0.19,Bregma −0.19,BANKSY,7,11,0.99401248330000003,1,0.99994843870000005
Bregma −0.19,Bregma −0.19,BANKSY,7,12,0.99757063430000004,1,1
Bregma −0.19,Bregma −0.19,BANKSY,7,14,0.99639046789999997,1,1
Bregma −0.19,Bregma −0.19,BANKSY,7,16,0.99662144860000002,1,1
Bregma −0.19,Bregma −0.19,BANKSY,7,17,1,1,1
Bregma −0.19,Bregma −0.19,BANKSY,7,19,0.99686323880000005,1,1
Bregma −0.19,Bregma −0.19,BANKSY,7,20,0.99633616199999997,1,0.99996294029999999
Bregma −0.19,Bregma −0.19,BANKSY,8,9,0.99543845470000003,1,0.99995166120000001
Bregma −0.19,Bregma −0.19,BANKSY,8,10,0.99543845470000003,1,0.99995166120000001
Bregma −0.19,Bregma −0.19,BANKSY,8,11,0.99791549369999999,1,1
Bregma −0.19,Bregma −0.19,BANKSY,8,12,0.99852074310000005,1,1
Bregma −0.19,Bregma −0.19,BANKSY,8,14,0.99924062840000005,1,1
Bregma −0.19,Bregma −0.19,BANKSY,8,16,0.99947310960000002,1,1
Bregma −0.19,Bregma −0.19,BANKSY,8,17,0.99609525730000004,1,1
Bregma −0.19,Bregma −0.19,BANKSY,8,19,0.99506437780000001,1,0.99994038220000003
Bregma −0.19,Bregma −0.19,BANKSY,8,20,0.99738815049999996,1,0.99995488379999997
Bregma −0.19,Bregma −0.19,BANKSY,9,10,1,1,1
Bregma −0.19,Bregma −0.19,BANKSY,9,11,0.99572006940000002,1,0.9999709967
Bregma −0.19,Bregma −0.19,BANKSY,9,12,0.99691400230000005,1,0.99996616289999996
Bregma −0.19,Bregma −0.19,BANKSY,9,14,0.99468164960000005,1,0.99995327249999999
Bregma −0.19,Bregma −0.19,BANKSY,9,16,0.9959647666,1,0.99995810640000005
Bregma −0.19,Bregma −0.19,BANKSY,9,17,0.99829000400000001,1,1
Bregma −0.19,Bregma −0.19,BANKSY,9,19,0.99857182040000003,1,1
Bregma −0.19,Bregma −0.19,BANKSY,9,20,0.99804515979999997,1,1
Bregma −0.19,Bregma −0.19,BANKSY,10,11,0.99572006940000002,1,0.9999709967
Bregma −0.19,Bregma −0.19,BANKSY,10,12,0.99691400230000005,1,0.99996616289999996
Bregma −0.19,Bregma −0.19,BANKSY,10,14,0.99468164960000005,1,0.99995327249999999
Bregma −0.19,Bregma −0.19,BANKSY,10,16,0.9959647666,1,0.99995810640000005
Bregma −0.19,Bregma −0.19,BANKSY,10,17,0.99829000400000001,1,1
Bregma −0.19,Bregma −0.19,BANKSY,10,19,0.99857182040000003,1,1
Bregma −0.19,Bregma −0.19,BANKSY,10,20,0.99804515979999997,1,1
Bregma −0.19,Bregma −0.19,BANKSY,11,12,0.99643709130000002,1,0.99996132900000001
Bregma −0.19,Bregma −0.19,BANKSY,11,14,0.99715616689999997,1,0.99997421929999997
Bregma −0.19,Bregma −0.19,BANKSY,11,16,0.99738920019999999,1,1
Bregma −0.19,Bregma −0.19,BANKSY,11,17,0.99401248330000003,1,0.99994843870000005
Bregma −0.19,Bregma −0.19,BANKSY,11,19,0.99600409580000004,1,1
Bregma −0.19,Bregma −0.19,BANKSY,11,20,0.99767112820000003,1,0.99997583059999995
Bregma −0.19,Bregma −0.19,BANKSY,12,14,0.99776238500000003,1,1
Bregma −0.19,Bregma −0.19,BANKSY,12,16,0.99904741109999995,1,1
Bregma −0.19,Bregma −0.19,BANKSY,12,17,0.99757063430000004,1,1
Bregma −0.19,Bregma −0.19,BANKSY,12,19,0.99548759450000002,1,0.99995327249999999
Bregma −0.19,Bregma −0.19,BANKSY,12,20,0.99781329159999999,1,0.99996616289999996
Bregma −0.19,Bregma −0.19,BANKSY,13,15,0.99807469969999996,1,1
Bregma −0.19,Bregma −0.19,BANKSY,13,18,0.99269925579999996,1,1
Bregma −0.19,Bregma −0.19,BANKSY,14,16,0.9987141437,1,1
Bregma −0.19,Bregma −0.19,BANKSY,14,17,0.99639046789999997,1,1
Bregma −0.19,Bregma −0.19,BANKSY,14,19,0.99430713449999997,1,0.99994199350000001
Bregma −0.19,Bregma −0.19,BANKSY,14,20,0.99662989820000003,1,0.99995005000000003
Bregma −0.19,Bregma −0.19,BANKSY,15,18,0.99461721940000003,1,1
Bregma −0.19,Bregma −0.19,BANKSY,16,17,0.99662144860000002,1,1
Bregma −0.19,Bregma −0.19,BANKSY,16,19,0.99453866660000001,1,0.99994199350000001
Bregma −0.19,Bregma −0.19,BANKSY,16,20,0.99686197440000002,1,0.99995005000000003
Bregma −0.19,Bregma −0.19,BANKSY,17,19,0.99686323880000005,1,1
Bregma −0.19,Bregma −0.19,BANKSY,17,20,0.99633616199999997,1,0.99996294029999999
Bregma −0.19,Bregma −0.19,BANKSY,19,20,0.9976715665,1,0.99997583059999995
Bregma −0.19,Bregma −0.19,SEDR,1,3,0.71524816140000003,0.85439560439999995,0.97624150040000002
Bregma −0.19,Bregma −0.19,SEDR,1,4,0.60155208599999987,0.77005012530000005,0.94549482780000005
Bregma −0.19,Bregma −0.19,SEDR,1,5,0.80212311179999995,0.9230769231,0.99780864300000005
Bregma −0.19,Bregma −0.19,SEDR,1,6,0.76869674590000003,0.88679245279999985,0.98425123260000003
Bregma −0.19,Bregma −0.19,SEDR,1,8,0.80785818129999987,0.96078431369999995,0.99368051300000004
Bregma −0.19,Bregma −0.19,SEDR,1,9,0.64409240030000003,0.7862838915,0.94597821530000004
Bregma −0.19,Bregma −0.19,SEDR,1,10,0.81529184730000004,0.9230769231,0.99157777709999995
Bregma −0.19,Bregma −0.19,SEDR,1,11,0.78440130809999986,0.9230769231,0.99166639810000001
Bregma −0.19,Bregma −0.19,SEDR,1,12,0.75269489830000003,0.9230769231,0.99267023300000001
Bregma −0.19,Bregma −0.19,SEDR,1,16,0.6598963712,0.90493468799999999,0.99114272820000004
Bregma −0.19,Bregma −0.19,SEDR,1,17,0.65809476879999995,0.7862838915,0.96563919949999999
Bregma −0.19,Bregma −0.19,SEDR,1,18,0.80252988729999986,0.96078431369999995,0.99787470590000005
Bregma −0.19,Bregma −0.19,SEDR,1,19,0.79742348350000003,0.9230769231,0.99499049340000001
Bregma −0.19,Bregma −0.19,SEDR,1,20,0.79268743360000005,0.90493468799999999,0.99174374009999999
Bregma −0.19,Bregma −0.19,SEDR,2,4,0.67350648580000005,0.94193061840000003,0.99707550509999998
Bregma −0.19,Bregma −0.19,SEDR,2,5,0.86155997390000005,0.9230769231,0.99739776349999998
Bregma −0.19,Bregma −0.19,SEDR,2,6,0.84830890699999995,0.9230769231,0.99745415869999998
Bregma −0.19,Bregma −0.19,SEDR,2,7,0.79268948920000004,0.9230769231,0.99633592209999999
Bregma −0.19,Bregma −0.19,SEDR,2,9,0.70020285579999986,0.9230769231,0.99719796329999999
Bregma −0.19,Bregma −0.19,SEDR,2,10,0.87163724769999995,0.94193061840000003,0.99810512070000001
Bregma −0.19,Bregma −0.19,SEDR,2,11,0.85340950159999995,0.96078431369999995,0.99785537040000005
Bregma −0.19,Bregma −0.19,SEDR,2,12,0.80590041850000005,0.94193061840000003,0.99732847800000002
Bregma −0.19,Bregma −0.19,SEDR,2,13,0.85607456810000004,0.9230769231,0.99733331179999996
Bregma −0.19,Bregma −0.19,SEDR,2,16,0.60231055450000004,0.86932215229999987,0.99156649799999996
Bregma −0.19,Bregma −0.19,SEDR,2,17,0.7197449132,0.85248713549999988,0.98875801620000003
Bregma −0.19,Bregma −0.19,SEDR,2,18,0.82822904389999985,0.94193061840000003,0.99479552709999997
Bregma −0.19,Bregma −0.19,SEDR,2,19,0.88719337310000002,0.96078431369999995,0.99861912279999998
Bregma −0.19,Bregma −0.19,SEDR,3,8,0.72021810929999985,0.9230769231,0.99017595309999995
Bregma −0.19,Bregma −0.19,SEDR,3,12,0.69180267470000001,0.87062937060000001,0.98028584320000001
Bregma −0.19,Bregma −0.19,SEDR,3,15,0.83750944490000001,0.9230769231,0.9973204215
Bregma −0.19,Bregma −0.19,SEDR,3,17,0.59545931939999985,0.82058920889999987,0.97822500079999997
Bregma −0.19,Bregma −0.19,SEDR,3,18,0.71586238619999987,0.90493468799999999,0.98957010729999995
Bregma −0.19,Bregma −0.19,SEDR,3,19,0.73561321680000002,0.88679245279999985,0.99200960329999999
Bregma −0.19,Bregma −0.19,SEDR,3,20,0.71672968690000005,0.90493468799999999,0.98709194030000003
Bregma −0.19,Bregma −0.19,SEDR,4,5,0.63835836700000004,0.83873144399999988,0.96833811349999999
Bregma −0.19,Bregma −0.19,SEDR,4,6,0.6471814468,0.9230769231,0.99623763330000004
Bregma −0.19,Bregma −0.19,SEDR,4,7,0.59080864649999987,0.83873144399999988,0.96519770549999995
Bregma −0.19,Bregma −0.19,SEDR,4,8,0.64197812229999995,0.75438596489999987,0.94493409819999996
Bregma −0.19,Bregma −0.19,SEDR,4,9,0.7401721,0.7427884615,0.89495665619999987
Bregma −0.19,Bregma −0.19,SEDR,4,10,0.64752484430000001,0.85439560439999995,0.97657826039999995
Bregma −0.19,Bregma −0.19,SEDR,4,11,0.62187418139999995,0.83873144399999988,0.97475427800000003
Bregma −0.19,Bregma −0.19,SEDR,4,12,0.65722967310000002,0.85758513930000002,0.9699461828
Bregma −0.19,Bregma −0.19,SEDR,4,13,0.64259444529999987,0.72413793100000001,0.94141987049999998
Bregma −0.19,Bregma −0.19,SEDR,4,16,0.54328145530000005,0.8031189084,0.96726660440000001
Bregma −0.19,Bregma −0.19,SEDR,4,17,0.64855092910000001,0.6584429825,0.83356321099999986
Bregma −0.19,Bregma −0.19,SEDR,4,18,0.60829727379999987,0.80194805189999985,0.95403145239999998
Bregma −0.19,Bregma −0.19,SEDR,4,19,0.65514455199999988,0.739261948,0.94562534239999996
Bregma −0.19,Bregma −0.19,SEDR,4,20,0.64684959720000001,0.75492610839999985,0.94824530309999999
Bregma −0.19,Bregma −0.19,SEDR,5,6,0.81840421050000001,0.90493468799999999,0.99352582899999997
Bregma −0.19,Bregma −0.19,SEDR,5,7,0.76494067629999996,0.9230769231,0.99422512969999999
Bregma −0.19,Bregma −0.19,SEDR,5,9,0.67943682500000002,0.85439560439999995,0.96880216559999999
Bregma −0.19,Bregma −0.19,SEDR,5,10,0.87974292350000005,0.96078431369999995,0.99816796109999995
Bregma −0.19,Bregma −0.19,SEDR,5,11,0.84935094349999996,0.9230769231,0.99612323160000005
Bregma −0.19,Bregma −0.19,SEDR,5,12,0.80073488999999987,0.9230769231,0.99694015660000002
Bregma −0.19,Bregma −0.19,SEDR,5,13,0.84069238270000002,0.96078431369999995,0.99717218269999996
Bregma −0.19,Bregma −0.19,SEDR,5,16,0.58820204359999995,0.82058920889999987,0.97232444969999998
Bregma −0.19,Bregma −0.19,SEDR,5,17,0.68655260979999988,0.83625336930000005,0.98770423129999996
Bregma −0.19,Bregma −0.19,SEDR,5,18,0.82917277810000001,0.94193061840000003,0.99748316199999998
Bregma −0.19,Bregma −0.19,SEDR,5,19,0.85200844809999987,0.9230769231,0.99622957690000002
Bregma −0.19,Bregma −0.19,SEDR,5,20,0.85422692619999985,0.9230769231,0.9968563694
Bregma −0.19,Bregma −0.19,SEDR,6,7,0.74864014229999987,0.88679245279999985,0.99005994009999998
Bregma −0.19,Bregma −0.19,SEDR,6,8,0.81692742060000001,0.9230769231,0.99041925819999999
Bregma −0.19,Bregma −0.19,SEDR,6,9,0.67684550560000001,0.88679245279999985,0.98642003160000002
Bregma −0.19,Bregma −0.19,SEDR,6,10,0.80610716429999985,0.9230769231,0.99632947699999996
Bregma −0.19,Bregma −0.19,SEDR,6,11,0.8194480032,0.9230769231,0.99735264739999996
Bregma −0.19,Bregma −0.19,SEDR,6,12,0.763728042,0.9230769231,0.99633108829999995
Bregma −0.19,Bregma −0.19,SEDR,6,13,0.82910179719999988,0.9230769231,0.99593632170000002
Bregma −0.19,Bregma −0.19,SEDR,6,16,0.58556259870000005,0.81818181820000002,0.98506332379999995
Bregma −0.19,Bregma −0.19,SEDR,6,17,0.67137458640000003,0.81878306879999985,0.97776094869999997
Bregma −0.19,Bregma −0.19,SEDR,6,18,0.77832624800000005,0.88679245279999985,0.98325867680000001
Bregma −0.19,Bregma −0.19,SEDR,6,19,0.84073279940000001,0.9230769231,0.99258000059999996
Bregma −0.19,Bregma −0.19,SEDR,6,20,0.8273281441,0.90493468799999999,0.98853404659999999
Bregma −0.19,Bregma −0.19,SEDR,7,9,0.61116044700000005,0.90493468799999999,0.9957204086
Bregma −0.19,Bregma −0.19,SEDR,7,10,0.79270199320000001,0.9230769231,0.99623118820000001
Bregma −0.19,Bregma −0.19,SEDR,7,11,0.78162702260000005,0.9230769231,0.99691759849999995
Bregma −0.19,Bregma −0.19,SEDR,7,12,0.73412439829999987,0.9230769231,0.98494731079999998
Bregma −0.19,Bregma −0.19,SEDR,7,13,0.7766595355,0.9230769231,0.99156166410000002
Bregma −0.19,Bregma −0.19,SEDR,7,16,0.52631746140000002,0.85758513930000002,0.97359092520000001
Bregma −0.19,Bregma −0.19,SEDR,7,17,0.6421222915,0.83625336930000005,0.98122683769999997
Bregma −0.19,Bregma −0.19,SEDR,7,18,0.75638873829999986,0.90493468799999999,0.99068995520000003
Bregma −0.19,Bregma −0.19,SEDR,7,19,0.78017512160000002,0.88679245279999985,0.99578002639999996
Bregma −0.19,Bregma −0.19,SEDR,7,20,0.78538099579999987,0.9230769231,0.99569140540000001
Bregma −0.19,Bregma −0.19,SEDR,8,9,0.70211878439999986,0.9230769231,0.99705133580000005
Bregma −0.19,Bregma −0.19,SEDR,8,10,0.84465113359999988,0.94193061840000003,0.99578324900000004
Bregma −0.19,Bregma −0.19,SEDR,8,12,0.78005197199999987,0.9230769231,0.99682575490000003
Bregma −0.19,Bregma −0.19,SEDR,8,17,0.72381420419999987,0.9230769231,0.99462634139999995
Bregma −0.19,Bregma −0.19,SEDR,8,18,0.8147735935,0.94193061840000003,0.99573974409999999
Bregma −0.19,Bregma −0.19,SEDR,8,19,0.86227511810000002,0.96078431369999995,0.99820018690000001
Bregma −0.19,Bregma −0.19,SEDR,8,20,0.87955690909999995,0.94193061840000003,0.99862073409999996
Bregma −0.19,Bregma −0.19,SEDR,9,10,0.6785584697,0.87062937060000001,0.97104830649999996
Bregma −0.19,Bregma −0.19,SEDR,9,11,0.65039107679999986,0.85439560439999995,0.96617575970000003
Bregma −0.19,Bregma −0.19,SEDR,9,12,0.60808883619999987,0.67410714289999984,0.86448873709999985
Bregma −0.19,Bregma −0.19,SEDR,9,13,0.70183324130000002,0.92378838330000002,0.99333891910000005
Bregma −0.19,Bregma −0.19,SEDR,9,16,0.59631818719999985,0.6584429825,0.87337823469999987
Bregma −0.19,Bregma −0.19,SEDR,9,17,0.68243282719999987,0.90493468799999999,0.98386291130000003
Bregma −0.19,Bregma −0.19,SEDR,9,18,0.65514005500000005,0.87062937060000001,0.98279784729999997
Bregma −0.19,Bregma −0.19,SEDR,9,19,0.70672074119999995,0.92378838330000002,0.99663723370000001
Bregma −0.19,Bregma −0.19,SEDR,9,20,0.72121279650000003,0.9230769231,0.99576713610000001
Bregma −0.19,Bregma −0.19,SEDR,10,11,0.87120803209999986,0.96078431369999995,0.99823724660000002
Bregma −0.19,Bregma −0.19,SEDR,10,12,0.81126937769999985,0.94193061840000003,0.99768779610000002
Bregma −0.19,Bregma −0.19,SEDR,10,13,0.85689714930000005,0.9230769231,0.99773130099999996
Bregma −0.19,Bregma −0.19,SEDR,10,16,0.59469063089999985,0.83625336930000005,0.98026811899999999
Bregma −0.19,Bregma −0.19,SEDR,10,17,0.70761835019999986,0.80194805189999985,0.96375076540000004
Bregma −0.19,Bregma −0.19,SEDR,10,18,0.84024086310000001,0.90493468799999999,0.9917807998
Bregma −0.19,Bregma −0.19,SEDR,10,19,0.85715612649999995,0.9230769231,0.99649060619999996
Bregma −0.19,Bregma −0.19,SEDR,10,20,0.85730945030000005,0.94193061840000003,0.99482936420000001
Bregma −0.19,Bregma −0.19,SEDR,11,12,0.79650271350000001,0.94193061840000003,0.99764429119999998
Bregma −0.19,Bregma −0.19,SEDR,11,13,0.85516151770000004,0.96078431369999995,0.99709484059999998
Bregma −0.19,Bregma −0.19,SEDR,11,16,0.58509806180000001,0.83873144399999988,0.97918049689999997
Bregma −0.19,Bregma −0.19,SEDR,11,17,0.68755612320000004,0.7862838915,0.96092778190000006
Bregma −0.19,Bregma −0.19,SEDR,11,18,0.80642441440000001,0.92378838330000002,0.9912700203
Bregma −0.19,Bregma −0.19,SEDR,11,19,0.8442610492,0.9230769231,0.99695465819999995
Bregma −0.19,Bregma −0.19,SEDR,11,20,0.82802737459999987,0.94193061840000003,0.99487931419999998
Bregma −0.19,Bregma −0.19,SEDR,12,13,0.78476491420000005,0.9230769231,0.99701266479999995
Bregma −0.19,Bregma −0.19,SEDR,12,16,0.52329341460000001,0.739261948,0.9419854339
Bregma −0.19,Bregma −0.19,SEDR,12,17,0.64448592859999987,0.69034090910000001,0.86468531469999987
Bregma −0.19,Bregma −0.19,SEDR,12,18,0.7638599398,0.92378838330000002,0.99183074989999997
Bregma −0.19,Bregma −0.19,SEDR,12,19,0.79467699839999995,0.9230769231,0.99653733359999996
Bregma −0.19,Bregma −0.19,SEDR,12,20,0.77186896729999988,0.9230769231,0.99625374629999996
Bregma −0.19,Bregma −0.19,SEDR,13,16,0.59128340049999994,0.739261948,0.94384325349999998
Bregma −0.19,Bregma −0.19,SEDR,13,17,0.71971706960000004,0.90493468799999999,0.99278785729999997
Bregma −0.19,Bregma −0.19,SEDR,13,18,0.82698215450000001,0.9230769231,0.99764106860000001
Bregma −0.19,Bregma −0.19,SEDR,13,19,0.8715435802,0.9230769231,0.99775063649999995
Bregma −0.19,Bregma −0.19,SEDR,13,20,0.86408733930000003,0.94193061840000003,0.99825013699999998
Bregma −0.19,Bregma −0.19,SEDR,16,17,0.5421902207,0.6584429825,0.89801166580000003
Bregma −0.19,Bregma −0.19,SEDR,16,18,0.5709057743,0.80546519189999988,0.96752118850000002
Bregma −0.19,Bregma −0.19,SEDR,16,19,0.58193425730000004,0.739261948,0.94421707320000003
Bregma −0.19,Bregma −0.19,SEDR,16,20,0.61128241009999995,0.72413793100000001,0.94387064549999999
Bregma −0.19,Bregma −0.19,SEDR,17,18,0.67117839810000002,0.86932215229999987,0.98871934520000004
Bregma −0.19,Bregma −0.19,SEDR,17,19,0.72331486909999987,0.9230769231,0.99588637170000005
Bregma −0.19,Bregma −0.19,SEDR,17,20,0.73457010739999995,0.9230769231,0.99307788990000001
Bregma −0.19,Bregma −0.19,SEDR,18,19,0.8177834289,0.9230769231,0.99469079309999997
Bregma −0.19,Bregma −0.19,SEDR,18,20,0.83093182840000002,0.94193061840000003,0.99526763559999998
Bregma −0.19,Bregma −0.19,SEDR,19,20,0.88385732179999987,0.96078431369999995,0.99843382420000004
Bregma −0.24,Bregma −0.24,GraphST,1,2,0.44876914089999997,0.83501683500000001,0.98073217109999999
Bregma −0.24,Bregma −0.24,GraphST,1,4,0.47900803930000002,0.81818181820000002,0.98184073989999998
Bregma −0.24,Bregma −0.24,GraphST,1,12,0.49034144239999999,0.83501683500000001,0.98229512419999998
Bregma −0.24,Bregma −0.24,GraphST,1,14,0.52908817819999998,0.81818181820000002,0.98157809929999995
Bregma −0.24,Bregma −0.24,GraphST,1,19,0.62333872300000004,0.90493468799999999,0.98855821600000005
Bregma −0.24,Bregma −0.24,GraphST,2,4,0.42005438569999998,0.85248713549999999,0.98498759309999995
Bregma −0.24,Bregma −0.24,GraphST,2,12,0.46258039719999999,0.80194805189999996,0.96210724759999999
Bregma −0.24,Bregma −0.24,GraphST,2,14,0.42529684690000003,0.81818181820000002,0.96817376170000002
Bregma −0.24,Bregma −0.24,GraphST,2,19,0.44405736169999999,0.83501683500000001,0.97457542460000002
Bregma −0.24,Bregma −0.24,GraphST,3,4,0.60466359410000003,0.88679245279999996,0.9888079662
Bregma −0.24,Bregma −0.24,GraphST,3,7,0.49984735190000001,0.85185185190000001,0.98566594699999999
Bregma −0.24,Bregma −0.24,GraphST,3,9,0.62741959079999998,0.86932215229999998,0.9830508201
Bregma −0.24,Bregma −0.24,GraphST,3,10,0.48464629120000002,0.86932215229999998,0.98585930200000005
Bregma −0.24,Bregma −0.24,GraphST,3,13,0.65200240009999999,0.88746438750000001,0.98340369309999998
Bregma −0.24,Bregma −0.24,GraphST,3,18,0.56700196960000004,0.83501683500000001,0.98714027910000002
Bregma −0.24,Bregma −0.24,GraphST,3,20,0.51947953099999999,0.88679245279999996,0.98675840290000005
Bregma −0.24,Bregma −0.24,GraphST,4,7,0.46080245520000002,0.83501683500000001,0.97821694429999995
Bregma −0.24,Bregma −0.24,GraphST,4,9,0.66133420740000004,0.85185185190000001,0.9795478715
Bregma −0.24,Bregma −0.24,GraphST,4,10,0.49422683899999997,0.86932215229999998,0.9876623377
Bregma −0.24,Bregma −0.24,GraphST,4,12,0.49845427399999997,0.86932215229999998,0.97861171089999999
Bregma −0.24,Bregma −0.24,GraphST,4,14,0.48057155169999999,0.81878306879999996,0.98147658790000003
Bregma −0.24,Bregma −0.24,GraphST,4,18,0.524386986,0.83501683500000001,0.97946408429999998
Bregma −0.24,Bregma −0.24,GraphST,4,19,0.51242518930000003,0.86932215229999998,0.98515677869999996
Bregma −0.24,Bregma −0.24,GraphST,4,20,0.48921928809999998,0.83501683500000001,0.98494408820000001
Bregma −0.24,Bregma −0.24,GraphST,5,6,0.55493762319999995,0.90493468799999999,0.99081885859999996
Bregma −0.24,Bregma −0.24,GraphST,5,8,0.58180066959999999,0.85185185190000001,0.98670361900000003
Bregma −0.24,Bregma −0.24,GraphST,5,11,0.56200491990000001,0.88679245279999996,0.99122168150000001
Bregma −0.24,Bregma −0.24,GraphST,5,15,0.55737660239999998,0.88679245279999996,0.98925429409999999
Bregma −0.24,Bregma −0.24,GraphST,6,8,0.58170405599999997,0.85185185190000001,0.98828268509999995
Bregma −0.24,Bregma −0.24,GraphST,6,11,0.61011862350000001,0.86932215229999998,0.99238020039999997
Bregma −0.24,Bregma −0.24,GraphST,6,15,0.53835586209999997,0.86932215229999998,0.98831652219999999
Bregma −0.24,Bregma −0.24,GraphST,7,9,0.46060506559999997,0.83501683500000001,0.97947375209999998
Bregma −0.24,Bregma −0.24,GraphST,7,10,0.56206356570000005,0.86932215229999998,0.98535496759999996
Bregma −0.24,Bregma −0.24,GraphST,7,11,0.54112994339999998,0.85248713549999999,0.98688891749999996
Bregma −0.24,Bregma −0.24,GraphST,7,13,0.47798595399999999,0.80194805189999996,0.98091424699999996
Bregma −0.24,Bregma −0.24,GraphST,7,18,0.52243421609999996,0.83501683500000001,0.9805710419
Bregma −0.24,Bregma −0.24,GraphST,7,20,0.58835010259999998,0.90493468799999999,0.98526151269999995
Bregma −0.24,Bregma −0.24,GraphST,8,11,0.60063979050000005,0.88679245279999996,0.98612516520000004
Bregma −0.24,Bregma −0.24,GraphST,8,15,0.58126970440000003,0.85185185190000001,0.98734813570000002
Bregma −0.24,Bregma −0.24,GraphST,9,10,0.44852524259999998,0.86932215229999998,0.98440108280000005
Bregma −0.24,Bregma −0.24,GraphST,9,11,0.52908714040000004,0.86932215229999998,0.98629112819999998
Bregma −0.24,Bregma −0.24,GraphST,9,13,0.63887687280000005,0.85185185190000001,0.98111404719999995
Bregma −0.24,Bregma −0.24,GraphST,9,18,0.56719283760000005,0.85439560439999995,0.98571911960000003
Bregma −0.24,Bregma −0.24,GraphST,9,20,0.49021868689999998,0.83501683500000001,0.98269311329999998
Bregma −0.24,Bregma −0.24,GraphST,10,13,0.44303414099999999,0.78799489140000001,0.968384841
Bregma −0.24,Bregma −0.24,GraphST,10,18,0.51875174099999999,0.86932215229999998,0.9910428281
Bregma −0.24,Bregma −0.24,GraphST,10,20,0.60093601870000002,0.88679245279999996,0.9927943025
Bregma −0.24,Bregma −0.24,GraphST,11,13,0.53544157810000004,0.80194805189999996,0.98041796910000001
Bregma −0.24,Bregma −0.24,GraphST,11,15,0.54751047490000004,0.86932215229999998,0.98840514319999995
Bregma −0.24,Bregma −0.24,GraphST,11,18,0.5586420822,0.83501683500000001,0.98612194259999997
Bregma −0.24,Bregma −0.24,GraphST,12,14,0.45948996930000002,0.80194805189999996,0.97635267960000005
Bregma −0.24,Bregma −0.24,GraphST,12,19,0.4592254315,0.85248713549999999,0.98995842869999995
Bregma −0.24,Bregma −0.24,GraphST,13,18,0.54598228260000004,0.85185185190000001,0.97816054910000005
Bregma −0.24,Bregma −0.24,GraphST,13,20,0.4972440085,0.7862838915,0.97620282940000003
Bregma −0.24,Bregma −0.24,GraphST,14,19,0.56081060069999999,0.85185185190000001,0.98585446809999999
Bregma −0.24,Bregma −0.24,GraphST,14,20,0.49936078280000001,0.85185185190000001,0.97343785250000003
Bregma −0.24,Bregma −0.24,GraphST,18,20,0.55965588610000006,0.83501683500000001,0.98846798359999999
Bregma −0.24,Bregma −0.24,GraphST,19,20,0.62687697279999999,0.90493468799999999,0.98616866999999997
Bregma −0.24,Bregma −0.24,STAGATE,1,11,0.54487109730000005,0.69540229890000005,0.88557410329999997
Bregma −0.24,Bregma −0.24,STAGATE,1,13,0.56891692279999995,0.68079096049999999,0.89760400890000003
Bregma −0.24,Bregma −0.24,STAGATE,1,15,0.55061328060000003,0.68174109670000005,0.9317215043
Bregma −0.24,Bregma −0.24,STAGATE,3,12,0.73353597140000004,0.86932215229999998,0.99238825689999999
Bregma −0.24,Bregma −0.24,STAGATE,3,13,0.57479008870000003,0.76306835760000002,0.92808159580000005
Bregma −0.24,Bregma −0.24,STAGATE,3,14,0.67418948249999999,0.86932215229999998,0.9774741388
Bregma −0.24,Bregma −0.24,STAGATE,3,15,0.51352486529999997,0.64642375169999999,0.91021075699999998
Bregma −0.24,Bregma −0.24,STAGATE,3,17,0.69922942109999997,0.88679245279999996,0.98132512650000003
Bregma −0.24,Bregma −0.24,STAGATE,3,18,0.61977633809999999,0.81818181820000002,0.95926815119999997
Bregma −0.24,Bregma −0.24,STAGATE,4,8,0.71222740790000005,0.88679245279999996,0.97905803869999997
Bregma −0.24,Bregma −0.24,STAGATE,4,16,0.58777056380000003,0.86932215229999998,0.97175244110000003
Bregma −0.24,Bregma −0.24,STAGATE,5,6,0.6301535801,0.71252927399999999,0.89646160289999999
Bregma −0.24,Bregma −0.24,STAGATE,5,14,0.76098946909999998,0.90493468799999999,0.99518384839999996
Bregma −0.24,Bregma −0.24,STAGATE,5,17,0.78337326910000005,0.9230769231,0.99091714740000003
Bregma −0.24,Bregma −0.24,STAGATE,5,19,0.82711926130000002,0.9230769231,0.99343398540000005
Bregma −0.24,Bregma −0.24,STAGATE,5,20,0.62873230690000004,0.83501683500000001,0.96812703430000002
Bregma −0.24,Bregma −0.24,STAGATE,6,12,0.83614039819999997,0.85439560439999995,0.97243885149999998
Bregma −0.24,Bregma −0.24,STAGATE,6,14,0.71077676410000001,0.71052631580000003,0.88375173210000002
Bregma −0.24,Bregma −0.24,STAGATE,6,17,0.68610142249999995,0.71252927399999999,0.89907189580000002
Bregma −0.24,Bregma −0.24,STAGATE,6,19,0.67754965990000005,0.74242424240000005,0.89685314689999995
Bregma −0.24,Bregma −0.24,STAGATE,7,9,0.51257395250000004,0.66712975829999999,0.92443201959999999
Bregma −0.24,Bregma −0.24,STAGATE,7,10,0.48347620959999998,0.68174109670000005,0.84936192840000002
Bregma −0.24,Bregma −0.24,STAGATE,7,16,0.59894220750000005,0.66666666669999997,0.90122135930000002
Bregma −0.24,Bregma −0.24,STAGATE,9,10,0.6066030362,0.66208791209999995,0.85969997740000004
Bregma −0.24,Bregma −0.24,STAGATE,9,16,0.63581294129999999,0.83501683500000001,0.95868647480000002
Bregma −0.24,Bregma −0.24,STAGATE,11,13,0.67886853189999996,0.88679245279999996,0.99204344040000003
Bregma −0.24,Bregma −0.24,STAGATE,12,14,0.74642672450000003,0.88746438750000001,0.97650575230000003
Bregma −0.24,Bregma −0.24,STAGATE,12,15,0.50820539170000001,0.6836445954,0.91507202470000004
Bregma −0.24,Bregma −0.24,STAGATE,12,17,0.72487697709999999,0.85248713549999999,0.9774934743
Bregma −0.24,Bregma −0.24,STAGATE,12,18,0.6299445508,0.83501683500000001,0.95149527889999996
Bregma −0.24,Bregma −0.24,STAGATE,13,15,0.49645444010000001,0.5504807692,0.82418710319999999
Bregma −0.24,Bregma −0.24,STAGATE,13,18,0.63392385110000005,0.75654853619999995,0.89789404139999995
Bregma −0.24,Bregma −0.24,STAGATE,14,17,0.79958396840000001,0.94193061840000003,0.99194354029999998
Bregma −0.24,Bregma −0.24,STAGATE,14,18,0.7580492191,0.86932215229999998,0.97885340470000004
Bregma −0.24,Bregma −0.24,STAGATE,14,19,0.79987876579999995,0.9230769231,0.99129096709999998
Bregma −0.24,Bregma −0.24,STAGATE,15,18,0.5508338787,0.69930875579999996,0.91726821569999994
Bregma −0.24,Bregma −0.24,STAGATE,17,18,0.66345148639999996,0.81818181820000002,0.97009119909999997
Bregma −0.24,Bregma −0.24,STAGATE,19,20,0.67805042930000003,0.85185185190000001,0.9743305082
Bregma −0.24,Bregma −0.24,SpaGCN,1,2,0.52821654110000005,0.85185185190000001,0.97795752629999999
Bregma −0.24,Bregma −0.24,SpaGCN,1,6,0.51692397779999999,0.85185185190000001,0.98308626860000004
Bregma −0.24,Bregma −0.24,SpaGCN,1,7,0.46658190459999999,0.81878306879999996,0.97415004350000001
Bregma −0.24,Bregma −0.24,SpaGCN,1,12,0.54789286250000002,0.86932215229999998,0.98216944350000002
Bregma −0.24,Bregma −0.24,SpaGCN,1,20,0.4803218802,0.81878306879999996,0.98218072249999999
Bregma −0.24,Bregma −0.24,SpaGCN,2,18,0.67963128569999998,0.9230769231,0.995937933
Bregma −0.24,Bregma −0.24,SpaGCN,3,4,0.45550667249999999,0.83501683500000001,0.98373561919999997
Bregma −0.24,Bregma −0.24,SpaGCN,3,5,0.46950990310000001,0.85185185190000001,0.99188875639999996
Bregma −0.24,Bregma −0.24,SpaGCN,3,8,0.57335217589999998,0.88679245279999996,0.99511939670000005
Bregma −0.24,Bregma −0.24,SpaGCN,4,10,0.48088688969999999,0.88679245279999996,0.98482646389999995
Bregma −0.24,Bregma −0.24,SpaGCN,4,15,0.4395213194,0.85248713549999999,0.98479584929999997
Bregma −0.24,Bregma −0.24,SpaGCN,4,16,0.45155446459999998,0.86932215229999998,0.98780252010000003
Bregma −0.24,Bregma −0.24,SpaGCN,5,8,0.52169790459999998,0.86932215229999998,0.99035319519999998
Bregma −0.24,Bregma −0.24,SpaGCN,5,13,0.57777603020000001,0.90493468799999999,0.99435886689999997
Bregma −0.24,Bregma −0.24,SpaGCN,5,14,0.54374187860000001,0.88679245279999996,0.99282975090000003
Bregma −0.24,Bregma −0.24,SpaGCN,5,19,0.62599512710000005,0.9230769231,0.99298765749999995
Bregma −0.24,Bregma −0.24,SpaGCN,6,7,0.68478857230000001,0.88679245279999996,0.99570751830000004
Bregma −0.24,Bregma −0.24,SpaGCN,6,11,0.38048239890000002,0.85185185190000001,0.98455737809999999
Bregma −0.24,Bregma −0.24,SpaGCN,6,12,0.56337246549999997,0.83501683500000001,0.99461506239999997
Bregma −0.24,Bregma −0.24,SpaGCN,6,17,0.56123425380000003,0.90493468799999999,0.99499854980000002
Bregma −0.24,Bregma −0.24,SpaGCN,6,20,0.51663178369999996,0.86932215229999998,0.9927379073
Bregma −0.24,Bregma −0.24,SpaGCN,7,11,0.42667088809999998,0.86932215229999998,0.99271534920000004
Bregma −0.24,Bregma −0.24,SpaGCN,7,12,0.54521320559999997,0.90493468799999999,0.99537236959999997
Bregma −0.24,Bregma −0.24,SpaGCN,7,20,0.54161687069999997,0.86932215229999998,0.99203055009999996
Bregma −0.24,Bregma −0.24,SpaGCN,8,13,0.48884290400000002,0.9230769231,0.99157616579999996
Bregma −0.24,Bregma −0.24,SpaGCN,8,14,0.54638377149999995,0.90493468799999999,0.99261061520000005
Bregma −0.24,Bregma −0.24,SpaGCN,8,19,0.59591539940000005,0.86932215229999998,0.99411878440000001
Bregma −0.24,Bregma −0.24,SpaGCN,10,15,0.56082497239999995,0.86932215229999998,0.98614288939999994
Bregma −0.24,Bregma −0.24,SpaGCN,10,16,0.44559350889999999,0.85185185190000001,0.9817343946
Bregma −0.24,Bregma −0.24,SpaGCN,11,12,0.37874652800000003,0.82058920889999998,0.96845412649999996
Bregma −0.24,Bregma −0.24,SpaGCN,11,14,0.3518797501,0.83501683500000001,0.97237762240000003
Bregma −0.24,Bregma −0.24,SpaGCN,11,17,0.40308651309999999,0.86932215229999998,0.99014211590000001
Bregma −0.24,Bregma −0.24,SpaGCN,11,20,0.47451615879999998,0.88679245279999996,0.99209983560000004
Bregma −0.24,Bregma −0.24,SpaGCN,12,17,0.56357620500000005,0.86932215229999998,0.99397699080000002
Bregma −0.24,Bregma −0.24,SpaGCN,12,20,0.56852473429999995,0.88679245279999996,0.99392220679999999
Bregma −0.24,Bregma −0.24,SpaGCN,13,14,0.56539816279999999,0.90493468799999999,0.99594437820000004
Bregma −0.24,Bregma −0.24,SpaGCN,13,17,0.46906320959999998,0.85248713549999999,0.99074635040000003
Bregma −0.24,Bregma −0.24,SpaGCN,13,19,0.53148784329999998,0.86932215229999998,0.9911088911
Bregma −0.24,Bregma −0.24,SpaGCN,14,17,0.47867716980000002,0.86932215229999998,0.99163094969999999
Bregma −0.24,Bregma −0.24,SpaGCN,14,19,0.56005176800000001,0.9230769231,0.99144403979999995
Bregma −0.24,Bregma −0.24,SpaGCN,15,16,0.44148844910000001,0.83625336930000005,0.98317972350000005
Bregma −0.24,Bregma −0.24,SpaGCN,17,19,0.49784787699999999,0.88679245279999996,0.9896603397
Bregma −0.24,Bregma −0.24,SpaGCN,17,20,0.6415772837,0.88679245279999996,0.99381263900000005
Bregma −0.24,Bregma −0.24,BANKSY,1,12,1,1,1
Bregma −0.24,Bregma −0.24,BANKSY,1,13,1,1,1
Bregma −0.24,Bregma −0.24,BANKSY,2,5,0.98867275850000003,1,1
Bregma −0.24,Bregma −0.24,BANKSY,2,8,0.70339807970000001,0.98039215690000003,0.9997631401
Bregma −0.24,Bregma −0.24,BANKSY,2,15,0.54083354660000005,0.96078431369999995,0.99970835619999998
Bregma −0.24,Bregma −0.24,BANKSY,2,16,0.5989070152,0.96078431369999995,0.99957623019999997
Bregma −0.24,Bregma −0.24,BANKSY,2,17,0.93899833899999996,1,0.99995005000000003
Bregma −0.24,Bregma −0.24,BANKSY,2,19,0.64522584760000001,0.96078431369999995,0.99981147879999999
Bregma −0.24,Bregma −0.24,BANKSY,2,20,0.7019462461,0.98039215690000003,0.9997631401
Bregma −0.24,Bregma −0.24,BANKSY,3,4,0.9723316581,1,0.99988720959999999
Bregma −0.24,Bregma −0.24,BANKSY,3,6,0.99881131609999996,1,1
Bregma −0.24,Bregma −0.24,BANKSY,3,7,0.99841501990000003,1,1
Bregma −0.24,Bregma −0.24,BANKSY,3,8,0.63407991109999995,0.98039215690000003,0.99936837359999997
Bregma −0.24,Bregma −0.24,BANKSY,3,9,0.99614653669999997,1,1
Bregma −0.24,Bregma −0.24,BANKSY,3,10,0.9723316581,1,0.99988720959999999
Bregma −0.24,Bregma −0.24,BANKSY,3,11,0.98936962289999997,1,1
Bregma −0.24,Bregma −0.24,BANKSY,3,14,0.7580711779,0.96078431369999995,0.99956817379999996
Bregma −0.24,Bregma −0.24,BANKSY,3,16,0.92461062719999998,0.96078431369999995,0.99966646260000003
Bregma −0.24,Bregma −0.24,BANKSY,3,17,0.65809279279999999,0.96078431369999995,0.99951177849999995
Bregma −0.24,Bregma −0.24,BANKSY,3,18,0.99881131609999996,1,1
Bregma −0.24,Bregma −0.24,BANKSY,3,19,0.58722115529999996,0.96078431369999995,0.99950855599999999
Bregma −0.24,Bregma −0.24,BANKSY,3,20,0.63385920969999998,0.98039215690000003,0.99936837359999997
Bregma −0.24,Bregma −0.24,BANKSY,4,6,0.97173448179999999,1,0.99988720959999999
Bregma −0.24,Bregma −0.24,BANKSY,4,7,0.97328297630000005,1,0.99988720959999999
Bregma −0.24,Bregma −0.24,BANKSY,4,8,0.63956369199999996,0.98039215690000003,0.99938770909999997
Bregma −0.24,Bregma −0.24,BANKSY,4,9,0.97204983960000002,1,0.99988720959999999
Bregma −0.24,Bregma −0.24,BANKSY,4,10,1,1,1
Bregma −0.24,Bregma −0.24,BANKSY,4,11,0.96311567870000003,1,0.99988720959999999
Bregma −0.24,Bregma −0.24,BANKSY,4,14,0.77378225099999998,0.96078431369999995,0.99959073180000002
Bregma −0.24,Bregma −0.24,BANKSY,4,16,0.90815035030000002,0.96078431369999995,0.99969385450000003
Bregma −0.24,Bregma −0.24,BANKSY,4,17,0.67115005650000004,0.96078431369999995,0.9995359479
Bregma −0.24,Bregma −0.24,BANKSY,4,18,0.97173448179999999,1,0.99988720959999999
Bregma −0.24,Bregma −0.24,BANKSY,4,19,0.58298918170000003,0.96078431369999995,0.99952789149999999
Bregma −0.24,Bregma −0.24,BANKSY,4,20,0.63930514189999998,0.98039215690000003,0.99938770909999997
Bregma −0.24,Bregma −0.24,BANKSY,5,8,0.69969527929999997,0.98039215690000003,0.9997631401
Bregma −0.24,Bregma −0.24,BANKSY,5,15,0.53966381990000001,0.96078431369999995,0.99970835619999998
Bregma −0.24,Bregma −0.24,BANKSY,5,16,0.59818620020000002,0.96078431369999995,0.99957623019999997
Bregma −0.24,Bregma −0.24,BANKSY,5,17,0.93572373340000004,1,0.99995005000000003
Bregma −0.24,Bregma −0.24,BANKSY,5,19,0.64960114830000004,0.96078431369999995,0.99981147879999999
Bregma −0.24,Bregma −0.24,BANKSY,5,20,0.69827304550000002,0.98039215690000003,0.9997631401
Bregma −0.24,Bregma −0.24,BANKSY,6,7,0.99841505109999995,1,1
Bregma −0.24,Bregma −0.24,BANKSY,6,8,0.63417685660000001,0.98039215690000003,0.99936837359999997
Bregma −0.24,Bregma −0.24,BANKSY,6,9,0.99496194819999995,1,1
Bregma −0.24,Bregma −0.24,BANKSY,6,10,0.97173448179999999,1,0.99988720959999999
Bregma −0.24,Bregma −0.24,BANKSY,6,11,0.98818530410000005,1,1
Bregma −0.24,Bregma −0.24,BANKSY,6,14,0.75857212289999998,0.96078431369999995,0.99956817379999996
Bregma −0.24,Bregma −0.24,BANKSY,6,16,0.92346716969999998,0.96078431369999995,0.99966646260000003
Bregma −0.24,Bregma −0.24,BANKSY,6,17,0.65840026730000001,0.96078431369999995,0.99951177849999995
Bregma −0.24,Bregma −0.24,BANKSY,6,18,1,1,1
Bregma −0.24,Bregma −0.24,BANKSY,6,19,0.5876762069,0.96078431369999995,0.99950855599999999
Bregma −0.24,Bregma −0.24,BANKSY,6,20,0.63395326569999999,0.98039215690000003,0.99936837359999997
Bregma −0.24,Bregma −0.24,BANKSY,7,8,0.63446313730000004,0.98039215690000003,0.99936837359999997
Bregma −0.24,Bregma −0.24,BANKSY,7,9,0.99456659859999996,1,1
Bregma −0.24,Bregma −0.24,BANKSY,7,10,0.97328297630000005,1,0.99988720959999999
Bregma −0.24,Bregma −0.24,BANKSY,7,11,0.98779651680000002,1,1
Bregma −0.24,Bregma −0.24,BANKSY,7,14,0.75884022659999995,0.96078431369999995,0.99956817379999996
Bregma −0.24,Bregma −0.24,BANKSY,7,16,0.92311357599999999,0.96078431369999995,0.99966646260000003
Bregma −0.24,Bregma −0.24,BANKSY,7,17,0.65878564159999997,0.96078431369999995,0.99951177849999995
Bregma −0.24,Bregma −0.24,BANKSY,7,18,0.99841505109999995,1,1
Bregma −0.24,Bregma −0.24,BANKSY,7,19,0.58740732539999996,0.96078431369999995,0.99950855599999999
Bregma −0.24,Bregma −0.24,BANKSY,7,20,0.63423947970000005,0.98039215690000003,0.99936837359999997
Bregma −0.24,Bregma −0.24,BANKSY,8,9,0.63299839229999999,0.98039215690000003,0.99936837359999997
Bregma −0.24,Bregma −0.24,BANKSY,8,10,0.63956369199999996,0.98039215690000003,0.99938770909999997
Bregma −0.24,Bregma −0.24,BANKSY,8,11,0.63193303840000004,0.98039215690000003,0.99936837359999997
Bregma −0.24,Bregma −0.24,BANKSY,8,14,0.73868255049999998,0.98039215690000003,0.99969546580000002
Bregma −0.24,Bregma −0.24,BANKSY,8,16,0.61243861919999998,0.96078431369999995,0.99933131379999995
Bregma −0.24,Bregma −0.24,BANKSY,8,17,0.71580152200000002,0.98039215690000003,0.99974219330000003
Bregma −0.24,Bregma −0.24,BANKSY,8,18,0.63417685660000001,0.98039215690000003,0.99936837359999997
Bregma −0.24,Bregma −0.24,BANKSY,8,19,0.53616067990000005,0.96078431369999995,0.99967129639999996
Bregma −0.24,Bregma −0.24,BANKSY,8,20,0.99459263470000003,1,1
Bregma −0.24,Bregma −0.24,BANKSY,9,10,0.97204983960000002,1,0.99988720959999999
Bregma −0.24,Bregma −0.24,BANKSY,9,11,0.99083567240000003,1,1
Bregma −0.24,Bregma −0.24,BANKSY,9,14,0.75732813470000004,0.96078431369999995,0.99956817379999996
Bregma −0.24,Bregma −0.24,BANKSY,9,16,0.92827780400000004,0.96078431369999995,0.99966646260000003
Bregma −0.24,Bregma −0.24,BANKSY,9,17,0.65660379270000002,0.96078431369999995,0.99951177849999995
Bregma −0.24,Bregma −0.24,BANKSY,9,18,0.99496194819999995,1,1
Bregma −0.24,Bregma −0.24,BANKSY,9,19,0.58650176399999998,0.96078431369999995,0.99950855599999999
Bregma −0.24,Bregma −0.24,BANKSY,9,20,0.6327841166,0.98039215690000003,0.99936837359999997
Bregma −0.24,Bregma −0.24,BANKSY,10,11,0.96311567870000003,1,0.99988720959999999
Bregma −0.24,Bregma −0.24,BANKSY,10,14,0.77378225099999998,0.96078431369999995,0.99959073180000002
Bregma −0.24,Bregma −0.24,BANKSY,10,16,0.90815035030000002,0.96078431369999995,0.99969385450000003
Bregma −0.24,Bregma −0.24,BANKSY,10,17,0.67115005650000004,0.96078431369999995,0.9995359479
Bregma −0.24,Bregma −0.24,BANKSY,10,18,0.97173448179999999,1,0.99988720959999999
Bregma −0.24,Bregma −0.24,BANKSY,10,19,0.58298918170000003,0.96078431369999995,0.99952789149999999
Bregma −0.24,Bregma −0.24,BANKSY,10,20,0.63930514189999998,0.98039215690000003,0.99938770909999997
Bregma −0.24,Bregma −0.24,BANKSY,11,14,0.75174337629999999,0.96078431369999995,0.99956817379999996
Bregma −0.24,Bregma −0.24,BANKSY,11,16,0.93018775070000004,0.96078431369999995,0.99966646260000003
Bregma −0.24,Bregma −0.24,BANKSY,11,17,0.6531146444,0.96078431369999995,0.99951177849999995
Bregma −0.24,Bregma −0.24,BANKSY,11,18,0.98818530410000005,1,1
Bregma −0.24,Bregma −0.24,BANKSY,11,19,0.58782609519999995,0.96078431369999995,0.99950855599999999
Bregma −0.24,Bregma −0.24,BANKSY,11,20,0.63172481179999995,0.98039215690000003,0.99936837359999997
Bregma −0.24,Bregma −0.24,BANKSY,12,13,1,1,1
Bregma −0.24,Bregma −0.24,BANKSY,14,16,0.71713767890000002,0.96078431369999995,0.99967935289999998
Bregma −0.24,Bregma −0.24,BANKSY,14,17,0.83460811359999998,0.98039215690000003,0.999895266
Bregma −0.24,Bregma −0.24,BANKSY,14,18,0.75857212289999998,0.96078431369999995,0.99956817379999996
Bregma −0.24,Bregma −0.24,BANKSY,14,19,0.58110642909999999,0.96078431369999995,0.99978892080000004
Bregma −0.24,Bregma −0.24,BANKSY,14,20,0.7375689849,0.98039215690000003,0.99969546580000002
Bregma −0.24,Bregma −0.24,BANKSY,15,16,0.78282497429999998,0.96078431369999995,0.99957139630000003
Bregma −0.24,Bregma −0.24,BANKSY,15,17,0.56215375889999997,0.96078431369999995,0.99971963519999996
Bregma −0.24,Bregma −0.24,BANKSY,15,19,0.61103929369999999,0.96078431369999995,0.99972446910000001
Bregma −0.24,Bregma −0.24,BANKSY,15,20,0.59064283610000001,0.98039215690000003,0.99961006740000002
Bregma −0.24,Bregma −0.24,BANKSY,16,17,0.62198605630000003,0.96078431369999995,0.99958106410000003
Bregma −0.24,Bregma −0.24,BANKSY,16,18,0.92346716969999998,0.96078431369999995,0.99966646260000003
Bregma −0.24,Bregma −0.24,BANKSY,16,19,0.58292990590000004,0.96078431369999995,0.99967451900000004
Bregma −0.24,Bregma −0.24,BANKSY,16,20,0.61250774600000002,0.96078431369999995,0.99933131379999995
Bregma −0.24,Bregma −0.24,BANKSY,17,18,0.65840026730000001,0.96078431369999995,0.99951177849999995
Bregma −0.24,Bregma −0.24,BANKSY,17,19,0.62221076180000001,0.96078431369999995,0.99979536589999995
Bregma −0.24,Bregma −0.24,BANKSY,17,20,0.71423747859999998,0.98039215690000003,0.99974219330000003
Bregma −0.24,Bregma −0.24,BANKSY,18,19,0.5876762069,0.96078431369999995,0.99950855599999999
Bregma −0.24,Bregma −0.24,BANKSY,18,20,0.63395326569999999,0.98039215690000003,0.99936837359999997
Bregma −0.24,Bregma −0.24,BANKSY,19,20,0.53523225029999999,0.96078431369999995,0.99967129639999996
Bregma −0.24,Bregma −0.24,SEDR,1,2,0.61098306040000006,0.82360742710000001,0.95186426479999997
Bregma −0.24,Bregma −0.24,SEDR,1,3,0.80190084009999985,0.9230769231,0.99752022169999999
Bregma −0.24,Bregma −0.24,SEDR,1,7,0.71461925510000002,0.9230769231,0.99532564209999996
Bregma −0.24,Bregma −0.24,SEDR,1,12,0.70839947469999986,0.88746438750000001,0.98584318910000002
Bregma −0.24,Bregma −0.24,SEDR,1,14,0.7032367947,0.90493468799999999,0.99538364859999995
Bregma −0.24,Bregma −0.24,SEDR,1,17,0.43262891390000002,0.74031477000000001,0.90467596920000004
Bregma −0.24,Bregma −0.24,SEDR,1,19,0.71683637119999988,0.88746438750000001,0.98565789049999997
Bregma −0.24,Bregma −0.24,SEDR,2,3,0.67386122000000004,0.82360742710000001,0.97651380880000005
Bregma −0.24,Bregma −0.24,SEDR,2,5,0.55388332110000005,0.60092213110000003,0.82853598009999985
Bregma −0.24,Bregma −0.24,SEDR,2,7,0.80171603700000005,0.96078431369999995,0.99831781119999996
Bregma −0.24,Bregma −0.24,SEDR,2,10,0.69682057480000004,0.83873144399999988,0.98129773450000002
Bregma −0.24,Bregma −0.24,SEDR,2,11,0.63436001239999995,0.82360742710000001,0.98464761050000005
Bregma −0.24,Bregma −0.24,SEDR,2,12,0.79881311460000004,0.90493468799999999,0.99640359639999998
Bregma −0.24,Bregma −0.24,SEDR,2,14,0.78418651360000002,0.90493468799999999,0.9951709581
Bregma −0.24,Bregma −0.24,SEDR,2,17,0.47811201079999988,0.70952659259999995,0.91087944310000002
Bregma −0.24,Bregma −0.24,SEDR,2,20,0.54661234510000001,0.68174109670000005,0.87164126200000003
Bregma −0.24,Bregma −0.24,SEDR,3,7,0.78885830619999986,0.94193061840000003,0.99730269729999999
Bregma −0.24,Bregma −0.24,SEDR,3,10,0.78930523929999985,0.96078431369999995,0.99331958359999994
Bregma −0.24,Bregma −0.24,SEDR,3,12,0.77201010299999995,0.87062937060000001,0.98884824849999997
Bregma −0.24,Bregma −0.24,SEDR,3,14,0.79149435560000003,0.90493468799999999,0.99652766589999997
Bregma −0.24,Bregma −0.24,SEDR,3,17,0.46444192309999988,0.72465060960000005,0.92035061709999999
Bregma −0.24,Bregma −0.24,SEDR,3,19,0.78007161940000003,0.88679245279999985,0.99002288029999996
Bregma −0.24,Bregma −0.24,SEDR,4,6,0.65050220000000003,0.83625336930000005,0.98558538240000004
Bregma −0.24,Bregma −0.24,SEDR,4,9,0.61279078190000003,0.85439560439999995,0.98050659019999997
Bregma −0.24,Bregma −0.24,SEDR,4,16,0.67215584939999995,0.88679245279999985,0.99712062130000001
Bregma −0.24,Bregma −0.24,SEDR,4,18,0.6492828719,0.85439560439999995,0.98456382330000003
Bregma −0.24,Bregma −0.24,SEDR,5,10,0.62385393739999995,0.68079096049999988,0.92421127260000002
Bregma −0.24,Bregma −0.24,SEDR,5,11,0.71076778949999986,0.72465060960000005,0.94407044569999998
Bregma −0.24,Bregma −0.24,SEDR,5,12,0.63599568340000001,0.84246112240000004,0.98447036830000001
Bregma −0.24,Bregma −0.24,SEDR,5,14,0.63502474760000005,0.77338355299999995,0.94990976770000002
Bregma −0.24,Bregma −0.24,SEDR,5,18,0.50848784420000004,0.71957671960000003,0.89438948149999986
Bregma −0.24,Bregma −0.24,SEDR,5,20,0.71862092030000002,0.85248713549999988,0.98631368630000005
Bregma −0.24,Bregma −0.24,SEDR,6,9,0.62249446230000005,0.88746438750000001,0.98674873510000005
Bregma −0.24,Bregma −0.24,SEDR,6,16,0.61443428089999985,0.85185185190000001,0.98908510839999997
Bregma −0.24,Bregma −0.24,SEDR,6,18,0.68410350649999985,0.90493468799999999,0.99107988790000001
Bregma −0.24,Bregma −0.24,SEDR,6,20,0.56188862169999987,0.66712975829999988,0.88438335859999995
Bregma −0.24,Bregma −0.24,SEDR,7,10,0.76628101130000004,0.90631808280000004,0.99196609840000005
Bregma −0.24,Bregma −0.24,SEDR,7,12,0.89196891540000001,0.9230769231,0.99872063420000001
Bregma −0.24,Bregma −0.24,SEDR,7,14,0.89708212379999985,0.96078431369999995,0.99873674710000004
Bregma −0.24,Bregma −0.24,SEDR,7,17,0.4713915508,0.72465060960000005,0.93376945639999998
Bregma −0.24,Bregma −0.24,SEDR,7,19,0.88127011870000005,0.96078431369999995,0.99858528570000005
Bregma −0.24,Bregma −0.24,SEDR,9,16,0.71361369549999987,0.9230769231,0.99490670619999999
Bregma −0.24,Bregma −0.24,SEDR,9,18,0.81957050580000002,0.96078431369999995,0.99800844320000004
Bregma −0.24,Bregma −0.24,SEDR,9,20,0.47585561469999987,0.76306835760000002,0.91040894589999999
Bregma −0.24,Bregma −0.24,SEDR,10,11,0.68149613090000005,0.90493468799999999,0.98951693470000002
Bregma −0.24,Bregma −0.24,SEDR,10,12,0.78612529099999995,0.9230769231,0.99835970480000003
Bregma −0.24,Bregma −0.24,SEDR,10,14,0.76662570779999994,0.88746438750000001,0.99201121459999997
Bregma −0.24,Bregma −0.24,SEDR,10,20,0.62470007459999988,0.74031477000000001,0.92579033870000005
Bregma −0.24,Bregma −0.24,SEDR,11,12,0.71668979070000005,0.87062937060000001,0.98992620279999999
Bregma −0.24,Bregma −0.24,SEDR,11,14,0.71849144659999986,0.9230769231,0.99642615450000005
Bregma −0.24,Bregma −0.24,SEDR,11,20,0.57292028740000001,0.77115987460000002,0.92922722440000005
Bregma −0.24,Bregma −0.24,SEDR,12,14,0.87945397680000004,0.90493468799999999,0.9982195224
Bregma −0.24,Bregma −0.24,SEDR,12,17,0.46293282600000002,0.68079096049999988,0.92145435210000004
Bregma −0.24,Bregma −0.24,SEDR,14,17,0.47763890339999993,0.72465060960000005,0.93373400790000005
Bregma −0.24,Bregma −0.24,SEDR,16,18,0.71893596550000005,0.94193061840000003,0.99622313169999999
Bregma −0.24,Bregma −0.24,SEDR,17,19,0.46326958200000001,0.68079096049999988,0.92190068000000003
Bregma −0.24,Bregma −0.24,SEDR,18,20,0.50792204839999988,0.78121059270000004,0.91223453970000001
