section,method,seed_r,seed_s,ari_r,ari_s,abs_reference_ari_difference,pairwise_partition_ari,pairwise_partition_nmi,section_display
151507,GraphST,1,2,0.2616425405,0.2486786151,0.01296392535,0.5768856643,0.6362285319,151507
151507,GraphST,1,3,0.2616425405,0.258770213,0.002872327467,0.5698967894,0.6384849446,151507
151507,GraphST,1,6,0.2616425405,0.2588153126,0.002827227833,0.5909936104,0.643068271,151507
151507,GraphST,1,7,0.2616425405,0.273256454,0.01161391352,0.4470854452,0.5846711073,151507
151507,GraphST,1,8,0.2616425405,0.2715787728,0.009936232375,0.4841012245,0.6029876258,151507
151507,GraphST,1,9,0.2616425405,0.2585390237,0.003103516777,0.4325391382,0.565370359,151507
151507,GraphST,1,10,0.2616425405,0.2449556832,0.0166868573,0.4697010703,0.593304363,151507
151507,GraphST,1,11,0.2616425405,0.2744082524,0.01276571196,0.4803457151,0.6021310549,151507
151507,GraphST,1,14,0.2616425405,0.2609970017,0.0006455387205,0.4375970429,0.561735925,151507
151507,GraphST,1,15,0.2616425405,0.2589666695,0.002675870968,0.5624729204,0.6350911095,151507
151507,GraphST,1,16,0.2616425405,0.2641300999,0.002487559396,0.4494267731,0.5866418478,151507
151507,GraphST,1,17,0.2616425405,0.2524234943,0.00921904616,0.564795767,0.6281802553,151507
151507,GraphST,1,18,0.2616425405,0.2505084057,0.0111341348,0.522433902,0.6101842829,151507
151507,GraphST,1,20,0.2616425405,0.2619226734,0.0002801329308,0.35525732,0.5279439324,151507
151507,GraphST,2,3,0.2486786151,0.258770213,0.01009159788,0.5647716791,0.6365082172,151507
151507,GraphST,2,6,0.2486786151,0.2588153126,0.01013669751,0.5936684886,0.6393359327,151507
151507,GraphST,2,9,0.2486786151,0.2585390237,0.00986040857,0.4677987796,0.5774169139,151507
151507,GraphST,2,10,0.2486786151,0.2449556832,0.003722931958,0.4781323891,0.5995699829,151507
151507,GraphST,2,12,0.2486786151,0.2359170649,0.01276155017,0.4912796427,0.6056384437,151507
151507,GraphST,2,14,0.2486786151,0.2609970017,0.01231838663,0.4152141972,0.5582572493,151507
151507,GraphST,2,15,0.2486786151,0.2589666695,0.01028805438,0.572482055,0.6447878367,151507
151507,GraphST,2,16,0.2486786151,0.2641300999,0.01545148474,0.4417230628,0.592854334,151507
151507,GraphST,2,17,0.2486786151,0.2524234943,0.003744879186,0.5732944651,0.6341966804,151507
151507,GraphST,2,18,0.2486786151,0.2505084057,0.001829790542,0.5612486222,0.6271010273,151507
151507,GraphST,2,19,0.2486786151,0.2388843565,0.009794258572,0.6135120843,0.6519933789,151507
151507,GraphST,2,20,0.2486786151,0.2619226734,0.01324405828,0.3478162928,0.5379951881,151507
151507,GraphST,3,6,0.258770213,0.2588153126,4.509963354e-05,0.5755950902,0.6400921747,151507
151507,GraphST,3,7,0.258770213,0.273256454,0.01448624099,0.5015851498,0.6220016,151507
151507,GraphST,3,8,0.258770213,0.2715787728,0.01280855984,0.5131194599,0.6200767297,151507
151507,GraphST,3,9,0.258770213,0.2585390237,0.0002311893097,0.4689615918,0.5848474564,151507
151507,GraphST,3,10,0.258770213,0.2449556832,0.01381452984,0.5096356764,0.6091069875,151507
151507,GraphST,3,11,0.258770213,0.2744082524,0.01563803943,0.5096407083,0.6125269314,151507
151507,GraphST,3,14,0.258770213,0.2609970017,0.002226788746,0.4221610084,0.5680306626,151507
151507,GraphST,3,15,0.258770213,0.2589666695,0.0001964564986,0.5654048203,0.6379480269,151507
151507,GraphST,3,16,0.258770213,0.2641300999,0.005359886863,0.493228854,0.6046331623,151507
151507,GraphST,3,17,0.258770213,0.2524234943,0.006346718693,0.5521381361,0.62715947,151507
151507,GraphST,3,18,0.258770213,0.2505084057,0.008261807338,0.5323005031,0.6220840166,151507
151507,GraphST,3,19,0.258770213,0.2388843565,0.01988585645,0.579847001,0.654232411,151507
151507,GraphST,3,20,0.258770213,0.2619226734,0.003152460398,0.372072127,0.5393274982,151507
151507,GraphST,4,7,0.2820304604,0.273256454,0.008774006389,0.5254605229,0.5982371316,151507
151507,GraphST,4,8,0.2820304604,0.2715787728,0.01045168753,0.5192491733,0.5945027256,151507
151507,GraphST,4,11,0.2820304604,0.2744082524,0.007622207951,0.5101089557,0.5888590687,151507
151507,GraphST,4,16,0.2820304604,0.2641300999,0.01790036051,0.5426718675,0.603739049,151507
151507,GraphST,6,7,0.2588153126,0.273256454,0.01444114135,0.4741428705,0.5972992972,151507
151507,GraphST,6,8,0.2588153126,0.2715787728,0.01276346021,0.4989637772,0.6080903681,151507
151507,GraphST,6,9,0.2588153126,0.2585390237,0.0002762889432,0.4587957995,0.5796317735,151507
151507,GraphST,6,10,0.2588153126,0.2449556832,0.01385962947,0.5053295792,0.6104319081,151507
151507,GraphST,6,11,0.2588153126,0.2744082524,0.01559293979,0.4944953117,0.6147290084,151507
151507,GraphST,6,14,0.2588153126,0.2609970017,0.002181689113,0.4157535251,0.5564497263,151507
151507,GraphST,6,15,0.2588153126,0.2589666695,0.000151356865,0.5702072538,0.6358123924,151507
151507,GraphST,6,16,0.2588153126,0.2641300999,0.005314787229,0.4933285781,0.6186797945,151507
151507,GraphST,6,17,0.2588153126,0.2524234943,0.006391818327,0.5949571132,0.6559751737,151507
151507,GraphST,6,18,0.2588153126,0.2505084057,0.008306906971,0.5491361598,0.6215636278,151507
151507,GraphST,6,19,0.2588153126,0.2388843565,0.01993095609,0.5726693067,0.6332850233,151507
151507,GraphST,6,20,0.2588153126,0.2619226734,0.003107360764,0.3482544384,0.524825512,151507
151507,GraphST,7,8,0.273256454,0.2715787728,0.001677681146,0.5391619981,0.6241858719,151507
151507,GraphST,7,9,0.273256454,0.2585390237,0.0147174303,0.5067680386,0.6018885045,151507
151507,GraphST,7,11,0.273256454,0.2744082524,0.001151798437,0.5284076572,0.6165659814,151507
151507,GraphST,7,14,0.273256454,0.2609970017,0.01225945224,0.4130754452,0.5684060806,151507
151507,GraphST,7,15,0.273256454,0.2589666695,0.01428978449,0.4786009414,0.6062451044,151507
151507,GraphST,7,16,0.273256454,0.2641300999,0.009126354125,0.5584407349,0.6229569812,151507
151507,GraphST,7,20,0.273256454,0.2619226734,0.01133378059,0.4292419738,0.5728251764,151507
151507,GraphST,8,9,0.2715787728,0.2585390237,0.01303974915,0.475778839,0.5920239151,151507
151507,GraphST,8,11,0.2715787728,0.2744082524,0.002829479583,0.5291751149,0.6190855937,151507
151507,GraphST,8,14,0.2715787728,0.2609970017,0.0105817711,0.4232799014,0.5754680689,151507
151507,GraphST,8,15,0.2715787728,0.2589666695,0.01261210334,0.5025596737,0.6136307052,151507
151507,GraphST,8,16,0.2715787728,0.2641300999,0.007448672979,0.5353214344,0.6162832387,151507
151507,GraphST,8,17,0.2715787728,0.2524234943,0.01915527854,0.4930449089,0.6039752555,151507
151507,GraphST,8,20,0.2715787728,0.2619226734,0.009656099444,0.4267918168,0.5710490718,151507
151507,GraphST,9,10,0.2585390237,0.2449556832,0.01358334053,0.46855039,0.5726066277,151507
151507,GraphST,9,11,0.2585390237,0.2744082524,0.01586922873,0.4549409909,0.5812850755,151507
151507,GraphST,9,14,0.2585390237,0.2609970017,0.002457978056,0.3897361755,0.5601464694,151507
151507,GraphST,9,15,0.2585390237,0.2589666695,0.0004276458082,0.4514378308,0.5835475153,151507
151507,GraphST,9,16,0.2585390237,0.2641300999,0.005591076173,0.4779101722,0.5863415978,151507
151507,GraphST,9,17,0.2585390237,0.2524234943,0.006115529384,0.4438085416,0.5766379293,151507
151507,GraphST,9,18,0.2585390237,0.2505084057,0.008030618028,0.4554069356,0.5774330666,151507
151507,GraphST,9,19,0.2585390237,0.2388843565,0.01965466714,0.4630207034,0.5902719558,151507
151507,GraphST,9,20,0.2585390237,0.2619226734,0.003383649707,0.413953688,0.5537824563,151507
151507,GraphST,10,12,0.2449556832,0.2359170649,0.009038618215,0.3932682439,0.5602642593,151507
151507,GraphST,10,13,0.2449556832,0.2262248319,0.01873085122,0.4292701514,0.5828906901,151507
151507,GraphST,10,14,0.2449556832,0.2609970017,0.01604131858,0.3650899803,0.5335314826,151507
151507,GraphST,10,15,0.2449556832,0.2589666695,0.01401098634,0.4842706093,0.6031470278,151507
151507,GraphST,10,16,0.2449556832,0.2641300999,0.0191744167,0.5555236452,0.617436569,151507
151507,GraphST,10,17,0.2449556832,0.2524234943,0.007467811144,0.4786220827,0.5922784196,151507
151507,GraphST,10,18,0.2449556832,0.2505084057,0.0055527225,0.4454199977,0.5803881993,151507
151507,GraphST,10,19,0.2449556832,0.2388843565,0.006071326614,0.4695964805,0.6074386704,151507
151507,GraphST,10,20,0.2449556832,0.2619226734,0.01696699024,0.3885242796,0.5415214271,151507
151507,GraphST,11,14,0.2744082524,0.2609970017,0.01341125068,0.3946277574,0.5467725525,151507
151507,GraphST,11,15,0.2744082524,0.2589666695,0.01544158293,0.497226654,0.6128683425,151507
151507,GraphST,11,16,0.2744082524,0.2641300999,0.01027815256,0.5745209729,0.6422102086,151507
151507,GraphST,11,20,0.2744082524,0.2619226734,0.01248557903,0.4107927785,0.5506270212,151507
151507,GraphST,12,13,0.2359170649,0.2262248319,0.009692233009,0.3536200311,0.5723411382,151507
151507,GraphST,12,17,0.2359170649,0.2524234943,0.01650642936,0.4322510182,0.573569064,151507
151507,GraphST,12,18,0.2359170649,0.2505084057,0.01459134072,0.4662348863,0.5978768109,151507
151507,GraphST,12,19,0.2359170649,0.2388843565,0.002967291601,0.4882310985,0.6060420292,151507
151507,GraphST,13,19,0.2262248319,0.2388843565,0.01265952461,0.4124197967,0.5789509888,151507
151507,GraphST,14,15,0.2609970017,0.2589666695,0.002030332248,0.4222663647,0.5720145133,151507
151507,GraphST,14,16,0.2609970017,0.2641300999,0.003133098117,0.3879636057,0.5398085121,151507
151507,GraphST,14,17,0.2609970017,0.2524234943,0.00857350744,0.4136725093,0.5550999475,151507
151507,GraphST,14,18,0.2609970017,0.2505084057,0.01048859608,0.4127821044,0.5706002728,151507
151507,GraphST,14,20,0.2609970017,0.2619226734,0.0009256716513,0.4625307487,0.5910348735,151507
151507,GraphST,15,16,0.2589666695,0.2641300999,0.005163430364,0.4715324909,0.5976117219,151507
151507,GraphST,15,17,0.2589666695,0.2524234943,0.006543175192,0.5625535706,0.6323863912,151507
151507,GraphST,15,18,0.2589666695,0.2505084057,0.008458263836,0.5274835055,0.6257633157,151507
151507,GraphST,15,20,0.2589666695,0.2619226734,0.002956003899,0.357321211,0.5339069058,151507
151507,GraphST,16,17,0.2641300999,0.2524234943,0.01170660556,0.4684173015,0.5991561101,151507
151507,GraphST,16,18,0.2641300999,0.2505084057,0.0136216942,0.4381474684,0.5964798891,151507
151507,GraphST,16,20,0.2641300999,0.2619226734,0.002207426465,0.4115434403,0.5507878172,151507
151507,GraphST,17,18,0.2524234943,0.2505084057,0.001915088644,0.5250131978,0.6131162396,151507
151507,GraphST,17,19,0.2524234943,0.2388843565,0.01353913776,0.5546199076,0.6327333519,151507
151507,GraphST,17,20,0.2524234943,0.2619226734,0.009499179091,0.3557336668,0.5299507121,151507
151507,GraphST,18,19,0.2505084057,0.2388843565,0.01162404911,0.5412108451,0.6118682365,151507
151507,GraphST,18,20,0.2505084057,0.2619226734,0.01141426774,0.3574851258,0.5365998789,151507
151507,STAGATE,1,2,0.2512988965,0.2383313522,0.01296754425,0.5497277784,0.6822760994,151507
151507,STAGATE,1,3,0.2512988965,0.2480230559,0.003275840566,0.856274592,0.8513435008,151507
151507,STAGATE,1,5,0.2512988965,0.2414256277,0.009873268759,0.8298522313,0.8348170938,151507
151507,STAGATE,1,6,0.2512988965,0.252721638,0.001422741466,0.8475418272,0.8420787844,151507
151507,STAGATE,1,9,0.2512988965,0.242950889,0.008348007476,0.823451632,0.826372463,151507
151507,STAGATE,1,12,0.2512988965,0.2524899087,0.001191012214,0.8264272254,0.8316011501,151507
151507,STAGATE,1,13,0.2512988965,0.2681429087,0.01684401225,0.8123782654,0.8205922178,151507
151507,STAGATE,1,14,0.2512988965,0.2448406731,0.006458223396,0.5606635692,0.681227453,151507
151507,STAGATE,1,15,0.2512988965,0.2375497612,0.01374913526,0.8390623684,0.8251580031,151507
151507,STAGATE,1,16,0.2512988965,0.244493334,0.00680556244,0.8317650259,0.8384483148,151507
151507,STAGATE,1,17,0.2512988965,0.242500329,0.008798567453,0.8486042639,0.8389549249,151507
151507,STAGATE,1,19,0.2512988965,0.250086085,0.001212811464,0.8300964847,0.8291627335,151507
151507,STAGATE,2,3,0.2383313522,0.2480230559,0.00969170368,0.5661688496,0.6918325987,151507
151507,STAGATE,2,4,0.2383313522,0.2250664111,0.01326494118,0.3221471531,0.5434600643,151507
151507,STAGATE,2,5,0.2383313522,0.2414256277,0.003094275487,0.5733360424,0.6927760077,151507
151507,STAGATE,2,6,0.2383313522,0.252721638,0.01439028571,0.5574184489,0.6923908358,151507
151507,STAGATE,2,9,0.2383313522,0.242950889,0.00461953677,0.5642703728,0.6894755714,151507
151507,STAGATE,2,12,0.2383313522,0.2524899087,0.01415855646,0.5518256119,0.6764529742,151507
151507,STAGATE,2,14,0.2383313522,0.2448406731,0.00650932085,0.8865152579,0.8195727706,151507
151507,STAGATE,2,15,0.2383313522,0.2375497612,0.0007815910143,0.5590837647,0.6844321318,151507
151507,STAGATE,2,16,0.2383313522,0.244493334,0.006161981806,0.5759728332,0.6943568982,151507
151507,STAGATE,2,17,0.2383313522,0.242500329,0.004168976793,0.5659997452,0.6913312291,151507
151507,STAGATE,2,19,0.2383313522,0.250086085,0.01175473278,0.5650417819,0.6978173622,151507
151507,STAGATE,3,5,0.2480230559,0.2414256277,0.006597428193,0.8565059995,0.8512849497,151507
151507,STAGATE,3,6,0.2480230559,0.252721638,0.004698582032,0.8592669879,0.8510388446,151507
151507,STAGATE,3,9,0.2480230559,0.242950889,0.00507216691,0.8304572158,0.8299063411,151507
151507,STAGATE,3,12,0.2480230559,0.2524899087,0.00446685278,0.8068696274,0.8228054043,151507
151507,STAGATE,3,14,0.2480230559,0.2448406731,0.00318238283,0.5706478535,0.6903170947,151507
151507,STAGATE,3,15,0.2480230559,0.2375497612,0.01047329469,0.8348754523,0.8266936435,151507
151507,STAGATE,3,16,0.2480230559,0.244493334,0.003529721875,0.8369463285,0.8379475625,151507
151507,STAGATE,3,17,0.2480230559,0.242500329,0.005522726888,0.8396043035,0.8341770306,151507
151507,STAGATE,3,19,0.2480230559,0.250086085,0.002063029102,0.8247412025,0.8272193124,151507
151507,STAGATE,4,5,0.2250664111,0.2414256277,0.01635921666,0.5261165387,0.6814913166,151507
151507,STAGATE,4,9,0.2250664111,0.242950889,0.01788447795,0.5367883292,0.6858042271,151507
151507,STAGATE,4,14,0.2250664111,0.2448406731,0.01977426203,0.3237079691,0.5413118429,151507
151507,STAGATE,4,15,0.2250664111,0.2375497612,0.01248335016,0.5440996006,0.6856933145,151507
151507,STAGATE,4,16,0.2250664111,0.244493334,0.01942692298,0.5202540459,0.6767032755,151507
151507,STAGATE,4,17,0.2250664111,0.242500329,0.01743391797,0.5388633912,0.686200261,151507
151507,STAGATE,5,6,0.2414256277,0.252721638,0.01129601023,0.8391191068,0.8397495328,151507
151507,STAGATE,5,9,0.2414256277,0.242950889,0.001525261283,0.8360054922,0.8327667824,151507
151507,STAGATE,5,12,0.2414256277,0.2524899087,0.01106428097,0.8275701124,0.8353364657,151507
151507,STAGATE,5,14,0.2414256277,0.2448406731,0.003415045363,0.5838838951,0.6932396776,151507
151507,STAGATE,5,15,0.2414256277,0.2375497612,0.003875866501,0.8339498754,0.8332553828,151507
151507,STAGATE,5,16,0.2414256277,0.244493334,0.003067706319,0.8630687501,0.8524545886,151507
151507,STAGATE,5,17,0.2414256277,0.242500329,0.001074701306,0.8603004452,0.8491510273,151507
151507,STAGATE,5,19,0.2414256277,0.250086085,0.008660457295,0.829784148,0.8344492758,151507
151507,STAGATE,6,9,0.252721638,0.242950889,0.009770748942,0.8439976089,0.8385819578,151507
151507,STAGATE,6,12,0.252721638,0.2524899087,0.0002317292521,0.8350440596,0.8375815354,151507
151507,STAGATE,6,13,0.252721638,0.2681429087,0.01542127078,0.8315289132,0.8404188863,151507
151507,STAGATE,6,14,0.252721638,0.2448406731,0.007880964863,0.5634119606,0.6948870493,151507
151507,STAGATE,6,15,0.252721638,0.2375497612,0.01517187673,0.8428600467,0.8288364194,151507
151507,STAGATE,6,16,0.252721638,0.244493334,0.008228303907,0.8449486584,0.8468473103,151507
151507,STAGATE,6,17,0.252721638,0.242500329,0.01022130892,0.8599066636,0.8482718223,151507
151507,STAGATE,6,19,0.252721638,0.250086085,0.00263555293,0.8431983517,0.8369951265,151507
151507,STAGATE,7,8,0.4048739996,0.3926048364,0.01226916317,0.6077004439,0.7316273335,151507
151507,STAGATE,7,11,0.4048739996,0.4170051092,0.01213110962,0.5869732907,0.6869935232,151507
151507,STAGATE,8,10,0.3926048364,0.3765858316,0.01601900486,0.8071987706,0.8055391826,151507
151507,STAGATE,9,12,0.242950889,0.2524899087,0.00953901969,0.8088627618,0.8181358864,151507
151507,STAGATE,9,14,0.242950889,0.2448406731,0.00188978408,0.5627690935,0.6748389605,151507
151507,STAGATE,9,15,0.242950889,0.2375497612,0.005401127785,0.8235007736,0.8213201101,151507
151507,STAGATE,9,16,0.242950889,0.244493334,0.001542445035,0.8189357719,0.8232837505,151507
151507,STAGATE,9,17,0.242950889,0.242500329,0.0004505599777,0.8352910446,0.8288667531,151507
151507,STAGATE,9,19,0.242950889,0.250086085,0.007135196012,0.8173643965,0.8244457685,151507
151507,STAGATE,12,13,0.2524899087,0.2681429087,0.01565300004,0.811605908,0.8209888303,151507
151507,STAGATE,12,14,0.2524899087,0.2448406731,0.007649235611,0.5455214479,0.6633810841,151507
151507,STAGATE,12,15,0.2524899087,0.2375497612,0.01494014747,0.8270312627,0.8277619948,151507
151507,STAGATE,12,16,0.2524899087,0.244493334,0.007996574655,0.8304315714,0.8317099163,151507
151507,STAGATE,12,17,0.2524899087,0.242500329,0.009989579668,0.8589643507,0.8494944421,151507
151507,STAGATE,12,19,0.2524899087,0.250086085,0.002403823678,0.8525591956,0.8445074642,151507
151507,STAGATE,13,19,0.2681429087,0.250086085,0.01805682371,0.8339742444,0.8291094053,151507
151507,STAGATE,14,15,0.2448406731,0.2375497612,0.007290911864,0.5593901767,0.6719908836,151507
151507,STAGATE,14,16,0.2448406731,0.244493334,0.0003473390442,0.5735966214,0.6858657711,151507
151507,STAGATE,14,17,0.2448406731,0.242500329,0.002340344057,0.5670433905,0.6803717802,151507
151507,STAGATE,14,19,0.2448406731,0.250086085,0.005245411932,0.5627334841,0.6800650039,151507
151507,STAGATE,15,16,0.2375497612,0.244493334,0.00694357282,0.8291487668,0.8216907321,151507
151507,STAGATE,15,17,0.2375497612,0.242500329,0.004950567807,0.8515396105,0.834857826,151507
151507,STAGATE,15,19,0.2375497612,0.250086085,0.0125363238,0.8487083805,0.8385058334,151507
151507,STAGATE,16,17,0.244493334,0.242500329,0.001993005013,0.8559511325,0.8446970335,151507
151507,STAGATE,16,19,0.244493334,0.250086085,0.005592750977,0.827393554,0.8275798209,151507
151507,STAGATE,17,19,0.242500329,0.250086085,0.00758575599,0.8587570986,0.8480718132,151507
151507,SpaGCN,1,2,0.3632867545,0.3685778293,0.005291074825,0.5830565866,0.6294775209,151507
151507,SpaGCN,1,10,0.3632867545,0.3617221527,0.001564601823,0.5386352613,0.5885550783,151507
151507,SpaGCN,1,11,0.3632867545,0.3786058484,0.0153190939,0.5228566956,0.6079518106,151507
151507,SpaGCN,1,15,0.3632867545,0.3535688977,0.009717856786,0.4253627775,0.5084810534,151507
151507,SpaGCN,1,19,0.3632867545,0.3791888992,0.01590214469,0.5651570646,0.630473768,151507
151507,SpaGCN,2,10,0.3685778293,0.3617221527,0.006855676648,0.6109943339,0.6843985109,151507
151507,SpaGCN,2,11,0.3685778293,0.3786058484,0.01002801908,0.5342974027,0.6184158691,151507
151507,SpaGCN,2,12,0.3685778293,0.3869610927,0.01838326336,0.6349651616,0.6880850112,151507
151507,SpaGCN,2,15,0.3685778293,0.3535688977,0.01500893161,0.4044190409,0.5029906731,151507
151507,SpaGCN,2,19,0.3685778293,0.3791888992,0.01061106987,0.6559411861,0.697884965,151507
151507,SpaGCN,3,14,0.4189789695,0.4044803982,0.01449857138,0.5751901324,0.6217133062,151507
151507,SpaGCN,4,6,0.3233227839,0.3054046577,0.01791812614,0.5904107351,0.6511514591,151507
151507,SpaGCN,4,13,0.3233227839,0.3105328954,0.01278988843,0.5822523328,0.6606266906,151507
151507,SpaGCN,5,11,0.3921468974,0.3786058484,0.01354104903,0.5784714071,0.6470255408,151507
151507,SpaGCN,5,12,0.3921468974,0.3869610927,0.005185804742,0.7271183673,0.7297410599,151507
151507,SpaGCN,5,14,0.3921468974,0.4044803982,0.01233350071,0.5221882215,0.5963501779,151507
151507,SpaGCN,5,19,0.3921468974,0.3791888992,0.01295799824,0.563089991,0.6465734361,151507
151507,SpaGCN,6,8,0.3054046577,0.2909195392,0.01448511858,0.6997547063,0.70968106,151507
151507,SpaGCN,6,9,0.3054046577,0.2985877537,0.006816904005,0.6145522405,0.6429706545,151507
151507,SpaGCN,6,13,0.3054046577,0.3105328954,0.005128237708,0.6892295354,0.7065711289,151507
151507,SpaGCN,6,17,0.3054046577,0.297623073,0.007781584759,0.6556119591,0.679696839,151507
151507,SpaGCN,6,18,0.3054046577,0.289271216,0.01613344168,0.6992917014,0.7343017398,151507
151507,SpaGCN,6,20,0.3054046577,0.2925858015,0.01281885626,0.6916856523,0.7311809395,151507
151507,SpaGCN,7,18,0.2703780632,0.289271216,0.01889315288,0.6712862844,0.7234761539,151507
151507,SpaGCN,8,9,0.2909195392,0.2985877537,0.00766821457,0.6630168539,0.6894012018,151507
151507,SpaGCN,8,13,0.2909195392,0.3105328954,0.01961335628,0.7131894874,0.7445977422,151507
151507,SpaGCN,8,17,0.2909195392,0.297623073,0.006703533817,0.725703355,0.742936301,151507
151507,SpaGCN,8,18,0.2909195392,0.289271216,0.001648323108,0.7072699711,0.7275430057,151507
151507,SpaGCN,8,20,0.2909195392,0.2925858015,0.001666262312,0.6905968028,0.7329041938,151507
151507,SpaGCN,9,13,0.2985877537,0.3105328954,0.01194514171,0.6930044683,0.7278042285,151507
151507,SpaGCN,9,17,0.2985877537,0.297623073,0.0009646807534,0.6209594445,0.6712916455,151507
151507,SpaGCN,9,18,0.2985877537,0.289271216,0.009316537678,0.6877974939,0.7144158874,151507
151507,SpaGCN,9,20,0.2985877537,0.2925858015,0.006001952258,0.6778546529,0.7217627541,151507
151507,SpaGCN,10,11,0.3617221527,0.3786058484,0.01688369573,0.4824806393,0.5812561669,151507
151507,SpaGCN,10,15,0.3617221527,0.3535688977,0.008153254963,0.3853995827,0.4977036034,151507
151507,SpaGCN,10,19,0.3617221527,0.3791888992,0.01746674652,0.640944032,0.6848264232,151507
151507,SpaGCN,11,12,0.3786058484,0.3869610927,0.008355244285,0.5317229818,0.6193955181,151507
151507,SpaGCN,11,19,0.3786058484,0.3791888992,0.0005830507897,0.5245427408,0.6239053553,151507
151507,SpaGCN,12,14,0.3869610927,0.4044803982,0.01751930545,0.5557811659,0.6231442297,151507
151507,SpaGCN,12,19,0.3869610927,0.3791888992,0.007772193495,0.5756521546,0.650855908,151507
151507,SpaGCN,13,17,0.3105328954,0.297623073,0.01290982247,0.6342417094,0.6788307291,151507
151507,SpaGCN,13,20,0.3105328954,0.2925858015,0.01794709397,0.7625230747,0.7615189217,151507
151507,SpaGCN,17,18,0.297623073,0.289271216,0.008351856925,0.6651945153,0.7015796832,151507
151507,SpaGCN,17,20,0.297623073,0.2925858015,0.005037271505,0.6623092717,0.7077501381,151507
151507,SpaGCN,18,20,0.289271216,0.2925858015,0.00331458542,0.7917909029,0.7984604974,151507
151507,BANKSY,1,4,0.24463751,0.2451209175,0.0004834075222,0.5761043829,0.7060840103,151507
151507,BANKSY,1,5,0.24463751,0.2460558298,0.001418319753,0.572874303,0.7036165563,151507
151507,BANKSY,1,7,0.24463751,0.2457833257,0.001145815695,0.5729426001,0.7034870279,151507
151507,BANKSY,1,8,0.24463751,0.2455151314,0.0008776213651,0.5742055851,0.7045127572,151507
151507,BANKSY,1,9,0.24463751,0.2445578385,7.967151345e-05,0.9412181185,0.8619799288,151507
151507,BANKSY,1,11,0.24463751,0.2445196607,0.00011784932,0.5749920995,0.7050584555,151507
151507,BANKSY,1,14,0.24463751,0.2457833257,0.001145815695,0.5729426001,0.7034870279,151507
151507,BANKSY,1,17,0.24463751,0.2460558298,0.001418319753,0.572874303,0.7036165563,151507
151507,BANKSY,1,18,0.24463751,0.2445196607,0.00011784932,0.5749920995,0.7050584555,151507
151507,BANKSY,3,6,0.209606543,0.2077447576,0.001861785437,0.9464423564,0.9149927305,151507
151507,BANKSY,3,10,0.209606543,0.2078154474,0.001791095608,0.958859543,0.9119420987,151507
151507,BANKSY,3,16,0.209606543,0.2078154474,0.001791095608,0.958859543,0.9119420987,151507
151507,BANKSY,4,5,0.2451209175,0.2460558298,0.0009349122306,0.9946682403,0.9940132655,151507
151507,BANKSY,4,7,0.2451209175,0.2457833257,0.0006624081725,0.9961889863,0.9954872492,151507
151507,BANKSY,4,8,0.2451209175,0.2455151314,0.0003942138428,0.9977118274,0.9970769242,151507
151507,BANKSY,4,9,0.2451209175,0.2445578385,0.0005630790357,0.5952986611,0.744232158,151507
151507,BANKSY,4,11,0.2451209175,0.2445196607,0.0006012568423,0.9957892725,0.9939818265,151507
151507,BANKSY,4,14,0.2451209175,0.2457833257,0.0006624081725,0.9961889863,0.9954872492,151507
151507,BANKSY,4,17,0.2451209175,0.2460558298,0.0009349122306,0.9946682403,0.9940132655,151507
151507,BANKSY,4,18,0.2451209175,0.2445196607,0.0006012568423,0.9957892725,0.9939818265,151507
151507,BANKSY,5,7,0.2460558298,0.2457833257,0.0002725040581,0.99847265,0.9979376458,151507
151507,BANKSY,5,8,0.2460558298,0.2455151314,0.0005406983878,0.9969484896,0.9962646747,151507
151507,BANKSY,5,9,0.2460558298,0.2445578385,0.001497991266,0.5945247344,0.7440266568,151507
151507,BANKSY,5,11,0.2460558298,0.2445196607,0.001536169073,0.9904788441,0.9888556125,151507
151507,BANKSY,5,14,0.2460558298,0.2457833257,0.0002725040581,0.99847265,0.9979376458,151507
151507,BANKSY,5,17,0.2460558298,0.2460558298,0,1,1,151507
151507,BANKSY,5,18,0.2460558298,0.2445196607,0.001536169073,0.9904788441,0.9888556125,151507
151507,BANKSY,6,10,0.2077447576,0.2078154474,7.068982945e-05,0.9245235168,0.8710275147,151507
151507,BANKSY,6,16,0.2077447576,0.2078154474,7.068982945e-05,0.9245235168,0.8710275147,151507
151507,BANKSY,7,8,0.2457833257,0.2455151314,0.0002681943297,0.9984731995,0.9979375066,151507
151507,BANKSY,7,9,0.2457833257,0.2445578385,0.001225487208,0.5945739632,0.7439060002,151507
151507,BANKSY,7,11,0.2457833257,0.2445196607,0.001263665015,0.9919934851,0.9902143259,151507
151507,BANKSY,7,14,0.2457833257,0.2457833257,0,1,1,151507
151507,BANKSY,7,17,0.2457833257,0.2460558298,0.0002725040581,0.99847265,0.9979376458,151507
151507,BANKSY,7,18,0.2457833257,0.2445196607,0.001263665015,0.9919934851,0.9902143259,151507
151507,BANKSY,8,9,0.2455151314,0.2445578385,0.0009572928785,0.5946234746,0.7437977375,151507
151507,BANKSY,8,11,0.2455151314,0.2445196607,0.0009954706851,0.9935102294,0.9916441076,151507
151507,BANKSY,8,14,0.2455151314,0.2457833257,0.0002681943297,0.9984731995,0.9979375066,151507
151507,BANKSY,8,17,0.2455151314,0.2460558298,0.0005406983878,0.9969484896,0.9962646747,151507
151507,BANKSY,8,18,0.2455151314,0.2445196607,0.0009954706851,0.9935102294,0.9916441076,151507
151507,BANKSY,9,11,0.2445578385,0.2445196607,3.81778066e-05,0.5940499477,0.742949251,151507
151507,BANKSY,9,14,0.2445578385,0.2457833257,0.001225487208,0.5945739632,0.7439060002,151507
151507,BANKSY,9,17,0.2445578385,0.2460558298,0.001497991266,0.5945247344,0.7440266568,151507
151507,BANKSY,9,18,0.2445578385,0.2445196607,3.81778066e-05,0.5940499477,0.742949251,151507
151507,BANKSY,10,16,0.2078154474,0.2078154474,0,1,1,151507
151507,BANKSY,11,14,0.2445196607,0.2457833257,0.001263665015,0.9919934851,0.9902143259,151507
151507,BANKSY,11,17,0.2445196607,0.2460558298,0.001536169073,0.9904788441,0.9888556125,151507
151507,BANKSY,11,18,0.2445196607,0.2445196607,0,1,1,151507
151507,BANKSY,12,13,0.3070017507,0.3076839187,0.0006821680004,0.9834575581,0.9739148841,151507
151507,BANKSY,12,19,0.3070017507,0.326154738,0.01915298728,0.5150570622,0.6850460313,151507
151507,BANKSY,12,20,0.3070017507,0.3076839187,0.0006821680004,0.9834575581,0.9739148841,151507
151507,BANKSY,13,19,0.3076839187,0.326154738,0.01847081928,0.5099190247,0.6836919887,151507
151507,BANKSY,13,20,0.3076839187,0.3076839187,0,1,1,151507
151507,BANKSY,14,17,0.2457833257,0.2460558298,0.0002725040581,0.99847265,0.9979376458,151507
151507,BANKSY,14,18,0.2457833257,0.2445196607,0.001263665015,0.9919934851,0.9902143259,151507
151507,BANKSY,15,19,0.3322585124,0.326154738,0.006103774395,0.4811928676,0.6286226831,151507
151507,BANKSY,17,18,0.2460558298,0.2445196607,0.001536169073,0.9904788441,0.9888556125,151507
151507,BANKSY,19,20,0.326154738,0.3076839187,0.01847081928,0.5099190247,0.6836919887,151507
151507,SEDR,1,4,0.535641578409,0.547075424036,0.0114338456267,0.590279724083,0.733933495841,151507
151507,SEDR,1,5,0.535641578409,0.530051938141,0.00558964026793,0.62153769584,0.741929779572,151507
151507,SEDR,1,7,0.535641578409,0.548447744293,0.0128061658838,0.692303843077,0.77866473403,151507
151507,SEDR,1,8,0.535641578409,0.540369798413,0.0047282200047,0.742289311493,0.795314092415,151507
151507,SEDR,1,9,0.535641578409,0.545958780004,0.0103172015953,0.632925830066,0.759732252497,151507
151507,SEDR,1,12,0.535641578409,0.540135494086,0.00449391567739,0.600166735517,0.727147538923,151507
151507,SEDR,1,13,0.535641578409,0.524324478475,0.0113170999338,0.704608644291,0.765908036389,151507
151507,SEDR,1,14,0.535641578409,0.528923315731,0.00671826267757,0.834759647877,0.832032610619,151507
151507,SEDR,1,18,0.535641578409,0.524274400206,0.0113671782027,0.784813819056,0.811338367439,151507
151507,SEDR,2,5,0.512734825681,0.530051938141,0.0173171124596,0.712462014554,0.787139176263,151507
151507,SEDR,2,10,0.512734825681,0.501363571457,0.0113712542246,0.670361270605,0.749885600343,151507
151507,SEDR,2,13,0.512734825681,0.524324478475,0.0115896527937,0.709031341393,0.765697594306,151507
151507,SEDR,2,14,0.512734825681,0.528923315731,0.01618849005,0.761136055901,0.791611177163,151507
151507,SEDR,2,15,0.512734825681,0.515325550604,0.00259072492239,0.747781231163,0.810580346674,151507
151507,SEDR,2,16,0.512734825681,0.512580072207,0.000154753474455,0.746548399774,0.776825657677,151507
151507,SEDR,2,17,0.512734825681,0.499251451118,0.0134833745636,0.739847041206,0.772989952579,151507
151507,SEDR,2,18,0.512734825681,0.524274400206,0.0115395745249,0.838161672026,0.838916530155,151507
151507,SEDR,2,19,0.512734825681,0.512600613903,0.000134211778008,0.559099812446,0.708821087783,151507
151507,SEDR,3,10,0.484161515858,0.501363571457,0.0172020555985,0.622842758765,0.716705754766,151507
151507,SEDR,3,17,0.484161515858,0.499251451118,0.0150899352594,0.641125477403,0.707704237469,151507
151507,SEDR,4,5,0.547075424036,0.530051938141,0.0170234858947,0.533550614468,0.71118990894,151507
151507,SEDR,4,7,0.547075424036,0.548447744293,0.00137232025707,0.655262025265,0.775999322119,151507
151507,SEDR,4,8,0.547075424036,0.540369798413,0.00670562562204,0.614484048852,0.75216806241,151507
151507,SEDR,4,9,0.547075424036,0.545958780004,0.00111664403145,0.736428861588,0.80587646856,151507
151507,SEDR,4,12,0.547075424036,0.540135494086,0.00693992994935,0.525070445894,0.706731623281,151507
151507,SEDR,4,14,0.547075424036,0.528923315731,0.0181521083043,0.562731451338,0.713118693316,151507
151507,SEDR,5,7,0.530051938141,0.548447744293,0.0183958061517,0.685366635519,0.772204700578,151507
151507,SEDR,5,8,0.530051938141,0.540369798413,0.0103178602726,0.690849760337,0.789680268516,151507
151507,SEDR,5,9,0.530051938141,0.545958780004,0.0159068418632,0.64206170162,0.767782944815,151507
151507,SEDR,5,12,0.530051938141,0.540135494086,0.0100835559453,0.730339151656,0.795808666175,151507
151507,SEDR,5,13,0.530051938141,0.524324478475,0.00572745966592,0.618758998719,0.721638011299,151507
151507,SEDR,5,14,0.530051938141,0.528923315731,0.00112862240965,0.637227413863,0.737016908278,151507
151507,SEDR,5,15,0.530051938141,0.515325550604,0.0147263875372,0.715890235747,0.789945420203,151507
151507,SEDR,5,16,0.530051938141,0.512580072207,0.0174718659341,0.642376987727,0.742248631415,151507
151507,SEDR,5,18,0.530051938141,0.524274400206,0.00577753793478,0.644754942957,0.747842918859,151507
151507,SEDR,5,19,0.530051938141,0.512600613903,0.0174513242376,0.524002763054,0.703168444243,151507
151507,SEDR,6,11,0.575195663193,0.574681469651,0.000514193542914,0.755336219455,0.783056344286,151507
151507,SEDR,7,8,0.548447744293,0.540369798413,0.00807794587911,0.72933222418,0.776617219697,151507
151507,SEDR,7,9,0.548447744293,0.545958780004,0.00248896428852,0.697348412071,0.790449187103,151507
151507,SEDR,7,12,0.548447744293,0.540135494086,0.00831225020642,0.663575926651,0.769889838722,151507
151507,SEDR,7,14,0.548447744293,0.528923315731,0.0195244285614,0.670957162712,0.755457396054,151507
151507,SEDR,8,9,0.540369798413,0.545958780004,0.00558898159059,0.630188699304,0.764138168698,151507
151507,SEDR,8,12,0.540369798413,0.540135494086,0.00023430432731,0.602148763213,0.739923085741,151507
151507,SEDR,8,13,0.540369798413,0.524324478475,0.0160453199385,0.67803748399,0.750346635334,151507
151507,SEDR,8,14,0.540369798413,0.528923315731,0.0114464826823,0.753072637086,0.783960825023,151507
151507,SEDR,8,18,0.540369798413,0.524274400206,0.0160953982074,0.83504402111,0.836416408161,151507
151507,SEDR,9,12,0.545958780004,0.540135494086,0.0058232859179,0.601208300534,0.735439892453,151507
151507,SEDR,9,14,0.545958780004,0.528923315731,0.0170354642729,0.600341445552,0.736538562746,151507
151507,SEDR,10,15,0.501363571457,0.515325550604,0.013961979147,0.690811292041,0.759425061738,151507
151507,SEDR,10,16,0.501363571457,0.512580072207,0.0112165007501,0.729768110983,0.788975074339,151507
151507,SEDR,10,17,0.501363571457,0.499251451118,0.00211212033905,0.761912827204,0.756731229924,151507
151507,SEDR,10,19,0.501363571457,0.512600613903,0.0112370424466,0.592637106608,0.698186910548,151507
151507,SEDR,12,13,0.540135494086,0.524324478475,0.0158110156112,0.637073854814,0.74104051804,151507
151507,SEDR,12,14,0.540135494086,0.528923315731,0.011212178355,0.616713566855,0.733826229858,151507
151507,SEDR,12,18,0.540135494086,0.524274400206,0.0158610938801,0.647593667696,0.768752614211,151507
151507,SEDR,13,14,0.524324478475,0.528923315731,0.00459883725627,0.722013211857,0.792144390219,151507
151507,SEDR,13,15,0.524324478475,0.515325550604,0.00899892787133,0.716858978557,0.767768131513,151507
151507,SEDR,13,16,0.524324478475,0.512580072207,0.0117444062682,0.778116178301,0.816637158648,151507
151507,SEDR,13,18,0.524324478475,0.524274400206,5.00782688618e-05,0.757486537903,0.806486755025,151507
151507,SEDR,13,19,0.524324478475,0.512600613903,0.0117238645717,0.682225265893,0.729047968408,151507
151507,SEDR,14,15,0.528923315731,0.515325550604,0.0135977651276,0.650905381189,0.753586376211,151507
151507,SEDR,14,16,0.528923315731,0.512580072207,0.0163432435244,0.773833911037,0.806383259593,151507
151507,SEDR,14,18,0.528923315731,0.524274400206,0.00464891552514,0.829823773328,0.834285871182,151507
151507,SEDR,14,19,0.528923315731,0.512600613903,0.016322701828,0.571511115688,0.71833294765,151507
151507,SEDR,15,16,0.515325550604,0.512580072207,0.00274547839684,0.719207405668,0.778501212619,151507
151507,SEDR,15,17,0.515325550604,0.499251451118,0.016074099486,0.668867143606,0.737280248829,151507
151507,SEDR,15,18,0.515325550604,0.524274400206,0.00894884960247,0.679295173878,0.771925906691,151507
151507,SEDR,15,19,0.515325550604,0.512600613903,0.00272493670039,0.660584292091,0.751214401535,151507
151507,SEDR,16,17,0.512580072207,0.499251451118,0.0133286210892,0.71615836349,0.752227493168,151507
151507,SEDR,16,18,0.512580072207,0.524274400206,0.0116943279993,0.816198258072,0.815910529244,151507
151507,SEDR,16,19,0.512580072207,0.512600613903,2.05416964469e-05,0.544742198502,0.697609206538,151507
151507,SEDR,17,19,0.499251451118,0.512600613903,0.0133491627856,0.616610479689,0.709209644447,151507
151507,SEDR,18,19,0.524274400206,0.512600613903,0.0116737863029,0.530879900037,0.693961589289,151507
151508,GraphST,1,2,0.2911936195,0.2790949192,0.01209870033,0.4042216728,0.5307707561,151508
151508,GraphST,1,6,0.2911936195,0.2881862041,0.003007415388,0.5640303112,0.5585143505,151508
151508,GraphST,1,10,0.2911936195,0.2849632402,0.006230379368,0.5265843084,0.5570745376,151508
151508,GraphST,1,11,0.2911936195,0.3070816781,0.01588805856,0.4831141702,0.5425185733,151508
151508,GraphST,1,12,0.2911936195,0.2952258136,0.004032194109,0.5221582794,0.5427443722,151508
151508,GraphST,1,15,0.2911936195,0.2953946884,0.004201068903,0.4151052114,0.5335633441,151508
151508,GraphST,1,18,0.2911936195,0.2712461153,0.01994750423,0.4024603824,0.5445265779,151508
151508,GraphST,2,6,0.2790949192,0.2881862041,0.009091284939,0.518040423,0.6204963101,151508
151508,GraphST,2,8,0.2790949192,0.263413608,0.01568131119,0.4782666582,0.6000271044,151508
151508,GraphST,2,10,0.2790949192,0.2849632402,0.005868320959,0.4907366422,0.6143355746,151508
151508,GraphST,2,12,0.2790949192,0.2952258136,0.01613089444,0.5270427488,0.6290410669,151508
151508,GraphST,2,15,0.2790949192,0.2953946884,0.01629976923,0.6196492642,0.6658928811,151508
151508,GraphST,2,16,0.2790949192,0.2629150801,0.01617983909,0.5798128802,0.6481422096,151508
151508,GraphST,2,18,0.2790949192,0.2712461153,0.007848803904,0.4587831705,0.5542889866,151508
151508,GraphST,3,5,0.2252024206,0.2149562632,0.01024615737,0.5575349835,0.6127871807,151508
151508,GraphST,3,7,0.2252024206,0.2401343341,0.01493191347,0.4445973944,0.5998509803,151508
151508,GraphST,3,9,0.2252024206,0.2291519523,0.003949531758,0.5281509864,0.6051251255,151508
151508,GraphST,3,13,0.2252024206,0.2287761428,0.003573722259,0.5800238497,0.6465208927,151508
151508,GraphST,3,20,0.2252024206,0.2319177699,0.0067153493,0.5613169878,0.6245535689,151508
151508,GraphST,4,7,0.2507815971,0.2401343341,0.01064726309,0.4462203065,0.6120176009,151508
151508,GraphST,4,8,0.2507815971,0.263413608,0.01263201086,0.4395688753,0.6010712724,151508
151508,GraphST,4,16,0.2507815971,0.2629150801,0.01213348296,0.5769662808,0.6488106435,151508
151508,GraphST,4,20,0.2507815971,0.2319177699,0.01886382726,0.5607927575,0.6352280803,151508
151508,GraphST,5,9,0.2149562632,0.2291519523,0.01419568913,0.52312095,0.5970202777,151508
151508,GraphST,5,13,0.2149562632,0.2287761428,0.01381987963,0.5669123274,0.6185902768,151508
151508,GraphST,5,17,0.2149562632,0.2009406192,0.01401564402,0.359746379,0.5337108772,151508
151508,GraphST,5,20,0.2149562632,0.2319177699,0.01696150667,0.5633807729,0.6160262278,151508
151508,GraphST,6,10,0.2881862041,0.2849632402,0.00322296398,0.6470249765,0.6496518471,151508
151508,GraphST,6,11,0.2881862041,0.3070816781,0.01889547395,0.6287656819,0.6514016224,151508
151508,GraphST,6,12,0.2881862041,0.2952258136,0.007039609496,0.6566850085,0.655026959,151508
151508,GraphST,6,15,0.2881862041,0.2953946884,0.007208484291,0.5498437856,0.6419926306,151508
151508,GraphST,6,18,0.2881862041,0.2712461153,0.01694008884,0.4360152091,0.5472336206,151508
151508,GraphST,7,9,0.2401343341,0.2291519523,0.01098238171,0.4296300261,0.5932938302,151508
151508,GraphST,7,13,0.2401343341,0.2287761428,0.01135819121,0.432363256,0.6095719615,151508
151508,GraphST,7,20,0.2401343341,0.2319177699,0.008216564171,0.4379794839,0.605833993,151508
151508,GraphST,8,16,0.263413608,0.2629150801,0.0004985279013,0.4630681691,0.6109447277,151508
151508,GraphST,8,18,0.263413608,0.2712461153,0.007832507281,0.4303530259,0.5476429509,151508
151508,GraphST,9,13,0.2291519523,0.2287761428,0.0003758094992,0.5505298106,0.6286596584,151508
151508,GraphST,9,20,0.2291519523,0.2319177699,0.002765817542,0.548638987,0.6214705288,151508
151508,GraphST,10,12,0.2849632402,0.2952258136,0.01026257348,0.6446780836,0.6519864837,151508
151508,GraphST,10,15,0.2849632402,0.2953946884,0.01043144827,0.5240844301,0.6232764102,151508
151508,GraphST,10,18,0.2849632402,0.2712461153,0.01371712486,0.4310661008,0.5469518712,151508
151508,GraphST,11,12,0.3070816781,0.2952258136,0.01185586445,0.6188421999,0.6436777335,151508
151508,GraphST,11,14,0.3070816781,0.3154080547,0.008326376661,0.5508833003,0.6410947945,151508
151508,GraphST,11,15,0.3070816781,0.2953946884,0.01168698966,0.610937169,0.6596786471,151508
151508,GraphST,11,19,0.3070816781,0.3238860157,0.01680433761,0.6474175084,0.6589067448,151508
151508,GraphST,12,15,0.2952258136,0.2953946884,0.000168874794,0.5511204734,0.6355507213,151508
151508,GraphST,13,20,0.2287761428,0.2319177699,0.003141627041,0.5838558647,0.6438480447,151508
151508,GraphST,14,19,0.3154080547,0.3238860157,0.008477960948,0.580700273,0.6569302518,151508
151508,GraphST,16,18,0.2629150801,0.2712461153,0.008331035182,0.4537624317,0.5491181984,151508
151508,STAGATE,1,3,0.2061796873,0.2080242141,0.001844526776,0.9210111773,0.8601599457,151508
151508,STAGATE,1,7,0.2061796873,0.2084034595,0.002223772197,0.8981302947,0.8267639516,151508
151508,STAGATE,1,8,0.2061796873,0.2020511904,0.004128496903,0.8746705205,0.8008119127,151508
151508,STAGATE,1,13,0.2061796873,0.2129530104,0.006773323069,0.8862099467,0.8198898335,151508
151508,STAGATE,1,14,0.2061796873,0.2015480986,0.004631588692,0.9194259507,0.8479116784,151508
151508,STAGATE,1,18,0.2061796873,0.2098988613,0.003719174007,0.8801178728,0.814451495,151508
151508,STAGATE,3,7,0.2080242141,0.2084034595,0.0003792454211,0.8950527142,0.8335428918,151508
151508,STAGATE,3,8,0.2080242141,0.2020511904,0.005973023679,0.8784449142,0.8101059401,151508
151508,STAGATE,3,13,0.2080242141,0.2129530104,0.004928796293,0.8812345645,0.8146388352,151508
151508,STAGATE,3,14,0.2080242141,0.2015480986,0.006476115468,0.9115936308,0.8399385287,151508
151508,STAGATE,3,18,0.2080242141,0.2098988613,0.001874647231,0.8748198126,0.8164852051,151508
151508,STAGATE,4,6,0.2848153437,0.2740016391,0.01081370462,0.6806233738,0.7090860333,151508
151508,STAGATE,4,9,0.2848153437,0.295229936,0.01041459225,0.6788047805,0.6979890783,151508
151508,STAGATE,4,12,0.2848153437,0.2815948711,0.003220472598,0.7494790692,0.7635837104,151508
151508,STAGATE,4,15,0.2848153437,0.2823466292,0.002468714584,0.7561059056,0.7572486078,151508
151508,STAGATE,4,16,0.2848153437,0.281239365,0.003575978793,0.6943929136,0.7151169709,151508
151508,STAGATE,4,17,0.2848153437,0.2817678412,0.003047502545,0.6438218351,0.6814369503,151508
151508,STAGATE,4,20,0.2848153437,0.285688158,0.0008728142641,0.695247895,0.7162194054,151508
151508,STAGATE,6,12,0.2740016391,0.2815948711,0.007593232023,0.6761256503,0.6923507325,151508
151508,STAGATE,6,15,0.2740016391,0.2823466292,0.008344990037,0.6952555522,0.7116022308,151508
151508,STAGATE,6,16,0.2740016391,0.281239365,0.007237725829,0.8380146314,0.8340741283,151508
151508,STAGATE,6,17,0.2740016391,0.2817678412,0.007766202077,0.8069287739,0.8062510279,151508
151508,STAGATE,6,20,0.2740016391,0.285688158,0.01168651889,0.8169773524,0.8263376329,151508
151508,STAGATE,7,8,0.2084034595,0.2020511904,0.0063522691,0.8887126126,0.8255797525,151508
151508,STAGATE,7,13,0.2084034595,0.2129530104,0.004549550872,0.9033281282,0.8470952438,151508
151508,STAGATE,7,14,0.2084034595,0.2015480986,0.006855360889,0.902902944,0.8443290528,151508
151508,STAGATE,7,18,0.2084034595,0.2098988613,0.00149540181,0.9089757936,0.8619623193,151508
151508,STAGATE,8,13,0.2020511904,0.2129530104,0.01090181997,0.8814272269,0.8090577209,151508
151508,STAGATE,8,14,0.2020511904,0.2015480986,0.0005030917892,0.8866059031,0.8141032648,151508
151508,STAGATE,8,18,0.2020511904,0.2098988613,0.00784767091,0.8739129605,0.803132999,151508
151508,STAGATE,9,12,0.295229936,0.2815948711,0.01363506485,0.6926081058,0.697103451,151508
151508,STAGATE,9,15,0.295229936,0.2823466292,0.01288330683,0.7129066266,0.7200201779,151508
151508,STAGATE,9,16,0.295229936,0.281239365,0.01399057104,0.8356755825,0.8348554396,151508
151508,STAGATE,9,17,0.295229936,0.2817678412,0.01346209479,0.8089582676,0.8065674561,151508
151508,STAGATE,9,20,0.295229936,0.285688158,0.009541777984,0.8270596593,0.8281847261,151508
151508,STAGATE,10,11,0.3313631644,0.3304517983,0.0009113660801,0.673289054,0.7631597589,151508
151508,STAGATE,10,19,0.3313631644,0.3250999853,0.006263179118,0.8590402857,0.8444299458,151508
151508,STAGATE,11,19,0.3304517983,0.3250999853,0.005351813038,0.7012707559,0.7791599143,151508
151508,STAGATE,12,15,0.2815948711,0.2823466292,0.0007517580139,0.808613123,0.7860998782,151508
151508,STAGATE,12,16,0.2815948711,0.281239365,0.0003555061945,0.7233957369,0.7239304246,151508
151508,STAGATE,12,17,0.2815948711,0.2817678412,0.0001729700538,0.6859687184,0.7002113815,151508
151508,STAGATE,12,20,0.2815948711,0.285688158,0.004093286862,0.7017274396,0.7100323614,151508
151508,STAGATE,13,14,0.2129530104,0.2015480986,0.01140491176,0.8954498415,0.8349175035,151508
151508,STAGATE,13,18,0.2129530104,0.2098988613,0.003054149062,0.8944277902,0.832723269,151508
151508,STAGATE,14,18,0.2015480986,0.2098988613,0.008350762699,0.8803674795,0.8266619496,151508
151508,STAGATE,15,16,0.2823466292,0.281239365,0.001107264208,0.7249332036,0.7325811797,151508
151508,STAGATE,15,17,0.2823466292,0.2817678412,0.0005787879601,0.7027267651,0.709367272,151508
151508,STAGATE,15,20,0.2823466292,0.285688158,0.003341528849,0.7199699597,0.7172224468,151508
151508,STAGATE,16,17,0.281239365,0.2817678412,0.0005284762483,0.7958024051,0.7995530477,151508
151508,STAGATE,16,20,0.281239365,0.285688158,0.004448793057,0.8332025995,0.833396978,151508
151508,STAGATE,17,20,0.2817678412,0.285688158,0.003920316809,0.8204901597,0.8259245245,151508
151508,SpaGCN,1,8,0.3032506767,0.2849218243,0.01832885245,0.7137646588,0.7284402964,151508
151508,SpaGCN,1,9,0.3032506767,0.2897414999,0.01350917688,0.4127824754,0.5473253197,151508
151508,SpaGCN,1,14,0.3032506767,0.3010691044,0.002181572369,0.621611459,0.647823533,151508
151508,SpaGCN,1,18,0.3032506767,0.312070773,0.008820096239,0.7371371618,0.7453001778,151508
151508,SpaGCN,1,20,0.3032506767,0.2862520008,0.0169986759,0.5278727595,0.6054596794,151508
151508,SpaGCN,2,4,0.2759445827,0.2671792064,0.008765376263,0.4140070864,0.5259461706,151508
151508,SpaGCN,2,6,0.2759445827,0.2623602714,0.01358431129,0.4437144551,0.5463233981,151508
151508,SpaGCN,2,8,0.2759445827,0.2849218243,0.008977241589,0.464516366,0.5881484847,151508
151508,SpaGCN,2,9,0.2759445827,0.2897414999,0.01379691716,0.3729733693,0.5011148164,151508
151508,SpaGCN,2,10,0.2759445827,0.2581071835,0.01783739916,0.6758482185,0.6924419685,151508
151508,SpaGCN,2,11,0.2759445827,0.2608731151,0.01507146757,0.427373202,0.5317994538,151508
151508,SpaGCN,2,13,0.2759445827,0.2704867846,0.005457798145,0.4223459891,0.5405490682,151508
151508,SpaGCN,2,17,0.2759445827,0.2826134161,0.006668833389,0.5567633444,0.628616186,151508
151508,SpaGCN,2,20,0.2759445827,0.2862520008,0.01030741814,0.6011925458,0.6499621547,151508
151508,SpaGCN,3,5,0.3382476956,0.3430059952,0.004758299649,0.5547810857,0.5538547759,151508
151508,SpaGCN,3,7,0.3382476956,0.3238421801,0.01440551551,0.4330023699,0.5426890304,151508
151508,SpaGCN,3,15,0.3382476956,0.3540000287,0.01575233313,0.5971695549,0.613127241,151508
151508,SpaGCN,4,6,0.2671792064,0.2623602714,0.004818935029,0.4663868419,0.5519356153,151508
151508,SpaGCN,4,8,0.2671792064,0.2849218243,0.01774261785,0.5380457184,0.5876247751,151508
151508,SpaGCN,4,10,0.2671792064,0.2581071835,0.009072022892,0.4353792786,0.5528948843,151508
151508,SpaGCN,4,11,0.2671792064,0.2608731151,0.006306091312,0.3796966491,0.515572113,151508
151508,SpaGCN,4,13,0.2671792064,0.2704867846,0.003307578118,0.4490259978,0.5463935197,151508
151508,SpaGCN,4,17,0.2671792064,0.2826134161,0.01543420965,0.4441502853,0.5475451144,151508
151508,SpaGCN,4,19,0.2671792064,0.2533595669,0.01381963955,0.4143959614,0.5132168749,151508
151508,SpaGCN,4,20,0.2671792064,0.2862520008,0.0190727944,0.4778967844,0.565561802,151508
151508,SpaGCN,5,7,0.3430059952,0.3238421801,0.01916381516,0.3856778942,0.5096042584,151508
151508,SpaGCN,5,15,0.3430059952,0.3540000287,0.01099403348,0.5679057953,0.5976325222,151508
151508,SpaGCN,5,16,0.3430059952,0.3604845814,0.01747858622,0.5539688847,0.5955077589,151508
151508,SpaGCN,6,10,0.2623602714,0.2581071835,0.004253087863,0.4703996004,0.5700674101,151508
151508,SpaGCN,6,11,0.2623602714,0.2608731151,0.001487156282,0.3675393557,0.4937883382,151508
151508,SpaGCN,6,13,0.2623602714,0.2704867846,0.008126513147,0.3873698428,0.5150016243,151508
151508,SpaGCN,6,19,0.2623602714,0.2533595669,0.009000704516,0.3744765291,0.4986351027,151508
151508,SpaGCN,7,18,0.3238421801,0.312070773,0.01177140709,0.5978996975,0.6412018993,151508
151508,SpaGCN,8,9,0.2849218243,0.2897414999,0.004819675567,0.4202245705,0.5495204051,151508
151508,SpaGCN,8,13,0.2849218243,0.2704867846,0.01443503973,0.5829099431,0.649732247,151508
151508,SpaGCN,8,14,0.2849218243,0.3010691044,0.01614728008,0.5377726615,0.5985072091,151508
151508,SpaGCN,8,17,0.2849218243,0.2826134161,0.0023084082,0.5005792123,0.5969115437,151508
151508,SpaGCN,8,20,0.2849218243,0.2862520008,0.001330176549,0.5137824324,0.5971293056,151508
151508,SpaGCN,9,13,0.2897414999,0.2704867846,0.0192547153,0.423455512,0.5596586054,151508
151508,SpaGCN,9,14,0.2897414999,0.3010691044,0.01132760451,0.3859013411,0.5403778702,151508
151508,SpaGCN,9,17,0.2897414999,0.2826134161,0.007128083766,0.3962809296,0.5201806116,151508
151508,SpaGCN,9,20,0.2897414999,0.2862520008,0.003489499018,0.4123384445,0.5352803674,151508
151508,SpaGCN,10,11,0.2581071835,0.2608731151,0.002765931581,0.4120823964,0.5189769645,151508
151508,SpaGCN,10,13,0.2581071835,0.2704867846,0.01237960101,0.4086862612,0.5219032685,151508
151508,SpaGCN,10,19,0.2581071835,0.2533595669,0.004747616653,0.3448073146,0.4785265176,151508
151508,SpaGCN,11,13,0.2608731151,0.2704867846,0.00961366943,0.4707315009,0.5600768029,151508
151508,SpaGCN,11,19,0.2608731151,0.2533595669,0.007513548234,0.46023684,0.5308439325,151508
151508,SpaGCN,13,17,0.2704867846,0.2826134161,0.01212663153,0.4624665289,0.539719465,151508
151508,SpaGCN,13,19,0.2704867846,0.2533595669,0.01712721766,0.5146938115,0.5742893615,151508
151508,SpaGCN,13,20,0.2704867846,0.2862520008,0.01576521628,0.4706084701,0.5574029347,151508
151508,SpaGCN,14,17,0.3010691044,0.2826134161,0.01845568828,0.438737675,0.5345604397,151508
151508,SpaGCN,14,18,0.3010691044,0.312070773,0.01100166861,0.6307988643,0.6531876925,151508
151508,SpaGCN,14,20,0.3010691044,0.2862520008,0.01481710353,0.4654984113,0.5532090344,151508
151508,SpaGCN,15,16,0.3540000287,0.3604845814,0.006484552743,0.5367721323,0.5953289419,151508
151508,SpaGCN,17,20,0.2826134161,0.2862520008,0.003638584749,0.6032786737,0.648296952,151508
151508,BANKSY,1,4,0.198384651,0.1914122047,0.006972446362,0.8043858065,0.7383897056,151508
151508,BANKSY,1,5,0.198384651,0.2019494285,0.003564777507,0.9718457436,0.9349122071,151508
151508,BANKSY,1,9,0.198384651,0.1921731064,0.006211544629,0.789110603,0.738762193,151508
151508,BANKSY,1,12,0.198384651,0.1898970008,0.008487650205,0.8056013243,0.7532373053,151508
151508,BANKSY,1,14,0.198384651,0.2096542267,0.01126957572,0.7665980096,0.7918386217,151508
151508,BANKSY,1,15,0.198384651,0.2028802782,0.004495627184,0.9627575914,0.9492475838,151508
151508,BANKSY,1,16,0.198384651,0.2042482072,0.005863556211,0.9373580375,0.8871153581,151508
151508,BANKSY,1,19,0.198384651,0.2096542267,0.01126957572,0.7665980096,0.7918386217,151508
151508,BANKSY,2,11,0.2667049185,0.2719636723,0.005258753809,0.383366007,0.5486134513,151508
151508,BANKSY,2,17,0.2667049185,0.2582256429,0.008479275606,0.8949064976,0.865658146,151508
151508,BANKSY,2,20,0.2667049185,0.2610261903,0.005678728227,0.4098231309,0.5931160785,151508
151508,BANKSY,3,6,0.3635581517,0.3708336262,0.007275474535,0.9747966194,0.9731757245,151508
151508,BANKSY,3,13,0.3635581517,0.3664011011,0.002842949457,0.9269676725,0.8934560419,151508
151508,BANKSY,4,5,0.1914122047,0.2019494285,0.01053722387,0.8180562476,0.7733758877,151508
151508,BANKSY,4,9,0.1914122047,0.1921731064,0.0007609017334,0.9328495753,0.8671970305,151508
151508,BANKSY,4,12,0.1914122047,0.1898970008,0.001515203842,0.9737535116,0.9341689377,151508
151508,BANKSY,4,14,0.1914122047,0.2096542267,0.01824202208,0.8390669977,0.7931982017,151508
151508,BANKSY,4,15,0.1914122047,0.2028802782,0.01146807355,0.799553175,0.7377339913,151508
151508,BANKSY,4,16,0.1914122047,0.2042482072,0.01283600257,0.7926807276,0.7263300904,151508
151508,BANKSY,4,19,0.1914122047,0.2096542267,0.01824202208,0.8390669977,0.7931982017,151508
151508,BANKSY,5,9,0.2019494285,0.1921731064,0.009776322136,0.8010343888,0.7599621023,151508
151508,BANKSY,5,12,0.2019494285,0.1898970008,0.01205242771,0.8158774101,0.7531176155,151508
151508,BANKSY,5,14,0.2019494285,0.2096542267,0.007704798212,0.7736743502,0.7787333599,151508
151508,BANKSY,5,15,0.2019494285,0.2028802782,0.0009308496768,0.9679113602,0.9213546056,151508
151508,BANKSY,5,16,0.2019494285,0.2042482072,0.002298778704,0.9519899292,0.8933445671,151508
151508,BANKSY,5,19,0.2019494285,0.2096542267,0.007704798212,0.7736743502,0.7787333599,151508
151508,BANKSY,6,13,0.3708336262,0.3664011011,0.004432525078,0.9404482144,0.9025827133,151508
151508,BANKSY,7,8,0.3035007604,0.3011665422,0.002334218247,0.6282019408,0.6909007713,151508
151508,BANKSY,7,18,0.3035007604,0.3020337457,0.001467014773,0.9856729071,0.9779897862,151508
151508,BANKSY,8,18,0.3011665422,0.3020337457,0.0008672034733,0.6216603038,0.6855775458,151508
151508,BANKSY,9,12,0.1921731064,0.1898970008,0.002276105576,0.9187459288,0.8442790493,151508
151508,BANKSY,9,14,0.1921731064,0.2096542267,0.01748112035,0.8582606582,0.8205592324,151508
151508,BANKSY,9,15,0.1921731064,0.2028802782,0.01070717181,0.7804312737,0.7272401981,151508
151508,BANKSY,9,16,0.1921731064,0.2042482072,0.01207510084,0.7824277187,0.7269332338,151508
151508,BANKSY,9,19,0.1921731064,0.2096542267,0.01748112035,0.8582606582,0.8205592324,151508
151508,BANKSY,10,17,0.2426443554,0.2582256429,0.01558128745,0.5055991178,0.6544821577,151508
151508,BANKSY,10,20,0.2426443554,0.2610261903,0.01838183483,0.7221306188,0.7645941529,151508
151508,BANKSY,11,17,0.2719636723,0.2582256429,0.01373802941,0.3907624013,0.577203677,151508
151508,BANKSY,11,20,0.2719636723,0.2610261903,0.01093748204,0.5394649546,0.6781443399,151508
151508,BANKSY,12,14,0.1898970008,0.2096542267,0.01975722592,0.8261982795,0.7971084957,151508
151508,BANKSY,12,15,0.1898970008,0.2028802782,0.01298327739,0.8008093944,0.7527446929,151508
151508,BANKSY,12,16,0.1898970008,0.2042482072,0.01435120642,0.7935581111,0.7325001786,151508
151508,BANKSY,12,19,0.1898970008,0.2096542267,0.01975722592,0.8261982795,0.7971084957,151508
151508,BANKSY,14,15,0.2096542267,0.2028802782,0.006773948535,0.7650469877,0.7860359677,151508
151508,BANKSY,14,16,0.2096542267,0.2042482072,0.005406019508,0.754401932,0.748778554,151508
151508,BANKSY,14,19,0.2096542267,0.2096542267,0,1,1,151508
151508,BANKSY,15,16,0.2028802782,0.2042482072,0.001367929027,0.9556067643,0.9060586083,151508
151508,BANKSY,15,19,0.2028802782,0.2096542267,0.006773948535,0.7650469877,0.7860359677,151508
151508,BANKSY,16,19,0.2042482072,0.2096542267,0.005406019508,0.754401932,0.748778554,151508
151508,BANKSY,17,20,0.2582256429,0.2610261903,0.00280054738,0.4335314773,0.6539059207,151508
151508,SEDR,1,3,0.482834257237,0.485372891495,0.0025386342574,0.699109632504,0.764225849106,151508
151508,SEDR,1,7,0.482834257237,0.466219888477,0.0166143687599,0.557217874855,0.703365471958,151508
151508,SEDR,1,11,0.482834257237,0.478536525384,0.00429773185338,0.742662170924,0.787199646605,151508
151508,SEDR,1,12,0.482834257237,0.484223089378,0.0013888321409,0.695290931807,0.769256734319,151508
151508,SEDR,1,15,0.482834257237,0.497232220339,0.0143979631021,0.754506442786,0.800831732725,151508
151508,SEDR,1,18,0.482834257237,0.497278763913,0.014444506676,0.732835889055,0.784967195264,151508
151508,SEDR,1,19,0.482834257237,0.48277281955,6.14376868391e-05,0.716687518389,0.775891271052,151508
151508,SEDR,2,4,0.514769888601,0.522594592627,0.00782470402627,0.851305571983,0.860504930055,151508
151508,SEDR,2,5,0.514769888601,0.52205551941,0.00728563080979,0.772601546204,0.794877823558,151508
151508,SEDR,2,6,0.514769888601,0.522273566592,0.00750367799126,0.891712073435,0.876535035747,151508
151508,SEDR,2,8,0.514769888601,0.514298942333,0.000470946267186,0.742665464542,0.797324527316,151508
151508,SEDR,2,9,0.514769888601,0.509256733517,0.00551315508374,0.808074007983,0.829071560535,151508
151508,SEDR,2,10,0.514769888601,0.523214305289,0.00844441668869,0.73817266025,0.802289207781,151508
151508,SEDR,2,14,0.514769888601,0.513663747666,0.00110614093506,0.730751149388,0.789980753278,151508
151508,SEDR,2,15,0.514769888601,0.497232220339,0.0175376682614,0.784529811513,0.811318973231,151508
151508,SEDR,2,16,0.514769888601,0.50683492015,0.00793496845063,0.848052074286,0.851048103775,151508
151508,SEDR,2,17,0.514769888601,0.53210885145,0.0173389628492,0.710609171006,0.790019229353,151508
151508,SEDR,2,18,0.514769888601,0.497278763913,0.0174911246876,0.760424497633,0.780228334952,151508
151508,SEDR,2,20,0.514769888601,0.511070817611,0.00369907098988,0.770844253964,0.81585609142,151508
151508,SEDR,3,7,0.485372891495,0.466219888477,0.0191530030173,0.556702108649,0.689016477603,151508
151508,SEDR,3,11,0.485372891495,0.478536525384,0.00683636611078,0.716841646046,0.785178905762,151508
151508,SEDR,3,12,0.485372891495,0.484223089378,0.0011498021165,0.670128914502,0.750882482794,151508
151508,SEDR,3,15,0.485372891495,0.497232220339,0.0118593288447,0.742908414955,0.782919229988,151508
151508,SEDR,3,18,0.485372891495,0.497278763913,0.0119058724186,0.664104894732,0.727157856433,151508
151508,SEDR,3,19,0.485372891495,0.48277281955,0.00260007194424,0.667693697731,0.727980660974,151508
151508,SEDR,4,5,0.522594592627,0.52205551941,0.000539073216482,0.797343880101,0.807339066334,151508
151508,SEDR,4,6,0.522594592627,0.522273566592,0.000321026035012,0.837087577866,0.847441923108,151508
151508,SEDR,4,8,0.522594592627,0.514298942333,0.00829565029346,0.761926958569,0.800043660978,151508
151508,SEDR,4,9,0.522594592627,0.509256733517,0.01333785911,0.796577878206,0.826303379232,151508
151508,SEDR,4,10,0.522594592627,0.523214305289,0.000619712662417,0.776858062485,0.821047537521,151508
151508,SEDR,4,14,0.522594592627,0.513663747666,0.00893084496134,0.784548838318,0.819761482225,151508
151508,SEDR,4,16,0.522594592627,0.50683492015,0.0157596724769,0.790318126576,0.817841303856,151508
151508,SEDR,4,17,0.522594592627,0.53210885145,0.00951425882289,0.686202336664,0.769352484538,151508
151508,SEDR,4,20,0.522594592627,0.511070817611,0.0115237750162,0.798354997589,0.824956371541,151508
151508,SEDR,5,6,0.52205551941,0.522273566592,0.00021804718147,0.804667579244,0.823572646042,151508
151508,SEDR,5,8,0.52205551941,0.514298942333,0.00775657707698,0.797074871187,0.806916983052,151508
151508,SEDR,5,9,0.52205551941,0.509256733517,0.0127987858935,0.839121764087,0.839840951555,151508
151508,SEDR,5,10,0.52205551941,0.523214305289,0.0011587858789,0.698901279483,0.767198672693,151508
151508,SEDR,5,14,0.52205551941,0.513663747666,0.00839177174486,0.726527795599,0.785012273604,151508
151508,SEDR,5,16,0.52205551941,0.50683492015,0.0152205992604,0.795538785503,0.817750880274,151508
151508,SEDR,5,17,0.52205551941,0.53210885145,0.0100533320394,0.693638486624,0.780378769095,151508
151508,SEDR,5,20,0.52205551941,0.511070817611,0.0109847017997,0.719752529167,0.773696944758,151508
151508,SEDR,6,8,0.522273566592,0.514298942333,0.00797462425845,0.758685545165,0.803919548669,151508
151508,SEDR,6,9,0.522273566592,0.509256733517,0.013016833075,0.828039041802,0.844733684563,151508
151508,SEDR,6,10,0.522273566592,0.523214305289,0.000940738697429,0.716967692478,0.783639899236,151508
151508,SEDR,6,14,0.522273566592,0.513663747666,0.00860981892633,0.720080503775,0.782675335554,151508
151508,SEDR,6,16,0.522273566592,0.50683492015,0.0154386464419,0.84116103487,0.842187298854,151508
151508,SEDR,6,17,0.522273566592,0.53210885145,0.0098352848579,0.707319044677,0.794471438922,151508
151508,SEDR,6,20,0.522273566592,0.511070817611,0.0112027489811,0.749084139726,0.797499819798,151508
151508,SEDR,7,11,0.466219888477,0.478536525384,0.0123166369065,0.525198972355,0.688377649821,151508
151508,SEDR,7,12,0.466219888477,0.484223089378,0.0180032009008,0.603685882931,0.714803179449,151508
151508,SEDR,7,19,0.466219888477,0.48277281955,0.016552931073,0.563401876509,0.671343955768,151508
151508,SEDR,8,9,0.514298942333,0.509256733517,0.00504220881656,0.793774315328,0.81023727438,151508
151508,SEDR,8,10,0.514298942333,0.523214305289,0.00891536295588,0.658275544964,0.743804456158,151508
151508,SEDR,8,14,0.514298942333,0.513663747666,0.000635194667879,0.683797153074,0.757093313765,151508
151508,SEDR,8,15,0.514298942333,0.497232220339,0.0170667219942,0.705176802056,0.772982399965,151508
151508,SEDR,8,16,0.514298942333,0.50683492015,0.00746402218345,0.737628381903,0.789398534632,151508
151508,SEDR,8,17,0.514298942333,0.53210885145,0.0178099091163,0.665458658968,0.768224526353,151508
151508,SEDR,8,18,0.514298942333,0.497278763913,0.0170201784204,0.708106408411,0.745337412946,151508
151508,SEDR,8,20,0.514298942333,0.511070817611,0.00322812472269,0.697309906504,0.763542635496,151508
151508,SEDR,9,10,0.509256733517,0.523214305289,0.0139575717724,0.700518616284,0.779104438134,151508
151508,SEDR,9,14,0.509256733517,0.513663747666,0.00440701414868,0.698938481673,0.76981846936,151508
151508,SEDR,9,15,0.509256733517,0.497232220339,0.0120245131777,0.80322551636,0.827723201303,151508
151508,SEDR,9,16,0.509256733517,0.50683492015,0.00242181336689,0.805711278245,0.826149647501,151508
151508,SEDR,9,18,0.509256733517,0.497278763913,0.0119779696038,0.748709866073,0.774994457091,151508
151508,SEDR,9,20,0.509256733517,0.511070817611,0.00181408409387,0.71977476484,0.784007622753,151508
151508,SEDR,10,14,0.523214305289,0.513663747666,0.00955055762375,0.860416152365,0.860753880446,151508
151508,SEDR,10,16,0.523214305289,0.50683492015,0.0163793851393,0.688813035729,0.77420604793,151508
151508,SEDR,10,17,0.523214305289,0.53210885145,0.00889454616047,0.636787812029,0.749686314242,151508
151508,SEDR,10,20,0.523214305289,0.511070817611,0.0121434876786,0.884216078378,0.882155242654,151508
151508,SEDR,11,12,0.478536525384,0.484223089378,0.00568656399428,0.719751411931,0.792464757705,151508
151508,SEDR,11,15,0.478536525384,0.497232220339,0.0186956949555,0.826173286716,0.84211071551,151508
151508,SEDR,11,18,0.478536525384,0.497278763913,0.0187422385293,0.694949984122,0.770528493762,151508
151508,SEDR,11,19,0.478536525384,0.48277281955,0.00423629416654,0.682474412377,0.760206569099,151508
151508,SEDR,12,15,0.484223089378,0.497232220339,0.0130091309612,0.732591203569,0.795998771099,151508
151508,SEDR,12,18,0.484223089378,0.497278763913,0.0130556745351,0.728047856527,0.764645815132,151508
151508,SEDR,12,19,0.484223089378,0.48277281955,0.00145026982774,0.733963123813,0.761028703518,151508
151508,SEDR,14,15,0.513663747666,0.497232220339,0.0164315273264,0.754423837707,0.789615637723,151508
151508,SEDR,14,16,0.513663747666,0.50683492015,0.00682882751557,0.705565563058,0.78785358178,151508
151508,SEDR,14,17,0.513663747666,0.53210885145,0.0184451037842,0.655549311068,0.745067998608,151508
151508,SEDR,14,18,0.513663747666,0.497278763913,0.0163849837525,0.702371015821,0.757953390664,151508
151508,SEDR,14,20,0.513663747666,0.511070817611,0.00259293005481,0.847497672999,0.849158811707,151508
151508,SEDR,15,16,0.497232220339,0.50683492015,0.00960269981078,0.752903802156,0.792519327031,151508
151508,SEDR,15,18,0.497232220339,0.497278763913,4.65435738599e-05,0.721564260104,0.775543115082,151508
151508,SEDR,15,19,0.497232220339,0.48277281955,0.014459400789,0.71666954863,0.787033384356,151508
151508,SEDR,15,20,0.497232220339,0.511070817611,0.0138385972715,0.759952060895,0.788294447977,151508
151508,SEDR,16,18,0.50683492015,0.497278763913,0.00955615623692,0.760305623479,0.780590143324,151508
151508,SEDR,16,20,0.50683492015,0.511070817611,0.00423589746075,0.706177088091,0.775866456497,151508
151508,SEDR,18,19,0.497278763913,0.48277281955,0.0145059443628,0.787912854934,0.80817111303,151508
151508,SEDR,18,20,0.497278763913,0.511070817611,0.0137920536977,0.713187778243,0.768425118173,151508
151509,GraphST,1,3,0.2907168635,0.2783704387,0.01234642478,0.544451697,0.5882631337,151509
151509,GraphST,1,6,0.2907168635,0.3060963281,0.01537946459,0.5658092868,0.6499254878,151509
151509,GraphST,1,9,0.2907168635,0.2942831962,0.00356633277,0.5923835117,0.6306643162,151509
151509,GraphST,1,12,0.2907168635,0.3085922284,0.0178753649,0.6196193819,0.648318672,151509
151509,GraphST,1,13,0.2907168635,0.2974109604,0.006694096933,0.5422287704,0.5839592097,151509
151509,GraphST,1,15,0.2907168635,0.3076068876,0.01689002412,0.5891739662,0.6371692354,151509
151509,GraphST,1,17,0.2907168635,0.2953378993,0.004621035821,0.3995000934,0.5543401689,151509
151509,GraphST,1,18,0.2907168635,0.273373528,0.01734333545,0.4060826355,0.559874281,151509
151509,GraphST,1,20,0.2907168635,0.2857396088,0.004977254627,0.5083532859,0.5601990587,151509
151509,GraphST,2,7,0.3687092961,0.3684402545,0.0002690416768,0.7453489309,0.700146576,151509
151509,GraphST,2,10,0.3687092961,0.3811446534,0.01243535723,0.3213692626,0.5219396237,151509
151509,GraphST,3,9,0.2783704387,0.2942831962,0.01591275755,0.4994424424,0.5680449132,151509
151509,GraphST,3,13,0.2783704387,0.2974109604,0.01904052172,0.6346874525,0.6631377928,151509
151509,GraphST,3,14,0.2783704387,0.2669029118,0.01146752688,0.4201079412,0.5570241311,151509
151509,GraphST,3,17,0.2783704387,0.2953378993,0.0169674606,0.4157456524,0.5450272113,151509
151509,GraphST,3,18,0.2783704387,0.273373528,0.004996910669,0.4099099072,0.5414758954,151509
151509,GraphST,3,19,0.2783704387,0.2661394937,0.01223094498,0.3975952176,0.5473237016,151509
151509,GraphST,3,20,0.2783704387,0.2857396088,0.007369170157,0.5886535719,0.6385573598,151509
151509,GraphST,4,6,0.3217261645,0.3060963281,0.01562983643,0.5167687127,0.6143174929,151509
151509,GraphST,4,8,0.3217261645,0.3186327014,0.003093463079,0.5328017439,0.5809085494,151509
151509,GraphST,4,11,0.3217261645,0.3245414104,0.002815245909,0.4468964581,0.5501150285,151509
151509,GraphST,4,12,0.3217261645,0.3085922284,0.01313393612,0.5916038643,0.6280030701,151509
151509,GraphST,4,15,0.3217261645,0.3076068876,0.0141192769,0.5527184367,0.6096236843,151509
151509,GraphST,5,16,0.4251023277,0.4072410815,0.01786124623,0.7399913031,0.6625797179,151509
151509,GraphST,6,8,0.3060963281,0.3186327014,0.01253637335,0.4269901483,0.5632477684,151509
151509,GraphST,6,9,0.3060963281,0.2942831962,0.01181313182,0.4769857517,0.6112841372,151509
151509,GraphST,6,11,0.3060963281,0.3245414104,0.01844508234,0.4085292055,0.5608538014,151509
151509,GraphST,6,12,0.3060963281,0.3085922284,0.002495900313,0.5938997897,0.6544757072,151509
151509,GraphST,6,13,0.3060963281,0.2974109604,0.008685367658,0.486031568,0.5840158606,151509
151509,GraphST,6,15,0.3060963281,0.3076068876,0.001510559533,0.5646360118,0.6423622994,151509
151509,GraphST,6,17,0.3060963281,0.2953378993,0.01075842877,0.4063276003,0.562470138,151509
151509,GraphST,7,10,0.3684402545,0.3811446534,0.01270439891,0.3375816761,0.5291635842,151509
151509,GraphST,8,11,0.3186327014,0.3245414104,0.005908708988,0.5571322257,0.6325451194,151509
151509,GraphST,8,12,0.3186327014,0.3085922284,0.01004047304,0.4591607536,0.5528737733,151509
151509,GraphST,8,15,0.3186327014,0.3076068876,0.01102581382,0.4386439428,0.5505662647,151509
151509,GraphST,9,12,0.2942831962,0.3085922284,0.01430903213,0.5518658191,0.6265983856,151509
151509,GraphST,9,13,0.2942831962,0.2974109604,0.003127764163,0.5610667735,0.597385235,151509
151509,GraphST,9,15,0.2942831962,0.3076068876,0.01332369135,0.5279299711,0.6170754884,151509
151509,GraphST,9,17,0.2942831962,0.2953378993,0.001054703051,0.3869379326,0.5591710954,151509
151509,GraphST,9,20,0.2942831962,0.2857396088,0.008543587397,0.5715872164,0.5753337345,151509
151509,GraphST,11,12,0.3245414104,0.3085922284,0.01594918203,0.4247444381,0.553766563,151509
151509,GraphST,11,15,0.3245414104,0.3076068876,0.01693452281,0.4143443843,0.555415946,151509
151509,GraphST,12,13,0.3085922284,0.2974109604,0.01118126797,0.529630672,0.5852177196,151509
151509,GraphST,12,15,0.3085922284,0.3076068876,0.0009853407803,0.6068734522,0.6464702435,151509
151509,GraphST,12,17,0.3085922284,0.2953378993,0.01325432908,0.4178063675,0.5652003469,151509
151509,GraphST,13,15,0.2974109604,0.3076068876,0.01019592719,0.4927207562,0.5748590504,151509
151509,GraphST,13,17,0.2974109604,0.2953378993,0.002073061112,0.433884387,0.5497467372,151509
151509,GraphST,13,20,0.2974109604,0.2857396088,0.01167135156,0.6549754981,0.6648365598,151509
151509,GraphST,14,18,0.2669029118,0.273373528,0.006470616206,0.518273791,0.6042842308,151509
151509,GraphST,14,19,0.2669029118,0.2661394937,0.0007634181054,0.4978861584,0.5936104547,151509
151509,GraphST,14,20,0.2669029118,0.2857396088,0.01883669703,0.3956026199,0.5493440896,151509
151509,GraphST,15,17,0.3076068876,0.2953378993,0.0122689883,0.3917211204,0.5574444413,151509
151509,GraphST,17,20,0.2953378993,0.2857396088,0.009598290448,0.4004263035,0.5342576717,151509
151509,GraphST,18,19,0.273373528,0.2661394937,0.007234034312,0.5088158671,0.5974856253,151509
151509,GraphST,18,20,0.273373528,0.2857396088,0.01236608083,0.3918301566,0.548317014,151509
151509,GraphST,19,20,0.2661394937,0.2857396088,0.01960011514,0.3822926657,0.5585429773,151509
151509,STAGATE,1,2,0.4208934989,0.4064519366,0.01444156231,0.8945320889,0.8609248219,151509
151509,STAGATE,1,4,0.4208934989,0.4164218101,0.004471688797,0.9025422804,0.8609725571,151509
151509,STAGATE,1,6,0.4208934989,0.4214458633,0.0005523644244,0.9084974264,0.8747116586,151509
151509,STAGATE,1,7,0.4208934989,0.4141135991,0.006779899794,0.9008386696,0.8742510882,151509
151509,STAGATE,1,8,0.4208934989,0.4152677798,0.005625719077,0.9025931098,0.8667088053,151509
151509,STAGATE,1,10,0.4208934989,0.4124366011,0.008456897773,0.8938724231,0.8614812652,151509
151509,STAGATE,1,11,0.4208934989,0.414128475,0.006765023915,0.9007525903,0.8661394585,151509
151509,STAGATE,1,15,0.4208934989,0.4011195855,0.01977391338,0.9036614713,0.8655160307,151509
151509,STAGATE,1,16,0.4208934989,0.4136745566,0.007218942249,0.9203323802,0.8851574955,151509
151509,STAGATE,1,19,0.4208934989,0.4114006138,0.009492885033,0.9130393529,0.874623653,151509
151509,STAGATE,1,20,0.4208934989,0.4251571698,0.004263670938,0.9261335789,0.889918984,151509
151509,STAGATE,2,3,0.4064519366,0.3872012264,0.01925071012,0.7425707285,0.8024279847,151509
151509,STAGATE,2,4,0.4064519366,0.4164218101,0.009969873513,0.8824906059,0.8610673774,151509
151509,STAGATE,2,6,0.4064519366,0.4214458633,0.01499392673,0.9190327259,0.8882188992,151509
151509,STAGATE,2,7,0.4064519366,0.4141135991,0.007661662517,0.9129863548,0.8741946465,151509
151509,STAGATE,2,8,0.4064519366,0.4152677798,0.008815843233,0.8927666754,0.8542305106,151509
151509,STAGATE,2,10,0.4064519366,0.4124366011,0.005984664537,0.8998695099,0.8603991783,151509
151509,STAGATE,2,11,0.4064519366,0.414128475,0.007676538395,0.899336596,0.8674189194,151509
151509,STAGATE,2,12,0.4064519366,0.3953555366,0.01109639992,0.7714472556,0.8135087722,151509
151509,STAGATE,2,15,0.4064519366,0.4011195855,0.005332351071,0.8964160108,0.8649803264,151509
151509,STAGATE,2,16,0.4064519366,0.4136745566,0.007222620062,0.8855029476,0.8647974414,151509
151509,STAGATE,2,18,0.4064519366,0.3998924868,0.006559449791,0.8676076631,0.8437649178,151509
151509,STAGATE,2,19,0.4064519366,0.4114006138,0.004948677277,0.9006523265,0.8669490605,151509
151509,STAGATE,2,20,0.4064519366,0.4251571698,0.01870523325,0.897471119,0.8716005616,151509
151509,STAGATE,3,12,0.3872012264,0.3953555366,0.008154310199,0.8337065892,0.8345554646,151509
151509,STAGATE,3,15,0.3872012264,0.4011195855,0.01391835904,0.712271664,0.7881372907,151509
151509,STAGATE,3,18,0.3872012264,0.3998924868,0.01269126032,0.7057172873,0.7880572119,151509
151509,STAGATE,4,6,0.4164218101,0.4214458633,0.005024053222,0.903307105,0.8820386119,151509
151509,STAGATE,4,7,0.4164218101,0.4141135991,0.002308210996,0.8854981072,0.8605172036,151509
151509,STAGATE,4,8,0.4164218101,0.4152677798,0.00115403028,0.8914043903,0.8555078628,151509
151509,STAGATE,4,10,0.4164218101,0.4124366011,0.003985208976,0.8767153851,0.853102514,151509
151509,STAGATE,4,11,0.4164218101,0.414128475,0.002293335118,0.8998965078,0.8665865694,151509
151509,STAGATE,4,15,0.4164218101,0.4011195855,0.01530222458,0.9165865153,0.8672968345,151509
151509,STAGATE,4,16,0.4164218101,0.4136745566,0.002747253451,0.923127549,0.8832331496,151509
151509,STAGATE,4,18,0.4164218101,0.3998924868,0.0165293233,0.9191750698,0.881157683,151509
151509,STAGATE,4,19,0.4164218101,0.4114006138,0.005021196236,0.9031471303,0.8664760656,151509
151509,STAGATE,4,20,0.4164218101,0.4251571698,0.008735359735,0.9064896098,0.8731635859,151509
151509,STAGATE,6,7,0.4214458633,0.4141135991,0.007332264218,0.9154827007,0.8850209567,151509
151509,STAGATE,6,8,0.4214458633,0.4152677798,0.006178083502,0.9083809476,0.8734772339,151509
151509,STAGATE,6,10,0.4214458633,0.4124366011,0.009009262198,0.904088312,0.8691861602,151509
151509,STAGATE,6,11,0.4214458633,0.414128475,0.00731738834,0.9108365455,0.8783369104,151509
151509,STAGATE,6,16,0.4214458633,0.4136745566,0.007771306673,0.902728416,0.8817923793,151509
151509,STAGATE,6,19,0.4214458633,0.4114006138,0.01004524946,0.9015513664,0.8738511698,151509
151509,STAGATE,6,20,0.4214458633,0.4251571698,0.003711306514,0.9050067401,0.8807986194,151509
151509,STAGATE,7,8,0.4141135991,0.4152677798,0.001154180716,0.9116722059,0.8755188918,151509
151509,STAGATE,7,10,0.4141135991,0.4124366011,0.00167699798,0.9152480845,0.8802272842,151509
151509,STAGATE,7,11,0.4141135991,0.414128475,1.487587856e-05,0.9103728486,0.8801444167,151509
151509,STAGATE,7,12,0.4141135991,0.3953555366,0.01875806243,0.7854880048,0.8254178987,151509
151509,STAGATE,7,15,0.4141135991,0.4011195855,0.01299401359,0.8910611531,0.8633434351,151509
151509,STAGATE,7,16,0.4141135991,0.4136745566,0.000439042455,0.8878918646,0.8691637733,151509
151509,STAGATE,7,18,0.4141135991,0.3998924868,0.01422111231,0.879636148,0.8568630161,151509
151509,STAGATE,7,19,0.4141135991,0.4114006138,0.00271298524,0.9126940795,0.8813830007,151509
151509,STAGATE,7,20,0.4141135991,0.4251571698,0.01104357073,0.89875506,0.8753150564,151509
151509,STAGATE,8,10,0.4152677798,0.4124366011,0.002831178696,0.9110416134,0.8779449052,151509
151509,STAGATE,8,11,0.4152677798,0.414128475,0.001139304838,0.9063391288,0.8714212402,151509
151509,STAGATE,8,12,0.4152677798,0.3953555366,0.01991224315,0.7597020457,0.8047020448,151509
151509,STAGATE,8,15,0.4152677798,0.4011195855,0.0141481943,0.8983658458,0.866625685,151509
151509,STAGATE,8,16,0.4152677798,0.4136745566,0.001593223171,0.8953794622,0.8673545914,151509
151509,STAGATE,8,18,0.4152677798,0.3998924868,0.01537529302,0.8885673785,0.8562465042,151509
151509,STAGATE,8,19,0.4152677798,0.4114006138,0.003867165956,0.9147903465,0.8781798324,151509
151509,STAGATE,8,20,0.4152677798,0.4251571698,0.009889390015,0.9087913538,0.8719632819,151509
151509,STAGATE,9,13,0.4923665193,0.499627496,0.007260976723,0.6812150696,0.713142763,151509
151509,STAGATE,9,14,0.4923665193,0.4924059165,3.939721493e-05,0.7159125272,0.7047588637,151509
151509,STAGATE,10,11,0.4124366011,0.414128475,0.001691873858,0.8990037464,0.862338796,151509
151509,STAGATE,10,12,0.4124366011,0.3953555366,0.01708106445,0.7714471888,0.8118451485,151509
151509,STAGATE,10,15,0.4124366011,0.4011195855,0.01131701561,0.8861318195,0.8561198077,151509
151509,STAGATE,10,16,0.4124366011,0.4136745566,0.001237955524,0.8882082016,0.8660830985,151509
151509,STAGATE,10,18,0.4124366011,0.3998924868,0.01254411433,0.8723967873,0.8469084282,151509
151509,STAGATE,10,19,0.4124366011,0.4114006138,0.00103598726,0.9052295219,0.8719515244,151509
151509,STAGATE,10,20,0.4124366011,0.4251571698,0.01272056871,0.896168119,0.8662813264,151509
151509,STAGATE,11,12,0.414128475,0.3953555366,0.01877293831,0.7610709459,0.8095215258,151509
151509,STAGATE,11,15,0.414128475,0.4011195855,0.01300888947,0.8990433617,0.8714688492,151509
151509,STAGATE,11,16,0.414128475,0.4136745566,0.0004539183336,0.8886785672,0.8619740686,151509
151509,STAGATE,11,18,0.414128475,0.3998924868,0.01423598819,0.8895203025,0.8549636627,151509
151509,STAGATE,11,19,0.414128475,0.4114006138,0.002727861118,0.910052831,0.8759757448,151509
151509,STAGATE,11,20,0.414128475,0.4251571698,0.01102869485,0.9011698669,0.8714485646,151509
151509,STAGATE,12,15,0.3953555366,0.4011195855,0.005764048845,0.7425988875,0.8050229612,151509
151509,STAGATE,12,16,0.3953555366,0.4136745566,0.01831901998,0.7336250367,0.8010811279,151509
151509,STAGATE,12,18,0.3953555366,0.3998924868,0.004536950125,0.7364317968,0.8059245493,151509
151509,STAGATE,12,19,0.3953555366,0.4114006138,0.01604507719,0.7636396956,0.8195368986,151509
151509,STAGATE,13,14,0.499627496,0.4924059165,0.007221579508,0.6465671805,0.7043610978,151509
151509,STAGATE,15,16,0.4011195855,0.4136745566,0.01255497113,0.9184385276,0.8785333709,151509
151509,STAGATE,15,18,0.4011195855,0.3998924868,0.00122709872,0.9188094094,0.8733034123,151509
151509,STAGATE,15,19,0.4011195855,0.4114006138,0.01028102835,0.9048381349,0.8668044827,151509
151509,STAGATE,16,18,0.4136745566,0.3998924868,0.01378206985,0.9169143783,0.8734814891,151509
151509,STAGATE,16,19,0.4136745566,0.4114006138,0.002273942785,0.9086295127,0.881915161,151509
151509,STAGATE,16,20,0.4136745566,0.4251571698,0.01148261319,0.914911998,0.8845041246,151509
151509,STAGATE,18,19,0.3998924868,0.4114006138,0.01150812707,0.9082012053,0.871179693,151509
151509,STAGATE,19,20,0.4114006138,0.4251571698,0.01375655597,0.9175788679,0.8822269076,151509
151509,SpaGCN,1,2,0.3783027507,0.3607210452,0.01758170554,0.5791483606,0.6424010687,151509
151509,SpaGCN,1,4,0.3783027507,0.3672029493,0.01109980139,0.5801675561,0.6605592906,151509
151509,SpaGCN,1,7,0.3783027507,0.3668415622,0.01146118851,0.5629172149,0.6713822737,151509
151509,SpaGCN,1,12,0.3783027507,0.3650768274,0.01322592327,0.7301864852,0.7527268347,151509
151509,SpaGCN,1,16,0.3783027507,0.379367343,0.001064592293,0.5556105759,0.6770809725,151509
151509,SpaGCN,2,3,0.3607210452,0.3443572258,0.01636381938,0.4216861828,0.5338488541,151509
151509,SpaGCN,2,4,0.3607210452,0.3672029493,0.006481904147,0.56012753,0.623024539,151509
151509,SpaGCN,2,7,0.3607210452,0.3668415622,0.006120517033,0.5725296201,0.6436176099,151509
151509,SpaGCN,2,11,0.3607210452,0.3442650965,0.01645594866,0.5465527209,0.6345691641,151509
151509,SpaGCN,2,12,0.3607210452,0.3650768274,0.004355782272,0.5875350809,0.6347078441,151509
151509,SpaGCN,2,16,0.3607210452,0.379367343,0.01864629783,0.5250692498,0.6278692279,151509
151509,SpaGCN,2,18,0.3607210452,0.3410039808,0.0197170644,0.6353450525,0.6841651038,151509
151509,SpaGCN,2,20,0.3607210452,0.3469975594,0.01372348577,0.5731155614,0.6288212428,151509
151509,SpaGCN,3,8,0.3443572258,0.331257637,0.01309958878,0.4632080766,0.5736760376,151509
151509,SpaGCN,3,10,0.3443572258,0.3311459387,0.01321128705,0.5702403391,0.6186108474,151509
151509,SpaGCN,3,11,0.3443572258,0.3442650965,9.212928237e-05,0.4414878167,0.567669257,151509
151509,SpaGCN,3,15,0.3443572258,0.3266732131,0.01768401274,0.4422215444,0.561682666,151509
151509,SpaGCN,3,18,0.3443572258,0.3410039808,0.003353245017,0.4208105138,0.5499566894,151509
151509,SpaGCN,3,19,0.3443572258,0.3263787378,0.01797848804,0.4726796136,0.5802755848,151509
151509,SpaGCN,3,20,0.3443572258,0.3469975594,0.002640333614,0.5026925453,0.5817949562,151509
151509,SpaGCN,4,7,0.3672029493,0.3668415622,0.0003613871146,0.6407852217,0.7127449026,151509
151509,SpaGCN,4,12,0.3672029493,0.3650768274,0.002126121875,0.5873432143,0.6651499771,151509
151509,SpaGCN,4,16,0.3672029493,0.379367343,0.01216439368,0.6208078642,0.706642008,151509
151509,SpaGCN,5,9,0.3109981118,0.298886284,0.01211182787,0.6152512107,0.6667014086,151509
151509,SpaGCN,5,13,0.3109981118,0.3180594915,0.007061379654,0.6653223742,0.7116666757,151509
151509,SpaGCN,5,14,0.3109981118,0.3183967915,0.007398679698,0.682350703,0.7204103186,151509
151509,SpaGCN,5,15,0.3109981118,0.3266732131,0.01567510124,0.4855031398,0.6000842834,151509
151509,SpaGCN,5,17,0.3109981118,0.3099919382,0.001006173592,0.5288874561,0.626946769,151509
151509,SpaGCN,5,19,0.3109981118,0.3263787378,0.01538062593,0.6899034157,0.7227212491,151509
151509,SpaGCN,7,12,0.3668415622,0.3650768274,0.00176473476,0.5657914302,0.6657718254,151509
151509,SpaGCN,7,16,0.3668415622,0.379367343,0.0125257808,0.603125353,0.6950865149,151509
151509,SpaGCN,7,20,0.3668415622,0.3469975594,0.0198440028,0.5130335013,0.6322387116,151509
151509,SpaGCN,8,10,0.331257637,0.3311459387,0.0001116982714,0.4740393131,0.579573366,151509
151509,SpaGCN,8,11,0.331257637,0.3442650965,0.0130074595,0.7445971818,0.762209701,151509
151509,SpaGCN,8,13,0.331257637,0.3180594915,0.01319814554,0.6967903637,0.7385038671,151509
151509,SpaGCN,8,14,0.331257637,0.3183967915,0.01286084549,0.6456042026,0.7023446415,151509
151509,SpaGCN,8,15,0.331257637,0.3266732131,0.004584423957,0.5268586743,0.6308042712,151509
151509,SpaGCN,8,18,0.331257637,0.3410039808,0.009746343761,0.5469292685,0.6298976307,151509
151509,SpaGCN,8,19,0.331257637,0.3263787378,0.004878899262,0.7643101626,0.7781955255,151509
151509,SpaGCN,8,20,0.331257637,0.3469975594,0.01573992239,0.515147478,0.625909498,151509
151509,SpaGCN,9,13,0.298886284,0.3180594915,0.01917320752,0.5147140404,0.6183659487,151509
151509,SpaGCN,9,14,0.298886284,0.3183967915,0.01951050756,0.5606891363,0.6328130489,151509
151509,SpaGCN,9,17,0.298886284,0.3099919382,0.01110565427,0.4694661828,0.5898071634,151509
151509,SpaGCN,10,11,0.3311459387,0.3442650965,0.01311915777,0.4605861113,0.5751776967,151509
151509,SpaGCN,10,13,0.3311459387,0.3180594915,0.01308644727,0.4492998433,0.5693414738,151509
151509,SpaGCN,10,14,0.3311459387,0.3183967915,0.01274914722,0.481563537,0.5860536069,151509
151509,SpaGCN,10,15,0.3311459387,0.3266732131,0.004472725685,0.4747740542,0.5924909342,151509
151509,SpaGCN,10,18,0.3311459387,0.3410039808,0.009858042033,0.4911320441,0.6024093674,151509
151509,SpaGCN,10,19,0.3311459387,0.3263787378,0.004767200991,0.4792493754,0.5864745266,151509
151509,SpaGCN,10,20,0.3311459387,0.3469975594,0.01585162066,0.6164495697,0.6614811021,151509
151509,SpaGCN,11,15,0.3442650965,0.3266732131,0.01759188345,0.5265185358,0.6344055094,151509
151509,SpaGCN,11,18,0.3442650965,0.3410039808,0.003261115735,0.5414900996,0.6281369608,151509
151509,SpaGCN,11,19,0.3442650965,0.3263787378,0.01788635876,0.6883723475,0.7462459647,151509
151509,SpaGCN,11,20,0.3442650965,0.3469975594,0.002732462896,0.5139549778,0.6232713995,151509
151509,SpaGCN,12,16,0.3650768274,0.379367343,0.01429051556,0.5518417836,0.6774729773,151509
151509,SpaGCN,12,20,0.3650768274,0.3469975594,0.01807926804,0.5789893774,0.6425938661,151509
151509,SpaGCN,13,14,0.3180594915,0.3183967915,0.0003373000443,0.6815007899,0.7347678207,151509
151509,SpaGCN,13,15,0.3180594915,0.3266732131,0.008613721582,0.5108805249,0.6223265992,151509
151509,SpaGCN,13,17,0.3180594915,0.3099919382,0.008067553246,0.5416672163,0.6406185318,151509
151509,SpaGCN,13,19,0.3180594915,0.3263787378,0.008319246276,0.7217430526,0.7551985698,151509
151509,SpaGCN,14,15,0.3183967915,0.3266732131,0.008276421537,0.532065878,0.6321857485,151509
151509,SpaGCN,14,17,0.3183967915,0.3099919382,0.008404853291,0.5257157887,0.6402287804,151509
151509,SpaGCN,14,19,0.3183967915,0.3263787378,0.007981946232,0.6700614957,0.714986376,151509
151509,SpaGCN,15,17,0.3266732131,0.3099919382,0.01668127483,0.4628172102,0.6037338172,151509
151509,SpaGCN,15,18,0.3266732131,0.3410039808,0.01433076772,0.5166142208,0.6330705233,151509
151509,SpaGCN,15,19,0.3266732131,0.3263787378,0.0002944753055,0.5013352074,0.6106480773,151509
151509,SpaGCN,17,19,0.3099919382,0.3263787378,0.01638679952,0.5399305168,0.6506644941,151509
151509,SpaGCN,18,19,0.3410039808,0.3263787378,0.01462524302,0.5400439415,0.6304449084,151509
151509,SpaGCN,18,20,0.3410039808,0.3469975594,0.005993578631,0.5252018716,0.6359985501,151509
151509,BANKSY,2,15,0.4204109744,0.4204109744,0,1,1,151509
151509,BANKSY,2,20,0.4204109744,0.4204109744,0,1,1,151509
151509,BANKSY,3,6,0.35677052,0.3643048808,0.007534360722,0.9307573047,0.9074245501,151509
151509,BANKSY,3,7,0.35677052,0.3643048808,0.007534360722,0.9307573047,0.9074245501,151509
151509,BANKSY,3,8,0.35677052,0.3581386577,0.001368137611,0.97924736,0.9626275025,151509
151509,BANKSY,3,10,0.35677052,0.3576786524,0.00090813233,0.9809921753,0.963747999,151509
151509,BANKSY,3,12,0.35677052,0.3576726826,0.0009021625335,0.9786935556,0.9617880065,151509
151509,BANKSY,3,14,0.35677052,0.3564045062,0.0003660138635,0.9987406299,0.9961211506,151509
151509,BANKSY,3,17,0.35677052,0.3558026763,0.0009678437038,0.9862622661,0.9731271535,151509
151509,BANKSY,3,18,0.35677052,0.3404548319,0.01631568817,0.9521078749,0.9075116774,151509
151509,BANKSY,4,5,0.3878120711,0.3874844159,0.0003276551622,0.9951262455,0.989997953,151509
151509,BANKSY,4,9,0.3878120711,0.3875077688,0.0003043022816,0.995975561,0.9915560883,151509
151509,BANKSY,5,9,0.3874844159,0.3875077688,2.335288058e-05,0.9991477805,0.9979143513,151509
151509,BANKSY,6,7,0.3643048808,0.3643048808,0,1,1,151509
151509,BANKSY,6,8,0.3643048808,0.3581386577,0.006166223111,0.948230284,0.9254536292,151509
151509,BANKSY,6,10,0.3643048808,0.3576786524,0.006626228392,0.9460616931,0.9231474106,151509
151509,BANKSY,6,12,0.3643048808,0.3576726826,0.006632198189,0.9487901547,0.926615199,151509
151509,BANKSY,6,14,0.3643048808,0.3564045062,0.007900374586,0.9296034068,0.9059616938,151509
151509,BANKSY,6,17,0.3643048808,0.3558026763,0.008502204426,0.9413890339,0.9181527952,151509
151509,BANKSY,7,8,0.3643048808,0.3581386577,0.006166223111,0.948230284,0.9254536292,151509
151509,BANKSY,7,10,0.3643048808,0.3576786524,0.006626228392,0.9460616931,0.9231474106,151509
151509,BANKSY,7,12,0.3643048808,0.3576726826,0.006632198189,0.9487901547,0.926615199,151509
151509,BANKSY,7,14,0.3643048808,0.3564045062,0.007900374586,0.9296034068,0.9059616938,151509
151509,BANKSY,7,17,0.3643048808,0.3558026763,0.008502204426,0.9413890339,0.9181527952,151509
151509,BANKSY,8,10,0.3581386577,0.3576786524,0.0004600052814,0.9977590851,0.9955845105,151509
151509,BANKSY,8,12,0.3581386577,0.3576726826,0.0004659750779,0.999442835,0.9988359838,151509
151509,BANKSY,8,14,0.3581386577,0.3564045062,0.001734151475,0.9780040936,0.9601231029,151509
151509,BANKSY,8,17,0.3581386577,0.3558026763,0.002335981315,0.9901994099,0.9761059038,151509
151509,BANKSY,8,18,0.3581386577,0.3404548319,0.01768382578,0.9480568789,0.9106434066,151509
151509,BANKSY,10,12,0.3576786524,0.3576726826,5.969796535e-06,0.997202888,0.9946199697,151509
151509,BANKSY,10,14,0.3576786524,0.3564045062,0.001274146193,0.9797480536,0.9612303554,151509
151509,BANKSY,10,17,0.3576786524,0.3558026763,0.001875976034,0.9919597148,0.9776175766,151509
151509,BANKSY,10,18,0.3576786524,0.3404548319,0.0172238205,0.9491319651,0.9113399393,151509
151509,BANKSY,11,13,0.2846992309,0.2882351706,0.00353593975,0.4864797503,0.6485543693,151509
151509,BANKSY,11,19,0.2846992309,0.2882351706,0.00353593975,0.4864797503,0.6485543693,151509
151509,BANKSY,12,14,0.3576726826,0.3564045062,0.001268176397,0.977451195,0.959284021,151509
151509,BANKSY,12,17,0.3576726826,0.3558026763,0.001870006237,0.9896455529,0.9752177246,151509
151509,BANKSY,12,18,0.3576726826,0.3404548319,0.0172178507,0.9475350546,0.9096963778,151509
151509,BANKSY,13,19,0.2882351706,0.2882351706,0,1,1,151509
151509,BANKSY,14,17,0.3564045062,0.3558026763,0.0006018298403,0.985962829,0.9738381045,151509
151509,BANKSY,14,18,0.3564045062,0.3404548319,0.01594967431,0.9531694559,0.9084302256,151509
151509,BANKSY,15,20,0.4204109744,0.4204109744,0,1,1,151509
151509,BANKSY,17,18,0.3558026763,0.3404548319,0.01534784447,0.954230536,0.9153770622,151509
151509,SEDR,1,2,0.5496558356,0.530037797415,0.0196180381848,0.706975858984,0.790197653775,151509
151509,SEDR,1,9,0.5496558356,0.562412460114,0.0127566245142,0.645353303803,0.762396033453,151509
151509,SEDR,1,18,0.5496558356,0.545052190537,0.00460364506283,0.868853401734,0.839358474681,151509
151509,SEDR,2,5,0.530037797415,0.516147468926,0.0138903284893,0.762632768121,0.827185647502,151509
151509,SEDR,2,10,0.530037797415,0.528691141154,0.00134665626124,0.6566783941,0.748379416459,151509
151509,SEDR,2,16,0.530037797415,0.511389102571,0.0186486948439,0.647794478525,0.740170689322,151509
151509,SEDR,2,18,0.530037797415,0.545052190537,0.015014393122,0.721515952613,0.792162192877,151509
151509,SEDR,3,7,0.377996662507,0.381318077006,0.00332141449957,0.629904693523,0.680462857744,151509
151509,SEDR,4,6,0.451278392321,0.436206231755,0.0150721605655,0.641635905472,0.723338088731,151509
151509,SEDR,4,14,0.451278392321,0.464190407472,0.0129120151515,0.708896641992,0.754157599013,151509
151509,SEDR,4,17,0.451278392321,0.458332181058,0.00705378873739,0.746467626385,0.786398770717,151509
151509,SEDR,4,19,0.451278392321,0.431821763965,0.0194566283557,0.674312072208,0.749584028661,151509
151509,SEDR,4,20,0.451278392321,0.43527276419,0.0160056281306,0.623835587237,0.746628378278,151509
151509,SEDR,5,8,0.516147468926,0.506684081292,0.00946338763372,0.747174487009,0.805254296295,151509
151509,SEDR,5,10,0.516147468926,0.528691141154,0.012543672228,0.677111127373,0.745324837899,151509
151509,SEDR,5,12,0.516147468926,0.509599494961,0.00654797396528,0.744045050221,0.782610714925,151509
151509,SEDR,5,16,0.516147468926,0.511389102571,0.00475836635459,0.624797423085,0.737039191757,151509
151509,SEDR,6,19,0.436206231755,0.431821763965,0.00438446779024,0.505716926347,0.645017022558,151509
151509,SEDR,6,20,0.436206231755,0.43527276419,0.000933467565109,0.489511599412,0.650049660292,151509
151509,SEDR,8,12,0.506684081292,0.509599494961,0.00291541366845,0.611786885918,0.735135685088,151509
151509,SEDR,8,16,0.506684081292,0.511389102571,0.00470502127913,0.700631573528,0.756060656185,151509
151509,SEDR,9,18,0.562412460114,0.545052190537,0.017360269577,0.647729352719,0.743451967437,151509
151509,SEDR,10,12,0.528691141154,0.509599494961,0.0190916461933,0.795310874653,0.790633989096,151509
151509,SEDR,10,16,0.528691141154,0.511389102571,0.0173020385826,0.550978331397,0.689174675931,151509
151509,SEDR,10,18,0.528691141154,0.545052190537,0.0163610493832,0.734995911438,0.774673589822,151509
151509,SEDR,11,14,0.475094778141,0.464190407472,0.0109043706687,0.605661887794,0.706791731347,151509
151509,SEDR,11,17,0.475094778141,0.458332181058,0.0167625970828,0.649662065883,0.741786285269,151509
151509,SEDR,12,16,0.509599494961,0.511389102571,0.00178960761068,0.56285563098,0.701671967585,151509
151509,SEDR,14,17,0.464190407472,0.458332181058,0.00585822641416,0.596551697261,0.716124601132,151509
151509,SEDR,19,20,0.431821763965,0.43527276419,0.00345100022513,0.714072172138,0.778897377714,151509
151510,GraphST,2,3,0.3124064584,0.3308363284,0.01842987006,0.425160735,0.5700991838,151510
151510,GraphST,2,5,0.3124064584,0.3125111959,0.0001047375366,0.5387518814,0.61621752,151510
151510,GraphST,2,9,0.3124064584,0.2963642989,0.01604215944,0.5510072731,0.6172367596,151510
151510,GraphST,2,10,0.3124064584,0.3034970768,0.008909381595,0.4312313653,0.5929444218,151510
151510,GraphST,2,15,0.3124064584,0.3269796718,0.01457321345,0.5425124458,0.608756673,151510
151510,GraphST,2,16,0.3124064584,0.3288600076,0.01645354921,0.4287259616,0.5826274794,151510
151510,GraphST,2,18,0.3124064584,0.3296778417,0.01727138332,0.5101527467,0.5973691198,151510
151510,GraphST,2,19,0.3124064584,0.3128359553,0.0004294968903,0.4232576097,0.5761887982,151510
151510,GraphST,3,5,0.3308363284,0.3125111959,0.01832513252,0.5121237381,0.5834849711,151510
151510,GraphST,3,15,0.3308363284,0.3269796718,0.003856656611,0.4549132724,0.5751927256,151510
151510,GraphST,3,16,0.3308363284,0.3288600076,0.001976320853,0.7533266182,0.6757802509,151510
151510,GraphST,3,17,0.3308363284,0.3358528019,0.005016473432,0.4457891505,0.5675895064,151510
151510,GraphST,3,18,0.3308363284,0.3296778417,0.001158486737,0.527531597,0.5898294766,151510
151510,GraphST,3,19,0.3308363284,0.3128359553,0.01800037317,0.7754319039,0.6890043107,151510
151510,GraphST,3,20,0.3308363284,0.3331079958,0.002271667403,0.7551461315,0.6832289171,151510
151510,GraphST,4,6,0.2651782385,0.2653034669,0.0001252283571,0.5078369649,0.562452248,151510
151510,GraphST,4,8,0.2651782385,0.2672788555,0.002100616998,0.5750086861,0.6166400384,151510
151510,GraphST,5,9,0.3125111959,0.2963642989,0.01614689698,0.4931032499,0.6045269217,151510
151510,GraphST,5,10,0.3125111959,0.3034970768,0.009014119131,0.5203373334,0.5983405931,151510
151510,GraphST,5,15,0.3125111959,0.3269796718,0.01446847591,0.5761718166,0.5960989371,151510
151510,GraphST,5,16,0.3125111959,0.3288600076,0.01634881167,0.5083856523,0.5826293416,151510
151510,GraphST,5,18,0.3125111959,0.3296778417,0.01716664579,0.6213611983,0.5949777951,151510
151510,GraphST,5,19,0.3125111959,0.3128359553,0.0003247593537,0.5057584194,0.5872569908,151510
151510,GraphST,6,8,0.2653034669,0.2672788555,0.001975388641,0.4883447501,0.5539970922,151510
151510,GraphST,7,9,0.2873601092,0.2963642989,0.009004189705,0.5229342651,0.6075905756,151510
151510,GraphST,7,10,0.2873601092,0.3034970768,0.01613696755,0.4430487663,0.5748709039,151510
151510,GraphST,7,11,0.2873601092,0.2896645335,0.002304424298,0.5916359738,0.6376359896,151510
151510,GraphST,9,10,0.2963642989,0.3034970768,0.007132777844,0.399316573,0.5688176872,151510
151510,GraphST,9,11,0.2963642989,0.2896645335,0.006699765406,0.5789466539,0.625162049,151510
151510,GraphST,9,19,0.2963642989,0.3128359553,0.01647165633,0.4187922588,0.5661012562,151510
151510,GraphST,10,11,0.3034970768,0.2896645335,0.01383254325,0.4163190124,0.5723128284,151510
151510,GraphST,10,19,0.3034970768,0.3128359553,0.009338878485,0.7145381036,0.6364027519,151510
151510,GraphST,13,14,0.3541822656,0.3577202511,0.003537985555,0.6467259904,0.6266455339,151510
151510,GraphST,13,17,0.3541822656,0.3358528019,0.01832946369,0.4032815724,0.5537101892,151510
151510,GraphST,15,16,0.3269796718,0.3288600076,0.001880335758,0.4468250693,0.5654241756,151510
151510,GraphST,15,17,0.3269796718,0.3358528019,0.008873130043,0.5933657886,0.6179629583,151510
151510,GraphST,15,18,0.3269796718,0.3296778417,0.002698169874,0.5958056323,0.6202925054,151510
151510,GraphST,15,19,0.3269796718,0.3128359553,0.01414371656,0.4438261166,0.5761376181,151510
151510,GraphST,15,20,0.3269796718,0.3331079958,0.006128324014,0.4442370397,0.573997093,151510
151510,GraphST,16,17,0.3288600076,0.3358528019,0.006992794285,0.4308460194,0.5507126072,151510
151510,GraphST,16,18,0.3288600076,0.3296778417,0.0008178341158,0.5140134582,0.570948608,151510
151510,GraphST,16,19,0.3288600076,0.3128359553,0.01602405232,0.7620741462,0.6803693017,151510
151510,GraphST,16,20,0.3288600076,0.3331079958,0.004247988257,0.7258456732,0.6556003052,151510
151510,GraphST,17,18,0.3358528019,0.3296778417,0.00617496017,0.5881729341,0.6137678609,151510
151510,GraphST,17,20,0.3358528019,0.3331079958,0.002744806029,0.4291595065,0.5542843308,151510
151510,GraphST,18,19,0.3296778417,0.3128359553,0.01684188643,0.5042483232,0.5736594818,151510
151510,GraphST,18,20,0.3296778417,0.3331079958,0.003430154141,0.5155191715,0.5903416676,151510
151510,STAGATE,1,15,0.2358034927,0.2431391611,0.00733566839,0.3953117294,0.5628802918,151510
151510,STAGATE,2,5,0.3013266499,0.3158579804,0.01453133043,0.854271826,0.8285284098,151510
151510,STAGATE,2,9,0.3013266499,0.290141545,0.01118510498,0.5572696325,0.7247410939,151510
151510,STAGATE,2,11,0.3013266499,0.2916028556,0.009723794331,0.5575014839,0.7129013324,151510
151510,STAGATE,2,17,0.3013266499,0.2836121597,0.01771449027,0.5483979666,0.7208621174,151510
151510,STAGATE,2,18,0.3013266499,0.2900157927,0.01131085721,0.4194373848,0.5973147623,151510
151510,STAGATE,3,6,0.2757352526,0.2627160865,0.01301916612,0.4926088921,0.5739766476,151510
151510,STAGATE,3,7,0.2757352526,0.2726592398,0.003076012791,0.486555928,0.5781368909,151510
151510,STAGATE,3,9,0.2757352526,0.290141545,0.01440629238,0.4734642333,0.574240579,151510
151510,STAGATE,3,11,0.2757352526,0.2916028556,0.01586760303,0.5046543535,0.5995378115,151510
151510,STAGATE,3,13,0.2757352526,0.2769777826,0.001242530059,0.4735553935,0.5703818204,151510
151510,STAGATE,3,17,0.2757352526,0.2836121597,0.007876907088,0.4950807075,0.5939071032,151510
151510,STAGATE,3,18,0.2757352526,0.2900157927,0.01428054015,0.4477667853,0.5750317322,151510
151510,STAGATE,4,5,0.3222270705,0.3158579804,0.006369090174,0.3855264802,0.5637730841,151510
151510,STAGATE,4,10,0.3222270705,0.3319247251,0.009697654596,0.38116002,0.5706723576,151510
151510,STAGATE,5,10,0.3158579804,0.3319247251,0.01606674477,0.7253363279,0.7519668482,151510
151510,STAGATE,6,7,0.2627160865,0.2726592398,0.00994315333,0.7733845168,0.7952818951,151510
151510,STAGATE,6,13,0.2627160865,0.2769777826,0.01426169618,0.7610976343,0.788181394,151510
151510,STAGATE,6,15,0.2627160865,0.2431391611,0.01957692532,0.6403125289,0.7288204252,151510
151510,STAGATE,7,9,0.2726592398,0.290141545,0.01748230517,0.7643129563,0.7964174263,151510
151510,STAGATE,7,11,0.2726592398,0.2916028556,0.01894361582,0.7820252033,0.8075398222,151510
151510,STAGATE,7,13,0.2726592398,0.2769777826,0.00431854285,0.7715749163,0.7973382562,151510
151510,STAGATE,7,17,0.2726592398,0.2836121597,0.01095291988,0.799871167,0.8216215299,151510
151510,STAGATE,7,18,0.2726592398,0.2900157927,0.01735655294,0.444532851,0.585895613,151510
151510,STAGATE,8,12,0.3537497159,0.3649225498,0.01117283383,0.7833876649,0.7898927354,151510
151510,STAGATE,8,14,0.3537497159,0.3627221255,0.008972409599,0.6509759633,0.722107322,151510
151510,STAGATE,8,16,0.3537497159,0.350923735,0.002825980939,0.7297294555,0.7756866849,151510
151510,STAGATE,8,20,0.3537497159,0.3692198162,0.01547010025,0.5483131025,0.6408369096,151510
151510,STAGATE,9,11,0.290141545,0.2916028556,0.001461310646,0.805089561,0.8123192608,151510
151510,STAGATE,9,13,0.290141545,0.2769777826,0.01316376232,0.7752733367,0.8064651882,151510
151510,STAGATE,9,17,0.290141545,0.2836121597,0.006529385293,0.7779671259,0.8069437665,151510
151510,STAGATE,9,18,0.290141545,0.2900157927,0.000125752233,0.4187347862,0.5780356142,151510
151510,STAGATE,10,16,0.3319247251,0.350923735,0.01899900986,0.435612593,0.5953649965,151510
151510,STAGATE,11,13,0.2916028556,0.2769777826,0.01462507297,0.7455027731,0.7868152156,151510
151510,STAGATE,11,17,0.2916028556,0.2836121597,0.007990695939,0.8002061536,0.8194304498,151510
151510,STAGATE,11,18,0.2916028556,0.2900157927,0.001587062879,0.4372022217,0.5892914089,151510
151510,STAGATE,12,14,0.3649225498,0.3627221255,0.002200424228,0.672408015,0.7367351141,151510
151510,STAGATE,12,16,0.3649225498,0.350923735,0.01399881477,0.6642155562,0.7482900914,151510
151510,STAGATE,12,19,0.3649225498,0.3791734792,0.01425092942,0.499440213,0.6214356875,151510
151510,STAGATE,12,20,0.3649225498,0.3692198162,0.004297266427,0.5232940391,0.6471682847,151510
151510,STAGATE,13,17,0.2769777826,0.2836121597,0.006634377029,0.7769692866,0.8088920434,151510
151510,STAGATE,13,18,0.2769777826,0.2900157927,0.01303801009,0.4170313246,0.5657414431,151510
151510,STAGATE,14,16,0.3627221255,0.350923735,0.01179839054,0.5621931094,0.6950735707,151510
151510,STAGATE,14,19,0.3627221255,0.3791734792,0.01645135365,0.6242667548,0.6904452905,151510
151510,STAGATE,14,20,0.3627221255,0.3692198162,0.006497690656,0.5778972323,0.689144509,151510
151510,STAGATE,16,20,0.350923735,0.3692198162,0.01829608119,0.5502068467,0.6327870031,151510
151510,STAGATE,17,18,0.2836121597,0.2900157927,0.00640363306,0.4576310423,0.5993918486,151510
151510,STAGATE,19,20,0.3791734792,0.3692198162,0.009953662992,0.5617777779,0.6737164764,151510
151510,SpaGCN,1,2,0.2716354559,0.2901299763,0.01849452036,0.4667210525,0.5705285602,151510
151510,SpaGCN,1,9,0.2716354559,0.2631950565,0.00844039941,0.5741729827,0.6430532735,151510
151510,SpaGCN,1,13,0.2716354559,0.2567843705,0.01485108536,0.4614168619,0.5346638663,151510
151510,SpaGCN,1,18,0.2716354559,0.2796785519,0.008043095999,0.7630059616,0.7668554075,151510
151510,SpaGCN,2,12,0.2901299763,0.3053932259,0.01526324964,0.4986670142,0.596908072,151510
151510,SpaGCN,2,15,0.2901299763,0.3067006363,0.01657066007,0.5327082188,0.6314324262,151510
151510,SpaGCN,2,16,0.2901299763,0.2955091387,0.005379162449,0.5620511135,0.6240528354,151510
151510,SpaGCN,2,17,0.2901299763,0.2988647038,0.008734727525,0.6115139121,0.6630812646,151510
151510,SpaGCN,2,18,0.2901299763,0.2796785519,0.01045142436,0.4986536239,0.5966269112,151510
151510,SpaGCN,2,20,0.2901299763,0.3018102686,0.01168029238,0.4135335983,0.5497807933,151510
151510,SpaGCN,3,4,0.319675234,0.3206199204,0.0009446864362,0.571471411,0.6322250982,151510
151510,SpaGCN,3,5,0.319675234,0.3240248192,0.004349585212,0.5092414295,0.607807465,151510
151510,SpaGCN,3,7,0.319675234,0.3376609575,0.01798572354,0.6709492717,0.6996654012,151510
151510,SpaGCN,3,12,0.319675234,0.3053932259,0.01428200811,0.6170576638,0.6534684593,151510
151510,SpaGCN,3,14,0.319675234,0.3147600201,0.004915213874,0.5343824463,0.6292973494,151510
151510,SpaGCN,3,15,0.319675234,0.3067006363,0.01297459768,0.5130127046,0.6238419782,151510
151510,SpaGCN,3,19,0.319675234,0.31043148,0.009243754037,0.6479483646,0.6755264213,151510
151510,SpaGCN,3,20,0.319675234,0.3018102686,0.01786496537,0.4580332418,0.569922379,151510
151510,SpaGCN,4,5,0.3206199204,0.3240248192,0.003404898776,0.4476103385,0.5425710069,151510
151510,SpaGCN,4,7,0.3206199204,0.3376609575,0.01704103711,0.6305027762,0.6659191832,151510
151510,SpaGCN,4,12,0.3206199204,0.3053932259,0.01522669454,0.5472401034,0.6043320036,151510
151510,SpaGCN,4,14,0.3206199204,0.3147600201,0.005859900311,0.489269941,0.5826239111,151510
151510,SpaGCN,4,15,0.3206199204,0.3067006363,0.01391928412,0.4816316068,0.5796636467,151510
151510,SpaGCN,4,19,0.3206199204,0.31043148,0.01018844047,0.5466329656,0.5999913084,151510
151510,SpaGCN,4,20,0.3206199204,0.3018102686,0.01880965181,0.5034245095,0.5937619243,151510
151510,SpaGCN,5,7,0.3240248192,0.3376609575,0.01363613833,0.5472670048,0.6112483862,151510
151510,SpaGCN,5,12,0.3240248192,0.3053932259,0.01863159332,0.5534801013,0.6126695932,151510
151510,SpaGCN,5,14,0.3240248192,0.3147600201,0.009264799086,0.6567045463,0.6952433004,151510
151510,SpaGCN,5,15,0.3240248192,0.3067006363,0.01732418289,0.5990349788,0.6578402855,151510
151510,SpaGCN,5,19,0.3240248192,0.31043148,0.01359333925,0.5679255115,0.6447741146,151510
151510,SpaGCN,7,8,0.3376609575,0.3521853403,0.01452438272,0.7174128872,0.7191036406,151510
151510,SpaGCN,8,11,0.3521853403,0.3659755379,0.01379019769,0.6500074727,0.6842481899,151510
151510,SpaGCN,9,13,0.2631950565,0.2567843705,0.006410685953,0.3837305428,0.4897242738,151510
151510,SpaGCN,9,18,0.2631950565,0.2796785519,0.01648349541,0.5850992021,0.651562507,151510
151510,SpaGCN,12,14,0.3053932259,0.3147600201,0.009366794233,0.5619958976,0.6319610051,151510
151510,SpaGCN,12,15,0.3053932259,0.3067006363,0.001307410426,0.5218845327,0.6111180643,151510
151510,SpaGCN,12,16,0.3053932259,0.2955091387,0.009884087195,0.4691689745,0.5617813381,151510
151510,SpaGCN,12,17,0.3053932259,0.2988647038,0.006528522119,0.501329718,0.5928401208,151510
151510,SpaGCN,12,19,0.3053932259,0.31043148,0.00503825407,0.6415966432,0.663106444,151510
151510,SpaGCN,12,20,0.3053932259,0.3018102686,0.003582957263,0.437184525,0.5371218644,151510
151510,SpaGCN,14,15,0.3147600201,0.3067006363,0.008059383808,0.7343820078,0.7502028596,151510
151510,SpaGCN,14,16,0.3147600201,0.2955091387,0.01925088143,0.503957539,0.5919195567,151510
151510,SpaGCN,14,17,0.3147600201,0.2988647038,0.01589531635,0.5437392955,0.6273149247,151510
151510,SpaGCN,14,19,0.3147600201,0.31043148,0.004328540163,0.5849438863,0.646842197,151510
151510,SpaGCN,14,20,0.3147600201,0.3018102686,0.0129497515,0.4809936326,0.5869483081,151510
151510,SpaGCN,15,16,0.3067006363,0.2955091387,0.01119149762,0.4782083925,0.5840873427,151510
151510,SpaGCN,15,17,0.3067006363,0.2988647038,0.007835932544,0.513065814,0.6124174129,151510
151510,SpaGCN,15,19,0.3067006363,0.31043148,0.003730843644,0.5423288802,0.6286287045,151510
151510,SpaGCN,15,20,0.3067006363,0.3018102686,0.004890367688,0.5116515416,0.6058836661,151510
151510,SpaGCN,16,17,0.2955091387,0.2988647038,0.003355565076,0.6496387328,0.6875691129,151510
151510,SpaGCN,16,18,0.2955091387,0.2796785519,0.01583058681,0.4733752354,0.5565623935,151510
151510,SpaGCN,16,19,0.2955091387,0.31043148,0.01492234126,0.4934706404,0.5700506371,151510
151510,SpaGCN,16,20,0.2955091387,0.3018102686,0.006301129932,0.3693612747,0.5100315637,151510
151510,SpaGCN,17,18,0.2988647038,0.2796785519,0.01918615188,0.5154784623,0.5922651748,151510
151510,SpaGCN,17,19,0.2988647038,0.31043148,0.01156677619,0.5516576262,0.6271936659,151510
151510,SpaGCN,17,20,0.2988647038,0.3018102686,0.002945564856,0.3986985454,0.530585853,151510
151510,SpaGCN,19,20,0.31043148,0.3018102686,0.008621211333,0.4553910923,0.5616124338,151510
151510,BANKSY,1,4,0.3322127771,0.3377977259,0.005584948832,0.9330691963,0.8833436153,151510
151510,BANKSY,1,6,0.3322127771,0.352156316,0.01994353892,0.4258445005,0.6131686904,151510
151510,BANKSY,1,7,0.3322127771,0.3314254077,0.0007873693744,0.8719055519,0.8510561353,151510
151510,BANKSY,1,12,0.3322127771,0.338373363,0.006160585881,0.9357063607,0.8856060053,151510
151510,BANKSY,1,13,0.3322127771,0.3168228791,0.01538989799,0.7737369756,0.8134746381,151510
151510,BANKSY,1,14,0.3322127771,0.3158026567,0.01641012045,0.8292323136,0.8326122615,151510
151510,BANKSY,1,16,0.3322127771,0.3379498735,0.0057370964,0.9332386711,0.8836805703,151510
151510,BANKSY,1,19,0.3322127771,0.3370538328,0.004841055684,0.8293817219,0.8247186394,151510
151510,BANKSY,1,20,0.3322127771,0.3370795222,0.004866745112,0.9173064403,0.8894848892,151510
151510,BANKSY,2,6,0.3590352142,0.352156316,0.006878898215,0.4403932781,0.6194546032,151510
151510,BANKSY,2,8,0.3590352142,0.3587193865,0.0003158277498,0.992620357,0.9904754825,151510
151510,BANKSY,2,9,0.3590352142,0.3528541493,0.006181064971,0.4712782517,0.6839499644,151510
151510,BANKSY,2,11,0.3590352142,0.3541876352,0.004847579024,0.4373499412,0.6198613321,151510
151510,BANKSY,2,15,0.3590352142,0.3611453984,0.002110184195,0.8721362001,0.835133245,151510
151510,BANKSY,2,17,0.3590352142,0.3726699119,0.01363469761,0.4663903629,0.6715909407,151510
151510,BANKSY,3,5,0.2877209571,0.2808582479,0.006862709195,0.9233756121,0.8808588709,151510
151510,BANKSY,3,10,0.2877209571,0.2775809357,0.01014002142,0.9339955018,0.8922943181,151510
151510,BANKSY,3,18,0.2877209571,0.2781503643,0.009570592818,0.7577511957,0.8064705746,151510
151510,BANKSY,4,6,0.3377977259,0.352156316,0.01435859009,0.4235265809,0.6140931103,151510
151510,BANKSY,4,7,0.3377977259,0.3314254077,0.006372318206,0.8538503762,0.8338717625,151510
151510,BANKSY,4,9,0.3377977259,0.3528541493,0.01505642333,0.4206222136,0.6232697335,151510
151510,BANKSY,4,11,0.3377977259,0.3541876352,0.01638990928,0.4694234978,0.6712190518,151510
151510,BANKSY,4,12,0.3377977259,0.338373363,0.0005756370489,0.9963494801,0.994011055,151510
151510,BANKSY,4,16,0.3377977259,0.3379498735,0.0001521475682,0.9997825322,0.9990194162,151510
151510,BANKSY,4,19,0.3377977259,0.3370538328,0.0007438931481,0.8192914642,0.8266016433,151510
151510,BANKSY,4,20,0.3377977259,0.3370795222,0.0007182037204,0.923862468,0.9146485432,151510
151510,BANKSY,5,10,0.2808582479,0.2775809357,0.003277312229,0.9689221267,0.9275063206,151510
151510,BANKSY,5,18,0.2808582479,0.2781503643,0.002707883623,0.7883393395,0.8522059377,151510
151510,BANKSY,6,8,0.352156316,0.3587193865,0.006563070465,0.4422685159,0.6199780056,151510
151510,BANKSY,6,9,0.352156316,0.3528541493,0.0006978332437,0.5156564397,0.6252110314,151510
151510,BANKSY,6,11,0.352156316,0.3541876352,0.002031319191,0.5405016563,0.6224101932,151510
151510,BANKSY,6,12,0.352156316,0.338373363,0.01378295304,0.4241616415,0.6144696021,151510
151510,BANKSY,6,15,0.352156316,0.3611453984,0.00898908241,0.4632851235,0.653501366,151510
151510,BANKSY,6,16,0.352156316,0.3379498735,0.01420644252,0.4235648259,0.6142005746,151510
151510,BANKSY,6,19,0.352156316,0.3370538328,0.01510248323,0.4350930535,0.6453567879,151510
151510,BANKSY,6,20,0.352156316,0.3370795222,0.01507679381,0.427680653,0.6086286568,151510
151510,BANKSY,7,12,0.3314254077,0.338373363,0.006947955255,0.8508155709,0.8320644099,151510
151510,BANKSY,7,13,0.3314254077,0.3168228791,0.01460252862,0.7907348796,0.7792210189,151510
151510,BANKSY,7,14,0.3314254077,0.3158026567,0.01562275107,0.8603028572,0.8421771327,151510
151510,BANKSY,7,16,0.3314254077,0.3379498735,0.006524465775,0.8539609502,0.8341093709,151510
151510,BANKSY,7,19,0.3314254077,0.3370538328,0.005628425058,0.8706902992,0.8329361781,151510
151510,BANKSY,7,20,0.3314254077,0.3370795222,0.005654114486,0.8124206015,0.8223584578,151510
151510,BANKSY,8,9,0.3587193865,0.3528541493,0.005865237221,0.4711432909,0.6835572376,151510
151510,BANKSY,8,11,0.3587193865,0.3541876352,0.004531751274,0.4372890586,0.6195324405,151510
151510,BANKSY,8,15,0.3587193865,0.3611453984,0.002426011944,0.8651844546,0.8296614889,151510
151510,BANKSY,8,17,0.3587193865,0.3726699119,0.01395052536,0.4668557794,0.671722576,151510
151510,BANKSY,9,11,0.3528541493,0.3541876352,0.001333485947,0.8878980538,0.8155896049,151510
151510,BANKSY,9,12,0.3528541493,0.338373363,0.01448078628,0.4209848412,0.6233531135,151510
151510,BANKSY,9,15,0.3528541493,0.3611453984,0.008291249166,0.4173260902,0.5913545541,151510
151510,BANKSY,9,16,0.3528541493,0.3379498735,0.01490427576,0.4206708745,0.6232989845,151510
151510,BANKSY,9,17,0.3528541493,0.3726699119,0.01981576258,0.7005303857,0.7048206629,151510
151510,BANKSY,9,19,0.3528541493,0.3370538328,0.01580031648,0.412980342,0.621821562,151510
151510,BANKSY,9,20,0.3528541493,0.3370795222,0.01577462705,0.4192553006,0.6085228339,151510
151510,BANKSY,10,18,0.2775809357,0.2781503643,0.0005694286065,0.7754354868,0.834333937,151510
151510,BANKSY,11,12,0.3541876352,0.338373363,0.01581427223,0.4696209308,0.6711172865,151510
151510,BANKSY,11,15,0.3541876352,0.3611453984,0.006957763219,0.4610867436,0.6486925347,151510
151510,BANKSY,11,16,0.3541876352,0.3379498735,0.01623776171,0.4692866493,0.6709260344,151510
151510,BANKSY,11,17,0.3541876352,0.3726699119,0.01848227664,0.7541385556,0.7311180379,151510
151510,BANKSY,11,19,0.3541876352,0.3370538328,0.01713380243,0.4534745866,0.6386957709,151510
151510,BANKSY,11,20,0.3541876352,0.3370795222,0.017108113,0.4705271455,0.6734595323,151510
151510,BANKSY,12,16,0.338373363,0.3379498735,0.0004234894807,0.9965671903,0.9949911089,151510
151510,BANKSY,12,19,0.338373363,0.3370538328,0.001319530197,0.8164430005,0.8249610369,151510
151510,BANKSY,12,20,0.338373363,0.3370795222,0.001293840769,0.9264224804,0.9164421467,151510
151510,BANKSY,13,14,0.3168228791,0.3158026567,0.001020222456,0.9030358003,0.8628185149,151510
151510,BANKSY,15,17,0.3611453984,0.3726699119,0.01152451342,0.4979510638,0.691386668,151510
151510,BANKSY,16,19,0.3379498735,0.3370538328,0.0008960407163,0.8194159022,0.8267851602,151510
151510,BANKSY,16,20,0.3379498735,0.3370795222,0.0008703512886,0.924065277,0.9154169884,151510
151510,BANKSY,19,20,0.3370538328,0.3370795222,2.568942767e-05,0.7734243106,0.7936119565,151510
151510,SEDR,1,2,0.436486793944,0.453703684766,0.0172168908215,0.683594896807,0.755997193536,151510
151510,SEDR,1,4,0.436486793944,0.426651534242,0.00983525970218,0.596530195567,0.709895438432,151510
151510,SEDR,1,6,0.436486793944,0.437267074901,0.000780280956789,0.531082252985,0.686668297406,151510
151510,SEDR,1,10,0.436486793944,0.420671676411,0.0158151175333,0.514613991146,0.678837238062,151510
151510,SEDR,1,12,0.436486793944,0.451688231718,0.015201437774,0.668045616825,0.758566981835,151510
151510,SEDR,1,20,0.436486793944,0.430656616624,0.00583017731996,0.648089399804,0.740026127685,151510
151510,SEDR,2,6,0.453703684766,0.437267074901,0.0164366098647,0.625046143689,0.70527094134,151510
151510,SEDR,2,8,0.453703684766,0.465700391995,0.0119967072299,0.599782019583,0.699137611125,151510
151510,SEDR,2,9,0.453703684766,0.468960428141,0.0152567433759,0.566468386008,0.687295733194,151510
151510,SEDR,2,12,0.453703684766,0.451688231718,0.00201545304748,0.599006760364,0.718017235299,151510
151510,SEDR,3,19,0.539061638079,0.526563510209,0.0124981278705,0.654975133201,0.728432079079,151510
151510,SEDR,4,6,0.426651534242,0.437267074901,0.010615540659,0.536409378016,0.699396410191,151510
151510,SEDR,4,10,0.426651534242,0.420671676411,0.00597985783111,0.548092880374,0.703750575524,151510
151510,SEDR,4,20,0.426651534242,0.430656616624,0.00400508238222,0.519386873116,0.68821579477,151510
151510,SEDR,5,7,0.506121896323,0.489083636339,0.0170382599839,0.625842752561,0.761098574032,151510
151510,SEDR,5,13,0.506121896323,0.511417514059,0.00529561773576,0.6320439071,0.741992257552,151510
151510,SEDR,5,15,0.506121896323,0.51766876521,0.0115468688863,0.617789475496,0.748201915257,151510
151510,SEDR,5,17,0.506121896323,0.512988680207,0.0068667838834,0.851606820436,0.849858252668,151510
151510,SEDR,5,18,0.506121896323,0.503225137978,0.00289675834561,0.582496346023,0.720543898448,151510
151510,SEDR,6,10,0.437267074901,0.420671676411,0.0165953984901,0.710308916755,0.758678612036,151510
151510,SEDR,6,12,0.437267074901,0.451688231718,0.0144211568172,0.554146907149,0.701547771517,151510
151510,SEDR,6,20,0.437267074901,0.430656616624,0.00661045827675,0.62328525724,0.7088760251,151510
151510,SEDR,7,11,0.489083636339,0.475499045342,0.013584590997,0.84665810449,0.855882664511,151510
151510,SEDR,7,18,0.489083636339,0.503225137978,0.0141415016383,0.797123181172,0.821728002971,151510
151510,SEDR,8,9,0.465700391995,0.468960428141,0.00326003614597,0.556142362648,0.680979778607,151510
151510,SEDR,8,11,0.465700391995,0.475499045342,0.00979865334697,0.671466081376,0.748568846666,151510
151510,SEDR,8,12,0.465700391995,0.451688231718,0.0140121602774,0.616881613729,0.729778625597,151510
151510,SEDR,9,11,0.468960428141,0.475499045342,0.006538617201,0.701930381282,0.767588094353,151510
151510,SEDR,9,12,0.468960428141,0.451688231718,0.0172721964233,0.614670288074,0.716592509696,151510
151510,SEDR,10,14,0.420671676411,0.401726744046,0.018944932365,0.63792055951,0.738042588778,151510
151510,SEDR,10,20,0.420671676411,0.430656616624,0.00998494021334,0.627210958564,0.725859081197,151510
151510,SEDR,13,15,0.511417514059,0.51766876521,0.00625125115052,0.758129611753,0.793475337906,151510
151510,SEDR,13,17,0.511417514059,0.512988680207,0.00157116614764,0.600631040368,0.728456293176,151510
151510,SEDR,13,18,0.511417514059,0.503225137978,0.00819237608136,0.668051286252,0.739514127919,151510
151510,SEDR,13,19,0.511417514059,0.526563510209,0.0151459961495,0.59453354378,0.708129556439,151510
151510,SEDR,14,16,0.401726744046,0.39380100076,0.00792574328539,0.610142942641,0.724330083946,151510
151510,SEDR,15,17,0.51766876521,0.512988680207,0.00468008500288,0.599435129468,0.734379873727,151510
151510,SEDR,15,18,0.51766876521,0.503225137978,0.0144436272319,0.750258116577,0.774543848769,151510
151510,SEDR,15,19,0.51766876521,0.526563510209,0.00889474499896,0.649076777802,0.746519439019,151510
151510,SEDR,17,18,0.512988680207,0.503225137978,0.009763542229,0.596770431514,0.732614532367,151510
151510,SEDR,17,19,0.512988680207,0.526563510209,0.0135748300018,0.650652439941,0.727868114151,151510
151669,GraphST,1,8,0.2798841753,0.2780065035,0.001877671718,0.4842105136,0.4861440122,151669
151669,GraphST,1,9,0.2798841753,0.2667890836,0.0130950917,0.4981976499,0.5040899862,151669
151669,GraphST,1,11,0.2798841753,0.2765459846,0.003338190697,0.5090396367,0.5187445712,151669
151669,GraphST,1,14,0.2798841753,0.2631899258,0.0166942494,0.4949602559,0.5064466386,151669
151669,GraphST,1,18,0.2798841753,0.267489048,0.01239512727,0.4768798303,0.510008697,151669
151669,GraphST,2,3,0.1850320678,0.1735567707,0.01147529716,0.3737561818,0.4826070133,151669
151669,GraphST,2,7,0.1850320678,0.1738749821,0.01115708575,0.3869440344,0.5001777826,151669
151669,GraphST,3,7,0.1735567707,0.1738749821,0.0003182114161,0.4158142947,0.4985529821,151669
151669,GraphST,3,13,0.1735567707,0.1607801953,0.01277657539,0.4063608952,0.4941324447,151669
151669,GraphST,3,17,0.1735567707,0.1610595591,0.01249721161,0.3988008885,0.4890298575,151669
151669,GraphST,4,6,0.2377659387,0.2256797719,0.01208616675,0.4206896653,0.4985183136,151669
151669,GraphST,4,12,0.2377659387,0.2338469688,0.003918969936,0.4920253354,0.5184644988,151669
151669,GraphST,4,15,0.2377659387,0.2212652619,0.01650067681,0.4796352651,0.520876764,151669
151669,GraphST,4,16,0.2377659387,0.2273600492,0.01040588944,0.4624392353,0.5153002966,151669
151669,GraphST,4,19,0.2377659387,0.2545007443,0.01673480556,0.5158351051,0.5267171418,151669
151669,GraphST,4,20,0.2377659387,0.2446927792,0.006926840546,0.4547266624,0.4993375769,151669
151669,GraphST,6,12,0.2256797719,0.2338469688,0.008167196813,0.4375081914,0.5210755103,151669
151669,GraphST,6,15,0.2256797719,0.2212652619,0.004414510065,0.4521424389,0.5221501783,151669
151669,GraphST,6,16,0.2256797719,0.2273600492,0.001680277306,0.4173438567,0.4942368543,151669
151669,GraphST,6,20,0.2256797719,0.2446927792,0.01901300729,0.4316270505,0.4998330368,151669
151669,GraphST,7,13,0.1738749821,0.1607801953,0.01309478681,0.3885672815,0.4885602855,151669
151669,GraphST,7,17,0.1738749821,0.1610595591,0.01281542303,0.3832854803,0.4885461591,151669
151669,GraphST,8,9,0.2780065035,0.2667890836,0.01121741998,0.4801146843,0.5026270665,151669
151669,GraphST,8,11,0.2780065035,0.2765459846,0.001460518979,0.5096962198,0.5250689103,151669
151669,GraphST,8,14,0.2780065035,0.2631899258,0.01481657769,0.4985555812,0.5260557985,151669
151669,GraphST,8,18,0.2780065035,0.267489048,0.01051745555,0.4907902071,0.5180851918,151669
151669,GraphST,9,11,0.2667890836,0.2765459846,0.009756901003,0.4968573282,0.5198910607,151669
151669,GraphST,9,14,0.2667890836,0.2631899258,0.003599157705,0.5091071936,0.5136366464,151669
151669,GraphST,9,18,0.2667890836,0.267489048,0.0006999644308,0.4834272861,0.5243494678,151669
151669,GraphST,9,19,0.2667890836,0.2545007443,0.0122883393,0.4880485033,0.5046251,151669
151669,GraphST,11,14,0.2765459846,0.2631899258,0.01335605871,0.5154596423,0.5381203171,151669
151669,GraphST,11,18,0.2765459846,0.267489048,0.009056936572,0.4987233183,0.5342793907,151669
151669,GraphST,12,15,0.2338469688,0.2212652619,0.01258170688,0.4905347889,0.5370828066,151669
151669,GraphST,12,16,0.2338469688,0.2273600492,0.006486919507,0.4651871748,0.5269865488,151669
151669,GraphST,12,20,0.2338469688,0.2446927792,0.01084581048,0.4874667197,0.5306016215,151669
151669,GraphST,13,17,0.1607801953,0.1610595591,0.0002793637846,0.3970778612,0.4886215384,151669
151669,GraphST,14,18,0.2631899258,0.267489048,0.004299122136,0.4854009867,0.534161248,151669
151669,GraphST,14,19,0.2631899258,0.2545007443,0.008689181599,0.5267417197,0.5450551027,151669
151669,GraphST,14,20,0.2631899258,0.2446927792,0.01849714662,0.4825615319,0.5246161864,151669
151669,GraphST,15,16,0.2212652619,0.2273600492,0.006094787372,0.4751891155,0.5364122543,151669
151669,GraphST,16,20,0.2273600492,0.2446927792,0.01733272999,0.4618227494,0.5143120786,151669
151669,GraphST,18,19,0.267489048,0.2545007443,0.01298830373,0.4809889873,0.52052206,151669
151669,GraphST,19,20,0.2545007443,0.2446927792,0.009807965018,0.4890279219,0.5181709091,151669
151669,STAGATE,1,3,0.2718653654,0.2666152725,0.005250092965,0.836171368,0.8018286012,151669
151669,STAGATE,1,4,0.2718653654,0.260117496,0.01174786939,0.7358153004,0.7562609865,151669
151669,STAGATE,1,7,0.2718653654,0.2565523673,0.0153129981,0.7436178055,0.7315220472,151669
151669,STAGATE,1,8,0.2718653654,0.2636520936,0.008213271882,0.7133111028,0.7069741589,151669
151669,STAGATE,1,9,0.2718653654,0.2523012554,0.01956411005,0.7121444275,0.7195933297,151669
151669,STAGATE,1,19,0.2718653654,0.2554003988,0.01646496668,0.7903489678,0.7575431814,151669
151669,STAGATE,1,20,0.2718653654,0.2560481583,0.01581720711,0.7494573224,0.7224120752,151669
151669,STAGATE,3,4,0.2666152725,0.260117496,0.00649777642,0.7229330952,0.7428768891,151669
151669,STAGATE,3,7,0.2666152725,0.2565523673,0.01006290513,0.7118839871,0.7014223967,151669
151669,STAGATE,3,8,0.2666152725,0.2636520936,0.002963178917,0.687022097,0.679706878,151669
151669,STAGATE,3,9,0.2666152725,0.2523012554,0.01431401708,0.6898950901,0.697856291,151669
151669,STAGATE,3,10,0.2666152725,0.2472190475,0.01939622495,0.7170192258,0.6981286466,151669
151669,STAGATE,3,11,0.2666152725,0.2496211416,0.01699413086,0.7540742554,0.7301460623,151669
151669,STAGATE,3,19,0.2666152725,0.2554003988,0.01121487371,0.7792002718,0.7469348288,151669
151669,STAGATE,3,20,0.2666152725,0.2560481583,0.01056711415,0.7329025935,0.7112569026,151669
151669,STAGATE,4,5,0.260117496,0.241837072,0.01828042407,0.7353245905,0.7151652023,151669
151669,STAGATE,4,7,0.260117496,0.2565523673,0.003565128713,0.7535185336,0.738099496,151669
151669,STAGATE,4,8,0.260117496,0.2636520936,0.003534597503,0.7516218371,0.7391474538,151669
151669,STAGATE,4,9,0.260117496,0.2523012554,0.007816240664,0.7507220085,0.7411079257,151669
151669,STAGATE,4,10,0.260117496,0.2472190475,0.01289844853,0.732040788,0.7101090539,151669
151669,STAGATE,4,11,0.260117496,0.2496211416,0.01049635444,0.7472680623,0.7365325478,151669
151669,STAGATE,4,13,0.260117496,0.2434361097,0.01668138639,0.764837045,0.7526423679,151669
151669,STAGATE,4,15,0.260117496,0.2456800433,0.01443745277,0.7582863574,0.7476310079,151669
151669,STAGATE,4,16,0.260117496,0.2465032659,0.01361423015,0.7518576367,0.7358137406,151669
151669,STAGATE,4,18,0.260117496,0.2442967439,0.01582075219,0.7643031359,0.7493497792,151669
151669,STAGATE,4,19,0.260117496,0.2554003988,0.004717097295,0.7460634845,0.7386214794,151669
151669,STAGATE,4,20,0.260117496,0.2560481583,0.00406933773,0.7453108917,0.7246303052,151669
151669,STAGATE,5,6,0.241837072,0.2374760442,0.00436102779,0.7471559684,0.7110572763,151669
151669,STAGATE,5,7,0.241837072,0.2565523673,0.01471529536,0.766997642,0.7287345131,151669
151669,STAGATE,5,9,0.241837072,0.2523012554,0.01046418341,0.7377582999,0.7066706666,151669
151669,STAGATE,5,10,0.241837072,0.2472190475,0.005381975539,0.7526483209,0.7141850635,151669
151669,STAGATE,5,11,0.241837072,0.2496211416,0.007784069628,0.7456926832,0.7211130045,151669
151669,STAGATE,5,12,0.241837072,0.2365132488,0.005323823131,0.7489740667,0.7122293591,151669
151669,STAGATE,5,13,0.241837072,0.2434361097,0.001599037681,0.7478892728,0.7151320834,151669
151669,STAGATE,5,15,0.241837072,0.2456800433,0.003842971297,0.7641270317,0.7299094532,151669
151669,STAGATE,5,16,0.241837072,0.2465032659,0.004666193917,0.7696046129,0.7330862142,151669
151669,STAGATE,5,17,0.241837072,0.2400656106,0.001771461358,0.7518705438,0.7206109995,151669
151669,STAGATE,5,18,0.241837072,0.2442967439,0.002459671883,0.7482275212,0.7157441785,151669
151669,STAGATE,5,19,0.241837072,0.2554003988,0.01356332677,0.7468308694,0.7226109262,151669
151669,STAGATE,5,20,0.241837072,0.2560481583,0.01421108634,0.7447685615,0.7069234645,151669
151669,STAGATE,6,7,0.2374760442,0.2565523673,0.01907632315,0.7806322052,0.7456674809,151669
151669,STAGATE,6,9,0.2374760442,0.2523012554,0.0148252112,0.7981343367,0.7643076685,151669
151669,STAGATE,6,10,0.2374760442,0.2472190475,0.009743003329,0.7322192151,0.7029466759,151669
151669,STAGATE,6,11,0.2374760442,0.2496211416,0.01214509742,0.7406653716,0.7182838429,151669
151669,STAGATE,6,12,0.2374760442,0.2365132488,0.0009627953414,0.7445391731,0.7148160426,151669
151669,STAGATE,6,13,0.2374760442,0.2434361097,0.005960065471,0.7507926262,0.7242951779,151669
151669,STAGATE,6,14,0.2374760442,0.2187226719,0.01875337228,0.7564186561,0.7198839208,151669
151669,STAGATE,6,15,0.2374760442,0.2456800433,0.008203999087,0.7528509271,0.7308709461,151669
151669,STAGATE,6,16,0.2374760442,0.2465032659,0.009027221707,0.7699055636,0.7395953966,151669
151669,STAGATE,6,17,0.2374760442,0.2400656106,0.002589566432,0.7598111631,0.7287087287,151669
151669,STAGATE,6,18,0.2374760442,0.2442967439,0.006820699673,0.7757847754,0.7444951681,151669
151669,STAGATE,6,19,0.2374760442,0.2554003988,0.01792435456,0.7421698995,0.728395813,151669
151669,STAGATE,6,20,0.2374760442,0.2560481583,0.01857211413,0.7606876824,0.7263450991,151669
151669,STAGATE,7,8,0.2565523673,0.2636520936,0.007099726216,0.763185447,0.7336064632,151669
151669,STAGATE,7,9,0.2565523673,0.2523012554,0.00425111195,0.7685436756,0.741747262,151669
151669,STAGATE,7,10,0.2565523673,0.2472190475,0.009333319817,0.769205595,0.7369501969,151669
151669,STAGATE,7,11,0.2565523673,0.2496211416,0.006931225728,0.7699019367,0.7450746303,151669
151669,STAGATE,7,13,0.2565523673,0.2434361097,0.01311625767,0.7532484859,0.7285618098,151669
151669,STAGATE,7,15,0.2565523673,0.2456800433,0.01087232406,0.7687983775,0.7457984956,151669
151669,STAGATE,7,16,0.2565523673,0.2465032659,0.01004910144,0.7614851994,0.733856293,151669
151669,STAGATE,7,17,0.2565523673,0.2400656106,0.01648675671,0.7737184734,0.7422624358,151669
151669,STAGATE,7,18,0.2565523673,0.2442967439,0.01225562347,0.802721794,0.7672155502,151669
151669,STAGATE,7,19,0.2565523673,0.2554003988,0.001151968582,0.7640583829,0.7378301355,151669
151669,STAGATE,7,20,0.2565523673,0.2560481583,0.0005042090163,0.7710169425,0.7356737212,151669
151669,STAGATE,8,9,0.2636520936,0.2523012554,0.01135083817,0.8083162312,0.7688160248,151669
151669,STAGATE,8,10,0.2636520936,0.2472190475,0.01643304603,0.7455621102,0.7051923092,151669
151669,STAGATE,8,11,0.2636520936,0.2496211416,0.01403095194,0.7529233988,0.7252864298,151669
151669,STAGATE,8,15,0.2636520936,0.2456800433,0.01797205028,0.7517886741,0.7256324835,151669
151669,STAGATE,8,16,0.2636520936,0.2465032659,0.01714882766,0.7409337946,0.7143596501,151669
151669,STAGATE,8,18,0.2636520936,0.2442967439,0.01935534969,0.7550005184,0.7255809072,151669
151669,STAGATE,8,19,0.2636520936,0.2554003988,0.008251694798,0.7395278966,0.714720867,151669
151669,STAGATE,8,20,0.2636520936,0.2560481583,0.007603935233,0.7537440784,0.7113704602,151669
151669,STAGATE,9,10,0.2523012554,0.2472190475,0.005082207867,0.7406099322,0.7186683399,151669
151669,STAGATE,9,11,0.2523012554,0.2496211416,0.002680113778,0.7443248099,0.7235851694,151669
151669,STAGATE,9,12,0.2523012554,0.2365132488,0.01578800654,0.726375954,0.7120133189,151669
151669,STAGATE,9,13,0.2523012554,0.2434361097,0.008865145725,0.7341824601,0.7186378021,151669
151669,STAGATE,9,15,0.2523012554,0.2456800433,0.006621212109,0.745399497,0.7314711704,151669
151669,STAGATE,9,16,0.2523012554,0.2465032659,0.005797989489,0.7377730669,0.7193525959,151669
151669,STAGATE,9,17,0.2523012554,0.2400656106,0.01223564476,0.7431741217,0.7187268048,151669
151669,STAGATE,9,18,0.2523012554,0.2442967439,0.008004511523,0.7656428249,0.739003091,151669
151669,STAGATE,9,19,0.2523012554,0.2554003988,0.003099143369,0.7484933032,0.7341514849,151669
151669,STAGATE,9,20,0.2523012554,0.2560481583,0.003746902934,0.7468511148,0.7081350111,151669
151669,STAGATE,10,11,0.2472190475,0.2496211416,0.002402094089,0.7724005394,0.7337145798,151669
151669,STAGATE,10,12,0.2472190475,0.2365132488,0.01070579867,0.7414719541,0.723296741,151669
151669,STAGATE,10,13,0.2472190475,0.2434361097,0.003782937858,0.7581134059,0.7266105625,151669
151669,STAGATE,10,15,0.2472190475,0.2456800433,0.001539004242,0.7298555602,0.7101686516,151669
151669,STAGATE,10,16,0.2472190475,0.2465032659,0.0007157816218,0.7386199556,0.7143857813,151669
151669,STAGATE,10,17,0.2472190475,0.2400656106,0.007153436897,0.7541968685,0.723243057,151669
151669,STAGATE,10,18,0.2472190475,0.2442967439,0.002922303656,0.767139622,0.73895059,151669
151669,STAGATE,10,19,0.2472190475,0.2554003988,0.008181351235,0.7699964691,0.7405316409,151669
151669,STAGATE,10,20,0.2472190475,0.2560481583,0.008829110801,0.7720157676,0.7296780695,151669
151669,STAGATE,11,12,0.2496211416,0.2365132488,0.01310789276,0.7400919539,0.7152724913,151669
151669,STAGATE,11,13,0.2496211416,0.2434361097,0.006185031947,0.7748263752,0.7479213386,151669
151669,STAGATE,11,15,0.2496211416,0.2456800433,0.003941098331,0.7596449868,0.744362792,151669
151669,STAGATE,11,16,0.2496211416,0.2465032659,0.003117875711,0.740512276,0.7311356371,151669
151669,STAGATE,11,17,0.2496211416,0.2400656106,0.009555530986,0.77238712,0.7411122565,151669
151669,STAGATE,11,18,0.2496211416,0.2442967439,0.005324397745,0.7616924096,0.7376642767,151669
151669,STAGATE,11,19,0.2496211416,0.2554003988,0.005779257147,0.7883420459,0.7543433612,151669
151669,STAGATE,11,20,0.2496211416,0.2560481583,0.006427016712,0.7753429862,0.7383400067,151669
151669,STAGATE,12,13,0.2365132488,0.2434361097,0.006922860813,0.7286086587,0.7068007036,151669
151669,STAGATE,12,14,0.2365132488,0.2187226719,0.01779057694,0.7515401543,0.7177469069,151669
151669,STAGATE,12,15,0.2365132488,0.2456800433,0.009166794429,0.7575078715,0.7268458777,151669
151669,STAGATE,12,16,0.2365132488,0.2465032659,0.009990017049,0.7553013024,0.7315762682,151669
151669,STAGATE,12,17,0.2365132488,0.2400656106,0.003552361773,0.760234238,0.7286962913,151669
151669,STAGATE,12,18,0.2365132488,0.2442967439,0.007783495014,0.7546341653,0.7250967531,151669
151669,STAGATE,12,19,0.2365132488,0.2554003988,0.01888714991,0.7252882928,0.7034843083,151669
151669,STAGATE,12,20,0.2365132488,0.2560481583,0.01953490947,0.7509693982,0.7204863524,151669
151669,STAGATE,13,15,0.2434361097,0.2456800433,0.002243933616,0.749586657,0.7329622403,151669
151669,STAGATE,13,16,0.2434361097,0.2465032659,0.003067156236,0.7578430764,0.7319157459,151669
151669,STAGATE,13,17,0.2434361097,0.2400656106,0.00337049904,0.7631412284,0.7346054564,151669
151669,STAGATE,13,18,0.2434361097,0.2442967439,0.0008606342013,0.7563948074,0.7361036426,151669
151669,STAGATE,13,19,0.2434361097,0.2554003988,0.01196428909,0.7447904217,0.722425236,151669
151669,STAGATE,13,20,0.2434361097,0.2560481583,0.01261204866,0.751911853,0.720253217,151669
151669,STAGATE,15,16,0.2456800433,0.2465032659,0.00082322262,0.7741823859,0.7532964567,151669
151669,STAGATE,15,17,0.2456800433,0.2400656106,0.005614432655,0.7523842095,0.7311008267,151669
151669,STAGATE,15,18,0.2456800433,0.2442967439,0.001383299415,0.7709318957,0.7476011831,151669
151669,STAGATE,15,19,0.2456800433,0.2554003988,0.009720355477,0.7454176941,0.7363121884,151669
151669,STAGATE,15,20,0.2456800433,0.2560481583,0.01036811504,0.7540274235,0.7231719111,151669
151669,STAGATE,16,17,0.2465032659,0.2400656106,0.006437655275,0.7427126341,0.7189140773,151669
151669,STAGATE,16,18,0.2465032659,0.2442967439,0.002206522035,0.7721051803,0.7508678161,151669
151669,STAGATE,16,19,0.2465032659,0.2554003988,0.008897132857,0.7306677224,0.7191507034,151669
151669,STAGATE,16,20,0.2465032659,0.2560481583,0.009544892422,0.7553813029,0.7311698387,151669
151669,STAGATE,17,18,0.2400656106,0.2442967439,0.004231133241,0.7708214519,0.7419250293,151669
151669,STAGATE,17,19,0.2400656106,0.2554003988,0.01533478813,0.762379476,0.7363601008,151669
151669,STAGATE,17,20,0.2400656106,0.2560481583,0.0159825477,0.7542634061,0.7213742548,151669
151669,STAGATE,18,19,0.2442967439,0.2554003988,0.01110365489,0.7695088259,0.745006355,151669
151669,STAGATE,18,20,0.2442967439,0.2560481583,0.01175141446,0.7807083186,0.748756732,151669
151669,STAGATE,19,20,0.2554003988,0.2560481583,0.0006477595652,0.7692611958,0.7307680393,151669
151669,SpaGCN,1,4,0.2050286039,0.2004535151,0.004575088757,0.4021106221,0.4374002673,151669
151669,SpaGCN,1,6,0.2050286039,0.2139027467,0.008874142876,0.6010346903,0.6309536809,151669
151669,SpaGCN,1,7,0.2050286039,0.1891031872,0.01592541662,0.6447407985,0.6694234955,151669
151669,SpaGCN,1,8,0.2050286039,0.2230755673,0.01804696343,0.6560274673,0.6735656106,151669
151669,SpaGCN,1,11,0.2050286039,0.2056481065,0.0006195026198,0.5816843178,0.5961024543,151669
151669,SpaGCN,1,14,0.2050286039,0.1989989866,0.006029617216,0.5818393702,0.6030487394,151669
151669,SpaGCN,1,16,0.2050286039,0.217041253,0.01201264915,0.4307574198,0.5133320438,151669
151669,SpaGCN,1,19,0.2050286039,0.2060249151,0.0009963112009,0.4040739524,0.4919915753,151669
151669,SpaGCN,2,4,0.1824219827,0.2004535151,0.01803153236,0.426707956,0.4849081403,151669
151669,SpaGCN,2,7,0.1824219827,0.1891031872,0.0066812045,0.5273587349,0.5636654461,151669
151669,SpaGCN,2,10,0.1824219827,0.1655954856,0.01682649716,0.4540703285,0.5164445489,151669
151669,SpaGCN,2,14,0.1824219827,0.1989989866,0.0165770039,0.5975237071,0.6162370123,151669
151669,SpaGCN,2,15,0.1824219827,0.1698160683,0.0126059144,0.4608763851,0.5265219168,151669
151669,SpaGCN,2,17,0.1824219827,0.1821146879,0.0003072948373,0.5001485653,0.536139027,151669
151669,SpaGCN,2,20,0.1824219827,0.1806268824,0.001795100381,0.4651150562,0.5320474673,151669
151669,SpaGCN,3,13,0.1226986544,0.1339803123,0.01128165793,0.3890491554,0.4799285372,151669
151669,SpaGCN,4,6,0.2004535151,0.2139027467,0.01344923163,0.4265088999,0.4528019556,151669
151669,SpaGCN,4,7,0.2004535151,0.1891031872,0.01135032786,0.4093687242,0.4359083444,151669
151669,SpaGCN,4,11,0.2004535151,0.2056481065,0.005194591377,0.5224097602,0.5315790178,151669
151669,SpaGCN,4,14,0.2004535151,0.1989989866,0.001454528458,0.4778254676,0.4990712786,151669
151669,SpaGCN,4,16,0.2004535151,0.217041253,0.0165877379,0.411395796,0.4664930573,151669
151669,SpaGCN,4,17,0.2004535151,0.1821146879,0.0183388272,0.3970573315,0.4261287328,151669
151669,SpaGCN,4,19,0.2004535151,0.2060249151,0.005571399958,0.3801537383,0.4465808952,151669
151669,SpaGCN,4,20,0.2004535151,0.1806268824,0.01982663274,0.3721774203,0.4189282863,151669
151669,SpaGCN,5,10,0.1522442083,0.1655954856,0.0133512773,0.3885286155,0.4789498136,151669
151669,SpaGCN,5,13,0.1522442083,0.1339803123,0.01826389599,0.5674994886,0.5778282017,151669
151669,SpaGCN,5,15,0.1522442083,0.1698160683,0.01757186006,0.4132610269,0.478830337,151669
151669,SpaGCN,6,8,0.2139027467,0.2230755673,0.009172820555,0.6463397415,0.6560442565,151669
151669,SpaGCN,6,9,0.2139027467,0.2279551285,0.01405238177,0.5111466714,0.5689345787,151669
151669,SpaGCN,6,11,0.2139027467,0.2056481065,0.008254640256,0.5593809448,0.5783599262,151669
151669,SpaGCN,6,14,0.2139027467,0.1989989866,0.01490376009,0.5241348903,0.5547463673,151669
151669,SpaGCN,6,16,0.2139027467,0.217041253,0.003138506271,0.4117467172,0.4868167918,151669
151669,SpaGCN,6,19,0.2139027467,0.2060249151,0.007877831675,0.4051454147,0.4720351493,151669
151669,SpaGCN,7,11,0.1891031872,0.2056481065,0.01654491924,0.5469322969,0.5683673469,151669
151669,SpaGCN,7,14,0.1891031872,0.1989989866,0.009895799402,0.5450382776,0.5740293216,151669
151669,SpaGCN,7,15,0.1891031872,0.1698160683,0.0192871189,0.6087602426,0.6601765422,151669
151669,SpaGCN,7,17,0.1891031872,0.1821146879,0.006988499337,0.5148043254,0.5741244562,151669
151669,SpaGCN,7,19,0.1891031872,0.2060249151,0.01692172782,0.4137310669,0.4966425105,151669
151669,SpaGCN,7,20,0.1891031872,0.1806268824,0.008476304881,0.5742389738,0.6226900893,151669
151669,SpaGCN,8,9,0.2230755673,0.2279551285,0.00487956122,0.5983344223,0.6338240362,151669
151669,SpaGCN,8,11,0.2230755673,0.2056481065,0.01742746081,0.6161208259,0.6100700903,151669
151669,SpaGCN,8,12,0.2230755673,0.2405296267,0.01745405941,0.7734375229,0.7309884396,151669
151669,SpaGCN,8,16,0.2230755673,0.217041253,0.006034314284,0.4459529651,0.5270515298,151669
151669,SpaGCN,8,18,0.2230755673,0.2387635193,0.01568795202,0.7754769894,0.7467318684,151669
151669,SpaGCN,8,19,0.2230755673,0.2060249151,0.01705065223,0.4218765372,0.5019277368,151669
151669,SpaGCN,9,12,0.2279551285,0.2405296267,0.01257449819,0.6137688214,0.6394567825,151669
151669,SpaGCN,9,16,0.2279551285,0.217041253,0.0109138755,0.3861587623,0.4907702385,151669
151669,SpaGCN,9,18,0.2279551285,0.2387635193,0.0108083908,0.6100286556,0.6411047419,151669
151669,SpaGCN,10,15,0.1655954856,0.1698160683,0.004220582758,0.3377198492,0.435333363,151669
151669,SpaGCN,10,17,0.1655954856,0.1821146879,0.01651920232,0.4317141935,0.5005085282,151669
151669,SpaGCN,10,20,0.1655954856,0.1806268824,0.01503139678,0.3540021832,0.4398864688,151669
151669,SpaGCN,11,14,0.2056481065,0.1989989866,0.006649119836,0.6773839329,0.6579891302,151669
151669,SpaGCN,11,16,0.2056481065,0.217041253,0.01139314653,0.5170856589,0.5835983172,151669
151669,SpaGCN,11,19,0.2056481065,0.2060249151,0.0003768085811,0.4512867221,0.5214892757,151669
151669,SpaGCN,12,18,0.2405296267,0.2387635193,0.001766107399,0.8067135774,0.7741719485,151669
151669,SpaGCN,14,16,0.1989989866,0.217041253,0.01804226636,0.5078074341,0.5629544634,151669
151669,SpaGCN,14,17,0.1989989866,0.1821146879,0.01688429874,0.4888880579,0.5384802572,151669
151669,SpaGCN,14,19,0.1989989866,0.2060249151,0.007025928417,0.4290582657,0.4925676522,151669
151669,SpaGCN,14,20,0.1989989866,0.1806268824,0.01837210428,0.5177823497,0.5663652446,151669
151669,SpaGCN,15,17,0.1698160683,0.1821146879,0.01229861956,0.4568452584,0.5589727799,151669
151669,SpaGCN,15,20,0.1698160683,0.1806268824,0.01081081402,0.549818543,0.6118632688,151669
151669,SpaGCN,16,19,0.217041253,0.2060249151,0.01101633795,0.4322728153,0.4949071272,151669
151669,SpaGCN,17,20,0.1821146879,0.1806268824,0.001487805544,0.4737485821,0.554930668,151669
151669,BANKSY,2,3,0.2969505386,0.2969505386,0,1,1,151669
151669,BANKSY,2,4,0.2969505386,0.2926891873,0.004261351291,0.92209791,0.9129707298,151669
151669,BANKSY,2,5,0.2969505386,0.2996185448,0.00266800622,0.9049249608,0.8911671793,151669
151669,BANKSY,2,6,0.2969505386,0.2914341811,0.005516357514,0.9209154801,0.9122556092,151669
151669,BANKSY,2,7,0.2969505386,0.3076992866,0.01074874803,0.9458060524,0.9375389414,151669
151669,BANKSY,2,8,0.2969505386,0.2914527304,0.005497808143,0.9209810328,0.9130511873,151669
151669,BANKSY,2,9,0.2969505386,0.2918394024,0.005111136173,0.921664824,0.9131862814,151669
151669,BANKSY,2,10,0.2969505386,0.2914687168,0.005481821767,0.9208545212,0.9119257152,151669
151669,BANKSY,2,11,0.2969505386,0.2914341811,0.005516357514,0.9209154801,0.9122556092,151669
151669,BANKSY,2,12,0.2969505386,0.2918394024,0.005111136173,0.921664824,0.9131862814,151669
151669,BANKSY,2,13,0.2969505386,0.2920828548,0.004867683805,0.9206007096,0.9111512793,151669
151669,BANKSY,2,14,0.2969505386,0.2914341811,0.005516357514,0.9209154801,0.9122556092,151669
151669,BANKSY,2,15,0.2969505386,0.2914341811,0.005516357514,0.9209154801,0.9122556092,151669
151669,BANKSY,2,16,0.2969505386,0.2966254526,0.0003250859409,0.9161083986,0.901747568,151669
151669,BANKSY,2,17,0.2969505386,0.2916396507,0.005310887885,0.9215100264,0.9127863892,151669
151669,BANKSY,2,18,0.2969505386,0.2912673819,0.005683156624,0.9201062278,0.9110374658,151669
151669,BANKSY,2,19,0.2969505386,0.2918394024,0.005111136173,0.921664824,0.9131862814,151669
151669,BANKSY,2,20,0.2969505386,0.2918394024,0.005111136173,0.921664824,0.9131862814,151669
151669,BANKSY,3,4,0.2969505386,0.2926891873,0.004261351291,0.92209791,0.9129707298,151669
151669,BANKSY,3,5,0.2969505386,0.2996185448,0.00266800622,0.9049249608,0.8911671793,151669
151669,BANKSY,3,6,0.2969505386,0.2914341811,0.005516357514,0.9209154801,0.9122556092,151669
151669,BANKSY,3,7,0.2969505386,0.3076992866,0.01074874803,0.9458060524,0.9375389414,151669
151669,BANKSY,3,8,0.2969505386,0.2914527304,0.005497808143,0.9209810328,0.9130511873,151669
151669,BANKSY,3,9,0.2969505386,0.2918394024,0.005111136173,0.921664824,0.9131862814,151669
151669,BANKSY,3,10,0.2969505386,0.2914687168,0.005481821767,0.9208545212,0.9119257152,151669
151669,BANKSY,3,11,0.2969505386,0.2914341811,0.005516357514,0.9209154801,0.9122556092,151669
151669,BANKSY,3,12,0.2969505386,0.2918394024,0.005111136173,0.921664824,0.9131862814,151669
151669,BANKSY,3,13,0.2969505386,0.2920828548,0.004867683805,0.9206007096,0.9111512793,151669
151669,BANKSY,3,14,0.2969505386,0.2914341811,0.005516357514,0.9209154801,0.9122556092,151669
151669,BANKSY,3,15,0.2969505386,0.2914341811,0.005516357514,0.9209154801,0.9122556092,151669
151669,BANKSY,3,16,0.2969505386,0.2966254526,0.0003250859409,0.9161083986,0.901747568,151669
151669,BANKSY,3,17,0.2969505386,0.2916396507,0.005310887885,0.9215100264,0.9127863892,151669
151669,BANKSY,3,18,0.2969505386,0.2912673819,0.005683156624,0.9201062278,0.9110374658,151669
151669,BANKSY,3,19,0.2969505386,0.2918394024,0.005111136173,0.921664824,0.9131862814,151669
151669,BANKSY,3,20,0.2969505386,0.2918394024,0.005111136173,0.921664824,0.9131862814,151669
151669,BANKSY,4,5,0.2926891873,0.2996185448,0.00692935751,0.9668310406,0.9466318994,151669
151669,BANKSY,4,6,0.2926891873,0.2914341811,0.001255006224,0.9965465439,0.989967046,151669
151669,BANKSY,4,7,0.2926891873,0.3076992866,0.01501009932,0.9678089646,0.9454745147,151669
151669,BANKSY,4,8,0.2926891873,0.2914527304,0.001236456852,0.9967916579,0.9924650352,151669
151669,BANKSY,4,9,0.2926891873,0.2918394024,0.0008497848821,0.9973077421,0.9912676949,151669
151669,BANKSY,4,10,0.2926891873,0.2914687168,0.001220470476,0.9964821922,0.9894844712,151669
151669,BANKSY,4,11,0.2926891873,0.2914341811,0.001255006224,0.9965465439,0.989967046,151669
151669,BANKSY,4,12,0.2926891873,0.2918394024,0.0008497848821,0.9973077421,0.9912676949,151669
151669,BANKSY,4,13,0.2926891873,0.2920828548,0.0006063325144,0.9984768755,0.9976303554,151669
151669,BANKSY,4,14,0.2926891873,0.2914341811,0.001255006224,0.9965465439,0.989967046,151669
151669,BANKSY,4,15,0.2926891873,0.2914341811,0.001255006224,0.9965465439,0.989967046,151669
151669,BANKSY,4,16,0.2926891873,0.2966254526,0.00393626535,0.9780346893,0.9568032876,151669
151669,BANKSY,4,17,0.2926891873,0.2916396507,0.001049536594,0.99721101,0.9912389427,151669
151669,BANKSY,4,18,0.2926891873,0.2912673819,0.001421805334,0.9957220129,0.9884159723,151669
151669,BANKSY,4,19,0.2926891873,0.2918394024,0.0008497848821,0.9973077421,0.9912676949,151669
151669,BANKSY,4,20,0.2926891873,0.2918394024,0.0008497848821,0.9973077421,0.9912676949,151669
151669,BANKSY,5,6,0.2996185448,0.2914341811,0.008184363734,0.9652863157,0.9450435646,151669
151669,BANKSY,5,7,0.2996185448,0.3076992866,0.008080741807,0.9512400246,0.9311834738,151669
151669,BANKSY,5,8,0.2996185448,0.2914527304,0.008165814363,0.9653043433,0.9453869783,151669
151669,BANKSY,5,9,0.2996185448,0.2918394024,0.007779142392,0.9660206943,0.9456223138,151669
151669,BANKSY,5,10,0.2996185448,0.2914687168,0.008149827986,0.965280551,0.9450492432,151669
151669,BANKSY,5,11,0.2996185448,0.2914341811,0.008184363734,0.9652863157,0.9450435646,151669
151669,BANKSY,5,12,0.2996185448,0.2918394024,0.007779142392,0.9660206943,0.9456223138,151669
151669,BANKSY,5,13,0.2996185448,0.2920828548,0.007535690025,0.9653619059,0.9454795839,151669
151669,BANKSY,5,14,0.2996185448,0.2914341811,0.008184363734,0.9652863157,0.9450435646,151669
151669,BANKSY,5,15,0.2996185448,0.2914341811,0.008184363734,0.9652863157,0.9450435646,151669
151669,BANKSY,5,16,0.2996185448,0.2966254526,0.002993092161,0.9886467759,0.9866666272,151669
151669,BANKSY,5,17,0.2996185448,0.2916396507,0.007978894105,0.964631488,0.9441464215,151669
151669,BANKSY,5,18,0.2996185448,0.2912673819,0.008351162844,0.9645471978,0.9444764151,151669
151669,BANKSY,5,19,0.2996185448,0.2918394024,0.007779142392,0.9660206943,0.9456223138,151669
151669,BANKSY,5,20,0.2996185448,0.2918394024,0.007779142392,0.9660206943,0.9456223138,151669
151669,BANKSY,6,7,0.2914341811,0.3076992866,0.01626510554,0.965182268,0.9440560012,151669
151669,BANKSY,6,8,0.2914341811,0.2914527304,1.854937128e-05,0.9964947384,0.9888281377,151669
151669,BANKSY,6,9,0.2914341811,0.2918394024,0.0004052213415,0.9992366074,0.9986995815,151669
151669,BANKSY,6,10,0.2914341811,0.2914687168,3.453574756e-05,0.9999286423,0.9991189864,151669
151669,BANKSY,6,11,0.2914341811,0.2914341811,0,1,1,151669
151669,BANKSY,6,12,0.2914341811,0.2918394024,0.0004052213415,0.9992366074,0.9986995815,151669
151669,BANKSY,6,13,0.2914341811,0.2920828548,0.0006486737092,0.9965471421,0.9899663904,151669
151669,BANKSY,6,14,0.2914341811,0.2914341811,0,1,1,151669
151669,BANKSY,6,15,0.2914341811,0.2914341811,0,1,1,151669
151669,BANKSY,6,16,0.2914341811,0.2966254526,0.005191271573,0.9764803875,0.9550917461,151669
151669,BANKSY,6,17,0.2914341811,0.2916396507,0.0002054696294,0.999335788,0.998727912,151669
151669,BANKSY,6,18,0.2914341811,0.2912673819,0.0001667991103,0.9991654035,0.9978183612,151669
151669,BANKSY,6,19,0.2914341811,0.2918394024,0.0004052213415,0.9992366074,0.9986995815,151669
151669,BANKSY,6,20,0.2914341811,0.2918394024,0.0004052213415,0.9992366074,0.9986995815,151669
151669,BANKSY,7,8,0.3076992866,0.2914527304,0.01624655617,0.9651640304,0.9430434743,151669
151669,BANKSY,7,9,0.3076992866,0.2918394024,0.0158598842,0.9659320389,0.9449911647,151669
151669,BANKSY,7,10,0.3076992866,0.2914687168,0.01623056979,0.9651182233,0.9436703755,151669
151669,BANKSY,7,11,0.3076992866,0.2914341811,0.01626510554,0.965182268,0.9440560012,151669
151669,BANKSY,7,12,0.3076992866,0.2918394024,0.0158598842,0.9659320389,0.9449911647,151669
151669,BANKSY,7,13,0.3076992866,0.2920828548,0.01561643183,0.9663088708,0.9436458943,151669
151669,BANKSY,7,14,0.3076992866,0.2914341811,0.01626510554,0.965182268,0.9440560012,151669
151669,BANKSY,7,15,0.3076992866,0.2914341811,0.01626510554,0.965182268,0.9440560012,151669
151669,BANKSY,7,16,0.3076992866,0.2966254526,0.01107383397,0.9623583664,0.9418534739,151669
151669,BANKSY,7,17,0.3076992866,0.2916396507,0.01605963591,0.9658345341,0.9447418122,151669
151669,BANKSY,7,18,0.3076992866,0.2912673819,0.01643190465,0.9643694727,0.9427778709,151669
151669,BANKSY,7,19,0.3076992866,0.2918394024,0.0158598842,0.9659320389,0.9449911647,151669
151669,BANKSY,7,20,0.3076992866,0.2918394024,0.0158598842,0.9659320389,0.9449911647,151669
151669,BANKSY,8,9,0.2914527304,0.2918394024,0.0003866719702,0.9957320011,0.9877604741,151669
151669,BANKSY,8,10,0.2914527304,0.2914687168,1.598637628e-05,0.996432111,0.9884449723,151669
151669,BANKSY,8,11,0.2914527304,0.2914341811,1.854937128e-05,0.9964947384,0.9888281377,151669
151669,BANKSY,8,12,0.2914527304,0.2918394024,0.0003866719702,0.9957320011,0.9877604741,151669
151669,BANKSY,8,13,0.2914527304,0.2920828548,0.000630124338,0.9983154906,0.9948332082,151669
151669,BANKSY,8,14,0.2914527304,0.2914341811,1.854937128e-05,0.9964947384,0.9888281377,151669
151669,BANKSY,8,15,0.2914527304,0.2914341811,1.854937128e-05,0.9964947384,0.9888281377,151669
151669,BANKSY,8,16,0.2914527304,0.2966254526,0.005172722202,0.9764858001,0.9553209602,151669
151669,BANKSY,8,17,0.2914527304,0.2916396507,0.0001869202581,0.9971584125,0.9900992974,151669
151669,BANKSY,8,18,0.2914527304,0.2912673819,0.0001853484815,0.9971955727,0.9897450094,151669
151669,BANKSY,8,19,0.2914527304,0.2918394024,0.0003866719702,0.9957320011,0.9877604741,151669
151669,BANKSY,8,20,0.2914527304,0.2918394024,0.0003866719702,0.9957320011,0.9877604741,151669
151669,BANKSY,9,10,0.2918394024,0.2914687168,0.000370685594,0.9991652596,0.9978184714,151669
151669,BANKSY,9,11,0.2918394024,0.2914341811,0.0004052213415,0.9992366074,0.9986995815,151669
151669,BANKSY,9,12,0.2918394024,0.2918394024,0,1,1,151669
151669,BANKSY,9,13,0.2918394024,0.2920828548,0.0002434523677,0.9957846183,0.988898186,151669
151669,BANKSY,9,14,0.2918394024,0.2914341811,0.0004052213415,0.9992366074,0.9986995815,151669
151669,BANKSY,9,15,0.2918394024,0.2914341811,0.0004052213415,0.9992366074,0.9986995815,151669
151669,BANKSY,9,16,0.2918394024,0.2966254526,0.004786050232,0.9772270006,0.9557897211,151669
151669,BANKSY,9,17,0.2918394024,0.2916396507,0.0001997517121,0.9985724269,0.9974274665,151669
151669,BANKSY,9,18,0.2918394024,0.2912673819,0.0005720204518,0.9984028861,0.9967501177,151669
151669,BANKSY,9,19,0.2918394024,0.2918394024,0,1,1,151669
151669,BANKSY,9,20,0.2918394024,0.2918394024,0,1,1,151669
151669,BANKSY,10,11,0.2914687168,0.2914341811,3.453574756e-05,0.9999286423,0.9991189864,151669
151669,BANKSY,10,12,0.2914687168,0.2918394024,0.000370685594,0.9991652596,0.9978184714,151669
151669,BANKSY,10,13,0.2914687168,0.2920828548,0.0006141379617,0.9964828015,0.989483782,151669
151669,BANKSY,10,14,0.2914687168,0.2914341811,3.453574756e-05,0.9999286423,0.9991189864,151669
151669,BANKSY,10,15,0.2914687168,0.2914341811,3.453574756e-05,0.9999286423,0.9991189864,151669
151669,BANKSY,10,16,0.2914687168,0.2966254526,0.005156735826,0.9764743933,0.9550984078,151669
151669,BANKSY,10,17,0.2914687168,0.2916396507,0.0001709338819,0.9992644525,0.9978467264,151669
151669,BANKSY,10,18,0.2914687168,0.2912673819,0.0002013348578,0.9992367709,0.9986992784,151669
151669,BANKSY,10,19,0.2914687168,0.2918394024,0.000370685594,0.9991652596,0.9978184714,151669
151669,BANKSY,10,20,0.2914687168,0.2918394024,0.000370685594,0.9991652596,0.9978184714,151669
151669,BANKSY,11,12,0.2914341811,0.2918394024,0.0004052213415,0.9992366074,0.9986995815,151669
151669,BANKSY,11,13,0.2914341811,0.2920828548,0.0006486737092,0.9965471421,0.9899663904,151669
151669,BANKSY,11,14,0.2914341811,0.2914341811,0,1,1,151669
151669,BANKSY,11,15,0.2914341811,0.2914341811,0,1,1,151669
151669,BANKSY,11,16,0.2914341811,0.2966254526,0.005191271573,0.9764803875,0.9550917461,151669
151669,BANKSY,11,17,0.2914341811,0.2916396507,0.0002054696294,0.999335788,0.998727912,151669
151669,BANKSY,11,18,0.2914341811,0.2912673819,0.0001667991103,0.9991654035,0.9978183612,151669
151669,BANKSY,11,19,0.2914341811,0.2918394024,0.0004052213415,0.9992366074,0.9986995815,151669
151669,BANKSY,11,20,0.2914341811,0.2918394024,0.0004052213415,0.9992366074,0.9986995815,151669
151669,BANKSY,12,13,0.2918394024,0.2920828548,0.0002434523677,0.9957846183,0.988898186,151669
151669,BANKSY,12,14,0.2918394024,0.2914341811,0.0004052213415,0.9992366074,0.9986995815,151669
151669,BANKSY,12,15,0.2918394024,0.2914341811,0.0004052213415,0.9992366074,0.9986995815,151669
151669,BANKSY,12,16,0.2918394024,0.2966254526,0.004786050232,0.9772270006,0.9557897211,151669
151669,BANKSY,12,17,0.2918394024,0.2916396507,0.0001997517121,0.9985724269,0.9974274665,151669
151669,BANKSY,12,18,0.2918394024,0.2912673819,0.0005720204518,0.9984028861,0.9967501177,151669
151669,BANKSY,12,19,0.2918394024,0.2918394024,0,1,1,151669
151669,BANKSY,12,20,0.2918394024,0.2918394024,0,1,1,151669
151669,BANKSY,13,14,0.2920828548,0.2914341811,0.0006486737092,0.9965471421,0.9899663904,151669
151669,BANKSY,13,15,0.2920828548,0.2914341811,0.0006486737092,0.9965471421,0.9899663904,151669
151669,BANKSY,13,16,0.2920828548,0.2966254526,0.004542597864,0.9765410787,0.9554184457,151669
151669,BANKSY,13,17,0.2920828548,0.2916396507,0.0004432040798,0.997211493,0.9912383753,151669
151669,BANKSY,13,18,0.2920828548,0.2912673819,0.0008154728195,0.9972460499,0.990784466,151669
151669,BANKSY,13,19,0.2920828548,0.2918394024,0.0002434523677,0.9957846183,0.988898186,151669
151669,BANKSY,13,20,0.2920828548,0.2918394024,0.0002434523677,0.9957846183,0.988898186,151669
151669,BANKSY,14,15,0.2914341811,0.2914341811,0,1,1,151669
151669,BANKSY,14,16,0.2914341811,0.2966254526,0.005191271573,0.9764803875,0.9550917461,151669
151669,BANKSY,14,17,0.2914341811,0.2916396507,0.0002054696294,0.999335788,0.998727912,151669
151669,BANKSY,14,18,0.2914341811,0.2912673819,0.0001667991103,0.9991654035,0.9978183612,151669
151669,BANKSY,14,19,0.2914341811,0.2918394024,0.0004052213415,0.9992366074,0.9986995815,151669
151669,BANKSY,14,20,0.2914341811,0.2918394024,0.0004052213415,0.9992366074,0.9986995815,151669
151669,BANKSY,15,16,0.2914341811,0.2966254526,0.005191271573,0.9764803875,0.9550917461,151669
151669,BANKSY,15,17,0.2914341811,0.2916396507,0.0002054696294,0.999335788,0.998727912,151669
151669,BANKSY,15,18,0.2914341811,0.2912673819,0.0001667991103,0.9991654035,0.9978183612,151669
151669,BANKSY,15,19,0.2914341811,0.2918394024,0.0004052213415,0.9992366074,0.9986995815,151669
151669,BANKSY,15,20,0.2914341811,0.2918394024,0.0004052213415,0.9992366074,0.9986995815,151669
151669,BANKSY,16,17,0.2966254526,0.2916396507,0.004985801944,0.9758250039,0.9541947374,151669
151669,BANKSY,16,18,0.2966254526,0.2912673819,0.005358070684,0.9757288011,0.954412336,151669
151669,BANKSY,16,19,0.2966254526,0.2918394024,0.004786050232,0.9772270006,0.9557897211,151669
151669,BANKSY,16,20,0.2966254526,0.2918394024,0.004786050232,0.9772270006,0.9557897211,151669
151669,BANKSY,17,18,0.2916396507,0.2912673819,0.0003722687397,0.9985013595,0.9965459865,151669
151669,BANKSY,17,19,0.2916396507,0.2918394024,0.0001997517121,0.9985724269,0.9974274665,151669
151669,BANKSY,17,20,0.2916396507,0.2918394024,0.0001997517121,0.9985724269,0.9974274665,151669
151669,BANKSY,18,19,0.2912673819,0.2918394024,0.0005720204518,0.9984028861,0.9967501177,151669
151669,BANKSY,18,20,0.2912673819,0.2918394024,0.0005720204518,0.9984028861,0.9967501177,151669
151669,BANKSY,19,20,0.2918394024,0.2918394024,0,1,1,151669
151669,SEDR,2,3,0.31465596297,0.305358696183,0.00929726678701,0.700305345213,0.750657031454,151669
151669,SEDR,4,6,0.361792459218,0.368542104154,0.00674964493655,0.688473321449,0.739669183187,151669
151669,SEDR,4,7,0.361792459218,0.361120359001,0.000672100217153,0.582337958759,0.718242156279,151669
151669,SEDR,4,9,0.361792459218,0.366395355384,0.00460289616607,0.711539063231,0.732474263189,151669
151669,SEDR,4,10,0.361792459218,0.362054307778,0.000261848560415,0.543135656814,0.693562456041,151669
151669,SEDR,4,11,0.361792459218,0.367894896768,0.00610243755058,0.80623571913,0.790017700564,151669
151669,SEDR,4,19,0.361792459218,0.365950558688,0.0041580994706,0.769683531472,0.774806252072,151669
151669,SEDR,6,7,0.368542104154,0.361120359001,0.00742174515371,0.59594951066,0.72950134167,151669
151669,SEDR,6,9,0.368542104154,0.366395355384,0.00214674877048,0.62398954563,0.719649831082,151669
151669,SEDR,6,10,0.368542104154,0.362054307778,0.00648779637614,0.531479198171,0.70842720393,151669
151669,SEDR,6,11,0.368542104154,0.367894896768,0.000647207385973,0.717674014344,0.761789330836,151669
151669,SEDR,6,19,0.368542104154,0.365950558688,0.00259154546596,0.760072090846,0.79471175691,151669
151669,SEDR,7,9,0.361120359001,0.366395355384,0.00527499638323,0.555246928369,0.708737493324,151669
151669,SEDR,7,10,0.361120359001,0.362054307778,0.000933948777568,0.586064108489,0.720904777292,151669
151669,SEDR,7,11,0.361120359001,0.367894896768,0.00677453776773,0.619876786479,0.741508026809,151669
151669,SEDR,7,19,0.361120359001,0.365950558688,0.00483019968775,0.635436852957,0.766472930251,151669
151669,SEDR,8,12,0.44162781438,0.423918292646,0.0177095217347,0.666516269674,0.745164919669,151669
151669,SEDR,9,10,0.366395355384,0.362054307778,0.00434104760566,0.534647417551,0.665268789864,151669
151669,SEDR,9,11,0.366395355384,0.367894896768,0.00149954138451,0.725432885699,0.773336120054,151669
151669,SEDR,9,19,0.366395355384,0.365950558688,0.000444796695479,0.69820752951,0.750223306223,151669
151669,SEDR,10,11,0.362054307778,0.367894896768,0.00584058899017,0.517806612732,0.672568862694,151669
151669,SEDR,10,19,0.362054307778,0.365950558688,0.00389625091018,0.522124735771,0.691837466385,151669
151669,SEDR,11,19,0.367894896768,0.365950558688,0.00194433807999,0.840971373264,0.814771141305,151669
151669,SEDR,12,13,0.423918292646,0.418094683146,0.00582360949983,0.682927806543,0.74158800423,151669
151669,SEDR,12,17,0.423918292646,0.412028310442,0.0118899822038,0.718004367282,0.779305209334,151669
151669,SEDR,13,15,0.418094683146,0.400998137314,0.0170965458322,0.502570865584,0.656230074499,151669
151669,SEDR,13,16,0.418094683146,0.398361291793,0.0197333913525,0.562097611841,0.691048423569,151669
151669,SEDR,13,17,0.418094683146,0.412028310442,0.00606637270394,0.571952632832,0.677765119005,151669
151669,SEDR,13,18,0.418094683146,0.402700792006,0.0153938911398,0.643345628455,0.723864397985,151669
151669,SEDR,14,15,0.389269006102,0.400998137314,0.0117291312113,0.618652198687,0.696750498432,151669
151669,SEDR,14,16,0.389269006102,0.398361291793,0.00909228569094,0.716899909333,0.751867201164,151669
151669,SEDR,14,18,0.389269006102,0.402700792006,0.0134317859037,0.589742490031,0.711028045571,151669
151669,SEDR,14,20,0.389269006102,0.396359853207,0.00709084710426,0.768968114567,0.773259530977,151669
151669,SEDR,15,16,0.400998137314,0.398361291793,0.00263684552035,0.696250294761,0.740146346418,151669
151669,SEDR,15,17,0.400998137314,0.412028310442,0.0110301731282,0.604317061431,0.704197066461,151669
151669,SEDR,15,18,0.400998137314,0.402700792006,0.00170265469237,0.507776670848,0.669533456769,151669
151669,SEDR,15,20,0.400998137314,0.396359853207,0.00463828410702,0.587223409265,0.700758172044,151669
151669,SEDR,16,17,0.398361291793,0.412028310442,0.0136670186486,0.701232245448,0.774171756341,151669
151669,SEDR,16,18,0.398361291793,0.402700792006,0.00433950021272,0.535528675989,0.700567776935,151669
151669,SEDR,16,20,0.398361291793,0.396359853207,0.00200143858667,0.643873961092,0.715852145118,151669
151669,SEDR,17,18,0.412028310442,0.402700792006,0.00932751843584,0.58070408595,0.719166904251,151669
151669,SEDR,17,20,0.412028310442,0.396359853207,0.0156684572352,0.584917066553,0.680263873502,151669
151669,SEDR,18,20,0.402700792006,0.396359853207,0.00634093879939,0.616565853649,0.720846891894,151669
151670,GraphST,1,2,0.2029149576,0.1904695354,0.01244542216,0.5181660631,0.4663341399,151670
151670,GraphST,1,5,0.2029149576,0.2184385101,0.01552355253,0.3829063092,0.4464439198,151670
151670,GraphST,1,8,0.2029149576,0.2126563278,0.009741370216,0.3956917449,0.4612991006,151670
151670,GraphST,1,9,0.2029149576,0.2059347605,0.003019802959,0.3631477295,0.4306349491,151670
151670,GraphST,1,12,0.2029149576,0.21841206,0.01549710242,0.3999287758,0.4481939109,151670
151670,GraphST,1,13,0.2029149576,0.2194699243,0.01655496673,0.4672156214,0.4593926504,151670
151670,GraphST,1,14,0.2029149576,0.2219840096,0.01906905197,0.3772243433,0.4785697566,151670
151670,GraphST,1,18,0.2029149576,0.2092871685,0.006372210966,0.3824167191,0.4669499785,151670
151670,GraphST,1,20,0.2029149576,0.2012019499,0.001713007705,0.368602129,0.4231460588,151670
151670,GraphST,2,9,0.1904695354,0.2059347605,0.01546522511,0.3463181534,0.4090891076,151670
151670,GraphST,2,18,0.1904695354,0.2092871685,0.01881763312,0.4012899441,0.4431659088,151670
151670,GraphST,2,20,0.1904695354,0.2012019499,0.01073241445,0.346742552,0.4025139348,151670
151670,GraphST,3,4,0.2540149054,0.2563461465,0.002331241151,0.42491296,0.4342053226,151670
151670,GraphST,3,6,0.2540149054,0.2640783683,0.0100634629,0.4097359614,0.4381805512,151670
151670,GraphST,3,7,0.2540149054,0.2477195592,0.006295346195,0.4784474423,0.4655180809,151670
151670,GraphST,3,11,0.2540149054,0.2706940766,0.01667917121,0.3619526122,0.4195514658,151670
151670,GraphST,3,15,0.2540149054,0.2379221239,0.01609278154,0.405489793,0.4461636304,151670
151670,GraphST,3,19,0.2540149054,0.2694718581,0.01545695275,0.4455184268,0.4391820792,151670
151670,GraphST,4,6,0.2563461465,0.2640783683,0.007732221751,0.448370798,0.4790968442,151670
151670,GraphST,4,7,0.2563461465,0.2477195592,0.008626587346,0.4741613054,0.5022662371,151670
151670,GraphST,4,11,0.2563461465,0.2706940766,0.01434793006,0.3181230293,0.3948755629,151670
151670,GraphST,4,15,0.2563461465,0.2379221239,0.01842402269,0.4005754505,0.4874165634,151670
151670,GraphST,4,19,0.2563461465,0.2694718581,0.0131257116,0.4566690429,0.4763321663,151670
151670,GraphST,5,8,0.2184385101,0.2126563278,0.005782182314,0.390889029,0.4546679611,151670
151670,GraphST,5,9,0.2184385101,0.2059347605,0.01250374957,0.5322724743,0.5244515385,151670
151670,GraphST,5,12,0.2184385101,0.21841206,2.645011118e-05,0.5105140172,0.5153794152,151670
151670,GraphST,5,13,0.2184385101,0.2194699243,0.001031414198,0.3679769003,0.4181784965,151670
151670,GraphST,5,14,0.2184385101,0.2219840096,0.003545499441,0.2931968976,0.4086020412,151670
151670,GraphST,5,15,0.2184385101,0.2379221239,0.01948361374,0.3646210505,0.4412817305,151670
151670,GraphST,5,18,0.2184385101,0.2092871685,0.009151341563,0.3284723534,0.4179874357,151670
151670,GraphST,5,20,0.2184385101,0.2012019499,0.01723656023,0.5201455121,0.515853992,151670
151670,GraphST,6,7,0.2640783683,0.2477195592,0.0163588091,0.4446180476,0.4856043872,151670
151670,GraphST,6,11,0.2640783683,0.2706940766,0.006615708308,0.3075767767,0.3860214319,151670
151670,GraphST,6,16,0.2640783683,0.2814442894,0.0173659211,0.4183713262,0.4649305693,151670
151670,GraphST,6,19,0.2640783683,0.2694718581,0.005393489851,0.4594288692,0.4752367129,151670
151670,GraphST,7,15,0.2477195592,0.2379221239,0.009797435348,0.5024713315,0.5142471677,151670
151670,GraphST,8,9,0.2126563278,0.2059347605,0.006721567257,0.3609384032,0.4430097394,151670
151670,GraphST,8,12,0.2126563278,0.21841206,0.005755732202,0.3802165012,0.444005705,151670
151670,GraphST,8,13,0.2126563278,0.2194699243,0.006813596512,0.4073094754,0.452160547,151670
151670,GraphST,8,14,0.2126563278,0.2219840096,0.009327681755,0.3547165175,0.4472381408,151670
151670,GraphST,8,18,0.2126563278,0.2092871685,0.00336915925,0.3709951404,0.4540221368,151670
151670,GraphST,8,20,0.2126563278,0.2012019499,0.01145437792,0.3641592289,0.4380133703,151670
151670,GraphST,9,12,0.2059347605,0.21841206,0.01247729946,0.4837529856,0.4969192983,151670
151670,GraphST,9,13,0.2059347605,0.2194699243,0.01353516377,0.3342477008,0.4015485847,151670
151670,GraphST,9,14,0.2059347605,0.2219840096,0.01604924901,0.283434538,0.4032440167,151670
151670,GraphST,9,18,0.2059347605,0.2092871685,0.003352408007,0.3051539462,0.4063970843,151670
151670,GraphST,9,20,0.2059347605,0.2012019499,0.004732810664,0.5224124355,0.5189117439,151670
151670,GraphST,11,16,0.2706940766,0.2814442894,0.01075021279,0.3437650396,0.40348295,151670
151670,GraphST,11,19,0.2706940766,0.2694718581,0.001222218457,0.338544815,0.3933101191,151670
151670,GraphST,12,13,0.21841206,0.2194699243,0.001057864309,0.3694636174,0.4167130979,151670
151670,GraphST,12,14,0.21841206,0.2219840096,0.003571949553,0.3136143985,0.4258480281,151670
151670,GraphST,12,15,0.21841206,0.2379221239,0.01951006385,0.403345309,0.4599542013,151670
151670,GraphST,12,18,0.21841206,0.2092871685,0.009124891452,0.3429601021,0.428095026,151670
151670,GraphST,12,20,0.21841206,0.2012019499,0.01721011012,0.4773906553,0.4870014836,151670
151670,GraphST,13,14,0.2194699243,0.2219840096,0.002514085243,0.3618585533,0.4353337986,151670
151670,GraphST,13,15,0.2194699243,0.2379221239,0.01845219954,0.4366180137,0.4655526135,151670
151670,GraphST,13,18,0.2194699243,0.2092871685,0.01018275576,0.3961412397,0.4478596851,151670
151670,GraphST,13,20,0.2194699243,0.2012019499,0.01826797443,0.3339048306,0.3977818143,151670
151670,GraphST,14,15,0.2219840096,0.2379221239,0.0159381143,0.3656987308,0.477435325,151670
151670,GraphST,14,18,0.2219840096,0.2092871685,0.012696841,0.3791585351,0.4551792302,151670
151670,GraphST,16,19,0.2814442894,0.2694718581,0.01197243125,0.4473363525,0.4598454485,151670
151670,GraphST,18,20,0.2092871685,0.2012019499,0.008085218672,0.3117262384,0.4098609436,151670
151670,STAGATE,1,4,0.2296994443,0.210022594,0.01967685026,0.652264998,0.628616639,151670
151670,STAGATE,1,15,0.2296994443,0.2454660025,0.01576655828,0.640136583,0.6149529622,151670
151670,STAGATE,1,19,0.2296994443,0.2401505094,0.0104510651,0.6785841463,0.6519079512,151670
151670,STAGATE,2,18,0.115353701,0.1347349131,0.01938121203,0.6929290585,0.6508779282,151670
151670,STAGATE,4,6,0.210022594,0.2068387864,0.003183807583,0.5782425261,0.6046960745,151670
151670,STAGATE,4,7,0.210022594,0.1982552476,0.0117673464,0.6256498155,0.6204892228,151670
151670,STAGATE,4,10,0.210022594,0.2071920382,0.002830555771,0.6850863348,0.6720578054,151670
151670,STAGATE,4,16,0.210022594,0.1940727345,0.01594985947,0.7011054254,0.6816703979,151670
151670,STAGATE,4,17,0.210022594,0.1920958127,0.01792678126,0.6209977965,0.6158277819,151670
151670,STAGATE,5,13,0.2654101018,0.265032224,0.0003778777848,0.666876468,0.6542344766,151670
151670,STAGATE,5,15,0.2654101018,0.2454660025,0.01994409929,0.6950960664,0.6616311309,151670
151670,STAGATE,6,7,0.2068387864,0.1982552476,0.008583538815,0.5203169268,0.5659675014,151670
151670,STAGATE,6,10,0.2068387864,0.2071920382,0.000353251812,0.5470275466,0.5900875248,151670
151670,STAGATE,6,16,0.2068387864,0.1940727345,0.01276605189,0.5478298866,0.588670257,151670
151670,STAGATE,6,17,0.2068387864,0.1920958127,0.01474297367,0.646311798,0.6273329892,151670
151670,STAGATE,7,10,0.1982552476,0.2071920382,0.008936790627,0.6740776391,0.6424772236,151670
151670,STAGATE,7,16,0.1982552476,0.1940727345,0.004182513076,0.6374949961,0.6207543157,151670
151670,STAGATE,7,17,0.1982552476,0.1920958127,0.006159434858,0.5353263616,0.5355011721,151670
151670,STAGATE,8,12,0.3288369724,0.3181191553,0.01071781708,0.7412811546,0.687966719,151670
151670,STAGATE,9,14,0.1412053517,0.1567882371,0.01558288534,0.6318670649,0.631020622,151670
151670,STAGATE,9,18,0.1412053517,0.1347349131,0.006470438628,0.676442172,0.6383002127,151670
151670,STAGATE,10,16,0.2071920382,0.1940727345,0.0131193037,0.6762591418,0.6690865674,151670
151670,STAGATE,10,17,0.2071920382,0.1920958127,0.01509622549,0.5880643565,0.5863496368,151670
151670,STAGATE,11,14,0.1682222972,0.1567882371,0.01143406017,0.6798433239,0.668163107,151670
151670,STAGATE,11,20,0.1682222972,0.1654381146,0.002784182631,0.6738748665,0.6572200965,151670
151670,STAGATE,13,15,0.265032224,0.2454660025,0.01956622151,0.6497236034,0.6372124806,151670
151670,STAGATE,14,20,0.1567882371,0.1654381146,0.008649877542,0.6905443202,0.6811281139,151670
151670,STAGATE,15,19,0.2454660025,0.2401505094,0.005315493188,0.7438711665,0.7031138265,151670
151670,STAGATE,16,17,0.1940727345,0.1920958127,0.001976921782,0.5805382839,0.5838318699,151670
151670,SpaGCN,1,4,0.1351996014,0.1272609528,0.007938648613,0.3031185009,0.3738368818,151670
151670,SpaGCN,1,7,0.1351996014,0.1456609556,0.01046135423,0.3481450551,0.4033521631,151670
151670,SpaGCN,1,8,0.1351996014,0.1399692663,0.004769664932,0.3339816373,0.4180034357,151670
151670,SpaGCN,1,9,0.1351996014,0.1295560505,0.005643550868,0.3230383369,0.401975183,151670
151670,SpaGCN,1,13,0.1351996014,0.1534882837,0.01828868235,0.3345970518,0.4279990787,151670
151670,SpaGCN,1,15,0.1351996014,0.1525075903,0.01730798894,0.3666463775,0.417713177,151670
151670,SpaGCN,1,18,0.1351996014,0.1383654867,0.003165885287,0.3873404691,0.4313349972,151670
151670,SpaGCN,3,5,0.1903246572,0.2085841335,0.01825947629,0.3687888573,0.4627906776,151670
151670,SpaGCN,3,11,0.1903246572,0.2058100158,0.01548535857,0.3799961365,0.4768853174,151670
151670,SpaGCN,3,14,0.1903246572,0.1827316942,0.007592962979,0.4561936516,0.5004532362,151670
151670,SpaGCN,3,19,0.1903246572,0.1752689493,0.0150557079,0.4577705755,0.532236225,151670
151670,SpaGCN,4,7,0.1272609528,0.1456609556,0.01840000284,0.3745708049,0.4232507566,151670
151670,SpaGCN,4,8,0.1272609528,0.1399692663,0.01270831355,0.4280560545,0.4816068694,151670
151670,SpaGCN,4,9,0.1272609528,0.1295560505,0.002295097745,0.3342552067,0.4015548289,151670
151670,SpaGCN,4,18,0.1272609528,0.1383654867,0.0111045339,0.3454835384,0.4065967823,151670
151670,SpaGCN,5,11,0.2085841335,0.2058100158,0.002774117718,0.4188392722,0.4985739599,151670
151670,SpaGCN,6,10,0.1682911118,0.1581107006,0.01018041119,0.3934508229,0.4629400009,151670
151670,SpaGCN,6,12,0.1682911118,0.1691705208,0.0008794090187,0.3996404497,0.4625955286,151670
151670,SpaGCN,6,13,0.1682911118,0.1534882837,0.01480282802,0.4162602352,0.491222629,151670
151670,SpaGCN,6,14,0.1682911118,0.1827316942,0.01444058246,0.4186067122,0.4650399186,151670
151670,SpaGCN,6,15,0.1682911118,0.1525075903,0.01578352143,0.3535298585,0.4239139847,151670
151670,SpaGCN,6,16,0.1682911118,0.1660828781,0.002208233641,0.4086389529,0.467610706,151670
151670,SpaGCN,6,17,0.1682911118,0.1581381835,0.01015292831,0.43795255,0.4917778476,151670
151670,SpaGCN,6,19,0.1682911118,0.1752689493,0.006977837539,0.4546406603,0.495455701,151670
151670,SpaGCN,6,20,0.1682911118,0.1617861789,0.00650493284,0.4036916679,0.4632598969,151670
151670,SpaGCN,7,8,0.1456609556,0.1399692663,0.005691689293,0.4069275428,0.4725037122,151670
151670,SpaGCN,7,9,0.1456609556,0.1295560505,0.01610490509,0.329318973,0.3898919811,151670
151670,SpaGCN,7,10,0.1456609556,0.1581107006,0.01244974495,0.3121564349,0.3917617007,151670
151670,SpaGCN,7,13,0.1456609556,0.1534882837,0.007827328123,0.4089020185,0.4621374334,151670
151670,SpaGCN,7,15,0.1456609556,0.1525075903,0.006846634711,0.5246575536,0.543037132,151670
151670,SpaGCN,7,17,0.1456609556,0.1581381835,0.01247722783,0.3451964097,0.4122212783,151670
151670,SpaGCN,7,18,0.1456609556,0.1383654867,0.007295468938,0.4795477298,0.5070632352,151670
151670,SpaGCN,7,20,0.1456609556,0.1617861789,0.0161252233,0.4691033598,0.5136072423,151670
151670,SpaGCN,8,9,0.1399692663,0.1295560505,0.0104132158,0.3396082091,0.4146299332,151670
151670,SpaGCN,8,10,0.1399692663,0.1581107006,0.01814143424,0.3437910943,0.4474407118,151670
151670,SpaGCN,8,13,0.1399692663,0.1534882837,0.01351901742,0.4004569322,0.4751614682,151670
151670,SpaGCN,8,15,0.1399692663,0.1525075903,0.012538324,0.3884869521,0.4561433461,151670
151670,SpaGCN,8,17,0.1399692663,0.1581381835,0.01816891712,0.3900383849,0.4599821591,151670
151670,SpaGCN,8,18,0.1399692663,0.1383654867,0.001603779645,0.4052794286,0.4738938205,151670
151670,SpaGCN,9,18,0.1295560505,0.1383654867,0.008809436155,0.3616292985,0.429936493,151670
151670,SpaGCN,10,12,0.1581107006,0.1691705208,0.01105982021,0.3514030496,0.4467619988,151670
151670,SpaGCN,10,13,0.1581107006,0.1534882837,0.004622416829,0.3568139017,0.4472448298,151670
151670,SpaGCN,10,15,0.1581107006,0.1525075903,0.00560311024,0.3208008243,0.4165169455,151670
151670,SpaGCN,10,16,0.1581107006,0.1660828781,0.007972177551,0.3186520069,0.4089079478,151670
151670,SpaGCN,10,17,0.1581107006,0.1581381835,2.748287832e-05,0.3514388892,0.4278742644,151670
151670,SpaGCN,10,18,0.1581107006,0.1383654867,0.01974521389,0.3286137696,0.4264150009,151670
151670,SpaGCN,10,19,0.1581107006,0.1752689493,0.01715824873,0.340712278,0.4159625948,151670
151670,SpaGCN,10,20,0.1581107006,0.1617861789,0.003675478352,0.3794336494,0.4595028051,151670
151670,SpaGCN,12,13,0.1691705208,0.1534882837,0.01568223704,0.4029053443,0.4699410665,151670
151670,SpaGCN,12,14,0.1691705208,0.1827316942,0.01356117344,0.6170416797,0.6265066986,151670
151670,SpaGCN,12,15,0.1691705208,0.1525075903,0.01666293045,0.5974330157,0.6004189048,151670
151670,SpaGCN,12,16,0.1691705208,0.1660828781,0.00308764266,0.5426610214,0.551530914,151670
151670,SpaGCN,12,17,0.1691705208,0.1581381835,0.01103233733,0.3901460783,0.4617370658,151670
151670,SpaGCN,12,19,0.1691705208,0.1752689493,0.00609842852,0.5030162356,0.5306923965,151670
151670,SpaGCN,12,20,0.1691705208,0.1617861789,0.007384341858,0.474285476,0.5256561157,151670
151670,SpaGCN,13,15,0.1534882837,0.1525075903,0.0009806934112,0.3729090676,0.4382340906,151670
151670,SpaGCN,13,16,0.1534882837,0.1660828781,0.01259459438,0.4122596773,0.4723193517,151670
151670,SpaGCN,13,17,0.1534882837,0.1581381835,0.004649899707,0.399929316,0.4764819194,151670
151670,SpaGCN,13,18,0.1534882837,0.1383654867,0.01512279706,0.3738925276,0.4490249735,151670
151670,SpaGCN,13,20,0.1534882837,0.1617861789,0.008297895182,0.4361917114,0.4850634495,151670
151670,SpaGCN,14,16,0.1827316942,0.1660828781,0.0166488161,0.5535944983,0.5619505802,151670
151670,SpaGCN,14,19,0.1827316942,0.1752689493,0.007462744919,0.5125816771,0.5364799856,151670
151670,SpaGCN,15,16,0.1525075903,0.1660828781,0.01357528779,0.5563822881,0.5749451964,151670
151670,SpaGCN,15,17,0.1525075903,0.1581381835,0.005630593119,0.3442806206,0.4255263025,151670
151670,SpaGCN,15,18,0.1525075903,0.1383654867,0.01414210365,0.5566626263,0.5832960188,151670
151670,SpaGCN,15,20,0.1525075903,0.1617861789,0.009278588593,0.4506932293,0.5059811823,151670
151670,SpaGCN,16,17,0.1660828781,0.1581381835,0.007944694673,0.3498906432,0.4190626403,151670
151670,SpaGCN,16,19,0.1660828781,0.1752689493,0.00918607118,0.504601702,0.5431794859,151670
151670,SpaGCN,16,20,0.1660828781,0.1617861789,0.004296699199,0.4816621403,0.524952248,151670
151670,SpaGCN,17,18,0.1581381835,0.1383654867,0.01977269677,0.3644044276,0.4431833009,151670
151670,SpaGCN,17,19,0.1581381835,0.1752689493,0.01713076585,0.4438734528,0.4955354134,151670
151670,SpaGCN,17,20,0.1581381835,0.1617861789,0.003647995474,0.3823151994,0.4430733672,151670
151670,SpaGCN,19,20,0.1752689493,0.1617861789,0.01348277038,0.4608165547,0.5074729212,151670
151670,BANKSY,1,15,0.2093976762,0.2226896022,0.01329192602,0.8205787001,0.832755164,151670
151670,BANKSY,4,10,0.2533441967,0.2484749177,0.004869279047,0.8521417903,0.8425865682,151670
151670,BANKSY,4,14,0.2533441967,0.2489353725,0.00440882417,0.9797092553,0.9563506517,151670
151670,BANKSY,4,16,0.2533441967,0.2487059887,0.004638208045,0.9620608449,0.9421022528,151670
151670,BANKSY,5,6,0.4154807082,0.4350262525,0.01954554433,0.5087928018,0.5963368532,151670
151670,BANKSY,5,7,0.4154807082,0.4206150955,0.005134387397,0.4574879187,0.5878358423,151670
151670,BANKSY,5,12,0.4154807082,0.4342302983,0.01874959013,0.4998701057,0.5809727381,151670
151670,BANKSY,6,7,0.4350262525,0.4206150955,0.01441115693,0.7222036612,0.7040053544,151670
151670,BANKSY,6,12,0.4350262525,0.4342302983,0.0007959542043,0.9443937117,0.9158313885,151670
151670,BANKSY,6,17,0.4350262525,0.4378239336,0.002797681079,0.9783672709,0.954012604,151670
151670,BANKSY,7,12,0.4206150955,0.4342302983,0.01361520273,0.7228822899,0.7118881177,151670
151670,BANKSY,7,17,0.4206150955,0.4378239336,0.01720883801,0.7274901753,0.7115322704,151670
151670,BANKSY,8,20,0.3085043587,0.3150337354,0.006529376706,0.8601439712,0.8143893999,151670
151670,BANKSY,10,14,0.2484749177,0.2489353725,0.0004604548769,0.8408983836,0.8246245227,151670
151670,BANKSY,10,16,0.2484749177,0.2487059887,0.0002310710023,0.8650187386,0.8392666208,151670
151670,BANKSY,11,18,0.3823882923,0.3823882923,0,1,1,151670
151670,BANKSY,12,17,0.4342302983,0.4378239336,0.003593635284,0.9570592412,0.9405184821,151670
151670,BANKSY,13,19,0.2803535263,0.2822658872,0.00191236089,0.9428896665,0.9001737423,151670
151670,BANKSY,14,16,0.2489353725,0.2487059887,0.0002293838747,0.972365628,0.9707438344,151670
151670,SEDR,1,5,0.325436193383,0.318368136441,0.00706805694218,0.571771349732,0.681160921626,151670
151670,SEDR,1,8,0.325436193383,0.319861000408,0.00557519297546,0.569121650042,0.711985858758,151670
151670,SEDR,1,9,0.325436193383,0.316011008294,0.00942518508947,0.694800294676,0.740673775462,151670
151670,SEDR,1,12,0.325436193383,0.329736010936,0.00429981755348,0.496821686622,0.635893373394,151670
151670,SEDR,1,14,0.325436193383,0.3135433891,0.0118928042825,0.526027622789,0.673735186159,151670
151670,SEDR,1,17,0.325436193383,0.321435295806,0.00400089757697,0.746953593878,0.764471240765,151670
151670,SEDR,1,19,0.325436193383,0.312743967582,0.0126922258007,0.723353231044,0.749673785343,151670
151670,SEDR,2,4,0.256421579544,0.241976544965,0.0144450345786,0.51730952977,0.632423455047,151670
151670,SEDR,2,7,0.256421579544,0.258454264689,0.00203268514491,0.603292831003,0.675897569516,151670
151670,SEDR,2,15,0.256421579544,0.27340438301,0.0169828034661,0.713167052007,0.726304324335,151670
151670,SEDR,2,20,0.256421579544,0.249767930362,0.00665364918244,0.790211520496,0.783203999204,151670
151670,SEDR,3,12,0.348360683497,0.329736010936,0.0186246725602,0.620715795335,0.711494730997,151670
151670,SEDR,4,7,0.241976544965,0.258454264689,0.0164777197235,0.668307645941,0.726068291114,151670
151670,SEDR,4,20,0.241976544965,0.249767930362,0.00779138539614,0.541224045954,0.664216852193,151670
151670,SEDR,5,8,0.318368136441,0.319861000408,0.00149286396671,0.582352455791,0.680215111747,151670
151670,SEDR,5,9,0.318368136441,0.316011008294,0.00235712814729,0.644593067587,0.707243183402,151670
151670,SEDR,5,12,0.318368136441,0.329736010936,0.0113678744957,0.753229615208,0.77585299095,151670
151670,SEDR,5,14,0.318368136441,0.3135433891,0.00482474734035,0.690271393479,0.74219522719,151670
151670,SEDR,5,17,0.318368136441,0.321435295806,0.0030671593652,0.652532829884,0.730062337924,151670
151670,SEDR,5,19,0.318368136441,0.312743967582,0.0056241688585,0.637423680567,0.694960776706,151670
151670,SEDR,6,16,0.388944931626,0.384308729782,0.004636201844,0.661816535695,0.709713487618,151670
151670,SEDR,6,18,0.388944931626,0.401382442369,0.0124375107433,0.578159814446,0.674823975667,151670
151670,SEDR,7,15,0.258454264689,0.27340438301,0.0149501183211,0.550214593542,0.655136800957,151670
151670,SEDR,7,20,0.258454264689,0.249767930362,0.00868633432735,0.596400422294,0.675330539249,151670
151670,SEDR,8,9,0.319861000408,0.316011008294,0.00384999211401,0.546022281756,0.672260880556,151670
151670,SEDR,8,12,0.319861000408,0.329736010936,0.00987501052894,0.565036738762,0.670313091016,151670
151670,SEDR,8,14,0.319861000408,0.3135433891,0.00631761130706,0.598826782001,0.687562019715,151670
151670,SEDR,8,17,0.319861000408,0.321435295806,0.00157429539849,0.55421964454,0.698635152853,151670
151670,SEDR,8,19,0.319861000408,0.312743967582,0.00711703282522,0.54255180616,0.673790126059,151670
151670,SEDR,9,12,0.316011008294,0.329736010936,0.013725002643,0.606431378844,0.689100664791,151670
151670,SEDR,9,13,0.316011008294,0.298184753474,0.0178262548194,0.544928599347,0.667538963237,151670
151670,SEDR,9,14,0.316011008294,0.3135433891,0.00246761919306,0.622420733908,0.715416641753,151670
151670,SEDR,9,17,0.316011008294,0.321435295806,0.00542428751249,0.780544797759,0.767056922639,151670
151670,SEDR,9,19,0.316011008294,0.312743967582,0.00326704071121,0.853805649986,0.823055390503,151670
151670,SEDR,10,11,0.288212912817,0.280440608745,0.00777230407229,0.651604548581,0.690288301796,151670
151670,SEDR,10,13,0.288212912817,0.298184753474,0.00997184065726,0.733929036967,0.746192699749,151670
151670,SEDR,10,15,0.288212912817,0.27340438301,0.0148085298069,0.613393699293,0.685414282349,151670
151670,SEDR,11,13,0.280440608745,0.298184753474,0.0177441447295,0.69420803927,0.739196242694,151670
151670,SEDR,11,15,0.280440608745,0.27340438301,0.00703622573459,0.661315855095,0.711510519514,151670
151670,SEDR,12,14,0.329736010936,0.3135433891,0.016192621836,0.607746832025,0.713536490624,151670
151670,SEDR,12,17,0.329736010936,0.321435295806,0.00830071513046,0.582169166642,0.704646017307,151670
151670,SEDR,12,19,0.329736010936,0.312743967582,0.0169920433542,0.583819289055,0.672119208468,151670
151670,SEDR,13,14,0.298184753474,0.3135433891,0.0153586356264,0.658474904521,0.720362558415,151670
151670,SEDR,13,19,0.298184753474,0.312743967582,0.0145592141082,0.539061982499,0.666568541866,151670
151670,SEDR,14,17,0.3135433891,0.321435295806,0.00789190670555,0.59136603265,0.69676200015,151670
151670,SEDR,14,19,0.3135433891,0.312743967582,0.000799421518154,0.591772664698,0.682963676936,151670
151670,SEDR,16,18,0.384308729782,0.401382442369,0.0170737125873,0.543147144827,0.687266853264,151670
151670,SEDR,17,19,0.321435295806,0.312743967582,0.0086913282237,0.81757812467,0.791786298382,151670
151671,GraphST,1,2,0.2978206384,0.3061355225,0.008314884126,0.5834404216,0.5593260482,151671
151671,GraphST,1,4,0.2978206384,0.3061337433,0.008313104914,0.5860968489,0.5523105273,151671
151671,GraphST,1,5,0.2978206384,0.3171926609,0.01937202254,0.5848859849,0.5545142548,151671
151671,GraphST,1,6,0.2978206384,0.3029430264,0.005122387984,0.5322719334,0.5388261921,151671
151671,GraphST,1,7,0.2978206384,0.2907339964,0.007086641963,0.5929913245,0.5662007093,151671
151671,GraphST,1,10,0.2978206384,0.2812596264,0.01656101196,0.5960609644,0.5640530073,151671
151671,GraphST,1,12,0.2978206384,0.302247797,0.004427158671,0.5809614493,0.5545561802,151671
151671,GraphST,1,13,0.2978206384,0.2887952945,0.00902534385,0.5216049353,0.4951693781,151671
151671,GraphST,2,4,0.3061355225,0.3061337433,1.779212331e-06,0.613483715,0.5639768025,151671
151671,GraphST,2,5,0.3061355225,0.3171926609,0.01105713841,0.5980166494,0.5650558165,151671
151671,GraphST,2,6,0.3061355225,0.3029430264,0.003192496142,0.55780622,0.5571138551,151671
151671,GraphST,2,7,0.3061355225,0.2907339964,0.01540152609,0.617258984,0.5769015025,151671
151671,GraphST,2,8,0.3061355225,0.3244858153,0.01835029283,0.5597394362,0.5391582026,151671
151671,GraphST,2,12,0.3061355225,0.302247797,0.003887725456,0.6001850677,0.5656430455,151671
151671,GraphST,2,13,0.3061355225,0.2887952945,0.01734022798,0.5528913901,0.5130053389,151671
151671,GraphST,2,14,0.3061355225,0.3221946893,0.01605916682,0.5891309123,0.5534635301,151671
151671,GraphST,2,15,0.3061355225,0.3196055169,0.01346999443,0.5746682349,0.549649725,151671
151671,GraphST,2,16,0.3061355225,0.3257444363,0.01960891384,0.5720477887,0.5452022909,151671
151671,GraphST,3,5,0.3323913267,0.3171926609,0.01519866577,0.4844003355,0.5285130712,151671
151671,GraphST,3,8,0.3323913267,0.3244858153,0.007905511349,0.4547381157,0.5099826467,151671
151671,GraphST,3,9,0.3323913267,0.3327844919,0.0003931652614,0.4764662423,0.5147003107,151671
151671,GraphST,3,14,0.3323913267,0.3221946893,0.01019663737,0.4948721953,0.5343458302,151671
151671,GraphST,3,15,0.3323913267,0.3196055169,0.01278580976,0.4874800432,0.5350585706,151671
151671,GraphST,3,16,0.3323913267,0.3257444363,0.006646890342,0.4714703773,0.5236430041,151671
151671,GraphST,4,5,0.3061337433,0.3171926609,0.01105891762,0.6242585978,0.5835608615,151671
151671,GraphST,4,6,0.3061337433,0.3029430264,0.00319071693,0.5430409749,0.5496632762,151671
151671,GraphST,4,7,0.3061337433,0.2907339964,0.01539974688,0.5921514492,0.5658225651,151671
151671,GraphST,4,8,0.3061337433,0.3244858153,0.01835207204,0.5504891397,0.5325376011,151671
151671,GraphST,4,12,0.3061337433,0.302247797,0.003885946243,0.5689890206,0.5439282282,151671
151671,GraphST,4,13,0.3061337433,0.2887952945,0.01733844876,0.5532439547,0.520360737,151671
151671,GraphST,4,14,0.3061337433,0.3221946893,0.01606094603,0.5992354054,0.571587392,151671
151671,GraphST,4,15,0.3061337433,0.3196055169,0.01347177364,0.5764216456,0.5584718283,151671
151671,GraphST,4,16,0.3061337433,0.3257444363,0.01961069305,0.5670335826,0.5460736836,151671
151671,GraphST,5,6,0.3171926609,0.3029430264,0.01424963455,0.5538829054,0.5506577943,151671
151671,GraphST,5,8,0.3171926609,0.3244858153,0.007293154423,0.5496834485,0.5375947466,151671
151671,GraphST,5,9,0.3171926609,0.3327844919,0.01559183103,0.5616415096,0.5481768886,151671
151671,GraphST,5,12,0.3171926609,0.302247797,0.01494486386,0.5834255767,0.5608505284,151671
151671,GraphST,5,14,0.3171926609,0.3221946893,0.005002028406,0.5666243442,0.5498175176,151671
151671,GraphST,5,15,0.3171926609,0.3196055169,0.002412856016,0.5864600539,0.5690284039,151671
151671,GraphST,5,16,0.3171926609,0.3257444363,0.00855177543,0.5734576659,0.5479288548,151671
151671,GraphST,6,7,0.3029430264,0.2907339964,0.01220902995,0.5763091195,0.5683106244,151671
151671,GraphST,6,12,0.3029430264,0.302247797,0.0006952293131,0.5506961312,0.549845115,151671
151671,GraphST,6,13,0.3029430264,0.2887952945,0.01414773183,0.5248617363,0.5205305207,151671
151671,GraphST,6,14,0.3029430264,0.3221946893,0.01925166296,0.5673685201,0.5603334929,151671
151671,GraphST,6,15,0.3029430264,0.3196055169,0.01666249057,0.5523568194,0.5553117504,151671
151671,GraphST,7,10,0.2907339964,0.2812596264,0.009474369999,0.575241607,0.5452551822,151671
151671,GraphST,7,12,0.2907339964,0.302247797,0.01151380063,0.5997862096,0.5746684568,151671
151671,GraphST,7,13,0.2907339964,0.2887952945,0.001938701887,0.5620659066,0.5285497738,151671
151671,GraphST,7,17,0.2907339964,0.2732651554,0.01746884099,0.5799218594,0.560387225,151671
151671,GraphST,8,9,0.3244858153,0.3327844919,0.00829867661,0.5264954979,0.5090871218,151671
151671,GraphST,8,14,0.3244858153,0.3221946893,0.002291126016,0.5652824937,0.5535413341,151671
151671,GraphST,8,15,0.3244858153,0.3196055169,0.004880298407,0.5644620926,0.5499770479,151671
151671,GraphST,8,16,0.3244858153,0.3257444363,0.001258621007,0.5657222385,0.5480072247,151671
151671,GraphST,9,14,0.3327844919,0.3221946893,0.01058980263,0.5448239231,0.5187382762,151671
151671,GraphST,9,15,0.3327844919,0.3196055169,0.01317897502,0.5580070434,0.53866927,151671
151671,GraphST,9,16,0.3327844919,0.3257444363,0.007040055604,0.5552015905,0.5256752846,151671
151671,GraphST,10,13,0.2812596264,0.2887952945,0.007535668112,0.5125093786,0.4840721797,151671
151671,GraphST,10,17,0.2812596264,0.2732651554,0.007994470992,0.5979626351,0.5718853561,151671
151671,GraphST,11,18,0.2400221114,0.2495461161,0.009524004616,0.4526758286,0.5200714805,151671
151671,GraphST,11,19,0.2400221114,0.2583964364,0.01837432498,0.4599545484,0.5137940692,151671
151671,GraphST,11,20,0.2400221114,0.2473001927,0.007278081282,0.5118181216,0.5334415627,151671
151671,GraphST,12,13,0.302247797,0.2887952945,0.01345250252,0.5190636031,0.5029953825,151671
151671,GraphST,12,14,0.302247797,0.3221946893,0.01994689227,0.5749908678,0.5587775293,151671
151671,GraphST,12,15,0.302247797,0.3196055169,0.01735771988,0.5593093956,0.5412002022,151671
151671,GraphST,13,17,0.2887952945,0.2732651554,0.0155301391,0.5129910317,0.4957270785,151671
151671,GraphST,14,15,0.3221946893,0.3196055169,0.00258917239,0.5954166686,0.5716387925,151671
151671,GraphST,14,16,0.3221946893,0.3257444363,0.003549747023,0.5794770193,0.5574197652,151671
151671,GraphST,15,16,0.3196055169,0.3257444363,0.006138919413,0.5808536742,0.5620636178,151671
151671,GraphST,17,19,0.2732651554,0.2583964364,0.01486871899,0.5565834819,0.5391930124,151671
151671,GraphST,18,19,0.2495461161,0.2583964364,0.008850320369,0.5853798421,0.5535252598,151671
151671,GraphST,18,20,0.2495461161,0.2473001927,0.002245923334,0.4989011568,0.5481185224,151671
151671,GraphST,19,20,0.2583964364,0.2473001927,0.0110962437,0.4738208697,0.5177420995,151671
151671,STAGATE,1,2,0.3794101238,0.3645939089,0.01481621486,0.7625998485,0.7434617021,151671
151671,STAGATE,1,3,0.3794101238,0.3884047868,0.008994663046,0.5662722948,0.6370661184,151671
151671,STAGATE,1,4,0.3794101238,0.368509307,0.0109008168,0.6879938073,0.7081594214,151671
151671,STAGATE,1,14,0.3794101238,0.3924300446,0.01301992086,0.5556931752,0.6509728772,151671
151671,STAGATE,1,17,0.3794101238,0.3795342077,0.0001240839135,0.6485217307,0.6920845476,151671
151671,STAGATE,1,19,0.3794101238,0.3795290295,0.0001189057347,0.5715270331,0.6474841597,151671
151671,STAGATE,1,20,0.3794101238,0.379529541,0.0001194172256,0.7151921558,0.7157362182,151671
151671,STAGATE,2,4,0.3645939089,0.368509307,0.003915398065,0.6914262465,0.7263753618,151671
151671,STAGATE,2,8,0.3645939089,0.3463643634,0.01822954548,0.7439228207,0.7220997117,151671
151671,STAGATE,2,11,0.3645939089,0.3530454605,0.01154844839,0.7690938155,0.7433560743,151671
151671,STAGATE,2,13,0.3645939089,0.3563344578,0.008259451113,0.7539025924,0.7236374558,151671
151671,STAGATE,2,17,0.3645939089,0.3795342077,0.01494029878,0.6454433155,0.6970328921,151671
151671,STAGATE,2,19,0.3645939089,0.3795290295,0.0149351206,0.5983988037,0.6641099031,151671
151671,STAGATE,2,20,0.3645939089,0.379529541,0.01493563209,0.7585484717,0.7369519233,151671
151671,STAGATE,3,4,0.3884047868,0.368509307,0.01989547985,0.5573014088,0.6402008135,151671
151671,STAGATE,3,14,0.3884047868,0.3924300446,0.004025257816,0.7485588417,0.7236935051,151671
151671,STAGATE,3,17,0.3884047868,0.3795342077,0.008870579132,0.630431685,0.6721483547,151671
151671,STAGATE,3,19,0.3884047868,0.3795290295,0.008875757311,0.7046116931,0.684063625,151671
151671,STAGATE,3,20,0.3884047868,0.379529541,0.00887524582,0.6103393304,0.6679327394,151671
151671,STAGATE,4,11,0.368509307,0.3530454605,0.01546384645,0.6474510256,0.6882359715,151671
151671,STAGATE,4,13,0.368509307,0.3563344578,0.01217484918,0.6554343902,0.6888040017,151671
151671,STAGATE,4,17,0.368509307,0.3795342077,0.01102490071,0.6451289583,0.702084371,151671
151671,STAGATE,4,19,0.368509307,0.3795290295,0.01101972253,0.5463058442,0.6448194913,151671
151671,STAGATE,4,20,0.368509307,0.379529541,0.01102023403,0.6562903801,0.6968882656,151671
151671,STAGATE,5,6,0.3191360923,0.3091781998,0.009957892468,0.6781735868,0.6897484774,151671
151671,STAGATE,5,9,0.3191360923,0.3059040527,0.01323203956,0.7800463004,0.748205861,151671
151671,STAGATE,5,10,0.3191360923,0.3343167269,0.01518063463,0.7200230148,0.7115731144,151671
151671,STAGATE,5,12,0.3191360923,0.3390690488,0.0199329565,0.7061375812,0.690031543,151671
151671,STAGATE,5,15,0.3191360923,0.3357082155,0.01657212323,0.6881788211,0.6836070398,151671
151671,STAGATE,5,16,0.3191360923,0.3236194737,0.004483381454,0.7787612943,0.750648879,151671
151671,STAGATE,5,18,0.3191360923,0.3335209093,0.01438481698,0.663235157,0.6920361134,151671
151671,STAGATE,6,9,0.3091781998,0.3059040527,0.003274147094,0.6826302752,0.6960749316,151671
151671,STAGATE,6,16,0.3091781998,0.3236194737,0.01444127392,0.6874142132,0.6889772633,151671
151671,STAGATE,7,8,0.342713322,0.3463643634,0.003651041409,0.7262313959,0.7150458687,151671
151671,STAGATE,7,10,0.342713322,0.3343167269,0.008396595097,0.70461239,0.7050828661,151671
151671,STAGATE,7,11,0.342713322,0.3530454605,0.0103321385,0.7337027783,0.7234103301,151671
151671,STAGATE,7,12,0.342713322,0.3390690488,0.00364427323,0.7159357074,0.7104026741,151671
151671,STAGATE,7,13,0.342713322,0.3563344578,0.01362113577,0.7129235861,0.7135657809,151671
151671,STAGATE,7,15,0.342713322,0.3357082155,0.007005106502,0.6988148096,0.6988230857,151671
151671,STAGATE,7,16,0.342713322,0.3236194737,0.01909384828,0.7573172717,0.7403340394,151671
151671,STAGATE,7,18,0.342713322,0.3335209093,0.009192412751,0.6573995717,0.6934612508,151671
151671,STAGATE,8,10,0.3463643634,0.3343167269,0.01204763651,0.7403991386,0.7059000224,151671
151671,STAGATE,8,11,0.3463643634,0.3530454605,0.006681097092,0.7488660507,0.7223043186,151671
151671,STAGATE,8,12,0.3463643634,0.3390690488,0.007295314639,0.727439149,0.6992055891,151671
151671,STAGATE,8,13,0.3463643634,0.3563344578,0.009970094365,0.7300008274,0.710300711,151671
151671,STAGATE,8,15,0.3463643634,0.3357082155,0.01065614791,0.7539738363,0.7190016664,151671
151671,STAGATE,8,18,0.3463643634,0.3335209093,0.01284345416,0.7437150623,0.7286085675,151671
151671,STAGATE,9,16,0.3059040527,0.3236194737,0.01771542102,0.7603596813,0.7389722812,151671
151671,STAGATE,10,11,0.3343167269,0.3530454605,0.0187287336,0.7499750174,0.7239130096,151671
151671,STAGATE,10,12,0.3343167269,0.3390690488,0.004752321867,0.7278100266,0.704177633,151671
151671,STAGATE,10,15,0.3343167269,0.3357082155,0.001391488595,0.7320735944,0.7092398043,151671
151671,STAGATE,10,16,0.3343167269,0.3236194737,0.01069725318,0.6961562319,0.6954498002,151671
151671,STAGATE,10,18,0.3343167269,0.3335209093,0.0007958176543,0.7015665798,0.6993932737,151671
151671,STAGATE,11,12,0.3530454605,0.3390690488,0.01397641173,0.7209857992,0.7023196698,151671
151671,STAGATE,11,13,0.3530454605,0.3563344578,0.003288997272,0.7777477657,0.75352615,151671
151671,STAGATE,11,15,0.3530454605,0.3357082155,0.017337245,0.7395567885,0.7163964145,151671
151671,STAGATE,11,18,0.3530454605,0.3335209093,0.01952455125,0.6886958014,0.7069286568,151671
151671,STAGATE,12,13,0.3390690488,0.3563344578,0.017265409,0.7061095287,0.6932263472,151671
151671,STAGATE,12,15,0.3390690488,0.3357082155,0.003360833272,0.692997651,0.6861339158,151671
151671,STAGATE,12,16,0.3390690488,0.3236194737,0.01544957504,0.7163909282,0.6994235663,151671
151671,STAGATE,12,18,0.3390690488,0.3335209093,0.005548139521,0.7109619564,0.7049198717,151671
151671,STAGATE,14,17,0.3924300446,0.3795342077,0.01289583695,0.6431363297,0.6925523256,151671
151671,STAGATE,14,19,0.3924300446,0.3795290295,0.01290101513,0.7309459337,0.710463154,151671
151671,STAGATE,14,20,0.3924300446,0.379529541,0.01290050364,0.5960256367,0.6709411111,151671
151671,STAGATE,15,16,0.3357082155,0.3236194737,0.01208874177,0.6547419146,0.6651737149,151671
151671,STAGATE,15,18,0.3357082155,0.3335209093,0.002187306249,0.6816632349,0.6924233953,151671
151671,STAGATE,16,18,0.3236194737,0.3335209093,0.009901435524,0.6672102732,0.6828399813,151671
151671,STAGATE,17,19,0.3795342077,0.3795290295,5.178178751e-06,0.6110160404,0.6689526612,151671
151671,STAGATE,17,20,0.3795342077,0.379529541,4.666687849e-06,0.6080657154,0.6831672274,151671
151671,STAGATE,19,20,0.3795290295,0.379529541,5.114909022e-07,0.6229825732,0.6690104596,151671
151671,SpaGCN,1,3,0.2411672804,0.2399759945,0.001191285966,0.5425699742,0.6052578231,151671
151671,SpaGCN,1,4,0.2411672804,0.2242617762,0.01690550427,0.46344648,0.5533325151,151671
151671,SpaGCN,1,6,0.2411672804,0.2264171902,0.01475009022,0.3820624522,0.4760908784,151671
151671,SpaGCN,1,7,0.2411672804,0.2516697519,0.01050247143,0.4133893337,0.528213314,151671
151671,SpaGCN,1,8,0.2411672804,0.2395075077,0.001659772771,0.4144378084,0.4993339257,151671
151671,SpaGCN,1,9,0.2411672804,0.2318690665,0.00929821397,0.5066380703,0.5741962549,151671
151671,SpaGCN,1,11,0.2411672804,0.242331449,0.001164168609,0.3316005284,0.4502578073,151671
151671,SpaGCN,1,13,0.2411672804,0.2553076351,0.0141403547,0.6362417671,0.6720989266,151671
151671,SpaGCN,1,16,0.2411672804,0.2412317802,6.449980641e-05,0.5630766436,0.6196182118,151671
151671,SpaGCN,1,18,0.2411672804,0.2551521029,0.01398482243,0.4986709155,0.5722181811,151671
151671,SpaGCN,1,20,0.2411672804,0.2373415052,0.003825775186,0.5628283906,0.6203903966,151671
151671,SpaGCN,2,10,0.2800024137,0.2722245027,0.00777791099,0.3317365171,0.4628244179,151671
151671,SpaGCN,2,17,0.2800024137,0.2825003683,0.002497954666,0.3699329779,0.496090669,151671
151671,SpaGCN,2,19,0.2800024137,0.2648898026,0.01511261108,0.3384648942,0.4692759897,151671
151671,SpaGCN,3,4,0.2399759945,0.2242617762,0.01571421831,0.4706159178,0.5577474072,151671
151671,SpaGCN,3,6,0.2399759945,0.2264171902,0.01355880426,0.5053592961,0.5478507381,151671
151671,SpaGCN,3,7,0.2399759945,0.2516697519,0.0116937574,0.4545868324,0.5324547163,151671
151671,SpaGCN,3,8,0.2399759945,0.2395075077,0.0004684868051,0.4890727308,0.5504494268,151671
151671,SpaGCN,3,9,0.2399759945,0.2318690665,0.008106928004,0.5261195245,0.5891722577,151671
151671,SpaGCN,3,11,0.2399759945,0.242331449,0.002355454576,0.4131862004,0.5117110882,151671
151671,SpaGCN,3,13,0.2399759945,0.2553076351,0.01533164067,0.54679215,0.6019767007,151671
151671,SpaGCN,3,16,0.2399759945,0.2412317802,0.001255785773,0.6121210058,0.6474848127,151671
151671,SpaGCN,3,18,0.2399759945,0.2551521029,0.0151761084,0.4785416628,0.5652690375,151671
151671,SpaGCN,3,20,0.2399759945,0.2373415052,0.00263448922,0.5796153563,0.622926541,151671
151671,SpaGCN,4,6,0.2242617762,0.2264171902,0.002155414053,0.5330899006,0.5715281589,151671
151671,SpaGCN,4,8,0.2242617762,0.2395075077,0.0152457315,0.5001772839,0.5501799035,151671
151671,SpaGCN,4,9,0.2242617762,0.2318690665,0.007607290305,0.5102480394,0.5849699342,151671
151671,SpaGCN,4,11,0.2242617762,0.242331449,0.01806967288,0.387877628,0.4828308192,151671
151671,SpaGCN,4,14,0.2242617762,0.2073623189,0.0168994573,0.5261148608,0.6077486552,151671
151671,SpaGCN,4,16,0.2242617762,0.2412317802,0.01697000408,0.505326956,0.5872199697,151671
151671,SpaGCN,4,20,0.2242617762,0.2373415052,0.01307972909,0.5137897792,0.5689026866,151671
151671,SpaGCN,5,14,0.1900747368,0.2073623189,0.01728758208,0.5812100902,0.6126188561,151671
151671,SpaGCN,6,8,0.2264171902,0.2395075077,0.01309031745,0.6229112948,0.6376281167,151671
151671,SpaGCN,6,9,0.2264171902,0.2318690665,0.005451876252,0.4743191471,0.5436397282,151671
151671,SpaGCN,6,11,0.2264171902,0.242331449,0.01591425883,0.4551561804,0.5226442625,151671
151671,SpaGCN,6,14,0.2264171902,0.2073623189,0.01905487135,0.515437135,0.5575929961,151671
151671,SpaGCN,6,16,0.2264171902,0.2412317802,0.01481459003,0.4852028674,0.5519401375,151671
151671,SpaGCN,6,20,0.2264171902,0.2373415052,0.01092431504,0.4812001631,0.5297445305,151671
151671,SpaGCN,7,8,0.2516697519,0.2395075077,0.0121622442,0.3703855906,0.4653467081,151671
151671,SpaGCN,7,9,0.2516697519,0.2318690665,0.0198006854,0.4047747604,0.5063900073,151671
151671,SpaGCN,7,11,0.2516697519,0.242331449,0.00933830282,0.3785491485,0.4925103322,151671
151671,SpaGCN,7,13,0.2516697519,0.2553076351,0.003637883274,0.3835993918,0.503557754,151671
151671,SpaGCN,7,16,0.2516697519,0.2412317802,0.01043797162,0.4213512487,0.5244906054,151671
151671,SpaGCN,7,18,0.2516697519,0.2551521029,0.003482351001,0.4368289192,0.523988492,151671
151671,SpaGCN,7,19,0.2516697519,0.2648898026,0.01322005072,0.440806587,0.5340994597,151671
151671,SpaGCN,7,20,0.2516697519,0.2373415052,0.01432824662,0.410496693,0.515435086,151671
151671,SpaGCN,8,9,0.2395075077,0.2318690665,0.007638441199,0.4721773684,0.543773298,151671
151671,SpaGCN,8,11,0.2395075077,0.242331449,0.002823941381,0.464286028,0.53418761,151671
151671,SpaGCN,8,13,0.2395075077,0.2553076351,0.01580012748,0.436005318,0.5128390729,151671
151671,SpaGCN,8,16,0.2395075077,0.2412317802,0.001724272578,0.4789465442,0.5519312651,151671
151671,SpaGCN,8,18,0.2395075077,0.2551521029,0.0156445952,0.4096517945,0.5048875424,151671
151671,SpaGCN,8,20,0.2395075077,0.2373415052,0.002166002415,0.4579102575,0.52053751,151671
151671,SpaGCN,9,11,0.2318690665,0.242331449,0.01046238258,0.3623092231,0.4740782485,151671
151671,SpaGCN,9,16,0.2318690665,0.2412317802,0.009362713776,0.6189425158,0.654136129,151671
151671,SpaGCN,9,20,0.2318690665,0.2373415052,0.005472438784,0.5137049259,0.5857902943,151671
151671,SpaGCN,10,13,0.2722245027,0.2553076351,0.01691686753,0.449580192,0.534497441,151671
151671,SpaGCN,10,17,0.2722245027,0.2825003683,0.01027586566,0.4990498743,0.5455195137,151671
151671,SpaGCN,10,18,0.2722245027,0.2551521029,0.01707239981,0.4196050666,0.5148171958,151671
151671,SpaGCN,10,19,0.2722245027,0.2648898026,0.007334700091,0.4126489963,0.4878334057,151671
151671,SpaGCN,11,13,0.242331449,0.2553076351,0.01297618609,0.3455705202,0.4512665665,151671
151671,SpaGCN,11,16,0.242331449,0.2412317802,0.001099668803,0.3764073138,0.4854180799,151671
151671,SpaGCN,11,18,0.242331449,0.2551521029,0.01282065382,0.3244887947,0.4498982388,151671
151671,SpaGCN,11,20,0.242331449,0.2373415052,0.004989943795,0.3805291336,0.476130628,151671
151671,SpaGCN,12,15,0.3249746284,0.3307880704,0.005813441996,0.5423886803,0.5889817967,151671
151671,SpaGCN,13,16,0.2553076351,0.2412317802,0.0140758549,0.6005121737,0.6446137624,151671
151671,SpaGCN,13,18,0.2553076351,0.2551521029,0.0001555322735,0.4986272427,0.5761239052,151671
151671,SpaGCN,13,19,0.2553076351,0.2648898026,0.009582167442,0.4998785473,0.5618797879,151671
151671,SpaGCN,13,20,0.2553076351,0.2373415052,0.01796612989,0.5825783916,0.636692027,151671
151671,SpaGCN,16,18,0.2412317802,0.2551521029,0.01392032262,0.5515449774,0.6118655271,151671
151671,SpaGCN,16,20,0.2412317802,0.2373415052,0.003890274993,0.5351220279,0.6017061976,151671
151671,SpaGCN,17,19,0.2825003683,0.2648898026,0.01761056575,0.4907602313,0.5386607299,151671
151671,SpaGCN,18,19,0.2551521029,0.2648898026,0.009737699716,0.4398587789,0.5195862738,151671
151671,SpaGCN,18,20,0.2551521029,0.2373415052,0.01781059762,0.457040051,0.5512184838,151671
151671,BANKSY,1,2,0.4196003078,0.4184808978,0.001119410029,0.9714941884,0.9464136744,151671
151671,BANKSY,1,3,0.4196003078,0.4135282593,0.006072048531,0.9639541818,0.9325782908,151671
151671,BANKSY,1,4,0.4196003078,0.4260928007,0.00649249294,0.9195273735,0.877597635,151671
151671,BANKSY,1,5,0.4196003078,0.4239168415,0.004316533678,0.886392295,0.8560063836,151671
151671,BANKSY,1,6,0.4196003078,0.4151930008,0.00440730698,0.9486754094,0.9150172686,151671
151671,BANKSY,1,7,0.4196003078,0.4120491809,0.007551126869,0.9345510238,0.8979943753,151671
151671,BANKSY,1,8,0.4196003078,0.4074872163,0.01211309145,0.9158180571,0.8671414809,151671
151671,BANKSY,1,10,0.4196003078,0.400627486,0.01897282181,0.8783586418,0.8245445431,151671
151671,BANKSY,1,11,0.4196003078,0.4213298959,0.001729588138,0.8904914784,0.8586256635,151671
151671,BANKSY,1,12,0.4196003078,0.412984125,0.006616182773,0.9388340435,0.9021284028,151671
151671,BANKSY,1,13,0.4196003078,0.4192090418,0.0003912659854,0.9777660908,0.9581018794,151671
151671,BANKSY,1,14,0.4196003078,0.4219680991,0.002367791327,0.8896450282,0.8569011567,151671
151671,BANKSY,1,16,0.4196003078,0.4156096529,0.003990654901,0.6332752089,0.7419464897,151671
151671,BANKSY,1,17,0.4196003078,0.4164362054,0.003164102402,0.9505571927,0.9129363523,151671
151671,BANKSY,1,19,0.4196003078,0.4203777707,0.0007774629595,0.8928255315,0.8596863554,151671
151671,BANKSY,1,20,0.4196003078,0.4273852203,0.007784912479,0.8903720975,0.8651661422,151671
151671,BANKSY,2,3,0.4184808978,0.4135282593,0.004952638502,0.9577259137,0.9208140027,151671
151671,BANKSY,2,4,0.4184808978,0.4260928007,0.007611902969,0.914241813,0.8744341826,151671
151671,BANKSY,2,5,0.4184808978,0.4239168415,0.005435943707,0.8730562772,0.8439881321,151671
151671,BANKSY,2,6,0.4184808978,0.4151930008,0.003287896951,0.9458539568,0.9087818367,151671
151671,BANKSY,2,7,0.4184808978,0.4120491809,0.006431716841,0.9360757545,0.8946969049,151671
151671,BANKSY,2,8,0.4184808978,0.4074872163,0.01099368142,0.9115441721,0.8593296273,151671
151671,BANKSY,2,10,0.4184808978,0.400627486,0.01785341178,0.868255481,0.8129840732,151671
151671,BANKSY,2,11,0.4184808978,0.4213298959,0.002848998166,0.8782712515,0.8473285708,151671
151671,BANKSY,2,12,0.4184808978,0.412984125,0.005496772744,0.9403542046,0.8987641774,151671
151671,BANKSY,2,13,0.4184808978,0.4192090418,0.0007281440432,0.9558743658,0.9204884695,151671
151671,BANKSY,2,14,0.4184808978,0.4219680991,0.003487201355,0.8774272836,0.8458318201,151671
151671,BANKSY,2,16,0.4184808978,0.4156096529,0.002871244873,0.6223276552,0.7241679864,151671
151671,BANKSY,2,17,0.4184808978,0.4164362054,0.002044692374,0.9431650149,0.9031428466,151671
151671,BANKSY,2,19,0.4184808978,0.4203777707,0.001896872988,0.87905617,0.8470416512,151671
151671,BANKSY,2,20,0.4184808978,0.4273852203,0.008904322508,0.8764139075,0.8462315322,151671
151671,BANKSY,3,4,0.4135282593,0.4260928007,0.01256454147,0.9229692487,0.8791210004,151671
151671,BANKSY,3,5,0.4135282593,0.4239168415,0.01038858221,0.8774880897,0.8438280266,151671
151671,BANKSY,3,6,0.4135282593,0.4151930008,0.001664741551,0.9603392253,0.9229050467,151671
151671,BANKSY,3,7,0.4135282593,0.4120491809,0.001479078338,0.9359185175,0.8926214585,151671
151671,BANKSY,3,8,0.4135282593,0.4074872163,0.006041042914,0.9313097472,0.8871834256,151671
151671,BANKSY,3,10,0.4135282593,0.400627486,0.01290077328,0.8774382521,0.8180750903,151671
151671,BANKSY,3,11,0.4135282593,0.4213298959,0.007801636669,0.8826465909,0.8467437991,151671
151671,BANKSY,3,12,0.4135282593,0.412984125,0.0005441342418,0.9402183441,0.8969797357,151671
151671,BANKSY,3,13,0.4135282593,0.4192090418,0.005680782546,0.9652619319,0.9319867598,151671
151671,BANKSY,3,14,0.4135282593,0.4219680991,0.008439839858,0.8818555351,0.8456921689,151671
151671,BANKSY,3,16,0.4135282593,0.4156096529,0.00208139363,0.6157186216,0.7073540189,151671
151671,BANKSY,3,17,0.4135282593,0.4164362054,0.002907946129,0.9559000718,0.9133592091,151671
151671,BANKSY,3,19,0.4135282593,0.4203777707,0.00684951149,0.8839197017,0.8477447324,151671
151671,BANKSY,3,20,0.4135282593,0.4273852203,0.01385696101,0.8801408919,0.8438995926,151671
151671,BANKSY,4,5,0.4260928007,0.4239168415,0.002175959262,0.9075687655,0.8648206977,151671
151671,BANKSY,4,6,0.4260928007,0.4151930008,0.01089979992,0.9275469683,0.8813630743,151671
151671,BANKSY,4,7,0.4260928007,0.4120491809,0.01404361981,0.9066065419,0.8697758469,151671
151671,BANKSY,4,8,0.4260928007,0.4074872163,0.01860558439,0.9076521714,0.8616394956,151671
151671,BANKSY,4,11,0.4260928007,0.4213298959,0.004762904803,0.9129935476,0.8693383131,151671
151671,BANKSY,4,12,0.4260928007,0.412984125,0.01310867571,0.906987677,0.8689935418,151671
151671,BANKSY,4,13,0.4260928007,0.4192090418,0.006883758926,0.9261206997,0.8838407573,151671
151671,BANKSY,4,14,0.4260928007,0.4219680991,0.004124701614,0.911032022,0.8672115209,151671
151671,BANKSY,4,16,0.4260928007,0.4156096529,0.01048314784,0.6305702578,0.705807984,151671
151671,BANKSY,4,17,0.4260928007,0.4164362054,0.009656595342,0.9458750468,0.8990034584,151671
151671,BANKSY,4,19,0.4260928007,0.4203777707,0.005715029981,0.914451451,0.8710781995,151671
151671,BANKSY,4,20,0.4260928007,0.4273852203,0.001292419539,0.9174922076,0.872700748,151671
151671,BANKSY,5,6,0.4239168415,0.4151930008,0.008723840658,0.8704147687,0.8342727979,151671
151671,BANKSY,5,7,0.4239168415,0.4120491809,0.01186766055,0.8534212258,0.8173821331,151671
151671,BANKSY,5,8,0.4239168415,0.4074872163,0.01642962512,0.8561194198,0.8118930176,151671
151671,BANKSY,5,11,0.4239168415,0.4213298959,0.002586945541,0.9891492088,0.9838460219,151671
151671,BANKSY,5,12,0.4239168415,0.412984125,0.01093271645,0.8549790168,0.8179224055,151671
151671,BANKSY,5,13,0.4239168415,0.4192090418,0.004707799664,0.8918225139,0.8579961934,151671
151671,BANKSY,5,14,0.4239168415,0.4219680991,0.001948742352,0.9896721622,0.9863166432,151671
151671,BANKSY,5,16,0.4239168415,0.4156096529,0.00830718858,0.6542357445,0.736226235,151671
151671,BANKSY,5,17,0.4239168415,0.4164362054,0.007480636081,0.8979194892,0.855735322,151671
151671,BANKSY,5,19,0.4239168415,0.4203777707,0.003539070719,0.9889228781,0.9830043478,151671
151671,BANKSY,5,20,0.4239168415,0.4273852203,0.003468378801,0.9479920278,0.9050876388,151671
151671,BANKSY,6,7,0.4151930008,0.4120491809,0.003143819889,0.9391112895,0.9066794977,151671
151671,BANKSY,6,8,0.4151930008,0.4074872163,0.007705784465,0.9445257233,0.9080182719,151671
151671,BANKSY,6,10,0.4151930008,0.400627486,0.01456551483,0.8733505763,0.8257141576,151671
151671,BANKSY,6,11,0.4151930008,0.4213298959,0.006136895118,0.8756303388,0.8372770292,151671
151671,BANKSY,6,12,0.4151930008,0.412984125,0.002208875793,0.9397158522,0.9065923579,151671
151671,BANKSY,6,13,0.4151930008,0.4192090418,0.004016040995,0.9507634362,0.9214578303,151671
151671,BANKSY,6,14,0.4151930008,0.4219680991,0.006775098307,0.8748191218,0.8362381079,151671
151671,BANKSY,6,16,0.4151930008,0.4156096529,0.0004166520789,0.6142738045,0.7082216218,151671
151671,BANKSY,6,17,0.4151930008,0.4164362054,0.001243204578,0.9565155496,0.9305091145,151671
151671,BANKSY,6,19,0.4151930008,0.4203777707,0.00518476994,0.8768086588,0.8379721955,151671
151671,BANKSY,6,20,0.4151930008,0.4273852203,0.01219221946,0.8795604304,0.8479285618,151671
151671,BANKSY,7,8,0.4120491809,0.4074872163,0.004561964576,0.908852578,0.8516778841,151671
151671,BANKSY,7,10,0.4120491809,0.400627486,0.01142169494,0.8632743536,0.8092182045,151671
151671,BANKSY,7,11,0.4120491809,0.4213298959,0.009280715007,0.8597176009,0.821163941,151671
151671,BANKSY,7,12,0.4120491809,0.412984125,0.0009349440965,0.9955543288,0.9928942615,151671
151671,BANKSY,7,13,0.4120491809,0.4192090418,0.007159860884,0.9376572535,0.8986604806,151671
151671,BANKSY,7,14,0.4120491809,0.4219680991,0.009918918196,0.8576774871,0.8189776198,151671
151671,BANKSY,7,16,0.4120491809,0.4156096529,0.003560471968,0.6228041528,0.7163551952,151671
151671,BANKSY,7,17,0.4120491809,0.4164362054,0.004387024467,0.9335372523,0.9049888833,151671
151671,BANKSY,7,19,0.4120491809,0.4203777707,0.008328589829,0.8608669368,0.8231544554,151671
151671,BANKSY,7,20,0.4120491809,0.4273852203,0.01533603935,0.8691272778,0.8405533774,151671
151671,BANKSY,8,10,0.4074872163,0.400627486,0.006859730367,0.8718598124,0.818046392,151671
151671,BANKSY,8,11,0.4074872163,0.4213298959,0.01384267958,0.8608204166,0.814206205,151671
151671,BANKSY,8,12,0.4074872163,0.412984125,0.005496908672,0.9094463641,0.8520240095,151671
151671,BANKSY,8,13,0.4074872163,0.4192090418,0.01172182546,0.9247887611,0.8803729817,151671
151671,BANKSY,8,14,0.4074872163,0.4219680991,0.01448088277,0.8600077657,0.8130635251,151671
151671,BANKSY,8,16,0.4074872163,0.4156096529,0.008122436544,0.6028025091,0.6810907762,151671
151671,BANKSY,8,17,0.4074872163,0.4164362054,0.008948989043,0.9229613585,0.8778303303,151671
151671,BANKSY,8,19,0.4074872163,0.4203777707,0.0128905544,0.8608796784,0.8138101061,151671
151671,BANKSY,8,20,0.4074872163,0.4273852203,0.01989800392,0.8604437375,0.8195888078,151671
151671,BANKSY,9,15,0.3578305201,0.362088094,0.004257573918,0.9014180455,0.8671982444,151671
151671,BANKSY,10,12,0.400627486,0.412984125,0.01235663904,0.8636623006,0.8088130539,151671
151671,BANKSY,10,13,0.400627486,0.4192090418,0.01858155583,0.8823704471,0.8291521657,151671
151671,BANKSY,10,16,0.400627486,0.4156096529,0.01498216691,0.6311258879,0.7088060359,151671
151671,BANKSY,10,17,0.400627486,0.4164362054,0.01580871941,0.8873590453,0.846380442,151671
151671,BANKSY,10,18,0.400627486,0.382431105,0.01819638098,0.8936684039,0.8578619934,151671
151671,BANKSY,10,19,0.400627486,0.4203777707,0.01975028477,0.8973537615,0.8466141051,151671
151671,BANKSY,11,12,0.4213298959,0.412984125,0.008345770911,0.8612934936,0.8217880134,151671
151671,BANKSY,11,13,0.4213298959,0.4192090418,0.002120854123,0.8971735212,0.8619049208,151671
151671,BANKSY,11,14,0.4213298959,0.4219680991,0.000638203189,0.9966019285,0.9934401084,151671
151671,BANKSY,11,16,0.4213298959,0.4156096529,0.005720243039,0.6531956453,0.737035161,151671
151671,BANKSY,11,17,0.4213298959,0.4164362054,0.00489369054,0.9034445078,0.8600389434,151671
151671,BANKSY,11,19,0.4213298959,0.4203777707,0.0009521251782,0.9955091251,0.9910747436,151671
151671,BANKSY,11,20,0.4213298959,0.4273852203,0.006055324341,0.9476916224,0.9058447634,151671
151671,BANKSY,12,13,0.412984125,0.4192090418,0.006224916787,0.9406520685,0.9010819831,151671
151671,BANKSY,12,14,0.412984125,0.4219680991,0.008983974099,0.8592568167,0.8195597747,151671
151671,BANKSY,12,16,0.412984125,0.4156096529,0.002625527872,0.6220315469,0.715218935,151671
151671,BANKSY,12,17,0.412984125,0.4164362054,0.003452080371,0.9378010125,0.9092615408,151671
151671,BANKSY,12,19,0.412984125,0.4203777707,0.007393645732,0.8624487446,0.8237630866,151671
151671,BANKSY,12,20,0.412984125,0.4273852203,0.01440109525,0.8682013508,0.8382926594,151671
151671,BANKSY,13,14,0.4192090418,0.4219680991,0.002759057312,0.8951036573,0.858854957,151671
151671,BANKSY,13,16,0.4192090418,0.4156096529,0.003599388916,0.6293594618,0.7277204037,151671
151671,BANKSY,13,17,0.4192090418,0.4164362054,0.002772836417,0.9588952235,0.9290546876,151671
151671,BANKSY,13,19,0.4192090418,0.4203777707,0.001168728945,0.8983011191,0.8619880372,151671
151671,BANKSY,13,20,0.4192090418,0.4273852203,0.008176178465,0.902290617,0.8751445114,151671
151671,BANKSY,14,16,0.4219680991,0.4156096529,0.006358446228,0.6530859769,0.7363843668,151671
151671,BANKSY,14,17,0.4219680991,0.4164362054,0.005531893729,0.9013987985,0.8574989503,151671
151671,BANKSY,14,19,0.4219680991,0.4203777707,0.001590328367,0.9948011405,0.9906547271,151671
151671,BANKSY,14,20,0.4219680991,0.4273852203,0.005417121152,0.945943446,0.9037169389,151671
151671,BANKSY,16,17,0.4156096529,0.4164362054,0.000826552499,0.6193597194,0.7076958954,151671
151671,BANKSY,16,19,0.4156096529,0.4203777707,0.004768117861,0.6529696202,0.7360266633,151671
151671,BANKSY,16,20,0.4156096529,0.4273852203,0.01177556738,0.6747721246,0.770678691,151671
151671,BANKSY,17,19,0.4164362054,0.4203777707,0.003941565362,0.9046623561,0.8607892432,151671
151671,BANKSY,17,20,0.4164362054,0.4273852203,0.01094901488,0.8990981745,0.8595214258,151671
151671,BANKSY,19,20,0.4203777707,0.4273852203,0.00700744952,0.947713502,0.9056261843,151671
151671,SEDR,1,4,0.58411461536,0.590348442379,0.00623382701929,0.793237662881,0.810913317142,151671
151671,SEDR,1,5,0.58411461536,0.579671067486,0.00444354787399,0.87338702998,0.859191609618,151671
151671,SEDR,1,9,0.58411461536,0.583641763077,0.000472852282737,0.691933208784,0.777268561315,151671
151671,SEDR,1,16,0.58411461536,0.597254343979,0.0131397286193,0.736136899246,0.769561889359,151671
151671,SEDR,2,3,0.526288665576,0.526249814305,3.88512718239e-05,0.544875547417,0.709745231727,151671
151671,SEDR,2,14,0.526288665576,0.526612958734,0.000324293157548,0.494827374823,0.697453524461,151671
151671,SEDR,3,14,0.526249814305,0.526612958734,0.000363144429372,0.733387181053,0.78037529732,151671
151671,SEDR,4,5,0.590348442379,0.579671067486,0.0106773748933,0.763669580228,0.790470502215,151671
151671,SEDR,4,8,0.590348442379,0.605693411219,0.0153449688398,0.720589351037,0.7456817603,151671
151671,SEDR,4,9,0.590348442379,0.583641763077,0.00670667930202,0.733246673593,0.77863994814,151671
151671,SEDR,4,16,0.590348442379,0.597254343979,0.00690590159998,0.726780773986,0.743400173983,151671
151671,SEDR,5,9,0.579671067486,0.583641763077,0.00397069559126,0.677177195513,0.758737425287,151671
151671,SEDR,5,16,0.579671067486,0.597254343979,0.0175832764933,0.755418841471,0.794709451305,151671
151671,SEDR,6,15,0.48890058558,0.469794426234,0.0191061593462,0.669899835267,0.77299634981,151671
151671,SEDR,6,17,0.48890058558,0.47585748885,0.0130430967304,0.804307421807,0.830858845269,151671
151671,SEDR,6,18,0.48890058558,0.47446201962,0.0144385659597,0.67166017536,0.780518903987,151671
151671,SEDR,7,10,0.448384354948,0.446631256845,0.0017530981029,0.613506791025,0.738258582942,151671
151671,SEDR,7,11,0.448384354948,0.454324934558,0.00594057960998,0.613949697634,0.729561584423,151671
151671,SEDR,7,12,0.448384354948,0.430510768432,0.0178735865157,0.604266052605,0.707138898733,151671
151671,SEDR,7,13,0.448384354948,0.458205909078,0.00982155413036,0.663014499179,0.744642752688,151671
151671,SEDR,7,19,0.448384354948,0.434184396441,0.0141999585072,0.604085319558,0.720474754828,151671
151671,SEDR,7,20,0.448384354948,0.458009342715,0.00962498776715,0.647734881948,0.74039329148,151671
151671,SEDR,8,16,0.605693411219,0.597254343979,0.00843906723982,0.839866329191,0.830912101001,151671
151671,SEDR,9,16,0.583641763077,0.597254343979,0.013612580902,0.720849223557,0.741386508878,151671
151671,SEDR,10,11,0.446631256845,0.454324934558,0.00769367771288,0.609616212624,0.741813422636,151671
151671,SEDR,10,12,0.446631256845,0.430510768432,0.0161204884128,0.601371208028,0.718824090937,151671
151671,SEDR,10,13,0.446631256845,0.458205909078,0.0115746522333,0.698600868621,0.769796278854,151671
151671,SEDR,10,19,0.446631256845,0.434184396441,0.0124468604043,0.863552548987,0.864679953563,151671
151671,SEDR,10,20,0.446631256845,0.458009342715,0.01137808587,0.709055309387,0.775101062781,151671
151671,SEDR,11,13,0.454324934558,0.458205909078,0.00388097452038,0.671575875635,0.756001498826,151671
151671,SEDR,11,15,0.454324934558,0.469794426234,0.0154694916759,0.611880432207,0.724335616173,151671
151671,SEDR,11,20,0.454324934558,0.458009342715,0.00368440815717,0.635279830028,0.753696226509,151671
151671,SEDR,12,19,0.430510768432,0.434184396441,0.00367362800854,0.591214247665,0.720825411871,151671
151671,SEDR,13,15,0.458205909078,0.469794426234,0.0115885171555,0.814678977255,0.832513150313,151671
151671,SEDR,13,17,0.458205909078,0.47585748885,0.0176515797713,0.62436065724,0.744945150839,151671
151671,SEDR,13,18,0.458205909078,0.47446201962,0.016256110542,0.827386209532,0.855350434311,151671
151671,SEDR,13,20,0.458205909078,0.458009342715,0.000196566363214,0.646875294312,0.752785728013,151671
151671,SEDR,15,17,0.469794426234,0.47585748885,0.00606306261579,0.588836858201,0.734761546242,151671
151671,SEDR,15,18,0.469794426234,0.47446201962,0.00466759338649,0.849268145343,0.864026213028,151671
151671,SEDR,15,20,0.469794426234,0.458009342715,0.0117850835187,0.588712055116,0.729223732513,151671
151671,SEDR,17,18,0.47585748885,0.47446201962,0.0013954692293,0.565516927272,0.728730352942,151671
151671,SEDR,17,20,0.47585748885,0.458009342715,0.0178481461345,0.844680799134,0.851364956642,151671
151671,SEDR,18,20,0.47446201962,0.458009342715,0.0164526769052,0.586937995446,0.731441576733,151671
151672,GraphST,1,3,0.3426393915,0.3399078474,0.00273154412,0.5407940693,0.519380917,151672
151672,GraphST,1,4,0.3426393915,0.3363316962,0.006307695243,0.4867354595,0.5106672253,151672
151672,GraphST,1,7,0.3426393915,0.3607505427,0.0181111512,0.5174284039,0.5049767804,151672
151672,GraphST,1,9,0.3426393915,0.3327408455,0.009898545959,0.5194977352,0.5290342991,151672
151672,GraphST,1,12,0.3426393915,0.3431451403,0.0005057488023,0.5212878163,0.528961944,151672
151672,GraphST,1,13,0.3426393915,0.3434005039,0.0007611124402,0.4787192965,0.4897209223,151672
151672,GraphST,1,18,0.3426393915,0.3259699623,0.01666942914,0.4975816291,0.5032648745,151672
151672,GraphST,1,19,0.3426393915,0.3302010979,0.01243829358,0.5110539169,0.511353988,151672
151672,GraphST,3,4,0.3399078474,0.3363316962,0.003576151123,0.422961207,0.4771607761,151672
151672,GraphST,3,8,0.3399078474,0.3202019189,0.01970592848,0.4882996769,0.5000962259,151672
151672,GraphST,3,9,0.3399078474,0.3327408455,0.007167001838,0.4413334373,0.4773697049,151672
151672,GraphST,3,12,0.3399078474,0.3431451403,0.003237292923,0.4652695511,0.4974244179,151672
151672,GraphST,3,13,0.3399078474,0.3434005039,0.003492656561,0.4853009016,0.4773707722,151672
151672,GraphST,3,17,0.3399078474,0.3204357609,0.01947208651,0.4575268897,0.4862258627,151672
151672,GraphST,3,18,0.3399078474,0.3259699623,0.01393788502,0.4293709414,0.4735612918,151672
151672,GraphST,3,19,0.3399078474,0.3302010979,0.009706749458,0.5458116148,0.5140952935,151672
151672,GraphST,4,6,0.3363316962,0.3195016537,0.01683004257,0.4405280073,0.4896087924,151672
151672,GraphST,4,8,0.3363316962,0.3202019189,0.01612977736,0.495495038,0.5152500821,151672
151672,GraphST,4,9,0.3363316962,0.3327408455,0.003590850716,0.488170527,0.4974876178,151672
151672,GraphST,4,12,0.3363316962,0.3431451403,0.006813444045,0.4933434731,0.5088585838,151672
151672,GraphST,4,13,0.3363316962,0.3434005039,0.007068807683,0.4282129684,0.4751284608,151672
151672,GraphST,4,15,0.3363316962,0.3197547416,0.01657695465,0.4288083256,0.4733908561,151672
151672,GraphST,4,17,0.3363316962,0.3204357609,0.01589593539,0.4860209184,0.5051058922,151672
151672,GraphST,4,18,0.3363316962,0.3259699623,0.0103617339,0.503335484,0.5090000004,151672
151672,GraphST,4,19,0.3363316962,0.3302010979,0.006130598336,0.417731806,0.4805885172,151672
151672,GraphST,5,10,0.2923222597,0.2944220819,0.002099822196,0.533070446,0.4826324777,151672
151672,GraphST,5,11,0.2923222597,0.299155775,0.006833515321,0.4208920801,0.4347458191,151672
151672,GraphST,5,14,0.2923222597,0.3021837405,0.009861480771,0.4801413146,0.4617348873,151672
151672,GraphST,5,20,0.2923222597,0.309510277,0.0171880173,0.5017521374,0.440727512,151672
151672,GraphST,6,8,0.3195016537,0.3202019189,0.0007002652115,0.4846668065,0.4954951796,151672
151672,GraphST,6,9,0.3195016537,0.3327408455,0.01323919185,0.4442254152,0.4668409322,151672
151672,GraphST,6,14,0.3195016537,0.3021837405,0.01731791318,0.4957134905,0.4792118525,151672
151672,GraphST,6,15,0.3195016537,0.3197547416,0.0002530879169,0.5517059787,0.5021488988,151672
151672,GraphST,6,17,0.3195016537,0.3204357609,0.000934107181,0.4608930377,0.4993123537,151672
151672,GraphST,6,18,0.3195016537,0.3259699623,0.006468308673,0.4358188399,0.4757550069,151672
151672,GraphST,6,19,0.3195016537,0.3302010979,0.01069944423,0.5712131414,0.5151250179,151672
151672,GraphST,6,20,0.3195016537,0.309510277,0.009991376645,0.5024502763,0.4820796822,151672
151672,GraphST,7,12,0.3607505427,0.3431451403,0.0176054024,0.458003197,0.4877715076,151672
151672,GraphST,7,13,0.3607505427,0.3434005039,0.01735003876,0.4715406027,0.476895528,151672
151672,GraphST,8,9,0.3202019189,0.3327408455,0.01253892664,0.4931220829,0.5016849904,151672
151672,GraphST,8,14,0.3202019189,0.3021837405,0.01801817839,0.4792887998,0.5014954866,151672
151672,GraphST,8,15,0.3202019189,0.3197547416,0.0004471772946,0.469703477,0.4867303775,151672
151672,GraphST,8,17,0.3202019189,0.3204357609,0.0002338419695,0.5153519076,0.5190089552,151672
151672,GraphST,8,18,0.3202019189,0.3259699623,0.005768043461,0.4905848415,0.4981393111,151672
151672,GraphST,8,19,0.3202019189,0.3302010979,0.009999179022,0.4391357508,0.4787946228,151672
151672,GraphST,8,20,0.3202019189,0.309510277,0.01069164186,0.4495431864,0.4693472872,151672
151672,GraphST,9,12,0.3327408455,0.3431451403,0.01040429476,0.4984621689,0.4998273506,151672
151672,GraphST,9,13,0.3327408455,0.3434005039,0.0106596584,0.435145694,0.4608938441,151672
151672,GraphST,9,15,0.3327408455,0.3197547416,0.01298610394,0.4346393914,0.4649713034,151672
151672,GraphST,9,17,0.3327408455,0.3204357609,0.01230508467,0.4953639397,0.511964361,151672
151672,GraphST,9,18,0.3327408455,0.3259699623,0.006770883181,0.5046009322,0.5016732556,151672
151672,GraphST,9,19,0.3327408455,0.3302010979,0.00253974762,0.4437330462,0.4870447212,151672
151672,GraphST,10,11,0.2944220819,0.299155775,0.004733693125,0.4375512375,0.4677302734,151672
151672,GraphST,10,14,0.2944220819,0.3021837405,0.007761658574,0.5141666495,0.489167441,151672
151672,GraphST,10,20,0.2944220819,0.309510277,0.01508819511,0.5153857305,0.4794853709,151672
151672,GraphST,11,14,0.299155775,0.3021837405,0.00302796545,0.423890657,0.4522758199,151672
151672,GraphST,11,20,0.299155775,0.309510277,0.01035450198,0.4598241796,0.461668515,151672
151672,GraphST,12,13,0.3431451403,0.3434005039,0.0002553636379,0.4748592528,0.4960271681,151672
151672,GraphST,12,18,0.3431451403,0.3259699623,0.01717517794,0.4908232603,0.5063709145,151672
151672,GraphST,12,19,0.3431451403,0.3302010979,0.01294404238,0.4495775098,0.4855830608,151672
151672,GraphST,13,18,0.3434005039,0.3259699623,0.01743054158,0.4189217387,0.4643222885,151672
151672,GraphST,13,19,0.3434005039,0.3302010979,0.01319940602,0.5170719206,0.5002630026,151672
151672,GraphST,14,15,0.3021837405,0.3197547416,0.01757100109,0.5299079051,0.4935749271,151672
151672,GraphST,14,17,0.3021837405,0.3204357609,0.01825202036,0.4614336842,0.4944182695,151672
151672,GraphST,14,20,0.3021837405,0.309510277,0.007326536533,0.479141755,0.4576592159,151672
151672,GraphST,15,17,0.3197547416,0.3204357609,0.0006810192641,0.4441194651,0.4846847955,151672
151672,GraphST,15,18,0.3197547416,0.3259699623,0.006215220756,0.4172981687,0.4597074539,151672
151672,GraphST,15,19,0.3197547416,0.3302010979,0.01044635632,0.5524408276,0.5057265413,151672
151672,GraphST,15,20,0.3197547416,0.309510277,0.01024446456,0.5151224467,0.4740143076,151672
151672,GraphST,17,18,0.3204357609,0.3259699623,0.005534201492,0.5005264991,0.5059494768,151672
151672,GraphST,17,19,0.3204357609,0.3302010979,0.009765337053,0.4297700233,0.4936975497,151672
151672,GraphST,17,20,0.3204357609,0.309510277,0.01092548383,0.4504226168,0.4762739897,151672
151672,GraphST,18,19,0.3259699623,0.3302010979,0.004231135561,0.4199530974,0.4869448906,151672
151672,GraphST,18,20,0.3259699623,0.309510277,0.01645968532,0.4213898951,0.4557235859,151672
151672,STAGATE,1,6,0.3737746728,0.3739722964,0.00019762357,0.6729086864,0.6491250632,151672
151672,STAGATE,1,7,0.3737746728,0.3857709694,0.01199629659,0.655537812,0.6408834521,151672
151672,STAGATE,1,8,0.3737746728,0.3693142088,0.004460464026,0.7339945656,0.689072088,151672
151672,STAGATE,1,12,0.3737746728,0.3651982532,0.008576419635,0.6567787997,0.6491648138,151672
151672,STAGATE,1,13,0.3737746728,0.3918212822,0.01804660937,0.7675994558,0.7201627753,151672
151672,STAGATE,1,14,0.3737746728,0.3841471071,0.01037243433,0.6524332607,0.6211998152,151672
151672,STAGATE,1,15,0.3737746728,0.377644311,0.00386963825,0.6126785113,0.6240547312,151672
151672,STAGATE,1,16,0.3737746728,0.3803721808,0.006597507984,0.7517721672,0.7195567822,151672
151672,STAGATE,1,17,0.3737746728,0.3792202271,0.005445554317,0.7876197318,0.7377607427,151672
151672,STAGATE,1,18,0.3737746728,0.3788852247,0.005110551933,0.6583456762,0.6396509706,151672
151672,STAGATE,1,20,0.3737746728,0.3832313122,0.009456639415,0.652110004,0.6340057099,151672
151672,STAGATE,2,3,0.3967530189,0.4011905353,0.004437516352,0.5257450824,0.584243719,151672
151672,STAGATE,2,5,0.3967530189,0.4076821639,0.01092914497,0.6478969532,0.6362714527,151672
151672,STAGATE,2,7,0.3967530189,0.3857709694,0.01098204953,0.6438668645,0.6408050326,151672
151672,STAGATE,2,9,0.3967530189,0.4010628405,0.004309821561,0.6710400488,0.6583563605,151672
151672,STAGATE,2,10,0.3967530189,0.3944954882,0.00225753076,0.6156803548,0.6174450487,151672
151672,STAGATE,2,11,0.3967530189,0.3975527932,0.0007997742773,0.6801530983,0.6512631557,151672
151672,STAGATE,2,13,0.3967530189,0.3918212822,0.00493173675,0.6401468428,0.6255807017,151672
151672,STAGATE,2,14,0.3967530189,0.3841471071,0.01260591179,0.6192263952,0.6079961842,151672
151672,STAGATE,2,15,0.3967530189,0.377644311,0.01910870787,0.6237594264,0.6298852298,151672
151672,STAGATE,2,16,0.3967530189,0.3803721808,0.01638083814,0.6564675916,0.6441384589,151672
151672,STAGATE,2,17,0.3967530189,0.3792202271,0.01753279181,0.6485874137,0.6454215936,151672
151672,STAGATE,2,18,0.3967530189,0.3788852247,0.01786779419,0.6524039337,0.6295683335,151672
151672,STAGATE,2,19,0.3967530189,0.4102767314,0.01352371246,0.6123068882,0.6287528636,151672
151672,STAGATE,2,20,0.3967530189,0.3832313122,0.01352170671,0.6823638285,0.6626958158,151672
151672,STAGATE,3,5,0.4011905353,0.4076821639,0.006491628613,0.5911810166,0.6375145861,151672
151672,STAGATE,3,7,0.4011905353,0.3857709694,0.01541956589,0.4988920527,0.5770057657,151672
151672,STAGATE,3,9,0.4011905353,0.4010628405,0.0001276947917,0.5623200885,0.5905576232,151672
151672,STAGATE,3,10,0.4011905353,0.3944954882,0.006695047112,0.5582678751,0.6202540552,151672
151672,STAGATE,3,11,0.4011905353,0.3975527932,0.003637742075,0.6253427864,0.6633680481,151672
151672,STAGATE,3,13,0.4011905353,0.3918212822,0.009369253103,0.5573559143,0.6081313927,151672
151672,STAGATE,3,14,0.4011905353,0.3841471071,0.01704342814,0.5472240188,0.6152797853,151672
151672,STAGATE,3,19,0.4011905353,0.4102767314,0.009086196112,0.6625472413,0.6785396664,151672
151672,STAGATE,3,20,0.4011905353,0.3832313122,0.01795922306,0.6298799376,0.6542827313,151672
151672,STAGATE,4,8,0.3522560457,0.3693142088,0.0170581631,0.7012408021,0.667576503,151672
151672,STAGATE,4,12,0.3522560457,0.3651982532,0.01294220749,0.644891251,0.6584235825,151672
151672,STAGATE,5,9,0.4076821639,0.4010628405,0.006619323405,0.6344717728,0.6208097294,151672
151672,STAGATE,5,10,0.4076821639,0.3944954882,0.01318667572,0.7891438891,0.7411130556,151672
151672,STAGATE,5,11,0.4076821639,0.3975527932,0.01012937069,0.7112692703,0.6870815572,151672
151672,STAGATE,5,13,0.4076821639,0.3918212822,0.01586088172,0.7965734675,0.7285823204,151672
151672,STAGATE,5,19,0.4076821639,0.4102767314,0.002594567499,0.657188296,0.6763869277,151672
151672,STAGATE,6,7,0.3739722964,0.3857709694,0.01179867302,0.7275982738,0.686378096,151672
151672,STAGATE,6,8,0.3739722964,0.3693142088,0.004658087596,0.6893156792,0.6534731355,151672
151672,STAGATE,6,12,0.3739722964,0.3651982532,0.008774043205,0.6471260611,0.6597020424,151672
151672,STAGATE,6,13,0.3739722964,0.3918212822,0.0178489858,0.6882419891,0.657632762,151672
151672,STAGATE,6,14,0.3739722964,0.3841471071,0.01017481076,0.7353505218,0.6947092124,151672
151672,STAGATE,6,15,0.3739722964,0.377644311,0.00367201468,0.671878399,0.6761926988,151672
151672,STAGATE,6,16,0.3739722964,0.3803721808,0.006399884414,0.6718109061,0.6587387234,151672
151672,STAGATE,6,17,0.3739722964,0.3792202271,0.005247930747,0.6950754088,0.6669142784,151672
151672,STAGATE,6,18,0.3739722964,0.3788852247,0.004912928363,0.6487250769,0.6361497004,151672
151672,STAGATE,6,20,0.3739722964,0.3832313122,0.009259015845,0.6833736711,0.6707173248,151672
151672,STAGATE,7,8,0.3857709694,0.3693142088,0.01645676062,0.6503108401,0.6213506432,151672
151672,STAGATE,7,9,0.3857709694,0.4010628405,0.01529187109,0.5879648189,0.6197116732,151672
151672,STAGATE,7,10,0.3857709694,0.3944954882,0.008724518774,0.6881484607,0.6743011676,151672
151672,STAGATE,7,11,0.3857709694,0.3975527932,0.01178182381,0.5829549847,0.6020041476,151672
151672,STAGATE,7,13,0.3857709694,0.3918212822,0.006050312783,0.6538269023,0.6370560534,151672
151672,STAGATE,7,14,0.3857709694,0.3841471071,0.001623862257,0.6728674935,0.6420222106,151672
151672,STAGATE,7,15,0.3857709694,0.377644311,0.008126658341,0.6206015906,0.6362707528,151672
151672,STAGATE,7,16,0.3857709694,0.3803721808,0.005398788607,0.6267064829,0.6203540393,151672
151672,STAGATE,7,17,0.3857709694,0.3792202271,0.006550742275,0.6607710058,0.646439546,151672
151672,STAGATE,7,18,0.3857709694,0.3788852247,0.006885744658,0.5877317804,0.5889930593,151672
151672,STAGATE,7,20,0.3857709694,0.3832313122,0.002539657176,0.6247775659,0.6237510634,151672
151672,STAGATE,8,12,0.3693142088,0.3651982532,0.004115955609,0.7005165107,0.6705361711,151672
151672,STAGATE,8,14,0.3693142088,0.3841471071,0.01483289836,0.7045117451,0.667305006,151672
151672,STAGATE,8,15,0.3693142088,0.377644311,0.008330102277,0.669243407,0.651244128,151672
151672,STAGATE,8,16,0.3693142088,0.3803721808,0.01105797201,0.7319468392,0.7141734548,151672
151672,STAGATE,8,17,0.3693142088,0.3792202271,0.009906018343,0.7452113565,0.6986164156,151672
151672,STAGATE,8,18,0.3693142088,0.3788852247,0.00957101596,0.7125375513,0.698432261,151672
151672,STAGATE,8,20,0.3693142088,0.3832313122,0.01391710344,0.6950354799,0.6658862701,151672
151672,STAGATE,9,10,0.4010628405,0.3944954882,0.00656735232,0.6027228954,0.6079490051,151672
151672,STAGATE,9,11,0.4010628405,0.3975527932,0.003510047283,0.6410199208,0.6214116415,151672
151672,STAGATE,9,13,0.4010628405,0.3918212822,0.009241558311,0.6268282597,0.6176745447,151672
151672,STAGATE,9,14,0.4010628405,0.3841471071,0.01691573335,0.6050784682,0.6016207424,151672
151672,STAGATE,9,19,0.4010628405,0.4102767314,0.009213890904,0.6270757127,0.6189289837,151672
151672,STAGATE,9,20,0.4010628405,0.3832313122,0.01783152827,0.6306364179,0.6275827912,151672
151672,STAGATE,10,11,0.3944954882,0.3975527932,0.003057305037,0.6719717034,0.6671965778,151672
151672,STAGATE,10,13,0.3944954882,0.3918212822,0.00267420599,0.7810295176,0.7368469169,151672
151672,STAGATE,10,14,0.3944954882,0.3841471071,0.01034838103,0.7254749989,0.6805547984,151672
151672,STAGATE,10,15,0.3944954882,0.377644311,0.01685117711,0.655864307,0.6710016577,151672
151672,STAGATE,10,16,0.3944954882,0.3803721808,0.01412330738,0.747017401,0.7135399052,151672
151672,STAGATE,10,17,0.3944954882,0.3792202271,0.01527526105,0.7753820427,0.732617661,151672
151672,STAGATE,10,18,0.3944954882,0.3788852247,0.01561026343,0.6611857282,0.6518048456,151672
151672,STAGATE,10,19,0.3944954882,0.4102767314,0.01578124322,0.6389387246,0.6793030418,151672
151672,STAGATE,10,20,0.3944954882,0.3832313122,0.01126417595,0.6518072298,0.6508777192,151672
151672,STAGATE,11,13,0.3975527932,0.3918212822,0.005731511028,0.6962105736,0.6655688429,151672
151672,STAGATE,11,14,0.3975527932,0.3841471071,0.01340568607,0.678012704,0.6581732431,151672
151672,STAGATE,11,15,0.3975527932,0.377644311,0.01990848215,0.6925254767,0.683251566,151672
151672,STAGATE,11,16,0.3975527932,0.3803721808,0.01718061242,0.6714022596,0.6589642047,151672
151672,STAGATE,11,17,0.3975527932,0.3792202271,0.01833256609,0.6691696578,0.655219026,151672
151672,STAGATE,11,18,0.3975527932,0.3788852247,0.01866756847,0.7340655006,0.7008129733,151672
151672,STAGATE,11,19,0.3975527932,0.4102767314,0.01272393819,0.6995117959,0.7085359252,151672
151672,STAGATE,11,20,0.3975527932,0.3832313122,0.01432148099,0.7313580956,0.7154025667,151672
151672,STAGATE,12,14,0.3651982532,0.3841471071,0.01894885397,0.6174339855,0.6197807706,151672
151672,STAGATE,12,15,0.3651982532,0.377644311,0.01244605789,0.7133072758,0.695122314,151672
151672,STAGATE,12,16,0.3651982532,0.3803721808,0.01517392762,0.6212648368,0.6411696827,151672
151672,STAGATE,12,17,0.3651982532,0.3792202271,0.01402197395,0.6755235366,0.6671972728,151672
151672,STAGATE,12,18,0.3651982532,0.3788852247,0.01368697157,0.7257470038,0.6987630758,151672
151672,STAGATE,12,20,0.3651982532,0.3832313122,0.01803305905,0.7136663374,0.694947166,151672
151672,STAGATE,13,14,0.3918212822,0.3841471071,0.007674175041,0.6908066422,0.6483756748,151672
151672,STAGATE,13,15,0.3918212822,0.377644311,0.01417697112,0.6252773031,0.6297453461,151672
151672,STAGATE,13,16,0.3918212822,0.3803721808,0.01144910139,0.7867399899,0.7396606224,151672
151672,STAGATE,13,17,0.3918212822,0.3792202271,0.01260105506,0.8138348525,0.7538071963,151672
151672,STAGATE,13,18,0.3918212822,0.3788852247,0.01293605744,0.6684785083,0.6499574602,151672
151672,STAGATE,13,19,0.3918212822,0.4102767314,0.01845544921,0.6332457986,0.6552442402,151672
151672,STAGATE,13,20,0.3918212822,0.3832313122,0.00858996996,0.6547858578,0.6452647162,151672
151672,STAGATE,14,15,0.3841471071,0.377644311,0.006502796084,0.6705995619,0.6727050111,151672
151672,STAGATE,14,16,0.3841471071,0.3803721808,0.00377492635,0.6888785275,0.6521843924,151672
151672,STAGATE,14,17,0.3841471071,0.3792202271,0.004926880017,0.6833983961,0.6458653485,151672
151672,STAGATE,14,18,0.3841471071,0.3788852247,0.005261882401,0.671243793,0.6599642534,151672
151672,STAGATE,14,20,0.3841471071,0.3832313122,0.000915794919,0.652279934,0.6477588246,151672
151672,STAGATE,15,16,0.377644311,0.3803721808,0.002727869734,0.596049374,0.6238575971,151672
151672,STAGATE,15,17,0.377644311,0.3792202271,0.001575916067,0.612795881,0.6261831524,151672
151672,STAGATE,15,18,0.377644311,0.3788852247,0.001240913683,0.7134170014,0.6948041892,151672
151672,STAGATE,15,20,0.377644311,0.3832313122,0.005587001165,0.7330523193,0.7065731405,151672
151672,STAGATE,16,17,0.3803721808,0.3792202271,0.001151953667,0.7878847555,0.7495132207,151672
151672,STAGATE,16,18,0.3803721808,0.3788852247,0.001486956051,0.6717671487,0.6604585182,151672
151672,STAGATE,16,20,0.3803721808,0.3832313122,0.002859131431,0.6276968408,0.6400217862,151672
151672,STAGATE,17,18,0.3792202271,0.3788852247,0.0003350023834,0.6743389891,0.654787402,151672
151672,STAGATE,17,20,0.3792202271,0.3832313122,0.004011085098,0.6614100207,0.6480175686,151672
151672,STAGATE,18,20,0.3788852247,0.3832313122,0.004346087482,0.7270843127,0.6987319212,151672
151672,SpaGCN,1,2,0.3115676312,0.3053733775,0.006194253732,0.431182353,0.5057231311,151672
151672,SpaGCN,1,5,0.3115676312,0.306155597,0.005412034263,0.4662431343,0.5263706386,151672
151672,SpaGCN,1,7,0.3115676312,0.2969668129,0.01460081831,0.483263338,0.5419586916,151672
151672,SpaGCN,1,9,0.3115676312,0.3308710605,0.01930342924,0.4902053134,0.5552849573,151672
151672,SpaGCN,1,11,0.3115676312,0.3110106562,0.0005569750252,0.5215287649,0.5861787252,151672
151672,SpaGCN,1,12,0.3115676312,0.3193221942,0.007754562995,0.50598738,0.565089362,151672
151672,SpaGCN,1,14,0.3115676312,0.3202886056,0.008720974338,0.4574017913,0.5135437043,151672
151672,SpaGCN,1,17,0.3115676312,0.3262165103,0.01464887911,0.4079613627,0.4940573627,151672
151672,SpaGCN,1,18,0.3115676312,0.297269127,0.01429850425,0.43355626,0.5182447457,151672
151672,SpaGCN,1,20,0.3115676312,0.3273750915,0.01580746028,0.4509102161,0.5037554732,151672
151672,SpaGCN,2,5,0.3053733775,0.306155597,0.000782219469,0.525221855,0.5854491362,151672
151672,SpaGCN,2,7,0.3053733775,0.2969668129,0.008406564574,0.3892526974,0.4878699426,151672
151672,SpaGCN,2,11,0.3053733775,0.3110106562,0.005637278707,0.4854756691,0.5436245436,151672
151672,SpaGCN,2,12,0.3053733775,0.3193221942,0.01394881673,0.4719234964,0.5713911243,151672
151672,SpaGCN,2,14,0.3053733775,0.3202886056,0.01491522807,0.4760637991,0.5583969109,151672
151672,SpaGCN,2,18,0.3053733775,0.297269127,0.008104250518,0.5157782223,0.5564603979,151672
151672,SpaGCN,2,19,0.3053733775,0.2866295246,0.01874385288,0.3808276418,0.5105276993,151672
151672,SpaGCN,3,8,0.2527371907,0.2721249668,0.01938777613,0.4766406414,0.5392514051,151672
151672,SpaGCN,3,10,0.2527371907,0.2600669316,0.007329740877,0.3104817756,0.4292067903,151672
151672,SpaGCN,3,13,0.2527371907,0.2571288828,0.004391692045,0.3656980719,0.4631735783,151672
151672,SpaGCN,3,16,0.2527371907,0.2566688224,0.003931631723,0.3614835936,0.4632936025,151672
151672,SpaGCN,4,6,0.2824558133,0.2845093847,0.002053571373,0.3439745333,0.4544920114,151672
151672,SpaGCN,4,7,0.2824558133,0.2969668129,0.01451099959,0.3835558331,0.4616416145,151672
151672,SpaGCN,4,8,0.2824558133,0.2721249668,0.0103308465,0.4610891063,0.5212009301,151672
151672,SpaGCN,4,15,0.2824558133,0.2835615366,0.001105723305,0.4166488748,0.5032171518,151672
151672,SpaGCN,4,18,0.2824558133,0.297269127,0.01481331365,0.4594849563,0.5305814462,151672
151672,SpaGCN,4,19,0.2824558133,0.2866295246,0.00417371129,0.3905386227,0.4893134635,151672
151672,SpaGCN,5,7,0.306155597,0.2969668129,0.009188784043,0.4289866716,0.5170453344,151672
151672,SpaGCN,5,11,0.306155597,0.3110106562,0.004855059238,0.5167480333,0.5589210271,151672
151672,SpaGCN,5,12,0.306155597,0.3193221942,0.01316659726,0.5344450518,0.5946526806,151672
151672,SpaGCN,5,14,0.306155597,0.3202886056,0.0141330086,0.4999531637,0.5668330497,151672
151672,SpaGCN,5,18,0.306155597,0.297269127,0.008886469987,0.4603028094,0.53919846,151672
151672,SpaGCN,5,19,0.306155597,0.2866295246,0.01952607235,0.4562947682,0.5501386846,151672
151672,SpaGCN,6,7,0.2845093847,0.2969668129,0.01245742822,0.4338024732,0.5280995033,151672
151672,SpaGCN,6,8,0.2845093847,0.2721249668,0.01238441788,0.3505305275,0.4464363598,151672
151672,SpaGCN,6,15,0.2845093847,0.2835615366,0.0009478480676,0.3022422567,0.4132649111,151672
151672,SpaGCN,6,18,0.2845093847,0.297269127,0.01275974228,0.3951358189,0.503555031,151672
151672,SpaGCN,6,19,0.2845093847,0.2866295246,0.002120139917,0.36793,0.4837986449,151672
151672,SpaGCN,7,11,0.2969668129,0.3110106562,0.01404384328,0.4290240559,0.5104031097,151672
151672,SpaGCN,7,15,0.2969668129,0.2835615366,0.01340527629,0.3525420009,0.4478681647,151672
151672,SpaGCN,7,18,0.2969668129,0.297269127,0.000302314056,0.3904010447,0.4852721969,151672
151672,SpaGCN,7,19,0.2969668129,0.2866295246,0.0103372883,0.3929663847,0.4902458531,151672
151672,SpaGCN,8,10,0.2721249668,0.2600669316,0.01205803525,0.3657599113,0.455387954,151672
151672,SpaGCN,8,13,0.2721249668,0.2571288828,0.01499608408,0.4008930786,0.4714836173,151672
151672,SpaGCN,8,15,0.2721249668,0.2835615366,0.01143656981,0.4256289529,0.4962874617,151672
151672,SpaGCN,8,16,0.2721249668,0.2566688224,0.0154561444,0.3783796146,0.4781248751,151672
151672,SpaGCN,8,19,0.2721249668,0.2866295246,0.01450455779,0.4340312137,0.4994982559,151672
151672,SpaGCN,9,11,0.3308710605,0.3110106562,0.01986040427,0.4337341335,0.5175167056,151672
151672,SpaGCN,9,12,0.3308710605,0.3193221942,0.01154886625,0.5175905329,0.5907851768,151672
151672,SpaGCN,9,14,0.3308710605,0.3202886056,0.01058245491,0.4475905255,0.5459178073,151672
151672,SpaGCN,9,17,0.3308710605,0.3262165103,0.004654550135,0.3805838411,0.4657552932,151672
151672,SpaGCN,9,20,0.3308710605,0.3273750915,0.003495968961,0.5020390759,0.5679034776,151672
151672,SpaGCN,10,13,0.2600669316,0.2571288828,0.002938048832,0.2979315146,0.4110653103,151672
151672,SpaGCN,10,16,0.2600669316,0.2566688224,0.003398109155,0.3904546664,0.5120511998,151672
151672,SpaGCN,11,12,0.3110106562,0.3193221942,0.008311538021,0.4760351805,0.5507044029,151672
151672,SpaGCN,11,14,0.3110106562,0.3202886056,0.009277949363,0.4247841306,0.500133065,151672
151672,SpaGCN,11,17,0.3110106562,0.3262165103,0.01520585413,0.5180754992,0.5680154212,151672
151672,SpaGCN,11,18,0.3110106562,0.297269127,0.01374152922,0.4859360669,0.5464108213,151672
151672,SpaGCN,11,20,0.3110106562,0.3273750915,0.01636443531,0.4492932002,0.5111755659,151672
151672,SpaGCN,12,14,0.3193221942,0.3202886056,0.0009664113424,0.5288011461,0.5934395746,151672
151672,SpaGCN,12,17,0.3193221942,0.3262165103,0.006894316113,0.3812566306,0.4689218884,151672
151672,SpaGCN,12,20,0.3193221942,0.3273750915,0.008052897288,0.5944100684,0.636834201,151672
151672,SpaGCN,13,16,0.2571288828,0.2566688224,0.0004600603227,0.3219803291,0.4397371491,151672
151672,SpaGCN,14,17,0.3202886056,0.3262165103,0.005927904771,0.3982370777,0.4617104241,151672
151672,SpaGCN,14,20,0.3202886056,0.3273750915,0.007086485945,0.5325624464,0.5700297849,151672
151672,SpaGCN,15,18,0.2835615366,0.297269127,0.01370759035,0.396445015,0.4684722678,151672
151672,SpaGCN,15,19,0.2835615366,0.2866295246,0.003067987985,0.3616032571,0.4760050635,151672
151672,SpaGCN,17,20,0.3262165103,0.3273750915,0.001158581175,0.3993795078,0.4619356474,151672
151672,SpaGCN,18,19,0.297269127,0.2866295246,0.01063960236,0.3925541463,0.5129780386,151672
151672,BANKSY,1,3,0.4652672068,0.4595202907,0.00574691609,0.8250544287,0.7957840849,151672
151672,BANKSY,1,5,0.4652672068,0.45279379,0.01247341678,0.8339337972,0.8313917779,151672
151672,BANKSY,1,8,0.4652672068,0.4482645105,0.01700269626,0.9060191807,0.8430530791,151672
151672,BANKSY,1,10,0.4652672068,0.4467911377,0.01847606908,0.9058987339,0.840023476,151672
151672,BANKSY,1,13,0.4652672068,0.448367854,0.01689935282,0.9044762229,0.8415285726,151672
151672,BANKSY,1,14,0.4652672068,0.4486820393,0.01658516752,0.9038783259,0.840934507,151672
151672,BANKSY,3,5,0.4595202907,0.45279379,0.006726500692,0.9236951942,0.8483170178,151672
151672,BANKSY,3,7,0.4595202907,0.4447348879,0.0147854028,0.8666581395,0.8337843092,151672
151672,BANKSY,3,8,0.4595202907,0.4482645105,0.01125578018,0.8716778053,0.8380881172,151672
151672,BANKSY,3,10,0.4595202907,0.4467911377,0.01272915299,0.8679761791,0.8339084414,151672
151672,BANKSY,3,11,0.4595202907,0.4416083406,0.01791195009,0.8402033515,0.7896985843,151672
151672,BANKSY,3,13,0.4595202907,0.448367854,0.01115243673,0.8739149758,0.8441108229,151672
151672,BANKSY,3,14,0.4595202907,0.4486820393,0.01083825144,0.8735474423,0.8428749585,151672
151672,BANKSY,3,15,0.4595202907,0.4407720964,0.01874819428,0.8575554875,0.8045265946,151672
151672,BANKSY,3,17,0.4595202907,0.4445093699,0.01501092081,0.8643581831,0.8310475342,151672
151672,BANKSY,3,18,0.4595202907,0.4451253342,0.01439495648,0.8684479984,0.8357167176,151672
151672,BANKSY,5,7,0.45279379,0.4447348879,0.008058902104,0.845598818,0.8134562097,151672
151672,BANKSY,5,8,0.45279379,0.4482645105,0.004529279483,0.8366397071,0.8051958798,151672
151672,BANKSY,5,10,0.45279379,0.4467911377,0.006002652302,0.8358184027,0.8022801454,151672
151672,BANKSY,5,11,0.45279379,0.4416083406,0.0111854494,0.8311250733,0.7897963874,151672
151672,BANKSY,5,13,0.45279379,0.448367854,0.004425936034,0.8371230425,0.803040939,151672
151672,BANKSY,5,14,0.45279379,0.4486820393,0.004111750744,0.8356210304,0.8009146199,151672
151672,BANKSY,5,15,0.45279379,0.4407720964,0.01202169359,0.9091762743,0.8753945706,151672
151672,BANKSY,5,17,0.45279379,0.4445093699,0.008284420115,0.8471110836,0.8156487096,151672
151672,BANKSY,5,18,0.45279379,0.4451253342,0.007668455788,0.8439651434,0.8119869971,151672
151672,BANKSY,5,19,0.45279379,0.4363531978,0.01644059218,0.8721864084,0.8065753029,151672
151672,BANKSY,5,20,0.45279379,0.4390728132,0.01372097683,0.9049492627,0.8550925325,151672
151672,BANKSY,7,8,0.4447348879,0.4482645105,0.00352962262,0.9885388546,0.9814407155,151672
151672,BANKSY,7,10,0.4447348879,0.4467911377,0.002056249802,0.9847233987,0.96690839,151672
151672,BANKSY,7,11,0.4447348879,0.4416083406,0.003126547293,0.9610793094,0.916799864,151672
151672,BANKSY,7,13,0.4447348879,0.448367854,0.003632966069,0.9863782102,0.974452051,151672
151672,BANKSY,7,14,0.4447348879,0.4486820393,0.00394715136,0.9847356631,0.9715315318,151672
151672,BANKSY,7,15,0.4447348879,0.4407720964,0.003962791485,0.7790651037,0.7482772325,151672
151672,BANKSY,7,17,0.4447348879,0.4445093699,0.0002255180114,0.9965624047,0.9939691039,151672
151672,BANKSY,7,18,0.4447348879,0.4451253342,0.0003904463157,0.9981474889,0.9967373168,151672
151672,BANKSY,7,19,0.4447348879,0.4363531978,0.008381690078,0.8407243959,0.8256232845,151672
151672,BANKSY,7,20,0.4447348879,0.4390728132,0.005662074722,0.8571482659,0.8419019516,151672
151672,BANKSY,8,10,0.4482645105,0.4467911377,0.001473372818,0.9936442645,0.9775702466,151672
151672,BANKSY,8,11,0.4482645105,0.4416083406,0.006656169914,0.9536212808,0.9072703682,151672
151672,BANKSY,8,13,0.4482645105,0.448367854,0.000103343449,0.9943464505,0.9820497527,151672
151672,BANKSY,8,14,0.4482645105,0.4486820393,0.0004175287398,0.9937371222,0.9811465848,151672
151672,BANKSY,8,15,0.4482645105,0.4407720964,0.007492414106,0.7701992639,0.7401869661,151672
151672,BANKSY,8,17,0.4482645105,0.4445093699,0.003755140632,0.985120059,0.9768684826,151672
151672,BANKSY,8,18,0.4482645105,0.4451253342,0.003139176305,0.9903685918,0.9835432086,151672
151672,BANKSY,8,19,0.4482645105,0.4363531978,0.0119113127,0.8323310966,0.8163221902,151672
151672,BANKSY,8,20,0.4482645105,0.4390728132,0.009191697343,0.8467625959,0.831081374,151672
151672,BANKSY,10,11,0.4467911377,0.4416083406,0.005182797095,0.9567576637,0.9101808248,151672
151672,BANKSY,10,13,0.4467911377,0.448367854,0.001576716267,0.9914404871,0.9758579586,151672
151672,BANKSY,10,14,0.4467911377,0.4486820393,0.001890901558,0.9908316543,0.9747241214,151672
151672,BANKSY,10,15,0.4467911377,0.4407720964,0.006019041287,0.768880712,0.740368276,151672
151672,BANKSY,10,17,0.4467911377,0.4445093699,0.002281767814,0.9813111846,0.9625574215,151672
151672,BANKSY,10,18,0.4467911377,0.4451253342,0.001665803487,0.9865532547,0.9690062278,151672
151672,BANKSY,10,19,0.4467911377,0.4363531978,0.01043793988,0.8304302714,0.8115931604,151672
151672,BANKSY,10,20,0.4467911377,0.4390728132,0.007718324524,0.8440594189,0.8267940297,151672
151672,BANKSY,11,13,0.4416083406,0.448367854,0.006759513363,0.9503180644,0.9039383584,151672
151672,BANKSY,11,14,0.4416083406,0.4486820393,0.007073698653,0.9497241546,0.9031002821,151672
151672,BANKSY,11,15,0.4416083406,0.4407720964,0.0008362441921,0.7646694905,0.7237946659,151672
151672,BANKSY,11,17,0.4416083406,0.4445093699,0.002901029282,0.9589204573,0.9142167117,151672
151672,BANKSY,11,18,0.4416083406,0.4451253342,0.003516993609,0.9592579103,0.914526007,151672
151672,BANKSY,11,19,0.4416083406,0.4363531978,0.005255142785,0.8182391778,0.7833145613,151672
151672,BANKSY,11,20,0.4416083406,0.4390728132,0.002535527429,0.8393903426,0.8145891817,151672
151672,BANKSY,12,16,0.6098789846,0.627517542,0.01763855742,0.8736034367,0.8160193356,151672
151672,BANKSY,13,14,0.448367854,0.4486820393,0.0003141852908,0.9983441875,0.996451871,151672
151672,BANKSY,13,15,0.448367854,0.4407720964,0.007595757555,0.7702173537,0.743887737,151672
151672,BANKSY,13,17,0.448367854,0.4445093699,0.003858484081,0.9829592424,0.9695015671,151672
151672,BANKSY,13,18,0.448367854,0.4451253342,0.003242519754,0.9882027824,0.9764372092,151672
151672,BANKSY,13,19,0.448367854,0.4363531978,0.01201465615,0.8313952831,0.8171291454,151672
151672,BANKSY,13,20,0.448367854,0.4390728132,0.009295040792,0.8450624561,0.8269678463,151672
151672,BANKSY,14,15,0.4486820393,0.4407720964,0.007909942845,0.7687887414,0.7424293601,151672
151672,BANKSY,14,17,0.4486820393,0.4445093699,0.004172669372,0.981320691,0.9670474401,151672
151672,BANKSY,14,18,0.4486820393,0.4451253342,0.003556705045,0.9865584008,0.9734832004,151672
151672,BANKSY,14,19,0.4486820393,0.4363531978,0.01232884144,0.8299017579,0.815420252,151672
151672,BANKSY,14,20,0.4486820393,0.4390728132,0.009609226082,0.8435490732,0.8250933166,151672
151672,BANKSY,15,17,0.4407720964,0.4445093699,0.003737273474,0.7805054037,0.7491998958,151672
151672,BANKSY,15,18,0.4407720964,0.4451253342,0.004353237801,0.777523416,0.7471006572,151672
151672,BANKSY,15,19,0.4407720964,0.4363531978,0.004418898593,0.8985893615,0.845620796,151672
151672,BANKSY,15,20,0.4407720964,0.4390728132,0.001699283237,0.9055885996,0.8413006705,151672
151672,BANKSY,17,18,0.4445093699,0.4451253342,0.0006159643271,0.9947128346,0.9910757326,151672
151672,BANKSY,17,19,0.4445093699,0.4363531978,0.008156172067,0.8438737416,0.8285454405,151672
151672,BANKSY,17,20,0.4445093699,0.4390728132,0.005436556711,0.8603319523,0.845084718,151672
151672,BANKSY,18,19,0.4451253342,0.4363531978,0.008772136394,0.8390346285,0.8237002378,151672
151672,BANKSY,18,20,0.4451253342,0.4390728132,0.006052521038,0.8554643581,0.8402212095,151672
151672,BANKSY,19,20,0.4363531978,0.4390728132,0.002719615356,0.9511062777,0.9028942,151672
151672,SEDR,1,2,0.456556351365,0.443864379128,0.0126919722369,0.828592600902,0.834883937554,151672
151672,SEDR,1,7,0.456556351365,0.47649204611,0.0199356947451,0.801665385851,0.828416062155,151672
151672,SEDR,1,14,0.456556351365,0.448661967112,0.00789438425261,0.818020295321,0.830350663273,151672
151672,SEDR,1,18,0.456556351365,0.47542482889,0.0188684775256,0.738032637036,0.802654654564,151672
151672,SEDR,1,19,0.456556351365,0.466989297177,0.0104329458122,0.814292515933,0.819209046737,151672
151672,SEDR,2,14,0.443864379128,0.448661967112,0.00479758798427,0.825350415237,0.831325447303,151672
151672,SEDR,3,4,0.480415671814,0.491936294907,0.0115206230924,0.790378725102,0.823619517218,151672
151672,SEDR,3,5,0.480415671814,0.48094528054,0.000529608726143,0.814361612719,0.828303612612,151672
151672,SEDR,3,6,0.480415671814,0.484143845519,0.00372817370454,0.796750319298,0.831842852266,151672
151672,SEDR,3,7,0.480415671814,0.47649204611,0.00392362570446,0.782645575907,0.822728037335,151672
151672,SEDR,3,8,0.480415671814,0.497839150311,0.0174234784964,0.66388583863,0.783000628735,151672
151672,SEDR,3,13,0.480415671814,0.493390167622,0.012974495808,0.699132748495,0.778871988412,151672
151672,SEDR,3,15,0.480415671814,0.482455608705,0.002039936891,0.638100483969,0.766094683634,151672
151672,SEDR,3,16,0.480415671814,0.493235356635,0.0128196848205,0.781688945363,0.809690190422,151672
151672,SEDR,3,18,0.480415671814,0.47542482889,0.00499084292399,0.721933539503,0.801633277152,151672
151672,SEDR,3,19,0.480415671814,0.466989297177,0.0134263746374,0.787517411383,0.812848995959,151672
151672,SEDR,4,5,0.491936294907,0.48094528054,0.0109910143662,0.826531393018,0.830057887911,151672
151672,SEDR,4,6,0.491936294907,0.484143845519,0.00779244938785,0.869407075006,0.861104432024,151672
151672,SEDR,4,7,0.491936294907,0.47649204611,0.0154442487969,0.870127709092,0.870901718137,151672
151672,SEDR,4,8,0.491936294907,0.497839150311,0.00590285540404,0.67088616657,0.77547721088,151672
151672,SEDR,4,13,0.491936294907,0.493390167622,0.00145387271561,0.786318113113,0.820676139684,151672
151672,SEDR,4,15,0.491936294907,0.482455608705,0.00948068620139,0.65128128919,0.757084756267,151672
151672,SEDR,4,16,0.491936294907,0.493235356635,0.00129906172814,0.843805933651,0.841039837736,151672
151672,SEDR,4,18,0.491936294907,0.47542482889,0.0165114660164,0.794311599557,0.824498737506,151672
151672,SEDR,5,6,0.48094528054,0.484143845519,0.00319856497839,0.814861522464,0.819856959553,151672
151672,SEDR,5,7,0.48094528054,0.47649204611,0.00445323443061,0.821577256674,0.835906221735,151672
151672,SEDR,5,8,0.48094528054,0.497839150311,0.0168938697703,0.665658183781,0.768243544146,151672
151672,SEDR,5,13,0.48094528054,0.493390167622,0.0124448870819,0.714760818408,0.788152029172,151672
151672,SEDR,5,15,0.48094528054,0.482455608705,0.00151032816485,0.667014447189,0.758596723999,151672
151672,SEDR,5,16,0.48094528054,0.493235356635,0.0122900760944,0.791194226309,0.805082823973,151672
151672,SEDR,5,18,0.48094528054,0.47542482889,0.00552045165013,0.734061408426,0.794024293455,151672
151672,SEDR,5,19,0.48094528054,0.466989297177,0.0139559833635,0.841242189143,0.83848197194,151672
151672,SEDR,6,7,0.484143845519,0.47649204611,0.007651799409,0.836923886673,0.84975750593,151672
151672,SEDR,6,8,0.484143845519,0.497839150311,0.0136953047919,0.676213089009,0.786236298834,151672
151672,SEDR,6,13,0.484143845519,0.493390167622,0.00924632210346,0.785706786764,0.823095268015,151672
151672,SEDR,6,15,0.484143845519,0.482455608705,0.00168823681354,0.679719741392,0.780751280593,151672
151672,SEDR,6,16,0.484143845519,0.493235356635,0.00909151111598,0.838678486678,0.845078575219,151672
151672,SEDR,6,18,0.484143845519,0.47542482889,0.00871901662852,0.805599181454,0.83926409946,151672
151672,SEDR,6,19,0.484143845519,0.466989297177,0.0171545483419,0.808156102334,0.826617646352,151672
151672,SEDR,7,13,0.47649204611,0.493390167622,0.0168981215125,0.812570306003,0.834974198428,151672
151672,SEDR,7,15,0.47649204611,0.482455608705,0.00596356259546,0.654763007601,0.76326503115,151672
151672,SEDR,7,16,0.47649204611,0.493235356635,0.016743310525,0.814944900822,0.83092856599,151672
151672,SEDR,7,18,0.47649204611,0.47542482889,0.00106721721952,0.811071972443,0.832214862507,151672
151672,SEDR,7,19,0.47649204611,0.466989297177,0.0095027489329,0.822947349748,0.838080125389,151672
151672,SEDR,8,13,0.497839150311,0.493390167622,0.00444898268844,0.699489775238,0.785199144217,151672
151672,SEDR,8,15,0.497839150311,0.482455608705,0.0153835416054,0.701874514228,0.77667340524,151672
151672,SEDR,8,16,0.497839150311,0.493235356635,0.00460379367591,0.6522507823,0.766221653347,151672
151672,SEDR,9,17,0.568318333285,0.555019884666,0.013298448619,0.685807827448,0.759642442737,151672
151672,SEDR,10,11,0.53818240894,0.531193384836,0.00698902410493,0.639616908371,0.767914293029,151672
151672,SEDR,10,12,0.53818240894,0.526540519064,0.0116418898768,0.671231784047,0.783042403048,151672
151672,SEDR,10,17,0.53818240894,0.555019884666,0.0168374757256,0.618595911138,0.745491426177,151672
151672,SEDR,10,20,0.53818240894,0.52912251539,0.00905989355067,0.836121308918,0.845289406573,151672
151672,SEDR,11,12,0.531193384836,0.526540519064,0.00465286577183,0.766528878869,0.805170839585,151672
151672,SEDR,11,20,0.531193384836,0.52912251539,0.00207086944573,0.665898644819,0.78588875422,151672
151672,SEDR,12,20,0.526540519064,0.52912251539,0.00258199632609,0.671914671034,0.784358540884,151672
151672,SEDR,13,15,0.493390167622,0.482455608705,0.010934558917,0.627888711148,0.751843961413,151672
151672,SEDR,13,16,0.493390167622,0.493235356635,0.000154810987472,0.782021391637,0.818911930665,151672
151672,SEDR,13,18,0.493390167622,0.47542482889,0.017965338732,0.835426878155,0.848378032843,151672
151672,SEDR,14,19,0.448661967112,0.466989297177,0.0183273300648,0.824181912368,0.829054509562,151672
151672,SEDR,15,16,0.482455608705,0.493235356635,0.0107797479295,0.659367376557,0.777269421068,151672
151672,SEDR,15,18,0.482455608705,0.47542482889,0.00703077981498,0.695544639324,0.775267206857,151672
151672,SEDR,15,19,0.482455608705,0.466989297177,0.0154663115284,0.67471143896,0.771152804639,151672
151672,SEDR,16,18,0.493235356635,0.47542482889,0.0178105277445,0.758085269957,0.802567753242,151672
151672,SEDR,18,19,0.47542482889,0.466989297177,0.00843553171338,0.75890185355,0.813312298742,151672
151673,GraphST,1,2,0.2107317149,0.203887195,0.006844519926,0.6306566858,0.6523544729,151673
151673,GraphST,1,5,0.2107317149,0.1909428932,0.01978882171,0.5670070438,0.6080985763,151673
151673,GraphST,1,6,0.2107317149,0.2156982719,0.004966556949,0.6500362435,0.6584147253,151673
151673,GraphST,1,7,0.2107317149,0.2038502375,0.006881477438,0.6325236721,0.6427332924,151673
151673,GraphST,1,9,0.2107317149,0.2033034442,0.007428270762,0.6313602132,0.6433694615,151673
151673,GraphST,1,10,0.2107317149,0.1933185523,0.01741316267,0.5924481112,0.5948268,151673
151673,GraphST,1,11,0.2107317149,0.2294850467,0.01875333173,0.6492671872,0.6531482879,151673
151673,GraphST,1,12,0.2107317149,0.1957998694,0.01493184558,0.6756869468,0.6723533461,151673
151673,GraphST,1,14,0.2107317149,0.1962893174,0.01444239753,0.6591044258,0.6582505545,151673
151673,GraphST,1,15,0.2107317149,0.2074128696,0.003318845304,0.6249447042,0.6520806721,151673
151673,GraphST,1,16,0.2107317149,0.2101946023,0.0005371126798,0.6327080629,0.6621821087,151673
151673,GraphST,1,17,0.2107317149,0.1974745033,0.01325721168,0.6207340088,0.6447135416,151673
151673,GraphST,1,18,0.2107317149,0.21373255,0.003000835109,0.6217299624,0.6399205538,151673
151673,GraphST,1,19,0.2107317149,0.2023020031,0.008429711857,0.6100676878,0.6326761816,151673
151673,GraphST,1,20,0.2107317149,0.1927667086,0.0179650063,0.5755492712,0.6213955194,151673
151673,GraphST,2,4,0.203887195,0.1875390622,0.01634813284,0.5717808309,0.6187922201,151673
151673,GraphST,2,5,0.203887195,0.1909428932,0.01294430179,0.6090088663,0.6355763255,151673
151673,GraphST,2,6,0.203887195,0.2156982719,0.01181107688,0.6770788449,0.6808709819,151673
151673,GraphST,2,7,0.203887195,0.2038502375,3.695751249e-05,0.650432947,0.6530916805,151673
151673,GraphST,2,8,0.203887195,0.1873279756,0.01655921938,0.5776034848,0.6168261936,151673
151673,GraphST,2,9,0.203887195,0.2033034442,0.0005837508359,0.6519146617,0.6578827605,151673
151673,GraphST,2,10,0.203887195,0.1933185523,0.01056864275,0.6013638504,0.6055469882,151673
151673,GraphST,2,12,0.203887195,0.1957998694,0.008087325653,0.661362237,0.6727403102,151673
151673,GraphST,2,14,0.203887195,0.1962893174,0.007597877603,0.6365362404,0.6534379626,151673
151673,GraphST,2,15,0.203887195,0.2074128696,0.003525674622,0.6846840354,0.6799253266,151673
151673,GraphST,2,16,0.203887195,0.2101946023,0.006307407246,0.6662437843,0.6796016341,151673
151673,GraphST,2,17,0.203887195,0.1974745033,0.00641269175,0.6647566452,0.6758201637,151673
151673,GraphST,2,18,0.203887195,0.21373255,0.009845355035,0.6258903105,0.6518086809,151673
151673,GraphST,2,19,0.203887195,0.2023020031,0.001585191932,0.6312718979,0.6502927042,151673
151673,GraphST,2,20,0.203887195,0.1927667086,0.01112048637,0.6277359561,0.6511793401,151673
151673,GraphST,3,4,0.1821890852,0.1875390622,0.005349976927,0.5652075408,0.6173601113,151673
151673,GraphST,3,5,0.1821890852,0.1909428932,0.008753807981,0.6049240917,0.6483632051,151673
151673,GraphST,3,8,0.1821890852,0.1873279756,0.005138890392,0.545656718,0.6073475363,151673
151673,GraphST,3,10,0.1821890852,0.1933185523,0.01112946702,0.5567518277,0.5887376317,151673
151673,GraphST,3,12,0.1821890852,0.1957998694,0.01361078412,0.5651402538,0.6195023944,151673
151673,GraphST,3,13,0.1821890852,0.1759093035,0.006279781763,0.5655828568,0.6235482692,151673
151673,GraphST,3,14,0.1821890852,0.1962893174,0.01410023217,0.558446558,0.6043391436,151673
151673,GraphST,3,17,0.1821890852,0.1974745033,0.01528541802,0.5809552241,0.616210696,151673
151673,GraphST,3,20,0.1821890852,0.1927667086,0.01057762339,0.5857737373,0.6389734618,151673
151673,GraphST,4,5,0.1875390622,0.1909428932,0.003403831054,0.5993923753,0.6348402241,151673
151673,GraphST,4,7,0.1875390622,0.2038502375,0.01631117533,0.5757761984,0.6216719091,151673
151673,GraphST,4,8,0.1875390622,0.1873279756,0.0002110865351,0.5308953214,0.5926966445,151673
151673,GraphST,4,9,0.1875390622,0.2033034442,0.01576438201,0.5612587413,0.6086852555,151673
151673,GraphST,4,10,0.1875390622,0.1933185523,0.005779490094,0.601147334,0.6177391833,151673
151673,GraphST,4,12,0.1875390622,0.1957998694,0.008260807189,0.5675269219,0.6170155289,151673
151673,GraphST,4,13,0.1875390622,0.1759093035,0.01162975869,0.5256730011,0.5953995042,151673
151673,GraphST,4,14,0.1875390622,0.1962893174,0.008750255238,0.5456779437,0.5897671618,151673
151673,GraphST,4,15,0.1875390622,0.2074128696,0.01987380746,0.580840525,0.6175558274,151673
151673,GraphST,4,17,0.1875390622,0.1974745033,0.009935441092,0.5909757999,0.625867645,151673
151673,GraphST,4,19,0.1875390622,0.2023020031,0.01476294091,0.5679774357,0.6210720777,151673
151673,GraphST,4,20,0.1875390622,0.1927667086,0.005227646467,0.5962434916,0.6340760281,151673
151673,GraphST,5,7,0.1909428932,0.2038502375,0.01290734428,0.6110425039,0.6343677536,151673
151673,GraphST,5,8,0.1909428932,0.1873279756,0.003614917589,0.5706294189,0.6240186056,151673
151673,GraphST,5,9,0.1909428932,0.2033034442,0.01236055095,0.613706815,0.6403239926,151673
151673,GraphST,5,10,0.1909428932,0.1933185523,0.00237565904,0.6080073847,0.6071462908,151673
151673,GraphST,5,12,0.1909428932,0.1957998694,0.004856976135,0.5866828675,0.6164592207,151673
151673,GraphST,5,13,0.1909428932,0.1759093035,0.01503358974,0.5581711307,0.6232131175,151673
151673,GraphST,5,14,0.1909428932,0.1962893174,0.005346424184,0.5860394456,0.6134877338,151673
151673,GraphST,5,15,0.1909428932,0.2074128696,0.01646997641,0.6219864424,0.6406572663,151673
151673,GraphST,5,16,0.1909428932,0.2101946023,0.01925170903,0.630211229,0.6412682235,151673
151673,GraphST,5,17,0.1909428932,0.1974745033,0.006531610038,0.6056300411,0.626326631,151673
151673,GraphST,5,19,0.1909428932,0.2023020031,0.01135910986,0.5966226304,0.6193403422,151673
151673,GraphST,5,20,0.1909428932,0.1927667086,0.001823815413,0.6471474963,0.6696777581,151673
151673,GraphST,6,7,0.2156982719,0.2038502375,0.01184803439,0.6733969303,0.6679495518,151673
151673,GraphST,6,9,0.2156982719,0.2033034442,0.01239482771,0.6811429579,0.6790542146,151673
151673,GraphST,6,11,0.2156982719,0.2294850467,0.01378677478,0.6551635214,0.6709950727,151673
151673,GraphST,6,12,0.2156982719,0.1957998694,0.01989840253,0.6537588413,0.6609664297,151673
151673,GraphST,6,14,0.2156982719,0.1962893174,0.01940895448,0.6589664348,0.6675771801,151673
151673,GraphST,6,15,0.2156982719,0.2074128696,0.008285402253,0.675575358,0.6697210839,151673
151673,GraphST,6,16,0.2156982719,0.2101946023,0.005503669629,0.6705309913,0.6804369418,151673
151673,GraphST,6,17,0.2156982719,0.1974745033,0.01822376862,0.6834377169,0.685526604,151673
151673,GraphST,6,18,0.2156982719,0.21373255,0.00196572184,0.6537004731,0.6668082247,151673
151673,GraphST,6,19,0.2156982719,0.2023020031,0.01339626881,0.6391966304,0.6523078416,151673
151673,GraphST,7,8,0.2038502375,0.1873279756,0.01652226186,0.5804757226,0.612963176,151673
151673,GraphST,7,9,0.2038502375,0.2033034442,0.0005467933234,0.673102757,0.6768722959,151673
151673,GraphST,7,10,0.2038502375,0.1933185523,0.01053168524,0.603766948,0.6028691646,151673
151673,GraphST,7,12,0.2038502375,0.1957998694,0.00805036814,0.658486203,0.6646932903,151673
151673,GraphST,7,14,0.2038502375,0.1962893174,0.007560920091,0.6457922989,0.6465817594,151673
151673,GraphST,7,15,0.2038502375,0.2074128696,0.003562632135,0.6751697587,0.6711149065,151673
151673,GraphST,7,16,0.2038502375,0.2101946023,0.006344364758,0.6648191245,0.6736335319,151673
151673,GraphST,7,17,0.2038502375,0.1974745033,0.006375734237,0.6582569204,0.6642176384,151673
151673,GraphST,7,18,0.2038502375,0.21373255,0.009882312547,0.6257011159,0.6466445382,151673
151673,GraphST,7,19,0.2038502375,0.2023020031,0.001548234419,0.6188808707,0.6317210377,151673
151673,GraphST,7,20,0.2038502375,0.1927667086,0.01108352886,0.6227933479,0.6380755279,151673
151673,GraphST,8,9,0.1873279756,0.2033034442,0.01597546854,0.5845744369,0.6268959059,151673
151673,GraphST,8,10,0.1873279756,0.1933185523,0.005990576629,0.5419415763,0.5715977722,151673
151673,GraphST,8,12,0.1873279756,0.1957998694,0.008471893724,0.5900178284,0.6214913531,151673
151673,GraphST,8,13,0.1873279756,0.1759093035,0.01141867215,0.5134564289,0.6004516557,151673
151673,GraphST,8,14,0.1873279756,0.1962893174,0.008961341773,0.5581919558,0.5986037437,151673
151673,GraphST,8,17,0.1873279756,0.1974745033,0.01014652763,0.5517408339,0.6025522361,151673
151673,GraphST,8,19,0.1873279756,0.2023020031,0.01497402744,0.5450785285,0.5946404387,151673
151673,GraphST,8,20,0.1873279756,0.1927667086,0.005438733002,0.57765211,0.6251543506,151673
151673,GraphST,9,10,0.2033034442,0.1933185523,0.009984891912,0.5929191917,0.5956609004,151673
151673,GraphST,9,12,0.2033034442,0.1957998694,0.007503574817,0.6489392977,0.6585508647,151673
151673,GraphST,9,14,0.2033034442,0.1962893174,0.007014126767,0.6298809793,0.6389913415,151673
151673,GraphST,9,15,0.2033034442,0.2074128696,0.004109425458,0.6778896561,0.6791247708,151673
151673,GraphST,9,16,0.2033034442,0.2101946023,0.006891158082,0.6534063194,0.6610017361,151673
151673,GraphST,9,17,0.2033034442,0.1974745033,0.005828940914,0.6632868274,0.6718364954,151673
151673,GraphST,9,18,0.2033034442,0.21373255,0.01042910587,0.6277871549,0.6450795805,151673
151673,GraphST,9,19,0.2033034442,0.2023020031,0.001001441096,0.6161958794,0.6308599685,151673
151673,GraphST,9,20,0.2033034442,0.1927667086,0.01053673554,0.6118568536,0.6351122545,151673
151673,GraphST,10,12,0.1933185523,0.1957998694,0.002481317095,0.6262008992,0.6196447909,151673
151673,GraphST,10,13,0.1933185523,0.1759093035,0.01740924878,0.5217557922,0.5684955976,151673
151673,GraphST,10,14,0.1933185523,0.1962893174,0.002970765145,0.6135782755,0.6054677876,151673
151673,GraphST,10,15,0.1933185523,0.2074128696,0.01409431737,0.6089315227,0.6103295232,151673
151673,GraphST,10,16,0.1933185523,0.2101946023,0.01687604999,0.6128627357,0.6160648873,151673
151673,GraphST,10,17,0.1933185523,0.1974745033,0.004155950998,0.6305371175,0.6240311659,151673
151673,GraphST,10,19,0.1933185523,0.2023020031,0.008983450816,0.5799579248,0.5935692216,151673
151673,GraphST,10,20,0.1933185523,0.1927667086,0.0005518436265,0.6068316093,0.613333916,151673
151673,GraphST,11,16,0.2294850467,0.2101946023,0.01929044441,0.6100027261,0.6568690376,151673
151673,GraphST,11,18,0.2294850467,0.21373255,0.01575249662,0.6178131062,0.6455613519,151673
151673,GraphST,12,13,0.1957998694,0.1759093035,0.01989056588,0.518803434,0.5998305665,151673
151673,GraphST,12,14,0.1957998694,0.1962893174,0.0004894480494,0.6718315092,0.6663644036,151673
151673,GraphST,12,15,0.1957998694,0.2074128696,0.01161300027,0.6529637577,0.6597949965,151673
151673,GraphST,12,16,0.1957998694,0.2101946023,0.0143947329,0.6591158506,0.6741299667,151673
151673,GraphST,12,17,0.1957998694,0.1974745033,0.001674633903,0.6509508943,0.6702934152,151673
151673,GraphST,12,18,0.1957998694,0.21373255,0.01793268069,0.6203199031,0.6477393834,151673
151673,GraphST,12,19,0.1957998694,0.2023020031,0.006502133721,0.6307256946,0.6488960783,151673
151673,GraphST,12,20,0.1957998694,0.1927667086,0.003033160722,0.6082951547,0.6320544685,151673
151673,GraphST,13,20,0.1759093035,0.1927667086,0.01685740516,0.5807010858,0.6423747877,151673
151673,GraphST,14,15,0.1962893174,0.2074128696,0.01112355223,0.635471953,0.6467428667,151673
151673,GraphST,14,16,0.1962893174,0.2101946023,0.01390528485,0.6520162141,0.6646707581,151673
151673,GraphST,14,17,0.1962893174,0.1974745033,0.001185185853,0.6524182226,0.6658561822,151673
151673,GraphST,14,18,0.1962893174,0.21373255,0.01744323264,0.6187471384,0.6417278725,151673
151673,GraphST,14,19,0.1962893174,0.2023020031,0.006012685672,0.6061294112,0.6289981702,151673
151673,GraphST,14,20,0.1962893174,0.1927667086,0.003522608771,0.5754468297,0.6193680959,151673
151673,GraphST,15,16,0.2074128696,0.2101946023,0.002781732624,0.6740870616,0.6716199662,151673
151673,GraphST,15,17,0.2074128696,0.1974745033,0.009938366372,0.6561777258,0.6599990413,151673
151673,GraphST,15,18,0.2074128696,0.21373255,0.006319680413,0.6322695174,0.645838393,151673
151673,GraphST,15,19,0.2074128696,0.2023020031,0.005110866554,0.6339569152,0.6384210534,151673
151673,GraphST,15,20,0.2074128696,0.1927667086,0.014646161,0.6211369383,0.6366248171,151673
151673,GraphST,16,17,0.2101946023,0.1974745033,0.012720099,0.671546791,0.6847867539,151673
151673,GraphST,16,18,0.2101946023,0.21373255,0.003537947789,0.6304173031,0.6608303528,151673
151673,GraphST,16,19,0.2101946023,0.2023020031,0.007892599178,0.6409371542,0.6578664487,151673
151673,GraphST,16,20,0.2101946023,0.1927667086,0.01742789362,0.6195165207,0.6384399055,151673
151673,GraphST,17,18,0.1974745033,0.21373255,0.01625804678,0.6363644909,0.6550419144,151673
151673,GraphST,17,19,0.1974745033,0.2023020031,0.004827499818,0.6341703097,0.6507237229,151673
151673,GraphST,17,20,0.1974745033,0.1927667086,0.004707794624,0.6146108967,0.6412731618,151673
151673,GraphST,18,19,0.21373255,0.2023020031,0.01143054697,0.6203360117,0.6426459291,151673
151673,GraphST,19,20,0.2023020031,0.1927667086,0.009535294443,0.584298697,0.6171361508,151673
151673,STAGATE,1,5,0.2364837343,0.2540036582,0.01751992381,0.4904600466,0.631261983,151673
151673,STAGATE,1,6,0.2364837343,0.2545027366,0.01801900226,0.4671506261,0.6131216258,151673
151673,STAGATE,1,9,0.2364837343,0.2536408955,0.01715716115,0.4821061677,0.6233447969,151673
151673,STAGATE,1,10,0.2364837343,0.2181689467,0.01831478765,0.5383633285,0.639055237,151673
151673,STAGATE,1,12,0.2364837343,0.2479476501,0.01146391577,0.4797509067,0.6300511118,151673
151673,STAGATE,1,13,0.2364837343,0.2305080237,0.005975710638,0.5255779644,0.6436635756,151673
151673,STAGATE,1,14,0.2364837343,0.2240020509,0.01248168344,0.4903830935,0.6199533682,151673
151673,STAGATE,1,15,0.2364837343,0.2256693923,0.01081434206,0.5950464864,0.675932559,151673
151673,STAGATE,1,19,0.2364837343,0.2231642366,0.01331949773,0.5649894523,0.6543772733,151673
151673,STAGATE,1,20,0.2364837343,0.2429965503,0.00651281592,0.5947416171,0.6520246139,151673
151673,STAGATE,2,3,0.210043198,0.1927759993,0.01726719864,0.724266136,0.7035659775,151673
151673,STAGATE,2,4,0.210043198,0.1992543914,0.01078880654,0.7513647261,0.7280920535,151673
151673,STAGATE,2,7,0.210043198,0.2155618486,0.005518650644,0.7063698718,0.7000792158,151673
151673,STAGATE,2,10,0.210043198,0.2181689467,0.008125748724,0.7299180148,0.7097120699,151673
151673,STAGATE,2,11,0.210043198,0.2098416154,0.0002015826208,0.7195900044,0.716457857,151673
151673,STAGATE,2,14,0.210043198,0.2240020509,0.01395885293,0.702050802,0.7012952505,151673
151673,STAGATE,2,15,0.210043198,0.2256693923,0.01562619431,0.6995771176,0.7020397927,151673
151673,STAGATE,2,17,0.210043198,0.1982295806,0.01181361741,0.7471601921,0.7377328186,151673
151673,STAGATE,2,19,0.210043198,0.2231642366,0.01312103865,0.6922676878,0.6755120784,151673
151673,STAGATE,3,4,0.1927759993,0.1992543914,0.006478392098,0.7540583281,0.7349016783,151673
151673,STAGATE,3,11,0.1927759993,0.2098416154,0.01706561602,0.7581877072,0.7326223331,151673
151673,STAGATE,3,17,0.1927759993,0.1982295806,0.005453581232,0.727961238,0.7257238969,151673
151673,STAGATE,3,18,0.1927759993,0.1879368551,0.004839144262,0.7358544862,0.7104437771,151673
151673,STAGATE,4,7,0.1992543914,0.2155618486,0.01630745719,0.7309798355,0.6981058796,151673
151673,STAGATE,4,10,0.1992543914,0.2181689467,0.01891455527,0.7575574261,0.7360142365,151673
151673,STAGATE,4,11,0.1992543914,0.2098416154,0.01058722392,0.7601588045,0.7525786447,151673
151673,STAGATE,4,17,0.1992543914,0.1982295806,0.001024810866,0.7780262,0.7592084875,151673
151673,STAGATE,4,18,0.1992543914,0.1879368551,0.01131753636,0.7676212396,0.7295337116,151673
151673,STAGATE,5,6,0.2540036582,0.2545027366,0.0004990784427,0.7049335046,0.7039968769,151673
151673,STAGATE,5,8,0.2540036582,0.2605273936,0.006523735456,0.4492253506,0.5965504923,151673
151673,STAGATE,5,9,0.2540036582,0.2536408955,0.0003627626634,0.7329057396,0.725673568,151673
151673,STAGATE,5,12,0.2540036582,0.2479476501,0.006056008048,0.7515863159,0.7291617984,151673
151673,STAGATE,5,16,0.2540036582,0.2660158285,0.01201217029,0.6834614396,0.6710281512,151673
151673,STAGATE,5,20,0.2540036582,0.2429965503,0.01100710789,0.6279401823,0.6775227177,151673
151673,STAGATE,6,8,0.2545027366,0.2605273936,0.006024657013,0.45033543,0.5992402493,151673
151673,STAGATE,6,9,0.2545027366,0.2536408955,0.0008618411061,0.7326700993,0.7253383786,151673
151673,STAGATE,6,12,0.2545027366,0.2479476501,0.006555086491,0.7292691377,0.7222423896,151673
151673,STAGATE,6,16,0.2545027366,0.2660158285,0.01151309185,0.6590392539,0.6653290074,151673
151673,STAGATE,6,20,0.2545027366,0.2429965503,0.01150618634,0.6139388798,0.6788447596,151673
151673,STAGATE,7,10,0.2155618486,0.2181689467,0.002607098079,0.720488833,0.7004318011,151673
151673,STAGATE,7,11,0.2155618486,0.2098416154,0.005720233265,0.7139354143,0.6978617858,151673
151673,STAGATE,7,13,0.2155618486,0.2305080237,0.01494617509,0.7307077534,0.7248166867,151673
151673,STAGATE,7,14,0.2155618486,0.2240020509,0.00844020229,0.7078465762,0.7057886293,151673
151673,STAGATE,7,15,0.2155618486,0.2256693923,0.01010754367,0.7206539884,0.7215002711,151673
151673,STAGATE,7,17,0.2155618486,0.1982295806,0.01733226805,0.7322316079,0.7104179755,151673
151673,STAGATE,7,19,0.2155618486,0.2231642366,0.007602388001,0.7493125162,0.716045465,151673
151673,STAGATE,8,9,0.2605273936,0.2536408955,0.006886498119,0.4493846137,0.5958404486,151673
151673,STAGATE,8,12,0.2605273936,0.2479476501,0.0125797435,0.4422977456,0.5845944839,151673
151673,STAGATE,8,16,0.2605273936,0.2660158285,0.005488434838,0.4134968562,0.5524339649,151673
151673,STAGATE,8,20,0.2605273936,0.2429965503,0.01753084335,0.4820820573,0.6075267806,151673
151673,STAGATE,9,12,0.2536408955,0.2479476501,0.005693245385,0.7641926611,0.7518867293,151673
151673,STAGATE,9,16,0.2536408955,0.2660158285,0.01237493296,0.679901027,0.6789660745,151673
151673,STAGATE,9,20,0.2536408955,0.2429965503,0.01064434523,0.6291207063,0.6797425322,151673
151673,STAGATE,10,11,0.2181689467,0.2098416154,0.008327331345,0.7400145589,0.7255083784,151673
151673,STAGATE,10,13,0.2181689467,0.2305080237,0.01233907701,0.7305437893,0.7106211605,151673
151673,STAGATE,10,14,0.2181689467,0.2240020509,0.005833104211,0.7354783987,0.7185770413,151673
151673,STAGATE,10,15,0.2181689467,0.2256693923,0.007500445586,0.7097436152,0.7138026925,151673
151673,STAGATE,10,17,0.2181689467,0.1982295806,0.01993936613,0.7405331366,0.7223491578,151673
151673,STAGATE,10,19,0.2181689467,0.2231642366,0.004995289921,0.7169704684,0.7003759169,151673
151673,STAGATE,11,14,0.2098416154,0.2240020509,0.01416043556,0.6800724828,0.6948468498,151673
151673,STAGATE,11,15,0.2098416154,0.2256693923,0.01582777693,0.7455256684,0.729627106,151673
151673,STAGATE,11,17,0.2098416154,0.1982295806,0.01161203479,0.7315393987,0.7303640993,151673
151673,STAGATE,11,19,0.2098416154,0.2231642366,0.01332262127,0.742653287,0.7134558489,151673
151673,STAGATE,12,13,0.2479476501,0.2305080237,0.0174396264,0.7151323388,0.703521599,151673
151673,STAGATE,12,16,0.2479476501,0.2660158285,0.01806817834,0.6733095381,0.6812891935,151673
151673,STAGATE,12,20,0.2479476501,0.2429965503,0.004951099846,0.6270532691,0.6845458509,151673
151673,STAGATE,13,14,0.2305080237,0.2240020509,0.006505972798,0.7105252172,0.6962334759,151673
151673,STAGATE,13,15,0.2305080237,0.2256693923,0.004838631423,0.7177546802,0.7180344958,151673
151673,STAGATE,13,19,0.2305080237,0.2231642366,0.007343787088,0.7333667613,0.7221676496,151673
151673,STAGATE,13,20,0.2305080237,0.2429965503,0.01248852656,0.6298174595,0.6658503563,151673
151673,STAGATE,14,15,0.2240020509,0.2256693923,0.001667341375,0.6660400436,0.6894400235,151673
151673,STAGATE,14,19,0.2240020509,0.2231642366,0.0008378142897,0.6562363539,0.6622906999,151673
151673,STAGATE,14,20,0.2240020509,0.2429965503,0.01899449936,0.6136867115,0.654706007,151673
151673,STAGATE,15,19,0.2256693923,0.2231642366,0.002505155665,0.7516467687,0.7299558851,151673
151673,STAGATE,15,20,0.2256693923,0.2429965503,0.01732715798,0.6636313918,0.6791286241,151673
151673,STAGATE,17,18,0.1982295806,0.1879368551,0.01029272549,0.760423988,0.7367486866,151673
151673,STAGATE,19,20,0.2231642366,0.2429965503,0.01983231365,0.6381929593,0.6647615211,151673
151673,SpaGCN,1,6,0.3008912859,0.2873032124,0.01358807349,0.5714274373,0.6679511843,151673
151673,SpaGCN,1,7,0.3008912859,0.2971823027,0.003708983189,0.6005527527,0.6942754656,151673
151673,SpaGCN,1,8,0.3008912859,0.2847249001,0.01616638587,0.5238082999,0.6052998067,151673
151673,SpaGCN,1,10,0.3008912859,0.2899618102,0.01092947578,0.5813785866,0.6710022241,151673
151673,SpaGCN,1,13,0.3008912859,0.2863286707,0.0145626152,0.7061075081,0.7299953774,151673
151673,SpaGCN,1,19,0.3008912859,0.2838627096,0.01702857634,0.54963338,0.6549900715,151673
151673,SpaGCN,1,20,0.3008912859,0.2814533308,0.01943795513,0.6899923123,0.715010809,151673
151673,SpaGCN,2,9,0.2133017795,0.2187976796,0.005495900111,0.6555443433,0.7009022232,151673
151673,SpaGCN,2,15,0.2133017795,0.2009350986,0.01236668091,0.6578269217,0.7015960543,151673
151673,SpaGCN,2,18,0.2133017795,0.2244125886,0.01111080915,0.7207228807,0.7500427489,151673
151673,SpaGCN,3,5,0.2654624427,0.2674882405,0.002025797806,0.6188794688,0.7016576851,151673
151673,SpaGCN,3,8,0.2654624427,0.2847249001,0.01926245739,0.5208065446,0.6174784028,151673
151673,SpaGCN,3,11,0.2654624427,0.2621405296,0.003321913102,0.5412240307,0.643927501,151673
151673,SpaGCN,3,12,0.2654624427,0.27942371,0.01396126734,0.6851568285,0.7264702681,151673
151673,SpaGCN,3,14,0.2654624427,0.2761256155,0.01066317285,0.7455423158,0.7682237892,151673
151673,SpaGCN,3,16,0.2654624427,0.247141526,0.01832091666,0.4461465602,0.5991038862,151673
151673,SpaGCN,3,19,0.2654624427,0.2838627096,0.01840026692,0.6431343762,0.7035295562,151673
151673,SpaGCN,3,20,0.2654624427,0.2814533308,0.01599088813,0.5045581392,0.6334955786,151673
151673,SpaGCN,5,6,0.2674882405,0.2873032124,0.01981497196,0.6199341306,0.69636624,151673
151673,SpaGCN,5,8,0.2674882405,0.2847249001,0.01723665958,0.5324452781,0.625620948,151673
151673,SpaGCN,5,11,0.2674882405,0.2621405296,0.005347710908,0.5467401592,0.6512059825,151673
151673,SpaGCN,5,12,0.2674882405,0.27942371,0.01193546954,0.5669870369,0.6533745785,151673
151673,SpaGCN,5,13,0.2674882405,0.2863286707,0.01884043025,0.4919714898,0.61058069,151673
151673,SpaGCN,5,14,0.2674882405,0.2761256155,0.008637375041,0.6495341975,0.7145542891,151673
151673,SpaGCN,5,19,0.2674882405,0.2838627096,0.01637446912,0.6227472449,0.7033770885,151673
151673,SpaGCN,5,20,0.2674882405,0.2814533308,0.01396509032,0.5000073985,0.61768406,151673
151673,SpaGCN,6,7,0.2873032124,0.2971823027,0.009879090303,0.7411911279,0.7604736377,151673
151673,SpaGCN,6,8,0.2873032124,0.2847249001,0.002578312379,0.5126671631,0.6173340801,151673
151673,SpaGCN,6,10,0.2873032124,0.2899618102,0.002658597717,0.7630913151,0.7746479335,151673
151673,SpaGCN,6,12,0.2873032124,0.27942371,0.007879502422,0.6519261073,0.6990834663,151673
151673,SpaGCN,6,13,0.2873032124,0.2863286707,0.0009745417121,0.5282080708,0.6439961267,151673
151673,SpaGCN,6,14,0.2873032124,0.2761256155,0.01117759692,0.7560542187,0.7630715195,151673
151673,SpaGCN,6,19,0.2873032124,0.2838627096,0.003440502844,0.7292325982,0.7505269922,151673
151673,SpaGCN,6,20,0.2873032124,0.2814533308,0.005849881636,0.5134995372,0.6312408576,151673
151673,SpaGCN,7,8,0.2971823027,0.2847249001,0.01245740268,0.5022507856,0.6140925722,151673
151673,SpaGCN,7,10,0.2971823027,0.2899618102,0.007220492586,0.7884996357,0.7914075708,151673
151673,SpaGCN,7,12,0.2971823027,0.27942371,0.01775859272,0.6898606238,0.7354665162,151673
151673,SpaGCN,7,13,0.2971823027,0.2863286707,0.01085363201,0.5276803027,0.6421413983,151673
151673,SpaGCN,7,19,0.2971823027,0.2838627096,0.01331959315,0.747784236,0.7665401753,151673
151673,SpaGCN,7,20,0.2971823027,0.2814533308,0.01572897194,0.5288106974,0.6468905516,151673
151673,SpaGCN,8,10,0.2847249001,0.2899618102,0.005236910095,0.5034310059,0.6170153957,151673
151673,SpaGCN,8,12,0.2847249001,0.27942371,0.005301190043,0.5273521922,0.6273054497,151673
151673,SpaGCN,8,13,0.2847249001,0.2863286707,0.001603770667,0.5471817371,0.6331874742,151673
151673,SpaGCN,8,14,0.2847249001,0.2761256155,0.00859928454,0.5120177207,0.6107642946,151673
151673,SpaGCN,8,19,0.2847249001,0.2838627096,0.0008621904649,0.4845646875,0.6003338127,151673
151673,SpaGCN,8,20,0.2847249001,0.2814533308,0.003271569257,0.5356229272,0.6282544206,151673
151673,SpaGCN,9,15,0.2187976796,0.2009350986,0.01786258102,0.6431817232,0.7033252329,151673
151673,SpaGCN,9,17,0.2187976796,0.2342514292,0.01545374963,0.5181202223,0.5962797948,151673
151673,SpaGCN,9,18,0.2187976796,0.2244125886,0.005614909043,0.6726097796,0.7264378032,151673
151673,SpaGCN,10,12,0.2899618102,0.27942371,0.01053810014,0.6373090162,0.6971875649,151673
151673,SpaGCN,10,13,0.2899618102,0.2863286707,0.003633139429,0.5275263118,0.6408689339,151673
151673,SpaGCN,10,14,0.2899618102,0.2761256155,0.01383619464,0.706464147,0.7265563727,151673
151673,SpaGCN,10,19,0.2899618102,0.2838627096,0.00609910056,0.7320491677,0.7491967338,151673
151673,SpaGCN,10,20,0.2899618102,0.2814533308,0.008508479353,0.514987734,0.627629964,151673
151673,SpaGCN,11,12,0.2621405296,0.27942371,0.01728318045,0.5118787672,0.6171039207,151673
151673,SpaGCN,11,14,0.2621405296,0.2761256155,0.01398508595,0.5087750078,0.6272158898,151673
151673,SpaGCN,11,16,0.2621405296,0.247141526,0.01499900356,0.5024877719,0.6187978728,151673
151673,SpaGCN,11,20,0.2621405296,0.2814533308,0.01931280123,0.4761271432,0.6120662695,151673
151673,SpaGCN,12,13,0.27942371,0.2863286707,0.00690496071,0.5563124089,0.6646195532,151673
151673,SpaGCN,12,14,0.27942371,0.2761256155,0.003298094497,0.6951010178,0.7365879421,151673
151673,SpaGCN,12,19,0.27942371,0.2838627096,0.004438999578,0.625508351,0.6887989768,151673
151673,SpaGCN,12,20,0.27942371,0.2814533308,0.002029620786,0.5837959175,0.6884565644,151673
151673,SpaGCN,13,14,0.2863286707,0.2761256155,0.01020305521,0.5286414247,0.6425992141,151673
151673,SpaGCN,13,19,0.2863286707,0.2838627096,0.002465961132,0.4849069571,0.6138935616,151673
151673,SpaGCN,13,20,0.2863286707,0.2814533308,0.004875339924,0.7595255358,0.7633518417,151673
151673,SpaGCN,14,19,0.2761256155,0.2838627096,0.007737094075,0.7432855095,0.7583537549,151673
151673,SpaGCN,14,20,0.2761256155,0.2814533308,0.005327715283,0.5292066287,0.6488885759,151673
151673,SpaGCN,16,17,0.247141526,0.2342514292,0.01289009681,0.4889264067,0.5856401577,151673
151673,SpaGCN,17,18,0.2342514292,0.2244125886,0.00983884059,0.537486416,0.6124718922,151673
151673,SpaGCN,19,20,0.2838627096,0.2814533308,0.002409378792,0.4915221413,0.6206929189,151673
151673,BANKSY,1,2,0.324903826,0.3283360431,0.003432217047,0.5644765755,0.7763587081,151673
151673,BANKSY,1,4,0.324903826,0.3199417319,0.004962094141,0.5774704584,0.7926608895,151673
151673,BANKSY,1,10,0.324903826,0.3285443389,0.003640512824,0.5642720007,0.7750449164,151673
151673,BANKSY,1,11,0.324903826,0.3149463484,0.009957477626,0.9714402781,0.9511524841,151673
151673,BANKSY,1,13,0.324903826,0.3283360431,0.003432217047,0.5644765755,0.7763587081,151673
151673,BANKSY,1,15,0.324903826,0.3133799546,0.01152387144,0.6033053243,0.7887835558,151673
151673,BANKSY,1,16,0.324903826,0.3144869638,0.01041686219,0.6010902304,0.7870794932,151673
151673,BANKSY,1,18,0.324903826,0.3285443389,0.003640512824,0.5642720007,0.7750449164,151673
151673,BANKSY,1,19,0.324903826,0.3207024795,0.004201346582,0.5721423795,0.7653798707,151673
151673,BANKSY,2,4,0.3283360431,0.3199417319,0.008394311188,0.9701835222,0.9615600906,151673
151673,BANKSY,2,10,0.3283360431,0.3285443389,0.0002082957776,0.9997382451,0.9988498472,151673
151673,BANKSY,2,11,0.3283360431,0.3149463484,0.01338969467,0.5761222278,0.7961721118,151673
151673,BANKSY,2,13,0.3283360431,0.3283360431,0,1,1,151673
151673,BANKSY,2,15,0.3283360431,0.3133799546,0.01495608849,0.5958014675,0.7401261358,151673
151673,BANKSY,2,16,0.3283360431,0.3144869638,0.01384907924,0.5924036724,0.7377577349,151673
151673,BANKSY,2,18,0.3283360431,0.3285443389,0.0002082957776,0.9997382451,0.9988498472,151673
151673,BANKSY,2,19,0.3283360431,0.3207024795,0.007633563629,0.9314057552,0.9086326605,151673
151673,BANKSY,3,5,0.3750827572,0.3754829268,0.0004001696358,0.9644235944,0.9328911334,151673
151673,BANKSY,3,6,0.3750827572,0.3754829268,0.0004001696358,0.9644235944,0.9328911334,151673
151673,BANKSY,3,9,0.3750827572,0.3754829268,0.0004001696358,0.9644235944,0.9328911334,151673
151673,BANKSY,3,12,0.3750827572,0.3754829268,0.0004001696358,0.9644235944,0.9328911334,151673
151673,BANKSY,3,14,0.3750827572,0.3555526312,0.01953012599,0.9406158806,0.8990725966,151673
151673,BANKSY,3,17,0.3750827572,0.3752231552,0.00014039799,0.9626981934,0.9312467864,151673
151673,BANKSY,4,8,0.3199417319,0.301873243,0.01806848888,0.5791386286,0.7839613112,151673
151673,BANKSY,4,10,0.3199417319,0.3285443389,0.008602606966,0.970444633,0.9627137603,151673
151673,BANKSY,4,11,0.3199417319,0.3149463484,0.004995383485,0.5903879644,0.8162279831,151673
151673,BANKSY,4,13,0.3199417319,0.3283360431,0.008394311188,0.9701835222,0.9615600906,151673
151673,BANKSY,4,15,0.3199417319,0.3133799546,0.0065617773,0.6074712847,0.7456635772,151673
151673,BANKSY,4,16,0.3199417319,0.3144869638,0.005454768047,0.6040077631,0.7432319821,151673
151673,BANKSY,4,18,0.3199417319,0.3285443389,0.008602606966,0.970444633,0.9627137603,151673
151673,BANKSY,4,19,0.3199417319,0.3207024795,0.0007607475593,0.9545488537,0.9321833637,151673
151673,BANKSY,4,20,0.3199417319,0.300618627,0.01932310485,0.5766961089,0.7813777278,151673
151673,BANKSY,5,6,0.3754829268,0.3754829268,0,1,1,151673
151673,BANKSY,5,9,0.3754829268,0.3754829268,0,1,1,151673
151673,BANKSY,5,12,0.3754829268,0.3754829268,0,1,1,151673
151673,BANKSY,5,14,0.3754829268,0.3555526312,0.01993029563,0.9680245779,0.9369006324,151673
151673,BANKSY,5,17,0.3754829268,0.3752231552,0.0002597716458,0.9982404529,0.9974459533,151673
151673,BANKSY,6,9,0.3754829268,0.3754829268,0,1,1,151673
151673,BANKSY,6,12,0.3754829268,0.3754829268,0,1,1,151673
151673,BANKSY,6,14,0.3754829268,0.3555526312,0.01993029563,0.9680245779,0.9369006324,151673
151673,BANKSY,6,17,0.3754829268,0.3752231552,0.0002597716458,0.9982404529,0.9974459533,151673
151673,BANKSY,8,11,0.301873243,0.3149463484,0.0130731054,0.9681381902,0.9154074554,151673
151673,BANKSY,8,15,0.301873243,0.3133799546,0.01150671158,0.5909747288,0.744195762,151673
151673,BANKSY,8,16,0.301873243,0.3144869638,0.01261372084,0.5887242121,0.7430022422,151673
151673,BANKSY,8,19,0.301873243,0.3207024795,0.01882923644,0.5739781019,0.7645531048,151673
151673,BANKSY,8,20,0.301873243,0.300618627,0.00125461597,0.9973453633,0.9954198357,151673
151673,BANKSY,9,12,0.3754829268,0.3754829268,0,1,1,151673
151673,BANKSY,9,14,0.3754829268,0.3555526312,0.01993029563,0.9680245779,0.9369006324,151673
151673,BANKSY,9,17,0.3754829268,0.3752231552,0.0002597716458,0.9982404529,0.9974459533,151673
151673,BANKSY,10,11,0.3285443389,0.3149463484,0.01359799045,0.5759202736,0.7948388473,151673
151673,BANKSY,10,13,0.3285443389,0.3283360431,0.0002082957776,0.9997382451,0.9988498472,151673
151673,BANKSY,10,15,0.3285443389,0.3133799546,0.01516438427,0.595572362,0.7389049411,151673
151673,BANKSY,10,16,0.3285443389,0.3144869638,0.01405737501,0.5921744679,0.736536895,151673
151673,BANKSY,10,18,0.3285443389,0.3285443389,0,1,1,151673
151673,BANKSY,10,19,0.3285443389,0.3207024795,0.007841859406,0.9311801975,0.9080870643,151673
151673,BANKSY,11,13,0.3149463484,0.3283360431,0.01338969467,0.5761222278,0.7961721118,151673
151673,BANKSY,11,15,0.3149463484,0.3133799546,0.001566393816,0.6140881101,0.7910698515,151673
151673,BANKSY,11,16,0.3149463484,0.3144869638,0.0004593845622,0.6118246264,0.789501968,151673
151673,BANKSY,11,18,0.3149463484,0.3285443389,0.01359799045,0.5759202736,0.7948388473,151673
151673,BANKSY,11,19,0.3149463484,0.3207024795,0.005756131044,0.5844542321,0.7895665182,151673
151673,BANKSY,11,20,0.3149463484,0.300618627,0.01432772137,0.9690186942,0.9155245005,151673
151673,BANKSY,12,14,0.3754829268,0.3555526312,0.01993029563,0.9680245779,0.9369006324,151673
151673,BANKSY,12,17,0.3754829268,0.3752231552,0.0002597716458,0.9982404529,0.9974459533,151673
151673,BANKSY,13,15,0.3283360431,0.3133799546,0.01495608849,0.5958014675,0.7401261358,151673
151673,BANKSY,13,16,0.3283360431,0.3144869638,0.01384907924,0.5924036724,0.7377577349,151673
151673,BANKSY,13,18,0.3283360431,0.3285443389,0.0002082957776,0.9997382451,0.9988498472,151673
151673,BANKSY,13,19,0.3283360431,0.3207024795,0.007633563629,0.9314057552,0.9086326605,151673
151673,BANKSY,14,17,0.3555526312,0.3752231552,0.01967052398,0.9680298623,0.9364599494,151673
151673,BANKSY,15,16,0.3133799546,0.3144869638,0.001107009253,0.9949405745,0.9924639382,151673
151673,BANKSY,15,18,0.3133799546,0.3285443389,0.01516438427,0.595572362,0.7389049411,151673
151673,BANKSY,15,19,0.3133799546,0.3207024795,0.00732252486,0.6036256225,0.7216310604,151673
151673,BANKSY,15,20,0.3133799546,0.300618627,0.01276132755,0.5899213554,0.7424943591,151673
151673,BANKSY,16,18,0.3144869638,0.3285443389,0.01405737501,0.5921744679,0.736536895,151673
151673,BANKSY,16,19,0.3144869638,0.3207024795,0.006215515606,0.600857977,0.7209963264,151673
151673,BANKSY,16,20,0.3144869638,0.300618627,0.01386833681,0.5876702416,0.7412875389,151673
151673,BANKSY,18,19,0.3285443389,0.3207024795,0.007841859406,0.9311801975,0.9080870643,151673
151673,SEDR,1,4,0.528799121577,0.548045286964,0.0192461653866,0.815163971169,0.826886357998,151673
151673,SEDR,1,9,0.528799121577,0.522386254186,0.00641286739157,0.815928600505,0.82527378527,151673
151673,SEDR,1,12,0.528799121577,0.523742487596,0.00505663398134,0.686180683776,0.758031802412,151673
151673,SEDR,1,16,0.528799121577,0.531236580357,0.0024374587795,0.800514656676,0.807475388159,151673
151673,SEDR,1,19,0.528799121577,0.50968024892,0.0191188726569,0.745777045905,0.768580195501,151673
151673,SEDR,1,20,0.528799121577,0.537209966562,0.00841084498463,0.792958721928,0.81267964005,151673
151673,SEDR,2,3,0.595173977593,0.580914096473,0.01425988112,0.887662220749,0.879793534633,151673
151673,SEDR,2,10,0.595173977593,0.615134540459,0.0199605628665,0.792995053073,0.817943002467,151673
151673,SEDR,2,11,0.595173977593,0.611167342857,0.0159933652642,0.853518560448,0.84381476686,151673
151673,SEDR,2,14,0.595173977593,0.603188329755,0.00801435216251,0.754823513756,0.795967112368,151673
151673,SEDR,2,15,0.595173977593,0.593222711182,0.00195126641109,0.78426489169,0.813904012526,151673
151673,SEDR,3,5,0.580914096473,0.565429911593,0.0154841848802,0.86830939751,0.86275851126,151673
151673,SEDR,3,8,0.580914096473,0.57335879467,0.00755530180278,0.672957101738,0.770657870689,151673
151673,SEDR,3,15,0.580914096473,0.593222711182,0.0123086147089,0.783489580414,0.815038664175,151673
151673,SEDR,3,17,0.580914096473,0.574309819792,0.00660427668096,0.747672701648,0.785220737028,151673
151673,SEDR,4,5,0.548045286964,0.565429911593,0.0173846246287,0.797466100553,0.805418375786,151673
151673,SEDR,4,6,0.548045286964,0.55916412036,0.0111188333957,0.787401564107,0.802298016086,151673
151673,SEDR,4,16,0.548045286964,0.531236580357,0.0168087066071,0.812914577043,0.812191643051,151673
151673,SEDR,4,20,0.548045286964,0.537209966562,0.0108353204019,0.80808123463,0.810185085103,151673
151673,SEDR,5,6,0.565429911593,0.55916412036,0.00626579123297,0.886196189702,0.873825147501,151673
151673,SEDR,5,8,0.565429911593,0.57335879467,0.00792888307742,0.718326483197,0.784377581008,151673
151673,SEDR,5,17,0.565429911593,0.574309819792,0.00887990819924,0.704699503084,0.772300221237,151673
151673,SEDR,6,8,0.55916412036,0.57335879467,0.0141946743104,0.702636378365,0.78824227168,151673
151673,SEDR,6,17,0.55916412036,0.574309819792,0.0151456994322,0.729966852575,0.777991117648,151673
151673,SEDR,8,15,0.57335879467,0.593222711182,0.0198639165117,0.609043793273,0.737446873998,151673
151673,SEDR,8,17,0.57335879467,0.574309819792,0.000951025121818,0.542809290872,0.690960162606,151673
151673,SEDR,9,12,0.522386254186,0.523742487596,0.00135623341023,0.680673661386,0.766560795288,151673
151673,SEDR,9,16,0.522386254186,0.531236580357,0.00885032617107,0.791906050956,0.811057140407,151673
151673,SEDR,9,19,0.522386254186,0.50968024892,0.0127060052654,0.758111187386,0.788533074532,151673
151673,SEDR,9,20,0.522386254186,0.537209966562,0.0148237123762,0.772698574614,0.803597316656,151673
151673,SEDR,10,11,0.615134540459,0.611167342857,0.00396719760235,0.827065526219,0.840566710777,151673
151673,SEDR,10,14,0.615134540459,0.603188329755,0.011946210704,0.875483705377,0.866546017101,151673
151673,SEDR,10,18,0.615134540459,0.617008423095,0.00187388263595,0.80652348462,0.820404033847,151673
151673,SEDR,11,14,0.611167342857,0.603188329755,0.00797901310168,0.801911578562,0.828370867729,151673
151673,SEDR,11,15,0.611167342857,0.593222711182,0.0179446316753,0.829060676796,0.840041893381,151673
151673,SEDR,11,18,0.611167342857,0.617008423095,0.0058410802383,0.852034719704,0.847104932061,151673
151673,SEDR,12,16,0.523742487596,0.531236580357,0.00749409276084,0.750399990416,0.786447489048,151673
151673,SEDR,12,19,0.523742487596,0.50968024892,0.0140622386756,0.776350232409,0.815460902599,151673
151673,SEDR,12,20,0.523742487596,0.537209966562,0.013467478966,0.758583865119,0.789695093297,151673
151673,SEDR,13,19,0.493042841902,0.50968024892,0.0166374070184,0.871871882731,0.850276051402,151673
151673,SEDR,14,15,0.603188329755,0.593222711182,0.00996561857359,0.849133093138,0.844219176947,151673
151673,SEDR,14,18,0.603188329755,0.617008423095,0.01382009334,0.789968348638,0.81260451542,151673
151673,SEDR,15,17,0.593222711182,0.574309819792,0.0189128913899,0.830402896582,0.83458667778,151673
151673,SEDR,16,20,0.531236580357,0.537209966562,0.00597338620513,0.801133508942,0.794202122045,151673
151674,GraphST,1,2,0.1686199038,0.1802139594,0.01159405555,0.5473970399,0.6135806499,151674
151674,GraphST,1,3,0.1686199038,0.1651480478,0.003471856013,0.6638724092,0.6584681811,151674
151674,GraphST,1,5,0.1686199038,0.1744841548,0.005864250975,0.6245064714,0.642571089,151674
151674,GraphST,1,7,0.1686199038,0.1501472613,0.0184726425,0.6243443585,0.6431144763,151674
151674,GraphST,1,9,0.1686199038,0.1863838119,0.0177639081,0.6061786261,0.6125337233,151674
151674,GraphST,1,13,0.1686199038,0.186190845,0.01757094123,0.650911688,0.6559555997,151674
151674,GraphST,1,18,0.1686199038,0.1622857219,0.006334181868,0.6657145771,0.6645601858,151674
151674,GraphST,1,19,0.1686199038,0.1859637891,0.01734388529,0.6269512828,0.627631595,151674
151674,GraphST,2,3,0.1802139594,0.1651480478,0.01506591157,0.5479118834,0.6036118314,151674
151674,GraphST,2,5,0.1802139594,0.1744841548,0.005729804578,0.5643262285,0.6150406167,151674
151674,GraphST,2,6,0.1802139594,0.1974532291,0.0172392697,0.540393505,0.6016781768,151674
151674,GraphST,2,9,0.1802139594,0.1863838119,0.006169852548,0.5410870597,0.5923539459,151674
151674,GraphST,2,10,0.1802139594,0.1980120318,0.01779807245,0.5021279725,0.5773957135,151674
151674,GraphST,2,13,0.1802139594,0.186190845,0.005976885675,0.513349857,0.6003594401,151674
151674,GraphST,2,15,0.1802139594,0.1971459546,0.01693199528,0.56486538,0.6223350137,151674
151674,GraphST,2,18,0.1802139594,0.1622857219,0.01792823742,0.5548879725,0.606095439,151674
151674,GraphST,2,19,0.1802139594,0.1859637891,0.005749829742,0.5420966618,0.6053143563,151674
151674,GraphST,3,5,0.1651480478,0.1744841548,0.009336106988,0.65280737,0.6580431436,151674
151674,GraphST,3,7,0.1651480478,0.1501472613,0.01500078648,0.6469430983,0.6633826405,151674
151674,GraphST,3,18,0.1651480478,0.1622857219,0.002862325855,0.686972055,0.682197427,151674
151674,GraphST,4,6,0.2099855293,0.1974532291,0.01253230024,0.5916309709,0.6161439709,151674
151674,GraphST,4,8,0.2099855293,0.2113717819,0.001386252566,0.6611895917,0.6682422988,151674
151674,GraphST,4,10,0.2099855293,0.1980120318,0.01197349749,0.5600518116,0.6030377491,151674
151674,GraphST,4,12,0.2099855293,0.2074530721,0.002532457176,0.5534346445,0.5948184481,151674
151674,GraphST,4,14,0.2099855293,0.2284912561,0.01850572679,0.6039666342,0.6246555792,151674
151674,GraphST,4,15,0.2099855293,0.1971459546,0.01283957466,0.6210930378,0.6262746292,151674
151674,GraphST,4,16,0.2099855293,0.2061742218,0.003811307538,0.5061702633,0.5673713381,151674
151674,GraphST,4,17,0.2099855293,0.2274187189,0.01743318965,0.5717775546,0.6079875709,151674
151674,GraphST,4,20,0.2099855293,0.2143696963,0.004384166965,0.6059473166,0.624809622,151674
151674,GraphST,5,9,0.1744841548,0.1863838119,0.01189965713,0.6189701303,0.6360517527,151674
151674,GraphST,5,13,0.1744841548,0.186190845,0.01170669025,0.6326526841,0.6582252136,151674
151674,GraphST,5,18,0.1744841548,0.1622857219,0.01219843284,0.6596738786,0.6657463944,151674
151674,GraphST,5,19,0.1744841548,0.1859637891,0.01147963432,0.623854559,0.6388431272,151674
151674,GraphST,6,8,0.1974532291,0.2113717819,0.0139185528,0.6166827099,0.6242363978,151674
151674,GraphST,6,9,0.1974532291,0.1863838119,0.01106941716,0.5701664468,0.6059995506,151674
151674,GraphST,6,10,0.1974532291,0.1980120318,0.0005588027465,0.6177989804,0.6277502755,151674
151674,GraphST,6,12,0.1974532291,0.2074530721,0.009999843061,0.5814372988,0.6038986617,151674
151674,GraphST,6,13,0.1974532291,0.186190845,0.01126238403,0.563401401,0.6021991634,151674
151674,GraphST,6,15,0.1974532291,0.1971459546,0.0003072744207,0.5559831326,0.5841260574,151674
151674,GraphST,6,16,0.1974532291,0.2061742218,0.0087209927,0.5742529383,0.6062157046,151674
151674,GraphST,6,19,0.1974532291,0.1859637891,0.01148943996,0.5830364909,0.6170923859,151674
151674,GraphST,6,20,0.1974532291,0.2143696963,0.0169164672,0.6087931271,0.6206761755,151674
151674,GraphST,7,18,0.1501472613,0.1622857219,0.01213846063,0.6379084245,0.6572214502,151674
151674,GraphST,8,10,0.2113717819,0.1980120318,0.01335975006,0.566061448,0.5955133862,151674
151674,GraphST,8,12,0.2113717819,0.2074530721,0.003918709742,0.551970355,0.5948863315,151674
151674,GraphST,8,14,0.2113717819,0.2284912561,0.01711947422,0.6148507039,0.6329264913,151674
151674,GraphST,8,15,0.2113717819,0.1971459546,0.01422582722,0.6533050211,0.6538271222,151674
151674,GraphST,8,16,0.2113717819,0.2061742218,0.005197560103,0.5325282394,0.5878212206,151674
151674,GraphST,8,17,0.2113717819,0.2274187189,0.01604693708,0.5843730302,0.6112269606,151674
151674,GraphST,8,20,0.2113717819,0.2143696963,0.0029979144,0.6101175104,0.6337697524,151674
151674,GraphST,9,10,0.1863838119,0.1980120318,0.0116282199,0.5460991659,0.587563459,151674
151674,GraphST,9,13,0.1863838119,0.186190845,0.0001929668727,0.6430067371,0.651538375,151674
151674,GraphST,9,15,0.1863838119,0.1971459546,0.01076214274,0.6321490817,0.6234395819,151674
151674,GraphST,9,16,0.1863838119,0.2061742218,0.01979040986,0.477848365,0.5489403434,151674
151674,GraphST,9,19,0.1863838119,0.1859637891,0.0004200228058,0.6727266366,0.6852270048,151674
151674,GraphST,10,12,0.1980120318,0.2074530721,0.009441040315,0.5898873966,0.6198700267,151674
151674,GraphST,10,13,0.1980120318,0.186190845,0.01182118678,0.5561119315,0.5914260772,151674
151674,GraphST,10,15,0.1980120318,0.1971459546,0.0008660771672,0.5302753258,0.5738510202,151674
151674,GraphST,10,16,0.1980120318,0.2061742218,0.008162189953,0.5998571918,0.6259070938,151674
151674,GraphST,10,19,0.1980120318,0.1859637891,0.01204824271,0.5849060261,0.6202044517,151674
151674,GraphST,10,20,0.1980120318,0.2143696963,0.01635766446,0.5634021277,0.6033660938,151674
151674,GraphST,11,14,0.2359508844,0.2284912561,0.007459628362,0.584381655,0.6284590758,151674
151674,GraphST,11,17,0.2359508844,0.2274187189,0.008532165503,0.6210589197,0.6448492294,151674
151674,GraphST,12,15,0.2074530721,0.1971459546,0.01030711748,0.543228932,0.5792294782,151674
151674,GraphST,12,16,0.2074530721,0.2061742218,0.001278850361,0.5983028118,0.626843587,151674
151674,GraphST,12,17,0.2074530721,0.2274187189,0.01996564682,0.5906812205,0.6213050868,151674
151674,GraphST,12,20,0.2074530721,0.2143696963,0.006916624142,0.5638395964,0.5964364387,151674
151674,GraphST,13,15,0.186190845,0.1971459546,0.01095510961,0.6412600403,0.6429283786,151674
151674,GraphST,13,16,0.186190845,0.2061742218,0.01998337673,0.5247539311,0.5919807408,151674
151674,GraphST,13,19,0.186190845,0.1859637891,0.0002270559331,0.6742015289,0.6730721797,151674
151674,GraphST,14,17,0.2284912561,0.2274187189,0.001072537141,0.6205164362,0.636015402,151674
151674,GraphST,14,20,0.2284912561,0.2143696963,0.01412155982,0.6309208669,0.6402840831,151674
151674,GraphST,15,16,0.1971459546,0.2061742218,0.009028267121,0.5033333938,0.5687476502,151674
151674,GraphST,15,19,0.1971459546,0.1859637891,0.01118216554,0.6469731541,0.650486497,151674
151674,GraphST,15,20,0.1971459546,0.2143696963,0.01722374162,0.5741091207,0.5976434694,151674
151674,GraphST,16,20,0.2061742218,0.2143696963,0.008195474503,0.5299441834,0.5869341142,151674
151674,GraphST,17,20,0.2274187189,0.2143696963,0.01304902268,0.5870941796,0.6197419072,151674
151674,STAGATE,1,3,0.203542955,0.1869109582,0.01663199684,0.6382720416,0.6489123137,151674
151674,STAGATE,1,4,0.203542955,0.2189472045,0.01540424949,0.5591206753,0.6428146858,151674
151674,STAGATE,1,6,0.203542955,0.2020949527,0.00144800228,0.689129225,0.7069478977,151674
151674,STAGATE,1,8,0.203542955,0.214631069,0.01108811397,0.5610010774,0.6351852074,151674
151674,STAGATE,1,10,0.203542955,0.1856210375,0.01792191751,0.4351005724,0.5951960673,151674
151674,STAGATE,1,12,0.203542955,0.2142660288,0.01072307379,0.6936865142,0.7069636462,151674
151674,STAGATE,1,14,0.203542955,0.2146455013,0.01110254631,0.7300457307,0.7229171401,151674
151674,STAGATE,1,15,0.203542955,0.218025935,0.01448298005,0.4301618876,0.5902093947,151674
151674,STAGATE,1,16,0.203542955,0.2216493099,0.01810635488,0.5595672785,0.6445718033,151674
151674,STAGATE,1,17,0.203542955,0.202695257,0.0008476980213,0.5165145344,0.6186022169,151674
151674,STAGATE,1,19,0.203542955,0.2055342887,0.001991333677,0.7261289425,0.7302713433,151674
151674,STAGATE,1,20,0.203542955,0.2116575669,0.008114611959,0.5464020072,0.6209718678,151674
151674,STAGATE,2,4,0.2354745105,0.2189472045,0.01652730597,0.619485848,0.6851114211,151674
151674,STAGATE,2,5,0.2354745105,0.2339261554,0.001548355037,0.4988991883,0.6016074095,151674
151674,STAGATE,2,11,0.2354745105,0.2324536139,0.003020896589,0.6663856794,0.6925844171,151674
151674,STAGATE,2,13,0.2354745105,0.2324069573,0.003067553113,0.5727774044,0.6621773417,151674
151674,STAGATE,2,15,0.2354745105,0.218025935,0.01744857541,0.5080198764,0.6368183958,151674
151674,STAGATE,2,16,0.2354745105,0.2216493099,0.01382520059,0.6261748564,0.6755616597,151674
151674,STAGATE,3,6,0.1869109582,0.2020949527,0.01518399456,0.7037043652,0.6826995357,151674
151674,STAGATE,3,9,0.1869109582,0.1716938378,0.01521712037,0.6429828128,0.6618676401,151674
151674,STAGATE,3,10,0.1869109582,0.1856210375,0.001289920677,0.4372710833,0.56192529,151674
151674,STAGATE,3,17,0.1869109582,0.202695257,0.01578429882,0.4639905107,0.5771217075,151674
151674,STAGATE,3,19,0.1869109582,0.2055342887,0.01862333051,0.6907291008,0.6842821645,151674
151674,STAGATE,4,5,0.2189472045,0.2339261554,0.01497895093,0.552517254,0.6293802093,151674
151674,STAGATE,4,6,0.2189472045,0.2020949527,0.01685225177,0.6020623186,0.6691538275,151674
151674,STAGATE,4,8,0.2189472045,0.214631069,0.004316135527,0.6855224711,0.7119171323,151674
151674,STAGATE,4,11,0.2189472045,0.2324536139,0.01350640938,0.6612419411,0.7121030749,151674
151674,STAGATE,4,12,0.2189472045,0.2142660288,0.0046811757,0.5284946832,0.6238566576,151674
151674,STAGATE,4,13,0.2189472045,0.2324069573,0.01345975286,0.6038782232,0.6705904513,151674
151674,STAGATE,4,14,0.2189472045,0.2146455013,0.004301703185,0.5668242604,0.6402669413,151674
151674,STAGATE,4,15,0.2189472045,0.218025935,0.0009212694385,0.5768709068,0.6840076568,151674
151674,STAGATE,4,16,0.2189472045,0.2216493099,0.002702105384,0.685230494,0.7163712841,151674
151674,STAGATE,4,17,0.2189472045,0.202695257,0.01625194751,0.6135116339,0.6816002847,151674
151674,STAGATE,4,19,0.2189472045,0.2055342887,0.01341291582,0.602704676,0.6748414525,151674
151674,STAGATE,4,20,0.2189472045,0.2116575669,0.007289637533,0.6781327005,0.7026571754,151674
151674,STAGATE,5,8,0.2339261554,0.214631069,0.01929508646,0.5510983452,0.6229880797,151674
151674,STAGATE,5,11,0.2339261554,0.2324536139,0.001472541552,0.5177449308,0.6237290049,151674
151674,STAGATE,5,12,0.2339261554,0.2142660288,0.01966012663,0.6722269486,0.6814278776,151674
151674,STAGATE,5,13,0.2339261554,0.2324069573,0.001519198076,0.5139348188,0.6106904883,151674
151674,STAGATE,5,14,0.2339261554,0.2146455013,0.01928065412,0.6835171149,0.6857664604,151674
151674,STAGATE,5,15,0.2339261554,0.218025935,0.01590022037,0.4330982886,0.5902990473,151674
151674,STAGATE,5,16,0.2339261554,0.2216493099,0.01227684555,0.5718825175,0.6453305991,151674
151674,STAGATE,6,8,0.2020949527,0.214631069,0.01253611625,0.5750729975,0.649811351,151674
151674,STAGATE,6,10,0.2020949527,0.1856210375,0.01647391523,0.4581883628,0.5970237336,151674
151674,STAGATE,6,12,0.2020949527,0.2142660288,0.01217107607,0.6724550812,0.6843767736,151674
151674,STAGATE,6,14,0.2020949527,0.2146455013,0.01255054859,0.7162849942,0.7163890979,151674
151674,STAGATE,6,15,0.2020949527,0.218025935,0.01593098233,0.4732914627,0.6066830775,151674
151674,STAGATE,6,16,0.2020949527,0.2216493099,0.01955435716,0.5831897206,0.6569116377,151674
151674,STAGATE,6,17,0.2020949527,0.202695257,0.0006003042591,0.4821557133,0.6028332253,151674
151674,STAGATE,6,19,0.2020949527,0.2055342887,0.003439335957,0.7274066108,0.7270259985,151674
151674,STAGATE,6,20,0.2020949527,0.2116575669,0.009562614239,0.5522270428,0.6232588808,151674
151674,STAGATE,7,9,0.1660756937,0.1716938378,0.005618144048,0.6017092114,0.6493175425,151674
151674,STAGATE,7,10,0.1660756937,0.1856210375,0.01954534374,0.4893853136,0.6039977773,151674
151674,STAGATE,8,11,0.214631069,0.2324536139,0.01782254491,0.6725476009,0.7125521193,151674
151674,STAGATE,8,12,0.214631069,0.2142660288,0.0003650401733,0.5556168964,0.6257579428,151674
151674,STAGATE,8,13,0.214631069,0.2324069573,0.01777588839,0.5842679478,0.6525498296,151674
151674,STAGATE,8,14,0.214631069,0.2146455013,1.443234186e-05,0.5798305867,0.6437523448,151674
151674,STAGATE,8,15,0.214631069,0.218025935,0.003394866088,0.5490334321,0.6636124755,151674
151674,STAGATE,8,16,0.214631069,0.2216493099,0.00701824091,0.6871122202,0.7213444995,151674
151674,STAGATE,8,17,0.214631069,0.202695257,0.01193581199,0.6388779218,0.6856053093,151674
151674,STAGATE,8,19,0.214631069,0.2055342887,0.009096780289,0.5639705361,0.633933239,151674
151674,STAGATE,8,20,0.214631069,0.2116575669,0.002973502006,0.6753033658,0.6911978534,151674
151674,STAGATE,9,10,0.1716938378,0.1856210375,0.0139271997,0.3938480227,0.5482658525,151674
151674,STAGATE,10,17,0.1856210375,0.202695257,0.01707421949,0.4742821147,0.6358466098,151674
151674,STAGATE,10,19,0.1856210375,0.2055342887,0.01991325119,0.4336472273,0.5826276,151674
151674,STAGATE,11,12,0.2324536139,0.2142660288,0.01818758508,0.5663044395,0.648666968,151674
151674,STAGATE,11,13,0.2324536139,0.2324069573,4.66565245e-05,0.5944664116,0.6867831003,151674
151674,STAGATE,11,14,0.2324536139,0.2146455013,0.01780811257,0.550284222,0.6423602722,151674
151674,STAGATE,11,15,0.2324536139,0.218025935,0.01442767882,0.5379550532,0.6731988483,151674
151674,STAGATE,11,16,0.2324536139,0.2216493099,0.010804304,0.6969839461,0.7369263776,151674
151674,STAGATE,12,13,0.2142660288,0.2324069573,0.01814092856,0.4683316198,0.5888912878,151674
151674,STAGATE,12,14,0.2142660288,0.2146455013,0.0003794725151,0.7073619449,0.6994720846,151674
151674,STAGATE,12,15,0.2142660288,0.218025935,0.003759906262,0.4299694453,0.5955406091,151674
151674,STAGATE,12,16,0.2142660288,0.2216493099,0.007383281084,0.5398196234,0.6222744506,151674
151674,STAGATE,12,17,0.2142660288,0.202695257,0.01157077181,0.5084852122,0.6129632787,151674
151674,STAGATE,12,19,0.2142660288,0.2055342887,0.008731740115,0.7071730064,0.7225986621,151674
151674,STAGATE,12,20,0.2142660288,0.2116575669,0.002608461833,0.5541441036,0.6309049717,151674
151674,STAGATE,13,14,0.2324069573,0.2146455013,0.01776145604,0.4677122114,0.5846686001,151674
151674,STAGATE,13,15,0.2324069573,0.218025935,0.0143810223,0.6265044494,0.7065850784,151674
151674,STAGATE,13,16,0.2324069573,0.2216493099,0.01075764747,0.6179762137,0.683977188,151674
151674,STAGATE,14,15,0.2146455013,0.218025935,0.003380433746,0.42872484,0.5865844549,151674
151674,STAGATE,14,16,0.2146455013,0.2216493099,0.007003808569,0.5804638492,0.6552929426,151674
151674,STAGATE,14,17,0.2146455013,0.202695257,0.01195024433,0.5073186711,0.6111410425,151674
151674,STAGATE,14,19,0.2146455013,0.2055342887,0.009111212631,0.7190240054,0.7143790147,151674
151674,STAGATE,14,20,0.2146455013,0.2116575669,0.002987934348,0.5535783503,0.6175341277,151674
151674,STAGATE,15,16,0.218025935,0.2216493099,0.003623374822,0.5679334007,0.6873574463,151674
151674,STAGATE,15,17,0.218025935,0.202695257,0.01533067808,0.4844693775,0.6395541721,151674
151674,STAGATE,15,19,0.218025935,0.2055342887,0.01249164638,0.4647935378,0.6239448833,151674
151674,STAGATE,15,20,0.218025935,0.2116575669,0.006368368095,0.5412628301,0.6599569183,151674
151674,STAGATE,16,17,0.2216493099,0.202695257,0.0189540529,0.6309836891,0.6915186955,151674
151674,STAGATE,16,19,0.2216493099,0.2055342887,0.0161150212,0.587772548,0.6622667819,151674
151674,STAGATE,16,20,0.2216493099,0.2116575669,0.009991742917,0.7021333134,0.7129155912,151674
151674,STAGATE,17,19,0.202695257,0.2055342887,0.002839031698,0.4941461118,0.6131662819,151674
151674,STAGATE,17,20,0.202695257,0.2116575669,0.00896230998,0.6213995435,0.6723712994,151674
151674,STAGATE,19,20,0.2055342887,0.2116575669,0.006123278282,0.5735387042,0.6471860556,151674
151674,SpaGCN,1,2,0.2422400308,0.2379229672,0.004317063576,0.7318335832,0.7511747407,151674
151674,SpaGCN,1,3,0.2422400308,0.2372941382,0.004945892662,0.7398684553,0.7441159843,151674
151674,SpaGCN,1,5,0.2422400308,0.2292186696,0.01302136124,0.6856790037,0.7233065722,151674
151674,SpaGCN,1,7,0.2422400308,0.223339478,0.01890055281,0.6863588627,0.722589395,151674
151674,SpaGCN,1,8,0.2422400308,0.2232303629,0.01900966794,0.6651121241,0.7016737177,151674
151674,SpaGCN,1,10,0.2422400308,0.2278139954,0.01442603545,0.696094562,0.7299339493,151674
151674,SpaGCN,1,12,0.2422400308,0.2471924273,0.004952396512,0.7586202688,0.7611340046,151674
151674,SpaGCN,1,13,0.2422400308,0.2336880062,0.00855202462,0.7548823869,0.7644836922,151674
151674,SpaGCN,1,14,0.2422400308,0.2335930558,0.008646974996,0.7335252851,0.7473386935,151674
151674,SpaGCN,1,15,0.2422400308,0.2402492183,0.001990812524,0.7950063612,0.7907920833,151674
151674,SpaGCN,1,18,0.2422400308,0.2233108873,0.01892914347,0.7240646281,0.7678639307,151674
151674,SpaGCN,1,20,0.2422400308,0.2243304577,0.01790957313,0.7365551725,0.7563706223,151674
151674,SpaGCN,2,3,0.2379229672,0.2372941382,0.000628829086,0.6833060025,0.6967940196,151674
151674,SpaGCN,2,5,0.2379229672,0.2292186696,0.008704297663,0.7949470639,0.7767229541,151674
151674,SpaGCN,2,6,0.2379229672,0.2193429577,0.01858000957,0.7429011325,0.7423156355,151674
151674,SpaGCN,2,7,0.2379229672,0.223339478,0.01458348924,0.7027274909,0.7151000388,151674
151674,SpaGCN,2,8,0.2379229672,0.2232303629,0.01469260436,0.6884874444,0.701342942,151674
151674,SpaGCN,2,10,0.2379229672,0.2278139954,0.01010897187,0.7611406335,0.7626581221,151674
151674,SpaGCN,2,11,0.2379229672,0.2183499467,0.01957302051,0.5782111057,0.6613727908,151674
151674,SpaGCN,2,12,0.2379229672,0.2471924273,0.009269460089,0.7531688506,0.745889366,151674
151674,SpaGCN,2,13,0.2379229672,0.2336880062,0.004234961044,0.7385816667,0.7355118467,151674
151674,SpaGCN,2,14,0.2379229672,0.2335930558,0.004329911419,0.7371018201,0.7479045043,151674
151674,SpaGCN,2,15,0.2379229672,0.2402492183,0.002326251052,0.7082278709,0.7273582974,151674
151674,SpaGCN,2,18,0.2379229672,0.2233108873,0.01461207989,0.7203813961,0.7428370625,151674
151674,SpaGCN,2,20,0.2379229672,0.2243304577,0.01359250955,0.7480944051,0.7466688854,151674
151674,SpaGCN,3,5,0.2372941382,0.2292186696,0.008075468577,0.6866866873,0.715224025,151674
151674,SpaGCN,3,6,0.2372941382,0.2193429577,0.01795118048,0.7455069392,0.7556882455,151674
151674,SpaGCN,3,7,0.2372941382,0.223339478,0.01395466015,0.797039145,0.8061047281,151674
151674,SpaGCN,3,8,0.2372941382,0.2232303629,0.01406377528,0.7547433159,0.7746015589,151674
151674,SpaGCN,3,10,0.2372941382,0.2278139954,0.009480142783,0.7301404511,0.7432302933,151674
151674,SpaGCN,3,11,0.2372941382,0.2183499467,0.01894419143,0.5173664026,0.6229730496,151674
151674,SpaGCN,3,12,0.2372941382,0.2471924273,0.009898289175,0.8089221351,0.7998088996,151674
151674,SpaGCN,3,13,0.2372941382,0.2336880062,0.003606131958,0.7787618191,0.7889275869,151674
151674,SpaGCN,3,14,0.2372941382,0.2335930558,0.003701082333,0.7897096183,0.7806417578,151674
151674,SpaGCN,3,15,0.2372941382,0.2402492183,0.002955080138,0.713673491,0.7196506068,151674
151674,SpaGCN,3,18,0.2372941382,0.2233108873,0.01398325081,0.7143449324,0.7422508161,151674
151674,SpaGCN,3,19,0.2372941382,0.217774118,0.01952002011,0.7165214538,0.7591183548,151674
151674,SpaGCN,3,20,0.2372941382,0.2243304577,0.01296368047,0.7775802144,0.7779394916,151674
151674,SpaGCN,4,5,0.2129460857,0.2292186696,0.01627258389,0.7263126067,0.7544515845,151674
151674,SpaGCN,4,6,0.2129460857,0.2193429577,0.006396871982,0.7702842059,0.7822891327,151674
151674,SpaGCN,4,7,0.2129460857,0.223339478,0.01039339232,0.7824160019,0.8014687311,151674
151674,SpaGCN,4,8,0.2129460857,0.2232303629,0.01028427719,0.7547947852,0.7758493504,151674
151674,SpaGCN,4,10,0.2129460857,0.2278139954,0.01486790968,0.7397200837,0.7652537868,151674
151674,SpaGCN,4,11,0.2129460857,0.2183499467,0.005403861039,0.5579980494,0.6504691606,151674
151674,SpaGCN,4,17,0.2129460857,0.1967868088,0.01615927688,0.5835605198,0.6735140033,151674
151674,SpaGCN,4,18,0.2129460857,0.2233108873,0.01036480166,0.6890598808,0.7395972727,151674
151674,SpaGCN,4,19,0.2129460857,0.217774118,0.004828032358,0.7331371403,0.7772874218,151674
151674,SpaGCN,4,20,0.2129460857,0.2243304577,0.011384372,0.7740723839,0.7973669862,151674
151674,SpaGCN,5,6,0.2292186696,0.2193429577,0.009875711908,0.7627577113,0.7636778129,151674
151674,SpaGCN,5,7,0.2292186696,0.223339478,0.005879191574,0.7253174969,0.7461428103,151674
151674,SpaGCN,5,8,0.2292186696,0.2232303629,0.005988306701,0.7433725248,0.7519468524,151674
151674,SpaGCN,5,10,0.2292186696,0.2278139954,0.001404674206,0.7541387038,0.7546123061,151674
151674,SpaGCN,5,11,0.2292186696,0.2183499467,0.01086872285,0.6099064813,0.6837184835,151674
151674,SpaGCN,5,12,0.2292186696,0.2471924273,0.01797375775,0.7468526197,0.7568179216,151674
151674,SpaGCN,5,13,0.2292186696,0.2336880062,0.004469336619,0.7685506219,0.7677551622,151674
151674,SpaGCN,5,14,0.2292186696,0.2335930558,0.004374386243,0.7332103552,0.7506806937,151674
151674,SpaGCN,5,15,0.2292186696,0.2402492183,0.01103054871,0.6590292574,0.6984847209,151674
151674,SpaGCN,5,18,0.2292186696,0.2233108873,0.005907782229,0.7279970721,0.7548128981,151674
151674,SpaGCN,5,19,0.2292186696,0.217774118,0.01144455153,0.7706727037,0.7833521424,151674
151674,SpaGCN,5,20,0.2292186696,0.2243304577,0.004888211892,0.7767948934,0.784496808,151674
151674,SpaGCN,6,7,0.2193429577,0.223339478,0.003996520334,0.776633679,0.7745618799,151674
151674,SpaGCN,6,8,0.2193429577,0.2232303629,0.003887405207,0.813237971,0.798025865,151674
151674,SpaGCN,6,10,0.2193429577,0.2278139954,0.008471037702,0.8295363774,0.8152648796,151674
151674,SpaGCN,6,11,0.2193429577,0.2183499467,0.0009930109427,0.5737363368,0.6556404485,151674
151674,SpaGCN,6,13,0.2193429577,0.2336880062,0.01434504853,0.7956078087,0.7804187574,151674
151674,SpaGCN,6,14,0.2193429577,0.2335930558,0.01425009815,0.7864344874,0.7856031474,151674
151674,SpaGCN,6,18,0.2193429577,0.2233108873,0.003967929678,0.7526574555,0.7660362964,151674
151674,SpaGCN,6,19,0.2193429577,0.217774118,0.001568839624,0.7850786369,0.7891696961,151674
151674,SpaGCN,6,20,0.2193429577,0.2243304577,0.004987500016,0.8184778029,0.8085233469,151674
151674,SpaGCN,7,8,0.223339478,0.2232303629,0.000109115127,0.8146956582,0.8041746048,151674
151674,SpaGCN,7,10,0.223339478,0.2278139954,0.004474517368,0.7750152043,0.7704770711,151674
151674,SpaGCN,7,11,0.223339478,0.2183499467,0.004989531276,0.5513194434,0.641344578,151674
151674,SpaGCN,7,13,0.223339478,0.2336880062,0.01034852819,0.7807268436,0.776245431,151674
151674,SpaGCN,7,14,0.223339478,0.2335930558,0.01025357782,0.7935776165,0.7929792742,151674
151674,SpaGCN,7,15,0.223339478,0.2402492183,0.01690974029,0.6839612302,0.7181870477,151674
151674,SpaGCN,7,18,0.223339478,0.2233108873,2.859065547e-05,0.7314399489,0.7499831437,151674
151674,SpaGCN,7,19,0.223339478,0.217774118,0.005565359958,0.7777288493,0.7898615853,151674
151674,SpaGCN,7,20,0.223339478,0.2243304577,0.0009909796823,0.8328911779,0.821911739,151674
151674,SpaGCN,8,10,0.2232303629,0.2278139954,0.004583632495,0.7951227109,0.7762646218,151674
151674,SpaGCN,8,11,0.2232303629,0.2183499467,0.004880416149,0.5642879238,0.6410629772,151674
151674,SpaGCN,8,13,0.2232303629,0.2336880062,0.01045764332,0.8095987074,0.8037605052,151674
151674,SpaGCN,8,14,0.2232303629,0.2335930558,0.01036269294,0.7747377047,0.776955411,151674
151674,SpaGCN,8,15,0.2232303629,0.2402492183,0.01701885542,0.6755973357,0.7072468309,151674
151674,SpaGCN,8,18,0.2232303629,0.2233108873,8.05244715e-05,0.7695597414,0.766668494,151674
151674,SpaGCN,8,19,0.2232303629,0.217774118,0.005456244831,0.8067947242,0.7999672968,151674
151674,SpaGCN,8,20,0.2232303629,0.2243304577,0.001100094809,0.8149113031,0.8044428568,151674
151674,SpaGCN,9,16,0.2822475735,0.2721798512,0.01006772226,0.711430207,0.7330454508,151674
151674,SpaGCN,10,11,0.2278139954,0.2183499467,0.009464048644,0.5913848006,0.6700984646,151674
151674,SpaGCN,10,12,0.2278139954,0.2471924273,0.01937843196,0.7592148074,0.7638590702,151674
151674,SpaGCN,10,13,0.2278139954,0.2336880062,0.005874010825,0.7954159038,0.7806963506,151674
151674,SpaGCN,10,14,0.2278139954,0.2335930558,0.005779060449,0.7682358505,0.7742677613,151674
151674,SpaGCN,10,15,0.2278139954,0.2402492183,0.01243522292,0.7038264094,0.7351884204,151674
151674,SpaGCN,10,18,0.2278139954,0.2233108873,0.004503108023,0.7722327864,0.7697602164,151674
151674,SpaGCN,10,19,0.2278139954,0.217774118,0.01003987733,0.7768795076,0.7713705538,151674
151674,SpaGCN,10,20,0.2278139954,0.2243304577,0.003483537685,0.8201544415,0.8052354452,151674
151674,SpaGCN,11,13,0.2183499467,0.2336880062,0.01533805947,0.5450947887,0.636756187,151674
151674,SpaGCN,11,14,0.2183499467,0.2335930558,0.01524310909,0.5440941594,0.6487172291,151674
151674,SpaGCN,11,18,0.2183499467,0.2233108873,0.004960940621,0.5478741783,0.6408105766,151674
151674,SpaGCN,11,19,0.2183499467,0.217774118,0.0005758286811,0.6109303072,0.6800598298,151674
151674,SpaGCN,11,20,0.2183499467,0.2243304577,0.005980510959,0.5590418228,0.6486818992,151674
151674,SpaGCN,12,13,0.2471924273,0.2336880062,0.01350442113,0.7985606736,0.7888340828,151674
151674,SpaGCN,12,14,0.2471924273,0.2335930558,0.01359937151,0.8188870232,0.8089373556,151674
151674,SpaGCN,12,15,0.2471924273,0.2402492183,0.006943209037,0.7657435177,0.7646997101,151674
151674,SpaGCN,13,14,0.2336880062,0.2335930558,9.49503756e-05,0.7874052035,0.7824692858,151674
151674,SpaGCN,13,15,0.2336880062,0.2402492183,0.006561212096,0.7217090295,0.732434907,151674
151674,SpaGCN,13,18,0.2336880062,0.2233108873,0.01037711885,0.8033315029,0.8016421022,151674
151674,SpaGCN,13,19,0.2336880062,0.217774118,0.01591388815,0.7815475865,0.7891133373,151674
151674,SpaGCN,13,20,0.2336880062,0.2243304577,0.009357548511,0.8425256577,0.8214318275,151674
151674,SpaGCN,14,15,0.2335930558,0.2402492183,0.006656162472,0.7559479827,0.7622961356,151674
151674,SpaGCN,14,18,0.2335930558,0.2233108873,0.01028216847,0.7384617032,0.7611843224,151674
151674,SpaGCN,14,19,0.2335930558,0.217774118,0.01581893777,0.7286074514,0.7609739309,151674
151674,SpaGCN,14,20,0.2335930558,0.2243304577,0.009262598135,0.8268669314,0.8139265314,151674
151674,SpaGCN,15,18,0.2402492183,0.2233108873,0.01693833094,0.7309870022,0.768129262,151674
151674,SpaGCN,15,20,0.2402492183,0.2243304577,0.01591876061,0.7487665234,0.7621571395,151674
151674,SpaGCN,18,19,0.2233108873,0.217774118,0.005536769302,0.763902259,0.7702019818,151674
151674,SpaGCN,18,20,0.2233108873,0.2243304577,0.001019570338,0.7953421158,0.801843533,151674
151674,SpaGCN,19,20,0.217774118,0.2243304577,0.00655633964,0.7849284836,0.7984350121,151674
151674,BANKSY,1,2,0.2151570552,0.2150365203,0.0001205348908,0.9971341727,0.9961181065,151674
151674,BANKSY,1,3,0.2151570552,0.2151570552,0,1,1,151674
151674,BANKSY,1,4,0.2151570552,0.2330916852,0.01793463006,0.6495736826,0.7459290792,151674
151674,BANKSY,1,6,0.2151570552,0.2150365203,0.0001205348908,0.9971341727,0.9961181065,151674
151674,BANKSY,1,7,0.2151570552,0.2114659663,0.003691088885,0.8152231204,0.8275786507,151674
151674,BANKSY,1,11,0.2151570552,0.2093550954,0.005801959707,0.9670920901,0.9436614124,151674
151674,BANKSY,1,12,0.2151570552,0.2151570552,0,1,1,151674
151674,BANKSY,1,13,0.2151570552,0.2161670667,0.001010011512,0.7241252948,0.7459838129,151674
151674,BANKSY,1,15,0.2151570552,0.20900156,0.006155495127,0.9642703083,0.9409558982,151674
151674,BANKSY,1,16,0.2151570552,0.2233420939,0.008185038786,0.6472063214,0.7333773279,151674
151674,BANKSY,1,17,0.2151570552,0.2093550954,0.005801959707,0.9670920901,0.9436614124,151674
151674,BANKSY,1,20,0.2151570552,0.209166256,0.005990799137,0.9652048603,0.9418382862,151674
151674,BANKSY,2,3,0.2150365203,0.2151570552,0.0001205348908,0.9971341727,0.9961181065,151674
151674,BANKSY,2,4,0.2150365203,0.2330916852,0.01805516495,0.651753429,0.747246928,151674
151674,BANKSY,2,6,0.2150365203,0.2150365203,0,1,1,151674
151674,BANKSY,2,7,0.2150365203,0.2114659663,0.003570553994,0.8160669477,0.8279634336,151674
151674,BANKSY,2,11,0.2150365203,0.2093550954,0.005681424816,0.9661486537,0.9427489188,151674
151674,BANKSY,2,12,0.2150365203,0.2151570552,0.0001205348908,0.9971341727,0.9961181065,151674
151674,BANKSY,2,13,0.2150365203,0.2161670667,0.001130546403,0.7239078851,0.7456948819,151674
151674,BANKSY,2,15,0.2150365203,0.20900156,0.006034960236,0.9633294607,0.9400721753,151674
151674,BANKSY,2,16,0.2150365203,0.2233420939,0.008305573677,0.6466312605,0.7329243971,151674
151674,BANKSY,2,17,0.2150365203,0.2093550954,0.005681424816,0.9661486537,0.9427489188,151674
151674,BANKSY,2,20,0.2150365203,0.209166256,0.005870264247,0.9642631265,0.940954428,151674
151674,BANKSY,3,4,0.2151570552,0.2330916852,0.01793463006,0.6495736826,0.7459290792,151674
151674,BANKSY,3,6,0.2151570552,0.2150365203,0.0001205348908,0.9971341727,0.9961181065,151674
151674,BANKSY,3,7,0.2151570552,0.2114659663,0.003691088885,0.8152231204,0.8275786507,151674
151674,BANKSY,3,11,0.2151570552,0.2093550954,0.005801959707,0.9670920901,0.9436614124,151674
151674,BANKSY,3,12,0.2151570552,0.2151570552,0,1,1,151674
151674,BANKSY,3,13,0.2151570552,0.2161670667,0.001010011512,0.7241252948,0.7459838129,151674
151674,BANKSY,3,15,0.2151570552,0.20900156,0.006155495127,0.9642703083,0.9409558982,151674
151674,BANKSY,3,16,0.2151570552,0.2233420939,0.008185038786,0.6472063214,0.7333773279,151674
151674,BANKSY,3,17,0.2151570552,0.2093550954,0.005801959707,0.9670920901,0.9436614124,151674
151674,BANKSY,3,20,0.2151570552,0.209166256,0.005990799137,0.9652048603,0.9418382862,151674
151674,BANKSY,4,6,0.2330916852,0.2150365203,0.01805516495,0.651753429,0.747246928,151674
151674,BANKSY,4,12,0.2330916852,0.2151570552,0.01793463006,0.6495736826,0.7459290792,151674
151674,BANKSY,4,13,0.2330916852,0.2161670667,0.01692461855,0.5039559223,0.605738347,151674
151674,BANKSY,4,16,0.2330916852,0.2233420939,0.009749591274,0.4695327839,0.6115607717,151674
151674,BANKSY,5,8,0.2971982693,0.3021818678,0.004983598521,0.9668801265,0.9587027321,151674
151674,BANKSY,5,19,0.2971982693,0.3025505225,0.005352253187,0.9675047155,0.9596403363,151674
151674,BANKSY,6,7,0.2150365203,0.2114659663,0.003570553994,0.8160669477,0.8279634336,151674
151674,BANKSY,6,11,0.2150365203,0.2093550954,0.005681424816,0.9661486537,0.9427489188,151674
151674,BANKSY,6,12,0.2150365203,0.2151570552,0.0001205348908,0.9971341727,0.9961181065,151674
151674,BANKSY,6,13,0.2150365203,0.2161670667,0.001130546403,0.7239078851,0.7456948819,151674
151674,BANKSY,6,15,0.2150365203,0.20900156,0.006034960236,0.9633294607,0.9400721753,151674
151674,BANKSY,6,16,0.2150365203,0.2233420939,0.008305573677,0.6466312605,0.7329243971,151674
151674,BANKSY,6,17,0.2150365203,0.2093550954,0.005681424816,0.9661486537,0.9427489188,151674
151674,BANKSY,6,20,0.2150365203,0.209166256,0.005870264247,0.9642631265,0.940954428,151674
151674,BANKSY,7,11,0.2114659663,0.2093550954,0.002110870822,0.816698174,0.8472746783,151674
151674,BANKSY,7,12,0.2114659663,0.2151570552,0.003691088885,0.8152231204,0.8275786507,151674
151674,BANKSY,7,13,0.2114659663,0.2161670667,0.004701100397,0.7550763266,0.7462999707,151674
151674,BANKSY,7,15,0.2114659663,0.20900156,0.002464406243,0.8191776507,0.8487528783,151674
151674,BANKSY,7,16,0.2114659663,0.2233420939,0.01187612767,0.5735895777,0.6503813719,151674
151674,BANKSY,7,17,0.2114659663,0.2093550954,0.002110870822,0.816698174,0.8472746783,151674
151674,BANKSY,7,20,0.2114659663,0.209166256,0.002299710253,0.8183286952,0.8483648091,151674
151674,BANKSY,8,19,0.3021818678,0.3025505225,0.0003686546664,0.9993655215,0.9988467883,151674
151674,BANKSY,9,10,0.1901303195,0.1888750005,0.001255319024,0.9590755704,0.9357943468,151674
151674,BANKSY,9,11,0.1901303195,0.2093550954,0.0192247759,0.8483382635,0.8406858815,151674
151674,BANKSY,9,14,0.1901303195,0.1902712817,0.0001409622008,0.9974111567,0.9959096175,151674
151674,BANKSY,9,15,0.1901303195,0.20900156,0.01887124048,0.8457201392,0.8388168688,151674
151674,BANKSY,9,17,0.1901303195,0.2093550954,0.0192247759,0.8483382635,0.8406858815,151674
151674,BANKSY,9,20,0.1901303195,0.209166256,0.01903593647,0.8465950802,0.8394004137,151674
151674,BANKSY,10,14,0.1888750005,0.1902712817,0.001396281225,0.9616136965,0.938478269,151674
151674,BANKSY,11,12,0.2093550954,0.2151570552,0.005801959707,0.9670920901,0.9436614124,151674
151674,BANKSY,11,13,0.2093550954,0.2161670667,0.006811971219,0.7239533736,0.7462257677,151674
151674,BANKSY,11,14,0.2093550954,0.1902712817,0.0190838137,0.8476148117,0.8402853294,151674
151674,BANKSY,11,15,0.2093550954,0.20900156,0.0003535354205,0.9952146642,0.9939263231,151674
151674,BANKSY,11,16,0.2093550954,0.2233420939,0.01398699849,0.6357660132,0.7105112929,151674
151674,BANKSY,11,17,0.2093550954,0.2093550954,0,1,1,151674
151674,BANKSY,11,20,0.2093550954,0.209166256,0.0001888394309,0.9980833607,0.9972515015,151674
151674,BANKSY,12,13,0.2151570552,0.2161670667,0.001010011512,0.7241252948,0.7459838129,151674
151674,BANKSY,12,15,0.2151570552,0.20900156,0.006155495127,0.9642703083,0.9409558982,151674
151674,BANKSY,12,16,0.2151570552,0.2233420939,0.008185038786,0.6472063214,0.7333773279,151674
151674,BANKSY,12,17,0.2151570552,0.2093550954,0.005801959707,0.9670920901,0.9436614124,151674
151674,BANKSY,12,20,0.2151570552,0.209166256,0.005990799137,0.9652048603,0.9418382862,151674
151674,BANKSY,13,15,0.2161670667,0.20900156,0.007165506639,0.7237410165,0.7459339344,151674
151674,BANKSY,13,16,0.2161670667,0.2233420939,0.007175027274,0.6683558607,0.7203113376,151674
151674,BANKSY,13,17,0.2161670667,0.2093550954,0.006811971219,0.7239533736,0.7462257677,151674
151674,BANKSY,13,20,0.2161670667,0.209166256,0.00700081065,0.7239533736,0.7462257677,151674
151674,BANKSY,14,15,0.1902712817,0.20900156,0.01873027827,0.8449971035,0.8384160788,151674
151674,BANKSY,14,17,0.1902712817,0.2093550954,0.0190838137,0.8476148117,0.8402853294,151674
151674,BANKSY,14,20,0.1902712817,0.209166256,0.01889497426,0.8458721536,0.8389955765,151674
151674,BANKSY,15,16,0.20900156,0.2233420939,0.01434053391,0.6349346264,0.7098426503,151674
151674,BANKSY,15,17,0.20900156,0.2093550954,0.0003535354205,0.9952146642,0.9939263231,151674
151674,BANKSY,15,20,0.20900156,0.209166256,0.0001646959896,0.9971263653,0.9961133018,151674
151674,BANKSY,16,17,0.2233420939,0.2093550954,0.01398699849,0.6357660132,0.7105112929,151674
151674,BANKSY,16,20,0.2233420939,0.209166256,0.01417583792,0.6355002256,0.710290399,151674
151674,BANKSY,17,20,0.2093550954,0.209166256,0.0001888394309,0.9980833607,0.9972515015,151674
151674,SEDR,1,2,0.537886431516,0.52185012959,0.0160363019262,0.768644925488,0.789156420321,151674
151674,SEDR,1,7,0.537886431516,0.529490514797,0.00839591671874,0.719978729394,0.760072798495,151674
151674,SEDR,1,9,0.537886431516,0.557617680036,0.0197312485195,0.786811648705,0.815071360656,151674
151674,SEDR,1,15,0.537886431516,0.550282146175,0.0123957146584,0.836513628948,0.846896665636,151674
151674,SEDR,1,19,0.537886431516,0.548702303443,0.0108158719268,0.686165205327,0.725035414443,151674
151674,SEDR,2,7,0.52185012959,0.529490514797,0.00764038520748,0.741901082889,0.762340152139,151674
151674,SEDR,3,6,0.583405960682,0.582996282196,0.000409678486295,0.524982929866,0.688152728875,151674
151674,SEDR,3,11,0.583405960682,0.587905218605,0.00449925792288,0.502280155393,0.678605816871,151674
151674,SEDR,3,13,0.583405960682,0.577469363045,0.00593659763744,0.518073968897,0.659513831808,151674
151674,SEDR,3,20,0.583405960682,0.578955115876,0.00445084480656,0.564617472488,0.734092769458,151674
151674,SEDR,4,12,0.613021127989,0.619443423872,0.00642229588301,0.866531340243,0.853852861968,151674
151674,SEDR,4,14,0.613021127989,0.611086670559,0.00193445742999,0.860478883338,0.850309474365,151674
151674,SEDR,4,16,0.613021127989,0.609578368603,0.00344275938571,0.842159352579,0.848353366097,151674
151674,SEDR,5,12,0.637929295596,0.619443423872,0.0184858717234,0.88975620414,0.890112084477,151674
151674,SEDR,5,18,0.637929295596,0.639917859951,0.00198856435529,0.90677223699,0.903562876408,151674
151674,SEDR,6,11,0.582996282196,0.587905218605,0.00490893640917,0.727310590838,0.76776366692,151674
151674,SEDR,6,13,0.582996282196,0.577469363045,0.00552691915115,0.755963693715,0.787346580294,151674
151674,SEDR,6,20,0.582996282196,0.578955115876,0.00404116632027,0.751947382183,0.798116871484,151674
151674,SEDR,7,19,0.529490514797,0.548702303443,0.0192117886456,0.780506801845,0.809775415569,151674
151674,SEDR,8,17,0.434669569789,0.418537372729,0.01613219706,0.622732883959,0.705798139187,151674
151674,SEDR,9,10,0.557617680036,0.559267896558,0.00165021652206,0.713125876406,0.755156472289,151674
151674,SEDR,9,13,0.557617680036,0.577469363045,0.0198516830091,0.733142905252,0.767207418722,151674
151674,SEDR,9,15,0.557617680036,0.550282146175,0.00733553386109,0.762882389353,0.807625806939,151674
151674,SEDR,9,19,0.557617680036,0.548702303443,0.00891537659269,0.673192602312,0.716979118033,151674
151674,SEDR,10,13,0.559267896558,0.577469363045,0.0182014664871,0.713342595491,0.745450241298,151674
151674,SEDR,10,15,0.559267896558,0.550282146175,0.00898575038316,0.629905568107,0.703049311351,151674
151674,SEDR,10,19,0.559267896558,0.548702303443,0.0105655931148,0.644107713609,0.680354196376,151674
151674,SEDR,10,20,0.559267896558,0.578955115876,0.019687219318,0.691824724371,0.745495192801,151674
151674,SEDR,11,13,0.587905218605,0.577469363045,0.0104358555603,0.710922892434,0.776349923478,151674
151674,SEDR,11,20,0.587905218605,0.578955115876,0.00895010272944,0.673942403009,0.758361658425,151674
151674,SEDR,12,14,0.619443423872,0.611086670559,0.008356753313,0.879750893543,0.877810317689,151674
151674,SEDR,12,16,0.619443423872,0.609578368603,0.00986505526872,0.836510380029,0.843831679262,151674
151674,SEDR,13,20,0.577469363045,0.578955115876,0.00148575283088,0.725585150202,0.762980349509,151674
151674,SEDR,14,16,0.611086670559,0.609578368603,0.00150830195573,0.843390528129,0.843151083513,151674
151674,SEDR,15,19,0.550282146175,0.548702303443,0.0015798427316,0.746493150096,0.78158914447,151674
151675,GraphST,1,2,0.1305042668,0.1289900966,0.001514170133,0.5892273126,0.6138085318,151675
151675,GraphST,1,3,0.1305042668,0.1238142169,0.006690049904,0.5656256734,0.6059062197,151675
151675,GraphST,1,4,0.1305042668,0.1499083005,0.01940403374,0.5914863261,0.6304120286,151675
151675,GraphST,1,5,0.1305042668,0.1464852688,0.01598100201,0.5528207658,0.590785674,151675
151675,GraphST,1,6,0.1305042668,0.14064671,0.01014244318,0.5434149979,0.603014943,151675
151675,GraphST,1,8,0.1305042668,0.1462597214,0.01575545463,0.583004098,0.6216569773,151675
151675,GraphST,1,10,0.1305042668,0.1372541022,0.006749835413,0.5624586896,0.6004429639,151675
151675,GraphST,1,13,0.1305042668,0.1333557765,0.002851509679,0.552534295,0.6168865459,151675
151675,GraphST,1,15,0.1305042668,0.1289609744,0.00154329242,0.5342423151,0.6059520094,151675
151675,GraphST,1,16,0.1305042668,0.1459023812,0.01539811443,0.6057927897,0.617714236,151675
151675,GraphST,1,17,0.1305042668,0.1468197551,0.01631548832,0.5618546044,0.5959556784,151675
151675,GraphST,1,18,0.1305042668,0.1271288261,0.003375440688,0.5574849066,0.6028622153,151675
151675,GraphST,2,3,0.1289900966,0.1238142169,0.005175879772,0.5272690209,0.5864270549,151675
151675,GraphST,2,5,0.1289900966,0.1464852688,0.01749517214,0.4878399335,0.5636879037,151675
151675,GraphST,2,6,0.1289900966,0.14064671,0.01165661331,0.4925171418,0.5805645894,151675
151675,GraphST,2,8,0.1289900966,0.1462597214,0.01726962476,0.638157412,0.6318469007,151675
151675,GraphST,2,10,0.1289900966,0.1372541022,0.008264005545,0.5510546081,0.5944359786,151675
151675,GraphST,2,13,0.1289900966,0.1333557765,0.004365679812,0.5264718504,0.5985994795,151675
151675,GraphST,2,15,0.1289900966,0.1289609744,2.912228719e-05,0.4915486944,0.5760020056,151675
151675,GraphST,2,16,0.1289900966,0.1459023812,0.01691228456,0.6483709435,0.6446413887,151675
151675,GraphST,2,17,0.1289900966,0.1468197551,0.01782965845,0.6147576655,0.6430400675,151675
151675,GraphST,2,18,0.1289900966,0.1271288261,0.001861270555,0.637016304,0.6363607743,151675
151675,GraphST,3,6,0.1238142169,0.14064671,0.01683249308,0.5693517989,0.60053227,151675
151675,GraphST,3,10,0.1238142169,0.1372541022,0.01343988532,0.5719349683,0.6095057347,151675
151675,GraphST,3,13,0.1238142169,0.1333557765,0.009541559584,0.5674254941,0.6137332439,151675
151675,GraphST,3,15,0.1238142169,0.1289609744,0.005146757484,0.5570737538,0.6147025233,151675
151675,GraphST,3,18,0.1238142169,0.1271288261,0.003314609217,0.5210008443,0.6002392487,151675
151675,GraphST,4,5,0.1499083005,0.1464852688,0.003423031729,0.5414162419,0.6060168006,151675
151675,GraphST,4,6,0.1499083005,0.14064671,0.009261590562,0.468217414,0.5575545572,151675
151675,GraphST,4,7,0.1499083005,0.1583683624,0.008460061863,0.5898462194,0.6097155287,151675
151675,GraphST,4,8,0.1499083005,0.1462597214,0.00364857911,0.6926593435,0.6760020805,151675
151675,GraphST,4,9,0.1499083005,0.1614917608,0.01158346031,0.486844786,0.592253399,151675
151675,GraphST,4,10,0.1499083005,0.1372541022,0.01265419833,0.5407459544,0.5887499717,151675
151675,GraphST,4,11,0.1499083005,0.1560574677,0.00614916722,0.5152842387,0.5794732001,151675
151675,GraphST,4,13,0.1499083005,0.1333557765,0.01655252406,0.5348831989,0.6071276699,151675
151675,GraphST,4,14,0.1499083005,0.1592493918,0.009341091316,0.5625578096,0.6068494442,151675
151675,GraphST,4,16,0.1499083005,0.1459023812,0.004005919309,0.6209283164,0.6338889728,151675
151675,GraphST,4,17,0.1499083005,0.1468197551,0.003088545422,0.5673021628,0.605445795,151675
151675,GraphST,4,20,0.1499083005,0.1606151606,0.01070686011,0.6058901185,0.6192132119,151675
151675,GraphST,5,6,0.1464852688,0.14064671,0.005838558833,0.5212248268,0.5684316492,151675
151675,GraphST,5,7,0.1464852688,0.1583683624,0.01188309359,0.4792314075,0.5645193569,151675
151675,GraphST,5,8,0.1464852688,0.1462597214,0.0002255473808,0.5358951823,0.6124450373,151675
151675,GraphST,5,9,0.1464852688,0.1614917608,0.01500649204,0.5307471156,0.5889514323,151675
151675,GraphST,5,10,0.1464852688,0.1372541022,0.009231166597,0.5435448966,0.592675394,151675
151675,GraphST,5,11,0.1464852688,0.1560574677,0.009572198949,0.4453962037,0.565429024,151675
151675,GraphST,5,13,0.1464852688,0.1333557765,0.01312949233,0.5211137322,0.5773165871,151675
151675,GraphST,5,14,0.1464852688,0.1592493918,0.01276412305,0.5623250327,0.6080646783,151675
151675,GraphST,5,15,0.1464852688,0.1289609744,0.01752429443,0.5340872893,0.5800161085,151675
151675,GraphST,5,16,0.1464852688,0.1459023812,0.00058288758,0.5201590608,0.5824943558,151675
151675,GraphST,5,17,0.1464852688,0.1468197551,0.0003344863071,0.4523036712,0.5544779432,151675
151675,GraphST,5,18,0.1464852688,0.1271288261,0.0193564427,0.5139971089,0.5995210967,151675
151675,GraphST,5,20,0.1464852688,0.1606151606,0.01412989184,0.5141734933,0.5911696691,151675
151675,GraphST,6,7,0.14064671,0.1583683624,0.01772165243,0.4319295315,0.5627438307,151675
151675,GraphST,6,8,0.14064671,0.1462597214,0.005613011452,0.4547547313,0.5720635953,151675
151675,GraphST,6,10,0.14064671,0.1372541022,0.003392607763,0.5380995221,0.5867029427,151675
151675,GraphST,6,11,0.14064671,0.1560574677,0.01541075778,0.3621706488,0.5338023596,151675
151675,GraphST,6,13,0.14064671,0.1333557765,0.007290933497,0.544424609,0.5944089716,151675
151675,GraphST,6,14,0.14064671,0.1592493918,0.01860268188,0.5189958019,0.5773448842,151675
151675,GraphST,6,15,0.14064671,0.1289609744,0.0116857356,0.5469434962,0.5958023413,151675
151675,GraphST,6,16,0.14064671,0.1459023812,0.005255671253,0.500073152,0.5798020979,151675
151675,GraphST,6,17,0.14064671,0.1468197551,0.00617304514,0.3961921117,0.5393455751,151675
151675,GraphST,6,18,0.14064671,0.1271288261,0.01351788386,0.445239771,0.5690505361,151675
151675,GraphST,6,20,0.14064671,0.1606151606,0.01996845068,0.4478347959,0.5577055659,151675
151675,GraphST,7,8,0.1583683624,0.1462597214,0.01210864097,0.603123141,0.6130737653,151675
151675,GraphST,7,9,0.1583683624,0.1614917608,0.003123398444,0.4441206099,0.5678136391,151675
151675,GraphST,7,11,0.1583683624,0.1560574677,0.002310894643,0.6744497856,0.6640730373,151675
151675,GraphST,7,12,0.1583683624,0.1720322507,0.01366388827,0.4738620439,0.5760859628,151675
151675,GraphST,7,14,0.1583683624,0.1592493918,0.0008810294525,0.6039424329,0.6330624634,151675
151675,GraphST,7,16,0.1583683624,0.1459023812,0.01246598117,0.6437650089,0.6489828592,151675
151675,GraphST,7,17,0.1583683624,0.1468197551,0.01154860729,0.7047324773,0.6844294162,151675
151675,GraphST,7,20,0.1583683624,0.1606151606,0.00224679825,0.6320527288,0.626960524,151675
151675,GraphST,8,9,0.1462597214,0.1614917608,0.01523203942,0.4862580951,0.5945682495,151675
151675,GraphST,8,10,0.1462597214,0.1372541022,0.009005619216,0.5575247402,0.6135749658,151675
151675,GraphST,8,11,0.1462597214,0.1560574677,0.00979774633,0.5440995093,0.5963465487,151675
151675,GraphST,8,13,0.1462597214,0.1333557765,0.01290394495,0.5234679219,0.6036591087,151675
151675,GraphST,8,14,0.1462597214,0.1592493918,0.01298967043,0.5748926745,0.6204582786,151675
151675,GraphST,8,15,0.1462597214,0.1289609744,0.01729874705,0.5030190331,0.6033419277,151675
151675,GraphST,8,16,0.1462597214,0.1459023812,0.0003573401992,0.626327211,0.6389231962,151675
151675,GraphST,8,17,0.1462597214,0.1468197551,0.0005600336879,0.5862779674,0.6063991813,151675
151675,GraphST,8,18,0.1462597214,0.1271288261,0.01913089532,0.669618321,0.6578079518,151675
151675,GraphST,8,20,0.1462597214,0.1606151606,0.01435543922,0.598811371,0.6152031985,151675
151675,GraphST,9,11,0.1614917608,0.1560574677,0.005434293088,0.3828984175,0.5424759807,151675
151675,GraphST,9,12,0.1614917608,0.1720322507,0.01054048983,0.5231548921,0.5688609108,151675
151675,GraphST,9,14,0.1614917608,0.1592493918,0.002242368992,0.5307893396,0.5891957122,151675
151675,GraphST,9,16,0.1614917608,0.1459023812,0.01558937962,0.4795102524,0.5781185988,151675
151675,GraphST,9,17,0.1614917608,0.1468197551,0.01467200573,0.40813904,0.5492508488,151675
151675,GraphST,9,20,0.1614917608,0.1606151606,0.0008766001944,0.4895086419,0.5818442893,151675
151675,GraphST,10,11,0.1372541022,0.1560574677,0.01880336555,0.4450821703,0.55903252,151675
151675,GraphST,10,13,0.1372541022,0.1333557765,0.003898325733,0.5585524295,0.5994744446,151675
151675,GraphST,10,15,0.1372541022,0.1289609744,0.008293127833,0.560235831,0.6057907302,151675
151675,GraphST,10,16,0.1372541022,0.1459023812,0.008648279017,0.5511936741,0.5935276505,151675
151675,GraphST,10,17,0.1372541022,0.1468197551,0.009565652904,0.483758657,0.5691463072,151675
151675,GraphST,10,18,0.1372541022,0.1271288261,0.0101252761,0.537403852,0.613455157,151675
151675,GraphST,11,12,0.1560574677,0.1720322507,0.01597478292,0.3991683556,0.5306744003,151675
151675,GraphST,11,14,0.1560574677,0.1592493918,0.003191924096,0.5499742235,0.6204122294,151675
151675,GraphST,11,16,0.1560574677,0.1459023812,0.01015508653,0.5952501905,0.6373100487,151675
151675,GraphST,11,17,0.1560574677,0.1468197551,0.009237712642,0.6976124004,0.670323257,151675
151675,GraphST,11,20,0.1560574677,0.1606151606,0.004557692893,0.6199603002,0.6518148787,151675
151675,GraphST,12,14,0.1720322507,0.1592493918,0.01278285882,0.5506432923,0.5919390961,151675
151675,GraphST,12,20,0.1720322507,0.1606151606,0.01141709002,0.4789510483,0.5542377174,151675
151675,GraphST,13,15,0.1333557765,0.1289609744,0.004394802099,0.5481960686,0.6103277341,151675
151675,GraphST,13,16,0.1333557765,0.1459023812,0.01254660475,0.521703338,0.5832722598,151675
151675,GraphST,13,17,0.1333557765,0.1468197551,0.01346397864,0.4434723807,0.5541011198,151675
151675,GraphST,13,18,0.1333557765,0.1271288261,0.006226950367,0.5132462633,0.5966609034,151675
151675,GraphST,14,16,0.1592493918,0.1459023812,0.01334701063,0.6191910506,0.637282145,151675
151675,GraphST,14,17,0.1592493918,0.1468197551,0.01242963674,0.561776804,0.6184876343,151675
151675,GraphST,14,20,0.1592493918,0.1606151606,0.001365768797,0.6285384282,0.6481512076,151675
151675,GraphST,15,16,0.1289609744,0.1459023812,0.01694140685,0.5055061947,0.5805379355,151675
151675,GraphST,15,17,0.1289609744,0.1468197551,0.01785878074,0.4270840775,0.552678328,151675
151675,GraphST,15,18,0.1289609744,0.1271288261,0.001832148268,0.4959477108,0.5920367865,151675
151675,GraphST,16,17,0.1459023812,0.1468197551,0.0009173738871,0.615023666,0.6341619888,151675
151675,GraphST,16,18,0.1459023812,0.1271288261,0.01877355512,0.6068554021,0.6246092109,151675
151675,GraphST,16,20,0.1459023812,0.1606151606,0.01471277942,0.6360857528,0.644963195,151675
151675,GraphST,17,18,0.1468197551,0.1271288261,0.019690929,0.5716458775,0.6037102194,151675
151675,GraphST,17,20,0.1468197551,0.1606151606,0.01379540554,0.6273392203,0.6290920021,151675
151675,STAGATE,1,9,0.1596539691,0.1694411322,0.009787163126,0.5195921928,0.6078505941,151675
151675,STAGATE,1,10,0.1596539691,0.1602370567,0.0005830876785,0.558741521,0.6245352557,151675
151675,STAGATE,1,11,0.1596539691,0.1446481605,0.01500580858,0.570524043,0.6262091475,151675
151675,STAGATE,1,13,0.1596539691,0.1668612864,0.007207317363,0.5745768149,0.6269583154,151675
151675,STAGATE,1,14,0.1596539691,0.1695361887,0.00988221968,0.5437717175,0.6169204086,151675
151675,STAGATE,1,15,0.1596539691,0.1622451071,0.002591138015,0.5034881837,0.6041572873,151675
151675,STAGATE,1,16,0.1596539691,0.1422908927,0.01736307636,0.5501922403,0.6144141513,151675
151675,STAGATE,2,3,0.2162104216,0.2053370133,0.01087340831,0.6450263771,0.6812023938,151675
151675,STAGATE,2,6,0.2162104216,0.1984382291,0.01777219246,0.6513679976,0.6685304953,151675
151675,STAGATE,2,8,0.2162104216,0.2012699902,0.01494043133,0.6183453716,0.6423036831,151675
151675,STAGATE,2,12,0.2162104216,0.2185403548,0.002329933223,0.6517863566,0.6611184235,151675
151675,STAGATE,2,17,0.2162104216,0.1985497764,0.01766064516,0.6201580813,0.6408030993,151675
151675,STAGATE,2,18,0.2162104216,0.2161067968,0.000103624756,0.5742857264,0.6303055451,151675
151675,STAGATE,2,19,0.2162104216,0.2087332814,0.00747714019,0.5940145416,0.654585824,151675
151675,STAGATE,3,5,0.2053370133,0.190612256,0.01472475723,0.7051607841,0.6863048305,151675
151675,STAGATE,3,6,0.2053370133,0.1984382291,0.00689878415,0.7321588792,0.7185139851,151675
151675,STAGATE,3,7,0.2053370133,0.191515806,0.01382120722,0.6679217304,0.6723203923,151675
151675,STAGATE,3,8,0.2053370133,0.2012699902,0.004067023015,0.6637735552,0.6632790055,151675
151675,STAGATE,3,12,0.2053370133,0.2185403548,0.01320334154,0.5710667177,0.6249106637,151675
151675,STAGATE,3,17,0.2053370133,0.1985497764,0.006787236849,0.6416724866,0.6606039949,151675
151675,STAGATE,3,18,0.2053370133,0.2161067968,0.01076978356,0.669279281,0.6705399224,151675
151675,STAGATE,3,19,0.2053370133,0.2087332814,0.003396268123,0.7358771504,0.7241036565,151675
151675,STAGATE,4,5,0.1798929876,0.190612256,0.01071926842,0.7323788505,0.7191897076,151675
151675,STAGATE,4,6,0.1798929876,0.1984382291,0.0185452415,0.7093017719,0.6910130803,151675
151675,STAGATE,4,7,0.1798929876,0.191515806,0.01162281844,0.7418298654,0.7313309475,151675
151675,STAGATE,4,9,0.1798929876,0.1694411322,0.01045185543,0.6284634199,0.651242825,151675
151675,STAGATE,4,10,0.1798929876,0.1602370567,0.01965593088,0.6791245238,0.6848488863,151675
151675,STAGATE,4,13,0.1798929876,0.1668612864,0.01303170119,0.6587351612,0.6639973721,151675
151675,STAGATE,4,14,0.1798929876,0.1695361887,0.01035679888,0.6108620186,0.6337310808,151675
151675,STAGATE,4,15,0.1798929876,0.1622451071,0.01764788054,0.5949939546,0.6361511899,151675
151675,STAGATE,4,17,0.1798929876,0.1985497764,0.0186567888,0.624050626,0.6266698709,151675
151675,STAGATE,4,20,0.1798929876,0.1841765132,0.004283525616,0.6568749814,0.6722098737,151675
151675,STAGATE,5,6,0.190612256,0.1984382291,0.007825973081,0.7017824358,0.6882594675,151675
151675,STAGATE,5,7,0.190612256,0.191515806,0.0009035500141,0.7243039747,0.7293518141,151675
151675,STAGATE,5,8,0.190612256,0.2012699902,0.01065773422,0.6432393877,0.6534386492,151675
151675,STAGATE,5,17,0.190612256,0.1985497764,0.007937520382,0.6318027835,0.6315392959,151675
151675,STAGATE,5,19,0.190612256,0.2087332814,0.01812102535,0.6953741322,0.6888938995,151675
151675,STAGATE,5,20,0.190612256,0.1841765132,0.006435742805,0.6178269476,0.6476042348,151675
151675,STAGATE,6,7,0.1984382291,0.191515806,0.006922423067,0.7097279882,0.6949109708,151675
151675,STAGATE,6,8,0.1984382291,0.2012699902,0.002831761134,0.6516871532,0.6451454082,151675
151675,STAGATE,6,17,0.1984382291,0.1985497764,0.0001115473008,0.6653311657,0.6581683583,151675
151675,STAGATE,6,18,0.1984382291,0.2161067968,0.01766856771,0.6034735749,0.6268211274,151675
151675,STAGATE,6,19,0.1984382291,0.2087332814,0.01029505227,0.7288083909,0.723874059,151675
151675,STAGATE,6,20,0.1984382291,0.1841765132,0.01426171589,0.593292156,0.6144113457,151675
151675,STAGATE,7,8,0.191515806,0.2012699902,0.009754184201,0.6702450382,0.6711149988,151675
151675,STAGATE,7,17,0.191515806,0.1985497764,0.007033970367,0.6508766654,0.6383310037,151675
151675,STAGATE,7,19,0.191515806,0.2087332814,0.01721747534,0.6525940723,0.6757121291,151675
151675,STAGATE,7,20,0.191515806,0.1841765132,0.00733929282,0.662992885,0.6798831294,151675
151675,STAGATE,8,12,0.2012699902,0.2185403548,0.01727036455,0.5744675745,0.6317548765,151675
151675,STAGATE,8,17,0.2012699902,0.1985497764,0.002720213834,0.6653649878,0.6649057195,151675
151675,STAGATE,8,18,0.2012699902,0.2161067968,0.01483680657,0.6438897285,0.6863820223,151675
151675,STAGATE,8,19,0.2012699902,0.2087332814,0.007463291138,0.6163918634,0.6433151231,151675
151675,STAGATE,8,20,0.2012699902,0.1841765132,0.01709347702,0.6107858025,0.6521109279,151675
151675,STAGATE,9,10,0.1694411322,0.1602370567,0.009204075447,0.610723286,0.6545352811,151675
151675,STAGATE,9,13,0.1694411322,0.1668612864,0.002579845763,0.5315032115,0.5997514019,151675
151675,STAGATE,9,14,0.1694411322,0.1695361887,9.505655465e-05,0.5162689383,0.5729583304,151675
151675,STAGATE,9,15,0.1694411322,0.1622451071,0.00719602511,0.6510576478,0.6813318469,151675
151675,STAGATE,9,20,0.1694411322,0.1841765132,0.01473538105,0.5371144832,0.593262968,151675
151675,STAGATE,10,11,0.1602370567,0.1446481605,0.01558889626,0.6378229575,0.6584548748,151675
151675,STAGATE,10,13,0.1602370567,0.1668612864,0.006624229684,0.6606976055,0.6711897823,151675
151675,STAGATE,10,14,0.1602370567,0.1695361887,0.009299132002,0.6306162836,0.6290530279,151675
151675,STAGATE,10,15,0.1602370567,0.1622451071,0.002008050337,0.5925412309,0.6551132376,151675
151675,STAGATE,10,16,0.1602370567,0.1422908927,0.01794616404,0.6661118568,0.6911655427,151675
151675,STAGATE,11,15,0.1446481605,0.1622451071,0.0175969466,0.5057819761,0.5991674608,151675
151675,STAGATE,11,16,0.1446481605,0.1422908927,0.00235726778,0.7368549941,0.7186261849,151675
151675,STAGATE,12,17,0.2185403548,0.1985497764,0.01999057839,0.5929820931,0.6407402027,151675
151675,STAGATE,12,18,0.2185403548,0.2161067968,0.002433557979,0.5605324668,0.6172985056,151675
151675,STAGATE,12,19,0.2185403548,0.2087332814,0.009807073414,0.5444604978,0.6126328399,151675
151675,STAGATE,13,14,0.1668612864,0.1695361887,0.002674902317,0.7202693796,0.6931349896,151675
151675,STAGATE,13,15,0.1668612864,0.1622451071,0.004616179347,0.5387565931,0.6158005382,151675
151675,STAGATE,13,20,0.1668612864,0.1841765132,0.01731522681,0.6012157333,0.6365155327,151675
151675,STAGATE,14,15,0.1695361887,0.1622451071,0.007291081665,0.5212939791,0.5800556477,151675
151675,STAGATE,14,20,0.1695361887,0.1841765132,0.01464032449,0.560993302,0.6016319774,151675
151675,STAGATE,15,16,0.1622451071,0.1422908927,0.01995421438,0.5165666205,0.6142043999,151675
151675,STAGATE,17,18,0.1985497764,0.2161067968,0.01755702041,0.5980006597,0.6283364181,151675
151675,STAGATE,17,19,0.1985497764,0.2087332814,0.01018350497,0.6022076926,0.6315940941,151675
151675,STAGATE,17,20,0.1985497764,0.1841765132,0.01437326319,0.5977481539,0.6225290967,151675
151675,STAGATE,18,19,0.2161067968,0.2087332814,0.007373515434,0.6526855934,0.6652531809,151675
151675,SpaGCN,1,2,0.2327974704,0.2169087638,0.0158887066,0.3749504644,0.5274090027,151675
151675,SpaGCN,1,3,0.2327974704,0.240276207,0.007478736652,0.4658241777,0.6095401104,151675
151675,SpaGCN,1,6,0.2327974704,0.2166781241,0.01611934626,0.4676426906,0.6133733043,151675
151675,SpaGCN,1,7,0.2327974704,0.2268479984,0.00594947204,0.4648134845,0.6142615877,151675
151675,SpaGCN,1,8,0.2327974704,0.2399979227,0.007200452261,0.452754075,0.5914582754,151675
151675,SpaGCN,1,10,0.2327974704,0.2132208246,0.01957664575,0.4690887091,0.6166443496,151675
151675,SpaGCN,1,11,0.2327974704,0.2439646327,0.01116716228,0.3809035391,0.5319526012,151675
151675,SpaGCN,1,12,0.2327974704,0.2293132822,0.003484188223,0.4766835057,0.6231979584,151675
151675,SpaGCN,1,13,0.2327974704,0.2457494912,0.01295202079,0.4717017012,0.6178310905,151675
151675,SpaGCN,1,14,0.2327974704,0.2324373023,0.0003601680951,0.4715743051,0.6089260575,151675
151675,SpaGCN,1,16,0.2327974704,0.2353022242,0.002504753772,0.4905027731,0.6247653668,151675
151675,SpaGCN,1,18,0.2327974704,0.223654418,0.009143052352,0.3837204282,0.5411980215,151675
151675,SpaGCN,1,19,0.2327974704,0.2298620765,0.002935393851,0.4819168106,0.6158929223,151675
151675,SpaGCN,2,6,0.2169087638,0.2166781241,0.0002306396611,0.4665245395,0.5753510262,151675
151675,SpaGCN,2,7,0.2169087638,0.2268479984,0.009939234562,0.4806439951,0.6027641914,151675
151675,SpaGCN,2,10,0.2169087638,0.2132208246,0.003687939149,0.463072375,0.5743973261,151675
151675,SpaGCN,2,12,0.2169087638,0.2293132822,0.01240451838,0.4736488251,0.5858303746,151675
151675,SpaGCN,2,14,0.2169087638,0.2324373023,0.01552853851,0.5070486364,0.6154351478,151675
151675,SpaGCN,2,16,0.2169087638,0.2353022242,0.01839346037,0.5054312376,0.6169450465,151675
151675,SpaGCN,2,18,0.2169087638,0.223654418,0.006745654251,0.4828296007,0.5841324651,151675
151675,SpaGCN,2,19,0.2169087638,0.2298620765,0.01295331275,0.4751648576,0.5844194357,151675
151675,SpaGCN,3,4,0.240276207,0.2543717361,0.01409552909,0.5666054983,0.665397535,151675
151675,SpaGCN,3,7,0.240276207,0.2268479984,0.01342820869,0.7342393835,0.7292287733,151675
151675,SpaGCN,3,8,0.240276207,0.2399979227,0.0002782843905,0.6700081766,0.7091195411,151675
151675,SpaGCN,3,11,0.240276207,0.2439646327,0.003688425627,0.5309937058,0.6343568028,151675
151675,SpaGCN,3,12,0.240276207,0.2293132822,0.01096292487,0.8281456199,0.8069885798,151675
151675,SpaGCN,3,13,0.240276207,0.2457494912,0.005473284141,0.8285421454,0.806102419,151675
151675,SpaGCN,3,14,0.240276207,0.2324373023,0.007838904747,0.7823832758,0.7657942833,151675
151675,SpaGCN,3,16,0.240276207,0.2353022242,0.00497398288,0.8253024761,0.8039202031,151675
151675,SpaGCN,3,18,0.240276207,0.223654418,0.016621789,0.4957670539,0.5961414203,151675
151675,SpaGCN,3,19,0.240276207,0.2298620765,0.0104141305,0.8339529504,0.8189435438,151675
151675,SpaGCN,3,20,0.240276207,0.2555668901,0.01529068309,0.535070335,0.6375314632,151675
151675,SpaGCN,4,5,0.2543717361,0.2618405877,0.007468851575,0.5615348182,0.6538874139,151675
151675,SpaGCN,4,8,0.2543717361,0.2399979227,0.01437381348,0.4785483711,0.6117685647,151675
151675,SpaGCN,4,9,0.2543717361,0.2676341451,0.01326240896,0.4969533984,0.607075965,151675
151675,SpaGCN,4,11,0.2543717361,0.2439646327,0.01040710347,0.5392689299,0.63235578,151675
151675,SpaGCN,4,13,0.2543717361,0.2457494912,0.008622244953,0.5535032701,0.6595306079,151675
151675,SpaGCN,4,16,0.2543717361,0.2353022242,0.01906951197,0.5644818015,0.6746573999,151675
151675,SpaGCN,4,20,0.2543717361,0.2555668901,0.001195153997,0.56225421,0.6458279285,151675
151675,SpaGCN,5,9,0.2618405877,0.2676341451,0.005793557382,0.4510007128,0.5772714834,151675
151675,SpaGCN,5,11,0.2618405877,0.2439646327,0.01787595504,0.4974026086,0.6077311771,151675
151675,SpaGCN,5,13,0.2618405877,0.2457494912,0.01609109653,0.7375759429,0.7413211377,151675
151675,SpaGCN,5,15,0.2618405877,0.2746691396,0.01282855189,0.7031536773,0.7102242181,151675
151675,SpaGCN,5,20,0.2618405877,0.2555668901,0.006273697577,0.5038335125,0.6102900116,151675
151675,SpaGCN,6,7,0.2166781241,0.2268479984,0.01016987422,0.7010118862,0.7047114586,151675
151675,SpaGCN,6,10,0.2166781241,0.2132208246,0.003457299488,0.7855601775,0.7728002662,151675
151675,SpaGCN,6,12,0.2166781241,0.2293132822,0.01263515804,0.792049731,0.7821142472,151675
151675,SpaGCN,6,14,0.2166781241,0.2324373023,0.01575917817,0.7286664673,0.7217986652,151675
151675,SpaGCN,6,16,0.2166781241,0.2353022242,0.01862410003,0.75422908,0.7496729902,151675
151675,SpaGCN,6,18,0.2166781241,0.223654418,0.006976293912,0.4785237674,0.581321561,151675
151675,SpaGCN,6,19,0.2166781241,0.2298620765,0.01318395241,0.7744494191,0.7667795499,151675
151675,SpaGCN,7,8,0.2268479984,0.2399979227,0.0131499243,0.6260353435,0.6649866272,151675
151675,SpaGCN,7,10,0.2268479984,0.2132208246,0.01362717371,0.675424559,0.6959152344,151675
151675,SpaGCN,7,11,0.2268479984,0.2439646327,0.01711663432,0.5199244644,0.6261833172,151675
151675,SpaGCN,7,12,0.2268479984,0.2293132822,0.002465283818,0.7258474067,0.7301126598,151675
151675,SpaGCN,7,13,0.2268479984,0.2457494912,0.01890149283,0.7320634456,0.7307956203,151675
151675,SpaGCN,7,14,0.2268479984,0.2324373023,0.005589303945,0.7126788841,0.7201977147,151675
151675,SpaGCN,7,16,0.2268479984,0.2353022242,0.008454225812,0.7426767857,0.7394698943,151675
151675,SpaGCN,7,18,0.2268479984,0.223654418,0.003193580311,0.4879286471,0.5967950982,151675
151675,SpaGCN,7,19,0.2268479984,0.2298620765,0.00301407819,0.7331742596,0.7320828384,151675
151675,SpaGCN,8,11,0.2399979227,0.2439646327,0.003966710017,0.4401698956,0.5683135526,151675
151675,SpaGCN,8,12,0.2399979227,0.2293132822,0.01068464048,0.6838548228,0.7175818064,151675
151675,SpaGCN,8,13,0.2399979227,0.2457494912,0.005751568531,0.6454780218,0.6813476229,151675
151675,SpaGCN,8,14,0.2399979227,0.2324373023,0.007560620356,0.6586267208,0.6897194816,151675
151675,SpaGCN,8,16,0.2399979227,0.2353022242,0.004695698489,0.6486686213,0.6895211276,151675
151675,SpaGCN,8,18,0.2399979227,0.223654418,0.01634350461,0.4557219417,0.5652247128,151675
151675,SpaGCN,8,19,0.2399979227,0.2298620765,0.01013584611,0.690269691,0.7286563942,151675
151675,SpaGCN,8,20,0.2399979227,0.2555668901,0.01556896748,0.4144047452,0.5617110391,151675
151675,SpaGCN,9,15,0.2676341451,0.2746691396,0.007034994512,0.4502751984,0.5737634288,151675
151675,SpaGCN,9,17,0.2676341451,0.2828374005,0.01520325543,0.4110158016,0.5634319594,151675
151675,SpaGCN,9,20,0.2676341451,0.2555668901,0.01206725496,0.6884025886,0.7233535233,151675
151675,SpaGCN,10,12,0.2132208246,0.2293132822,0.01609245753,0.8153827215,0.8157684424,151675
151675,SpaGCN,10,14,0.2132208246,0.2324373023,0.01921647766,0.742050314,0.752593164,151675
151675,SpaGCN,10,18,0.2132208246,0.223654418,0.0104335934,0.484249909,0.5950006448,151675
151675,SpaGCN,10,19,0.2132208246,0.2298620765,0.0166412519,0.7685157122,0.7734470683,151675
151675,SpaGCN,11,12,0.2439646327,0.2293132822,0.0146513505,0.5158011424,0.6201846586,151675
151675,SpaGCN,11,13,0.2439646327,0.2457494912,0.001784858514,0.5357224818,0.6356199987,151675
151675,SpaGCN,11,14,0.2439646327,0.2324373023,0.01152733037,0.5473698877,0.6432373896,151675
151675,SpaGCN,11,16,0.2439646327,0.2353022242,0.008662408507,0.5560317634,0.6561601399,151675
151675,SpaGCN,11,19,0.2439646327,0.2298620765,0.01410255613,0.5224898649,0.6260421418,151675
151675,SpaGCN,11,20,0.2439646327,0.2555668901,0.01160225746,0.5931652885,0.6628406308,151675
151675,SpaGCN,12,13,0.2293132822,0.2457494912,0.01643620902,0.78674394,0.7702428119,151675
151675,SpaGCN,12,14,0.2293132822,0.2324373023,0.003124020128,0.796559122,0.7853018026,151675
151675,SpaGCN,12,16,0.2293132822,0.2353022242,0.005988941994,0.806788847,0.790636358,151675
151675,SpaGCN,12,18,0.2293132822,0.223654418,0.005658864129,0.4924092878,0.5992806014,151675
151675,SpaGCN,12,19,0.2293132822,0.2298620765,0.0005487943718,0.8210560355,0.8037728605,151675
151675,SpaGCN,13,14,0.2457494912,0.2324373023,0.01331218889,0.791860699,0.7765897298,151675
151675,SpaGCN,13,16,0.2457494912,0.2353022242,0.01044726702,0.8137274703,0.7918329103,151675
151675,SpaGCN,13,19,0.2457494912,0.2298620765,0.01588741464,0.8047289729,0.7859972897,151675
151675,SpaGCN,13,20,0.2457494912,0.2555668901,0.00981739895,0.5589557919,0.6605586907,151675
151675,SpaGCN,14,16,0.2324373023,0.2353022242,0.002864921867,0.8272878027,0.8076898212,151675
151675,SpaGCN,14,18,0.2324373023,0.223654418,0.008782884256,0.5236983975,0.6251101441,151675
151675,SpaGCN,14,19,0.2324373023,0.2298620765,0.002575225756,0.8118983005,0.7893600904,151675
151675,SpaGCN,15,17,0.2746691396,0.2828374005,0.008168260922,0.5582761405,0.6283921281,151675
151675,SpaGCN,15,20,0.2746691396,0.2555668901,0.01910224947,0.5156026745,0.6144432999,151675
151675,SpaGCN,16,18,0.2353022242,0.223654418,0.01164780612,0.5161913939,0.6218403125,151675
151675,SpaGCN,16,19,0.2353022242,0.2298620765,0.005440147623,0.8388554642,0.8144783657,151675
151675,SpaGCN,18,19,0.223654418,0.2298620765,0.006207658501,0.4886379398,0.5899125384,151675
151675,BANKSY,1,3,0.2745394346,0.2740794118,0.0004600227746,0.7327278486,0.748773078,151675
151675,BANKSY,1,7,0.2745394346,0.2899301439,0.01539070924,0.6137672907,0.7110018415,151675
151675,BANKSY,1,8,0.2745394346,0.2843978456,0.009858410975,0.5730371663,0.665940451,151675
151675,BANKSY,1,13,0.2745394346,0.2907376085,0.01619817387,0.6143469289,0.7113230007,151675
151675,BANKSY,1,15,0.2745394346,0.2898086019,0.01526916731,0.6149699384,0.7115363529,151675
151675,BANKSY,1,16,0.2745394346,0.2902957197,0.01575628508,0.6129755259,0.7102516438,151675
151675,BANKSY,1,17,0.2745394346,0.2908344232,0.01629498854,0.6113370404,0.7098327413,151675
151675,BANKSY,2,11,0.1469224502,0.1568142521,0.009891801846,0.7006599798,0.71302338,151675
151675,BANKSY,3,7,0.2740794118,0.2899301439,0.01585073202,0.6754657465,0.7075319854,151675
151675,BANKSY,3,8,0.2740794118,0.2843978456,0.01031843375,0.6388219252,0.6720302579,151675
151675,BANKSY,3,13,0.2740794118,0.2907376085,0.01665819664,0.6760702297,0.7083278084,151675
151675,BANKSY,3,15,0.2740794118,0.2898086019,0.01572919009,0.6768917781,0.7083760081,151675
151675,BANKSY,3,16,0.2740794118,0.2902957197,0.01621630785,0.6757386954,0.7090253829,151675
151675,BANKSY,3,17,0.2740794118,0.2908344232,0.01675501131,0.6726510491,0.7063038218,151675
151675,BANKSY,4,12,0.2284256662,0.2400385995,0.01161293328,0.5846416251,0.6864806945,151675
151675,BANKSY,4,20,0.2284256662,0.2376444978,0.009218831565,0.8465725614,0.8286335596,151675
151675,BANKSY,5,10,0.1868322533,0.1771516848,0.009680568501,0.7556801632,0.7474724218,151675
151675,BANKSY,5,14,0.1868322533,0.1988244997,0.01199224641,0.6534323053,0.7349612992,151675
151675,BANKSY,5,18,0.1868322533,0.1786479717,0.008184281584,0.7617035304,0.7548031697,151675
151675,BANKSY,7,8,0.2899301439,0.2843978456,0.005532298267,0.9268936547,0.896754679,151675
151675,BANKSY,7,13,0.2899301439,0.2907376085,0.0008074646241,0.9965383762,0.9951914214,151675
151675,BANKSY,7,15,0.2899301439,0.2898086019,0.0001215419317,0.9982296711,0.9975420638,151675
151675,BANKSY,7,16,0.2899301439,0.2902957197,0.0003655758353,0.9990030064,0.9977400757,151675
151675,BANKSY,7,17,0.2899301439,0.2908344232,0.0009042792945,0.9938641303,0.9921927283,151675
151675,BANKSY,8,13,0.2843978456,0.2907376085,0.006339762891,0.9269166569,0.8962904969,151675
151675,BANKSY,8,15,0.2843978456,0.2898086019,0.005410756335,0.9251733021,0.8955134125,151675
151675,BANKSY,8,16,0.2843978456,0.2902957197,0.005897874102,0.9276764857,0.8972287432,151675
151675,BANKSY,8,17,0.2843978456,0.2908344232,0.006436577561,0.9312099468,0.899829721,151675
151675,BANKSY,9,12,0.2540751421,0.2400385995,0.01403654256,0.4979639789,0.6297183946,151675
151675,BANKSY,9,20,0.2540751421,0.2376444978,0.01643064428,0.7210206073,0.7490182141,151675
151675,BANKSY,10,18,0.1771516848,0.1786479717,0.001496286917,0.9718100741,0.9357264731,151675
151675,BANKSY,12,20,0.2400385995,0.2376444978,0.002394101715,0.5436882113,0.6504248471,151675
151675,BANKSY,13,15,0.2907376085,0.2898086019,0.0009290065558,0.9947697654,0.9930595457,151675
151675,BANKSY,13,16,0.2907376085,0.2902957197,0.0004418887888,0.9972589487,0.9952891005,151675
151675,BANKSY,13,17,0.2907376085,0.2908344232,9.681467037e-05,0.9956077799,0.9942184293,151675
151675,BANKSY,15,16,0.2898086019,0.2902957197,0.0004871177671,0.9972325494,0.9952826486,151675
151675,BANKSY,15,17,0.2898086019,0.2908344232,0.001025821226,0.9921027353,0.9904498089,151675
151675,BANKSY,16,17,0.2902957197,0.2908344232,0.0005387034591,0.994585346,0.9923804283,151675
151675,SEDR,1,3,0.52623985959,0.535587309472,0.00934744988189,0.760797971475,0.791055693702,151675
151675,SEDR,1,6,0.52623985959,0.512923596843,0.0133162627473,0.746590012643,0.779329726725,151675
151675,SEDR,1,7,0.52623985959,0.543097890546,0.0168580309558,0.742799165301,0.771886052986,151675
151675,SEDR,1,8,0.52623985959,0.528977135995,0.00273727640464,0.750528629062,0.763713213044,151675
151675,SEDR,1,10,0.52623985959,0.522129344042,0.00411051554879,0.788919876336,0.797396662503,151675
151675,SEDR,1,18,0.52623985959,0.542019564705,0.0157797051143,0.80054872923,0.811484312467,151675
151675,SEDR,1,20,0.52623985959,0.537197884006,0.010958024416,0.588353269247,0.687803174048,151675
151675,SEDR,2,5,0.48113567805,0.499859613057,0.0187239350072,0.820389985173,0.809683851674,151675
151675,SEDR,2,17,0.48113567805,0.493879535459,0.0127438574095,0.707182109351,0.739839719788,151675
151675,SEDR,3,7,0.535587309472,0.543097890546,0.00751058107392,0.755749602252,0.783971614277,151675
151675,SEDR,3,8,0.535587309472,0.528977135995,0.00661017347725,0.722636287286,0.776097619354,151675
151675,SEDR,3,10,0.535587309472,0.522129344042,0.0134579654307,0.774729168698,0.792271588078,151675
151675,SEDR,3,13,0.535587309472,0.551140963192,0.0155536537202,0.777156803828,0.814714569224,151675
151675,SEDR,3,18,0.535587309472,0.542019564705,0.00643225523245,0.788918743638,0.808688343719,151675
151675,SEDR,3,20,0.535587309472,0.537197884006,0.00161057453406,0.594405344655,0.725354533262,151675
151675,SEDR,4,12,0.593936111486,0.578846610909,0.0150895005774,0.763195640774,0.785094922116,151675
151675,SEDR,4,19,0.593936111486,0.601778794834,0.00784268334786,0.779059545707,0.787699199513,151675
151675,SEDR,5,6,0.499859613057,0.512923596843,0.013063983786,0.782827133882,0.793724029507,151675
151675,SEDR,5,15,0.499859613057,0.501270396026,0.00141078296943,0.794245062043,0.796220938999,151675
151675,SEDR,5,16,0.499859613057,0.502247741373,0.00238812831583,0.79905969736,0.796902240146,151675
151675,SEDR,5,17,0.499859613057,0.493879535459,0.00598007759776,0.699867966762,0.749266518474,151675
151675,SEDR,6,8,0.512923596843,0.528977135995,0.016053539152,0.689792773421,0.73287296908,151675
151675,SEDR,6,10,0.512923596843,0.522129344042,0.00920574719852,0.79247247414,0.798719276243,151675
151675,SEDR,6,15,0.512923596843,0.501270396026,0.0116532008166,0.870298567068,0.857448714642,151675
151675,SEDR,6,16,0.512923596843,0.502247741373,0.0106758554702,0.789592946357,0.805644424146,151675
151675,SEDR,6,17,0.512923596843,0.493879535459,0.0190440613838,0.727420119321,0.764652606336,151675
151675,SEDR,7,8,0.543097890546,0.528977135995,0.0141207545512,0.703311182366,0.730406096114,151675
151675,SEDR,7,9,0.543097890546,0.557550439156,0.0144525486094,0.759605197632,0.779098803045,151675
151675,SEDR,7,13,0.543097890546,0.551140963192,0.00804307264629,0.776594492371,0.779553011244,151675
151675,SEDR,7,18,0.543097890546,0.542019564705,0.00107832584147,0.845009799238,0.849930031061,151675
151675,SEDR,7,20,0.543097890546,0.537197884006,0.00590000653986,0.662139003887,0.733246956172,151675
151675,SEDR,8,10,0.528977135995,0.522129344042,0.00684779195343,0.741619789383,0.753932102059,151675
151675,SEDR,8,18,0.528977135995,0.542019564705,0.0130424287097,0.75980102556,0.773293503006,151675
151675,SEDR,8,20,0.528977135995,0.537197884006,0.00822074801131,0.584282106492,0.682318604427,151675
151675,SEDR,9,11,0.557550439156,0.567993688981,0.0104432498258,0.740741351512,0.769517610249,151675
151675,SEDR,9,13,0.557550439156,0.551140963192,0.00640947596316,0.755411573127,0.786126559615,151675
151675,SEDR,9,14,0.557550439156,0.567881139716,0.0103307005605,0.703436592481,0.748446510487,151675
151675,SEDR,9,18,0.557550439156,0.542019564705,0.0155308744509,0.78143013252,0.787642149491,151675
151675,SEDR,10,16,0.522129344042,0.502247741373,0.0198816026687,0.793805928194,0.811321335432,151675
151675,SEDR,10,18,0.522129344042,0.542019564705,0.0198902206631,0.869929132756,0.846160110445,151675
151675,SEDR,10,20,0.522129344042,0.537197884006,0.0150685399647,0.637834623106,0.71350670613,151675
151675,SEDR,11,12,0.567993688981,0.578846610909,0.0108529219276,0.797973322797,0.815468960551,151675
151675,SEDR,11,13,0.567993688981,0.551140963192,0.0168527257889,0.86612748102,0.856642420883,151675
151675,SEDR,11,14,0.567993688981,0.567881139716,0.000112549265287,0.731161487162,0.791750611185,151675
151675,SEDR,12,14,0.578846610909,0.567881139716,0.0109654711929,0.694648823412,0.765681286268,151675
151675,SEDR,13,14,0.551140963192,0.567881139716,0.0167401765236,0.745933500945,0.806386452897,151675
151675,SEDR,13,18,0.551140963192,0.542019564705,0.00912139848775,0.803011995623,0.811964030921,151675
151675,SEDR,13,20,0.551140963192,0.537197884006,0.0139430791861,0.661713400048,0.747649636137,151675
151675,SEDR,15,16,0.501270396026,0.502247741373,0.000977345346401,0.795081559572,0.799995573238,151675
151675,SEDR,15,17,0.501270396026,0.493879535459,0.00739086056719,0.716212464333,0.754262158254,151675
151675,SEDR,16,17,0.502247741373,0.493879535459,0.00836820591359,0.688390998373,0.741228339371,151675
151675,SEDR,18,20,0.542019564705,0.537197884006,0.00482168069839,0.658599902562,0.740337767116,151675
151676,GraphST,1,2,0.1599567402,0.1538027148,0.006154025338,0.580150022,0.6123125977,151676
151676,GraphST,1,3,0.1599567402,0.1568776079,0.003079132292,0.6332334921,0.6513991867,151676
151676,GraphST,1,4,0.1599567402,0.1608038727,0.0008471325228,0.5915845502,0.6302400659,151676
151676,GraphST,1,5,0.1599567402,0.1645929072,0.004636167062,0.6123224731,0.6395866381,151676
151676,GraphST,1,6,0.1599567402,0.1613220935,0.001365353315,0.56380191,0.6090744651,151676
151676,GraphST,1,7,0.1599567402,0.1514703135,0.00848642671,0.6186035876,0.6380014624,151676
151676,GraphST,1,8,0.1599567402,0.160196126,0.0002393858424,0.6024831552,0.6448578885,151676
151676,GraphST,1,9,0.1599567402,0.1564823505,0.003474389641,0.5664331421,0.6110833586,151676
151676,GraphST,1,10,0.1599567402,0.1756216877,0.01566494753,0.6209273918,0.6456939081,151676
151676,GraphST,1,11,0.1599567402,0.1685187016,0.008561961414,0.5836716082,0.6208927474,151676
151676,GraphST,1,12,0.1599567402,0.1612530744,0.001296334251,0.5967513246,0.6332492214,151676
151676,GraphST,1,13,0.1599567402,0.1705886643,0.01063192411,0.5780598403,0.6182745586,151676
151676,GraphST,1,14,0.1599567402,0.1545436747,0.005413065473,0.6308517759,0.6363666968,151676
151676,GraphST,1,15,0.1599567402,0.1754103718,0.0154536316,0.5906504243,0.6351516316,151676
151676,GraphST,1,16,0.1599567402,0.161949752,0.001993011852,0.593654026,0.6268621379,151676
151676,GraphST,1,17,0.1599567402,0.1772428871,0.01728614691,0.5520075537,0.6181887164,151676
151676,GraphST,1,19,0.1599567402,0.1670420641,0.00708532396,0.5957580961,0.6279756205,151676
151676,GraphST,1,20,0.1599567402,0.1545443647,0.005412375455,0.6145523748,0.6367544996,151676
151676,GraphST,2,3,0.1538027148,0.1568776079,0.003074893046,0.5718840648,0.61193968,151676
151676,GraphST,2,4,0.1538027148,0.1608038727,0.007001157861,0.5676430985,0.6045410503,151676
151676,GraphST,2,5,0.1538027148,0.1645929072,0.0107901924,0.5644554063,0.6071064625,151676
151676,GraphST,2,6,0.1538027148,0.1613220935,0.007519378653,0.5666872142,0.593241994,151676
151676,GraphST,2,7,0.1538027148,0.1514703135,0.002332401372,0.5691882234,0.6016406251,151676
151676,GraphST,2,8,0.1538027148,0.160196126,0.00639341118,0.5850448645,0.6022942116,151676
151676,GraphST,2,9,0.1538027148,0.1564823505,0.002679635697,0.5403307773,0.5785995828,151676
151676,GraphST,2,11,0.1538027148,0.1685187016,0.01471598675,0.5410155794,0.5816117037,151676
151676,GraphST,2,12,0.1538027148,0.1612530744,0.007450359589,0.5499800534,0.5943503046,151676
151676,GraphST,2,13,0.1538027148,0.1705886643,0.01678594945,0.5540876708,0.5953395749,151676
151676,GraphST,2,14,0.1538027148,0.1545436747,0.0007409598652,0.5643294091,0.5968656376,151676
151676,GraphST,2,16,0.1538027148,0.161949752,0.00814703719,0.5850999506,0.5997138554,151676
151676,GraphST,2,19,0.1538027148,0.1670420641,0.0132393493,0.570295354,0.6025696613,151676
151676,GraphST,2,20,0.1538027148,0.1545443647,0.0007416498832,0.5949771395,0.6139393734,151676
151676,GraphST,3,4,0.1568776079,0.1608038727,0.003926264814,0.6175113886,0.6382456125,151676
151676,GraphST,3,5,0.1568776079,0.1645929072,0.007715299353,0.6062652608,0.6309042214,151676
151676,GraphST,3,6,0.1568776079,0.1613220935,0.004444485607,0.5780907183,0.6053550767,151676
151676,GraphST,3,7,0.1568776079,0.1514703135,0.005407294418,0.6351122677,0.6464415888,151676
151676,GraphST,3,8,0.1568776079,0.160196126,0.003318518134,0.6109819848,0.6429071208,151676
151676,GraphST,3,9,0.1568776079,0.1564823505,0.0003952573496,0.5952716482,0.624574289,151676
151676,GraphST,3,10,0.1568776079,0.1756216877,0.01874407982,0.6306311269,0.6456097398,151676
151676,GraphST,3,11,0.1568776079,0.1685187016,0.01164109371,0.5925250117,0.6198340857,151676
151676,GraphST,3,12,0.1568776079,0.1612530744,0.004375466543,0.6199886916,0.6427957963,151676
151676,GraphST,3,13,0.1568776079,0.1705886643,0.0137110564,0.6069896457,0.6337010214,151676
151676,GraphST,3,14,0.1568776079,0.1545436747,0.002333933181,0.6201310905,0.6299738868,151676
151676,GraphST,3,15,0.1568776079,0.1754103718,0.01853276389,0.6039829003,0.6336323851,151676
151676,GraphST,3,16,0.1568776079,0.161949752,0.005072144144,0.6086456336,0.6357718303,151676
151676,GraphST,3,19,0.1568776079,0.1670420641,0.01016445625,0.6140930121,0.6309290127,151676
151676,GraphST,3,20,0.1568776079,0.1545443647,0.002333243163,0.6289938934,0.6413154782,151676
151676,GraphST,4,5,0.1608038727,0.1645929072,0.003789034539,0.6001138263,0.6370714645,151676
151676,GraphST,4,6,0.1608038727,0.1613220935,0.0005182207921,0.6086625124,0.6333907262,151676
151676,GraphST,4,7,0.1608038727,0.1514703135,0.009333559233,0.6120264098,0.648773976,151676
151676,GraphST,4,8,0.1608038727,0.160196126,0.0006077466804,0.6038070662,0.6442841437,151676
151676,GraphST,4,9,0.1608038727,0.1564823505,0.004321522164,0.5815643974,0.6130333674,151676
151676,GraphST,4,10,0.1608038727,0.1756216877,0.01481781501,0.6137859187,0.648177411,151676
151676,GraphST,4,11,0.1608038727,0.1685187016,0.007714828891,0.5911086957,0.627599285,151676
151676,GraphST,4,12,0.1608038727,0.1612530744,0.0004492017285,0.5933734879,0.632252953,151676
151676,GraphST,4,13,0.1608038727,0.1705886643,0.00978479159,0.5702330812,0.6104261353,151676
151676,GraphST,4,14,0.1608038727,0.1545436747,0.006260197996,0.5915973482,0.6355520246,151676
151676,GraphST,4,15,0.1608038727,0.1754103718,0.01460649908,0.627492521,0.6490844296,151676
151676,GraphST,4,16,0.1608038727,0.161949752,0.001145879329,0.6312262201,0.6556261522,151676
151676,GraphST,4,17,0.1608038727,0.1772428871,0.01643901438,0.5730046838,0.6258699686,151676
151676,GraphST,4,19,0.1608038727,0.1670420641,0.006238191438,0.6093343912,0.6391866138,151676
151676,GraphST,4,20,0.1608038727,0.1545443647,0.006259507978,0.5998636333,0.6339132424,151676
151676,GraphST,5,6,0.1645929072,0.1613220935,0.003270813747,0.5719853161,0.6138060933,151676
151676,GraphST,5,7,0.1645929072,0.1514703135,0.01312259377,0.5850544931,0.6206167154,151676
151676,GraphST,5,8,0.1645929072,0.160196126,0.004396781219,0.5787437046,0.6350534968,151676
151676,GraphST,5,9,0.1645929072,0.1564823505,0.008110556703,0.5627455299,0.6089945654,151676
151676,GraphST,5,10,0.1645929072,0.1756216877,0.01102878047,0.5955478961,0.6350521953,151676
151676,GraphST,5,11,0.1645929072,0.1685187016,0.003925794352,0.5676331384,0.6202210961,151676
151676,GraphST,5,12,0.1645929072,0.1612530744,0.00333983281,0.5977070188,0.6357176796,151676
151676,GraphST,5,13,0.1645929072,0.1705886643,0.005995757052,0.5626956349,0.6125730727,151676
151676,GraphST,5,14,0.1645929072,0.1545436747,0.01004923253,0.5794885532,0.6136823054,151676
151676,GraphST,5,15,0.1645929072,0.1754103718,0.01081746454,0.5798069134,0.6266660587,151676
151676,GraphST,5,16,0.1645929072,0.161949752,0.002643155209,0.5760642077,0.6237501308,151676
151676,GraphST,5,17,0.1645929072,0.1772428871,0.01264997984,0.549040965,0.6205601391,151676
151676,GraphST,5,19,0.1645929072,0.1670420641,0.002449156899,0.5959606046,0.6293134004,151676
151676,GraphST,5,20,0.1645929072,0.1545443647,0.01004854252,0.5740827488,0.6179648723,151676
151676,GraphST,6,7,0.1613220935,0.1514703135,0.009851780025,0.5829411093,0.617578797,151676
151676,GraphST,6,8,0.1613220935,0.160196126,0.001125967473,0.5840899055,0.6202390048,151676
151676,GraphST,6,9,0.1613220935,0.1564823505,0.004839742956,0.5734714455,0.5987934823,151676
151676,GraphST,6,10,0.1613220935,0.1756216877,0.01429959422,0.5916628917,0.630903354,151676
151676,GraphST,6,11,0.1613220935,0.1685187016,0.007196608099,0.5591014118,0.6060075822,151676
151676,GraphST,6,12,0.1613220935,0.1612530744,6.90190636e-05,0.6058476727,0.6484768813,151676
151676,GraphST,6,13,0.1613220935,0.1705886643,0.009266570798,0.5815199827,0.6162714376,151676
151676,GraphST,6,14,0.1613220935,0.1545436747,0.006778418788,0.6053714621,0.6429489937,151676
151676,GraphST,6,15,0.1613220935,0.1754103718,0.01408827828,0.5996393933,0.6302095086,151676
151676,GraphST,6,16,0.1613220935,0.161949752,0.0006276585373,0.6088812302,0.6324829094,151676
151676,GraphST,6,17,0.1613220935,0.1772428871,0.01592079359,0.566524809,0.618276053,151676
151676,GraphST,6,19,0.1613220935,0.1670420641,0.005719970646,0.5903058628,0.6357700619,151676
151676,GraphST,6,20,0.1613220935,0.1545443647,0.00677772877,0.5893033818,0.6144726821,151676
151676,GraphST,7,8,0.1514703135,0.160196126,0.008725812552,0.596394787,0.6309118698,151676
151676,GraphST,7,9,0.1514703135,0.1564823505,0.005012037069,0.5692352423,0.6082621906,151676
151676,GraphST,7,11,0.1514703135,0.1685187016,0.01704838812,0.5577087259,0.6067331312,151676
151676,GraphST,7,12,0.1514703135,0.1612530744,0.009782760961,0.6019021281,0.6321989542,151676
151676,GraphST,7,13,0.1514703135,0.1705886643,0.01911835082,0.5838722145,0.6200716892,151676
151676,GraphST,7,14,0.1514703135,0.1545436747,0.003073361237,0.6328790625,0.6381657811,151676
151676,GraphST,7,16,0.1514703135,0.161949752,0.01047943856,0.6296686789,0.6553594106,151676
151676,GraphST,7,19,0.1514703135,0.1670420641,0.01557175067,0.605523403,0.6316427125,151676
151676,GraphST,7,20,0.1514703135,0.1545443647,0.003074051255,0.6193650761,0.6391748013,151676
151676,GraphST,8,9,0.160196126,0.1564823505,0.003713775484,0.5609089203,0.5980726768,151676
151676,GraphST,8,10,0.160196126,0.1756216877,0.01542556169,0.5759694574,0.6268363152,151676
151676,GraphST,8,11,0.160196126,0.1685187016,0.008322575572,0.5637780332,0.6199636968,151676
151676,GraphST,8,12,0.160196126,0.1612530744,0.001056948409,0.5966551233,0.6505385193,151676
151676,GraphST,8,13,0.160196126,0.1705886643,0.01039253827,0.5711326127,0.6239554009,151676
151676,GraphST,8,14,0.160196126,0.1545436747,0.005652451315,0.6051879739,0.6424163769,151676
151676,GraphST,8,15,0.160196126,0.1754103718,0.01521424576,0.5872017624,0.6346473119,151676
151676,GraphST,8,16,0.160196126,0.161949752,0.00175362601,0.6291185939,0.646701259,151676
151676,GraphST,8,17,0.160196126,0.1772428871,0.01704676106,0.5809296211,0.6307054282,151676
151676,GraphST,8,19,0.160196126,0.1670420641,0.006845938118,0.5824116751,0.6294150198,151676
151676,GraphST,8,20,0.160196126,0.1545443647,0.005651761297,0.6109650636,0.6304532419,151676
151676,GraphST,9,10,0.1564823505,0.1756216877,0.01913933717,0.5780200536,0.6109907034,151676
151676,GraphST,9,11,0.1564823505,0.1685187016,0.01203635106,0.5475469487,0.5897386319,151676
151676,GraphST,9,12,0.1564823505,0.1612530744,0.004770723893,0.5627642912,0.6044572453,151676
151676,GraphST,9,13,0.1564823505,0.1705886643,0.01410631375,0.5772255581,0.6088699077,151676
151676,GraphST,9,14,0.1564823505,0.1545436747,0.001938675832,0.5689547915,0.6008363615,151676
151676,GraphST,9,15,0.1564823505,0.1754103718,0.01892802124,0.6073803108,0.6287445067,151676
151676,GraphST,9,16,0.1564823505,0.161949752,0.005467401493,0.6027054833,0.6204250492,151676
151676,GraphST,9,19,0.1564823505,0.1670420641,0.0105597136,0.5744802453,0.6085432901,151676
151676,GraphST,9,20,0.1564823505,0.1545443647,0.001937985814,0.5919625812,0.6183826865,151676
151676,GraphST,10,11,0.1756216877,0.1685187016,0.007102986117,0.5868432309,0.6253263086,151676
151676,GraphST,10,12,0.1756216877,0.1612530744,0.01436861328,0.6317568956,0.6586172541,151676
151676,GraphST,10,13,0.1756216877,0.1705886643,0.005033023418,0.6106503994,0.643513733,151676
151676,GraphST,10,15,0.1756216877,0.1754103718,0.0002113159337,0.6223079594,0.6518354768,151676
151676,GraphST,10,16,0.1756216877,0.161949752,0.01367193568,0.615712921,0.6520280963,151676
151676,GraphST,10,17,0.1756216877,0.1772428871,0.001621199374,0.5811009898,0.6414806213,151676
151676,GraphST,10,19,0.1756216877,0.1670420641,0.008579623571,0.6041504338,0.6334374035,151676
151676,GraphST,11,12,0.1685187016,0.1612530744,0.007265627163,0.5825289331,0.6318051629,151676
151676,GraphST,11,13,0.1685187016,0.1705886643,0.002069962699,0.5554765675,0.6039746423,151676
151676,GraphST,11,14,0.1685187016,0.1545436747,0.01397502689,0.5963183103,0.6335502381,151676
151676,GraphST,11,15,0.1685187016,0.1754103718,0.006891670184,0.5576290598,0.6013961528,151676
151676,GraphST,11,16,0.1685187016,0.161949752,0.006568949562,0.5925592399,0.6279256447,151676
151676,GraphST,11,17,0.1685187016,0.1772428871,0.008724185492,0.5577303365,0.6157068033,151676
151676,GraphST,11,19,0.1685187016,0.1670420641,0.001476637454,0.5886328223,0.6186542469,151676
151676,GraphST,11,20,0.1685187016,0.1545443647,0.01397433687,0.5896359097,0.6215855511,151676
151676,GraphST,12,13,0.1612530744,0.1705886643,0.009335589862,0.5831153107,0.6299779305,151676
151676,GraphST,12,14,0.1612530744,0.1545436747,0.006709399724,0.5976506701,0.6380716199,151676
151676,GraphST,12,15,0.1612530744,0.1754103718,0.01415729735,0.5788400106,0.6259635766,151676
151676,GraphST,12,16,0.1612530744,0.161949752,0.0006966776009,0.5966056535,0.6391619814,151676
151676,GraphST,12,17,0.1612530744,0.1772428871,0.01598981265,0.5578031313,0.6297268039,151676
151676,GraphST,12,19,0.1612530744,0.1670420641,0.005788989709,0.6121958105,0.6491976305,151676
151676,GraphST,12,20,0.1612530744,0.1545443647,0.006708709706,0.5858159464,0.6189218232,151676
151676,GraphST,13,14,0.1705886643,0.1545436747,0.01604498959,0.5806476725,0.6127709317,151676
151676,GraphST,13,15,0.1705886643,0.1754103718,0.004821707485,0.5888241185,0.6219707094,151676
151676,GraphST,13,16,0.1705886643,0.161949752,0.008638912261,0.596301142,0.6263188648,151676
151676,GraphST,13,17,0.1705886643,0.1772428871,0.006654222793,0.5561303548,0.6152005153,151676
151676,GraphST,13,19,0.1705886643,0.1670420641,0.003546600153,0.5758448103,0.6142431726,151676
151676,GraphST,13,20,0.1705886643,0.1545443647,0.01604429957,0.6050683273,0.6236798086,151676
151676,GraphST,14,16,0.1545436747,0.161949752,0.007406077325,0.6411757502,0.6620507307,151676
151676,GraphST,14,19,0.1545436747,0.1670420641,0.01249838943,0.5984555731,0.6318415779,151676
151676,GraphST,14,20,0.1545436747,0.1545443647,6.90018027e-07,0.6233543205,0.6345293114,151676
151676,GraphST,15,16,0.1754103718,0.161949752,0.01346061975,0.6072513409,0.6334915929,151676
151676,GraphST,15,17,0.1754103718,0.1772428871,0.001832515308,0.5713431485,0.6240631535,151676
151676,GraphST,15,19,0.1754103718,0.1670420641,0.008368307637,0.594973023,0.6250620436,151676
151676,GraphST,16,17,0.161949752,0.1772428871,0.01529313505,0.604988511,0.6358825246,151676
151676,GraphST,16,19,0.161949752,0.1670420641,0.005092312108,0.6022473427,0.6370776442,151676
151676,GraphST,16,20,0.161949752,0.1545443647,0.007405387307,0.6269186717,0.6377180092,151676
151676,GraphST,17,19,0.1772428871,0.1670420641,0.01020082295,0.5687053477,0.6215942273,151676
151676,GraphST,19,20,0.1670420641,0.1545443647,0.01249769942,0.6148231073,0.6306750624,151676
151676,STAGATE,1,2,0.1687571777,0.1693948551,0.0006376773498,0.5673991156,0.6098476537,151676
151676,STAGATE,1,3,0.1687571777,0.1803476804,0.01159050273,0.5883765493,0.6066584488,151676
151676,STAGATE,1,4,0.1687571777,0.175398405,0.006641227316,0.6304405097,0.6344433812,151676
151676,STAGATE,1,5,0.1687571777,0.1521197169,0.0166374608,0.5389630682,0.5920421702,151676
151676,STAGATE,1,7,0.1687571777,0.1835828199,0.01482564223,0.6196494248,0.6411670592,151676
151676,STAGATE,1,8,0.1687571777,0.1568909195,0.01186625821,0.5737529468,0.6087513785,151676
151676,STAGATE,1,10,0.1687571777,0.1809270964,0.01216991873,0.5940245284,0.6068714451,151676
151676,STAGATE,1,12,0.1687571777,0.1819803552,0.01322317752,0.638589348,0.6586738748,151676
151676,STAGATE,1,13,0.1687571777,0.1740726827,0.005315504966,0.6229675723,0.660758777,151676
151676,STAGATE,1,14,0.1687571777,0.1683305938,0.0004265839101,0.6615796143,0.6699934052,151676
151676,STAGATE,1,16,0.1687571777,0.174002066,0.005244888287,0.6228718371,0.6519111061,151676
151676,STAGATE,1,17,0.1687571777,0.1645199558,0.00423722193,0.6412950459,0.6450568593,151676
151676,STAGATE,1,19,0.1687571777,0.1705433875,0.001786209839,0.6478915656,0.6475354938,151676
151676,STAGATE,1,20,0.1687571777,0.1559469725,0.01281020522,0.5728998968,0.5978619933,151676
151676,STAGATE,2,3,0.1693948551,0.1803476804,0.01095282538,0.5540832598,0.6117774223,151676
151676,STAGATE,2,4,0.1693948551,0.175398405,0.006003549967,0.5372701548,0.6052322951,151676
151676,STAGATE,2,5,0.1693948551,0.1521197169,0.01727513815,0.506577663,0.5900936752,151676
151676,STAGATE,2,7,0.1693948551,0.1835828199,0.01418796488,0.5533930794,0.6243080083,151676
151676,STAGATE,2,8,0.1693948551,0.1568909195,0.01250393556,0.6977151438,0.6887578775,151676
151676,STAGATE,2,10,0.1693948551,0.1809270964,0.01153224138,0.5680491967,0.6291351105,151676
151676,STAGATE,2,12,0.1693948551,0.1819803552,0.01258550017,0.5566801162,0.6055642399,151676
151676,STAGATE,2,13,0.1693948551,0.1740726827,0.004677827616,0.5334995258,0.6089450141,151676
151676,STAGATE,2,14,0.1693948551,0.1683305938,0.00106426126,0.6131871788,0.6381517909,151676
151676,STAGATE,2,16,0.1693948551,0.174002066,0.004607210937,0.5588660718,0.6158866374,151676
151676,STAGATE,2,17,0.1693948551,0.1645199558,0.00487489928,0.5628759478,0.6193023574,151676
151676,STAGATE,2,19,0.1693948551,0.1705433875,0.001148532489,0.5661354781,0.6218188258,151676
151676,STAGATE,2,20,0.1693948551,0.1559469725,0.01344788257,0.6609515078,0.6687234403,151676
151676,STAGATE,3,4,0.1803476804,0.175398405,0.004949275418,0.6798352621,0.6592435795,151676
151676,STAGATE,3,7,0.1803476804,0.1835828199,0.003235139498,0.6861492804,0.6714638294,151676
151676,STAGATE,3,10,0.1803476804,0.1809270964,0.0005794159975,0.7020670343,0.6760906922,151676
151676,STAGATE,3,11,0.1803476804,0.192370922,0.01202324159,0.5740776663,0.6186852046,151676
151676,STAGATE,3,12,0.1803476804,0.1819803552,0.001632674784,0.6331394601,0.6300808817,151676
151676,STAGATE,3,13,0.1803476804,0.1740726827,0.006274997769,0.6762349614,0.6644044554,151676
151676,STAGATE,3,14,0.1803476804,0.1683305938,0.01201708664,0.6899937871,0.6751803259,151676
151676,STAGATE,3,16,0.1803476804,0.174002066,0.006345614447,0.6712963887,0.6608219609,151676
151676,STAGATE,3,17,0.1803476804,0.1645199558,0.01582772466,0.6773356581,0.662318579,151676
151676,STAGATE,3,19,0.1803476804,0.1705433875,0.009804292895,0.6907441117,0.6841741232,151676
151676,STAGATE,4,7,0.175398405,0.1835828199,0.008184414916,0.6739621294,0.66859624,151676
151676,STAGATE,4,8,0.175398405,0.1568909195,0.01850748552,0.5939691495,0.6297911669,151676
151676,STAGATE,4,10,0.175398405,0.1809270964,0.005528691415,0.6679892241,0.6566304632,151676
151676,STAGATE,4,11,0.175398405,0.192370922,0.01697251701,0.5867710003,0.6342485229,151676
151676,STAGATE,4,12,0.175398405,0.1819803552,0.006581950201,0.6361878775,0.6341012966,151676
151676,STAGATE,4,13,0.175398405,0.1740726827,0.001325722351,0.6624198683,0.6676157869,151676
151676,STAGATE,4,14,0.175398405,0.1683305938,0.007067811226,0.6577212553,0.6488613501,151676
151676,STAGATE,4,16,0.175398405,0.174002066,0.001396339029,0.6659894922,0.6548974911,151676
151676,STAGATE,4,17,0.175398405,0.1645199558,0.01087844925,0.6830766052,0.6621189333,151676
151676,STAGATE,4,19,0.175398405,0.1705433875,0.004855017477,0.6631755887,0.6561507671,151676
151676,STAGATE,4,20,0.175398405,0.1559469725,0.01945143253,0.6222079481,0.6469076048,151676
151676,STAGATE,5,8,0.1521197169,0.1568909195,0.004771202596,0.5366341278,0.6144489099,151676
151676,STAGATE,5,14,0.1521197169,0.1683305938,0.01621087689,0.6112176915,0.6393939886,151676
151676,STAGATE,5,17,0.1521197169,0.1645199558,0.01240023887,0.6310917751,0.6446472905,151676
151676,STAGATE,5,19,0.1521197169,0.1705433875,0.01842367064,0.6270934395,0.6446539161,151676
151676,STAGATE,5,20,0.1521197169,0.1559469725,0.003827255584,0.5720703766,0.6262369218,151676
151676,STAGATE,6,7,0.2027708594,0.1835828199,0.01918803947,0.7123063672,0.6938582066,151676
151676,STAGATE,6,9,0.2027708594,0.207139419,0.004368559547,0.6972237162,0.679364021,151676
151676,STAGATE,6,11,0.2027708594,0.192370922,0.01039993738,0.6140529481,0.641457736,151676
151676,STAGATE,6,15,0.2027708594,0.2004379975,0.002332861952,0.6228873311,0.6537800779,151676
151676,STAGATE,6,18,0.2027708594,0.2118890594,0.009118199983,0.68399651,0.6622186282,151676
151676,STAGATE,7,10,0.1835828199,0.1809270964,0.002655723501,0.6912715319,0.6819274539,151676
151676,STAGATE,7,11,0.1835828199,0.192370922,0.008788102095,0.6189210109,0.6530042767,151676
151676,STAGATE,7,12,0.1835828199,0.1819803552,0.001602464715,0.6556333541,0.6489869223,151676
151676,STAGATE,7,13,0.1835828199,0.1740726827,0.009510137267,0.7045445836,0.6980527918,151676
151676,STAGATE,7,14,0.1835828199,0.1683305938,0.01525222614,0.6903247451,0.6878397694,151676
151676,STAGATE,7,15,0.1835828199,0.2004379975,0.01685517752,0.6202556066,0.6394334608,151676
151676,STAGATE,7,16,0.1835828199,0.174002066,0.009580753945,0.6809243482,0.6749776421,151676
151676,STAGATE,7,17,0.1835828199,0.1645199558,0.01906286416,0.7168454493,0.708354502,151676
151676,STAGATE,7,19,0.1835828199,0.1705433875,0.01303943239,0.6854273606,0.6914720546,151676
151676,STAGATE,8,13,0.1568909195,0.1740726827,0.01718176317,0.546139491,0.6061654187,151676
151676,STAGATE,8,14,0.1568909195,0.1683305938,0.0114396743,0.6170310559,0.6338530645,151676
151676,STAGATE,8,16,0.1568909195,0.174002066,0.01711114649,0.5752214744,0.6150156437,151676
151676,STAGATE,8,17,0.1568909195,0.1645199558,0.007629036276,0.5886876148,0.6233500137,151676
151676,STAGATE,8,19,0.1568909195,0.1705433875,0.01365246804,0.5892443866,0.6240032092,151676
151676,STAGATE,8,20,0.1568909195,0.1559469725,0.0009439470121,0.7314085114,0.6941561871,151676
151676,STAGATE,9,11,0.207139419,0.192370922,0.01476849692,0.5834183553,0.6183232561,151676
151676,STAGATE,9,15,0.207139419,0.2004379975,0.006701421498,0.6112747213,0.6309670182,151676
151676,STAGATE,9,18,0.207139419,0.2118890594,0.004749640436,0.7266504877,0.7065943078,151676
151676,STAGATE,10,11,0.1809270964,0.192370922,0.0114438256,0.5920940499,0.6254232121,151676
151676,STAGATE,10,12,0.1809270964,0.1819803552,0.001053258786,0.6459005592,0.6381843889,151676
151676,STAGATE,10,13,0.1809270964,0.1740726827,0.006854413766,0.6687979917,0.6584448142,151676
151676,STAGATE,10,14,0.1809270964,0.1683305938,0.01259650264,0.6687209649,0.6571157918,151676
151676,STAGATE,10,15,0.1809270964,0.2004379975,0.01951090102,0.6269824752,0.6358820002,151676
151676,STAGATE,10,16,0.1809270964,0.174002066,0.006925030445,0.667107139,0.654090818,151676
151676,STAGATE,10,17,0.1809270964,0.1645199558,0.01640714066,0.6836364649,0.6654601868,151676
151676,STAGATE,10,19,0.1809270964,0.1705433875,0.01038370889,0.674924472,0.6689499943,151676
151676,STAGATE,11,12,0.192370922,0.1819803552,0.01039056681,0.5779395548,0.6141422758,151676
151676,STAGATE,11,13,0.192370922,0.1740726827,0.01829823936,0.5993381675,0.6427458559,151676
151676,STAGATE,11,15,0.192370922,0.2004379975,0.008067075424,0.6144388216,0.6459178482,151676
151676,STAGATE,11,16,0.192370922,0.174002066,0.01836885604,0.5787488256,0.6203580809,151676
151676,STAGATE,11,18,0.192370922,0.2118890594,0.01951813736,0.6237688338,0.6364500511,151676
151676,STAGATE,12,13,0.1819803552,0.1740726827,0.007907672552,0.6751341548,0.6800538051,151676
151676,STAGATE,12,14,0.1819803552,0.1683305938,0.01364976143,0.7223130641,0.7161876935,151676
151676,STAGATE,12,15,0.1819803552,0.2004379975,0.01845764223,0.6455197292,0.6742393745,151676
151676,STAGATE,12,16,0.1819803552,0.174002066,0.007978289231,0.6679905146,0.6700561097,151676
151676,STAGATE,12,17,0.1819803552,0.1645199558,0.01746039945,0.6753679997,0.6624403494,151676
151676,STAGATE,12,19,0.1819803552,0.1705433875,0.01143696768,0.6803111543,0.6741742436,151676
151676,STAGATE,13,14,0.1740726827,0.1683305938,0.005742088876,0.6869979492,0.6963356826,151676
151676,STAGATE,13,16,0.1740726827,0.174002066,7.061667842e-05,0.7054571155,0.7023410248,151676
151676,STAGATE,13,17,0.1740726827,0.1645199558,0.009552726896,0.7033610992,0.6942734247,151676
151676,STAGATE,13,19,0.1740726827,0.1705433875,0.003529295126,0.6967038606,0.6930167665,151676
151676,STAGATE,13,20,0.1740726827,0.1559469725,0.01812571018,0.5910071184,0.6394146973,151676
151676,STAGATE,14,16,0.1683305938,0.174002066,0.005671472197,0.6984839431,0.7083298985,151676
151676,STAGATE,14,17,0.1683305938,0.1645199558,0.00381063802,0.7272126632,0.7102627912,151676
151676,STAGATE,14,19,0.1683305938,0.1705433875,0.002212793749,0.7207577112,0.7131939122,151676
151676,STAGATE,14,20,0.1683305938,0.1559469725,0.01238362131,0.650089524,0.6526895672,151676
151676,STAGATE,15,18,0.2004379975,0.2118890594,0.01145106193,0.6278722783,0.633428377,151676
151676,STAGATE,16,17,0.174002066,0.1645199558,0.009482110217,0.7054432507,0.6894094053,151676
151676,STAGATE,16,19,0.174002066,0.1705433875,0.003458678448,0.7070173803,0.6906583833,151676
151676,STAGATE,16,20,0.174002066,0.1559469725,0.0180550935,0.6111755685,0.6389090496,151676
151676,STAGATE,17,19,0.1645199558,0.1705433875,0.006023431769,0.6997277477,0.690190307,151676
151676,STAGATE,17,20,0.1645199558,0.1559469725,0.008572983288,0.6160540892,0.634805753,151676
151676,STAGATE,19,20,0.1705433875,0.1559469725,0.01459641506,0.6211325272,0.6375143979,151676
151676,SpaGCN,1,13,0.2568151675,0.2409765471,0.01583862036,0.7543013358,0.7828362173,151676
151676,SpaGCN,1,19,0.2568151675,0.243775156,0.01304001148,0.5190869371,0.6384846825,151676
151676,SpaGCN,2,3,0.2194843261,0.220430222,0.0009458958999,0.6221773606,0.6846621716,151676
151676,SpaGCN,2,4,0.2194843261,0.2045525552,0.0149317709,0.6210875206,0.670626342,151676
151676,SpaGCN,2,5,0.2194843261,0.207255291,0.01222903508,0.6155973937,0.6895130077,151676
151676,SpaGCN,2,6,0.2194843261,0.2267384799,0.007254153799,0.6762085136,0.7117362872,151676
151676,SpaGCN,2,7,0.2194843261,0.2344063666,0.0149220405,0.5747381305,0.641015028,151676
151676,SpaGCN,2,8,0.2194843261,0.2108320081,0.008652318019,0.5910643462,0.6525072218,151676
151676,SpaGCN,2,9,0.2194843261,0.2256582755,0.006173949449,0.6130323051,0.6631550779,151676
151676,SpaGCN,2,10,0.2194843261,0.2253444221,0.005860095996,0.5067636284,0.628987944,151676
151676,SpaGCN,2,11,0.2194843261,0.2295732658,0.01008893971,0.5752309206,0.6598487907,151676
151676,SpaGCN,2,12,0.2194843261,0.2260010708,0.006516744683,0.6109093723,0.6810262407,151676
151676,SpaGCN,2,14,0.2194843261,0.2172091363,0.002275189811,0.6177304832,0.6759345096,151676
151676,SpaGCN,2,15,0.2194843261,0.2286960877,0.009211761636,0.6691359344,0.7062121267,151676
151676,SpaGCN,2,16,0.2194843261,0.2217009304,0.002216604376,0.5670900055,0.6472075685,151676
151676,SpaGCN,2,17,0.2194843261,0.202791972,0.01669235412,0.5809182022,0.648598781,151676
151676,SpaGCN,2,20,0.2194843261,0.2316197002,0.01213537414,0.6588300379,0.6966444486,151676
151676,SpaGCN,3,4,0.220430222,0.2045525552,0.0158776668,0.5850366605,0.645818708,151676
151676,SpaGCN,3,5,0.220430222,0.207255291,0.01317493098,0.6826466683,0.7117583698,151676
151676,SpaGCN,3,6,0.220430222,0.2267384799,0.006308257899,0.6952185836,0.7264096886,151676
151676,SpaGCN,3,7,0.220430222,0.2344063666,0.0139761446,0.6504535015,0.6840721024,151676
151676,SpaGCN,3,8,0.220430222,0.2108320081,0.009598213918,0.6883446445,0.7219465316,151676
151676,SpaGCN,3,9,0.220430222,0.2256582755,0.005228053549,0.6025472996,0.6663120405,151676
151676,SpaGCN,3,10,0.220430222,0.2253444221,0.004914200097,0.6004696942,0.6896423391,151676
151676,SpaGCN,3,11,0.220430222,0.2295732658,0.009143043812,0.5658611403,0.6423494068,151676
151676,SpaGCN,3,12,0.220430222,0.2260010708,0.005570848783,0.7934268789,0.8012498064,151676
151676,SpaGCN,3,14,0.220430222,0.2172091363,0.003221085711,0.6967783395,0.7232955967,151676
151676,SpaGCN,3,15,0.220430222,0.2286960877,0.008265865736,0.6935118445,0.7179475022,151676
151676,SpaGCN,3,16,0.220430222,0.2217009304,0.001270708477,0.6968316807,0.7200446257,151676
151676,SpaGCN,3,17,0.220430222,0.202791972,0.01763825002,0.6873469871,0.7149022824,151676
151676,SpaGCN,3,20,0.220430222,0.2316197002,0.01118947824,0.6170440813,0.6806780806,151676
151676,SpaGCN,4,5,0.2045525552,0.207255291,0.002702735821,0.5988047474,0.6645165097,151676
151676,SpaGCN,4,8,0.2045525552,0.2108320081,0.006279452885,0.5780604573,0.6399336451,151676
151676,SpaGCN,4,14,0.2045525552,0.2172091363,0.01265658109,0.6091361118,0.6661325654,151676
151676,SpaGCN,4,16,0.2045525552,0.2217009304,0.01714837528,0.5883727564,0.653574782,151676
151676,SpaGCN,4,17,0.2045525552,0.202791972,0.001760583215,0.570442522,0.6303921563,151676
151676,SpaGCN,4,18,0.2045525552,0.1943867043,0.01016585089,0.6326630519,0.6898966652,151676
151676,SpaGCN,5,6,0.207255291,0.2267384799,0.01948318888,0.6424458336,0.6938734682,151676
151676,SpaGCN,5,8,0.207255291,0.2108320081,0.003576717064,0.6426460633,0.678740791,151676
151676,SpaGCN,5,9,0.207255291,0.2256582755,0.01840298453,0.5798677593,0.6510413011,151676
151676,SpaGCN,5,10,0.207255291,0.2253444221,0.01808913108,0.5085788878,0.6193556781,151676
151676,SpaGCN,5,12,0.207255291,0.2260010708,0.01874577977,0.7049423991,0.7100005629,151676
151676,SpaGCN,5,14,0.207255291,0.2172091363,0.009953845272,0.6854948487,0.7132293258,151676
151676,SpaGCN,5,16,0.207255291,0.2217009304,0.01444563946,0.7738066599,0.7550121912,151676
151676,SpaGCN,5,17,0.207255291,0.202791972,0.004463319036,0.695221145,0.6937735172,151676
151676,SpaGCN,5,18,0.207255291,0.1943867043,0.01286858671,0.5683671666,0.6490810817,151676
151676,SpaGCN,6,7,0.2267384799,0.2344063666,0.007667886705,0.5865110583,0.6320999523,151676
151676,SpaGCN,6,8,0.2267384799,0.2108320081,0.01590647182,0.6489635909,0.686067033,151676
151676,SpaGCN,6,9,0.2267384799,0.2256582755,0.00108020435,0.5921499707,0.6507371325,151676
151676,SpaGCN,6,10,0.2267384799,0.2253444221,0.001394057802,0.57055506,0.661961633,151676
151676,SpaGCN,6,11,0.2267384799,0.2295732658,0.002834785913,0.5567442363,0.6371690674,151676
151676,SpaGCN,6,12,0.2267384799,0.2260010708,0.0007374091162,0.6654725062,0.710092176,151676
151676,SpaGCN,6,13,0.2267384799,0.2409765471,0.01423806727,0.6635905762,0.7117991465,151676
151676,SpaGCN,6,14,0.2267384799,0.2172091363,0.00952934361,0.6370205972,0.6789964004,151676
151676,SpaGCN,6,15,0.2267384799,0.2286960877,0.001957607837,0.7036916154,0.7157787266,151676
151676,SpaGCN,6,16,0.2267384799,0.2217009304,0.005037549422,0.5928353535,0.6498294941,151676
151676,SpaGCN,6,19,0.2267384799,0.243775156,0.01703667614,0.5125946444,0.6251861597,151676
151676,SpaGCN,6,20,0.2267384799,0.2316197002,0.004881220337,0.6276535169,0.6731622881,151676
151676,SpaGCN,7,9,0.2344063666,0.2256582755,0.008748091056,0.6222370698,0.6854706677,151676
151676,SpaGCN,7,10,0.2344063666,0.2253444221,0.009061944508,0.4819850742,0.5936453394,151676
151676,SpaGCN,7,11,0.2344063666,0.2295732658,0.004833100793,0.6404104616,0.6846564498,151676
151676,SpaGCN,7,12,0.2344063666,0.2260010708,0.008405295822,0.6415870721,0.6954877062,151676
151676,SpaGCN,7,13,0.2344063666,0.2409765471,0.006570180561,0.5937046734,0.6755231143,151676
151676,SpaGCN,7,14,0.2344063666,0.2172091363,0.01719723032,0.6533873229,0.6958887066,151676
151676,SpaGCN,7,15,0.2344063666,0.2286960877,0.005710278869,0.6642422332,0.7029740151,151676
151676,SpaGCN,7,16,0.2344063666,0.2217009304,0.01270543613,0.6410073967,0.6927683197,151676
151676,SpaGCN,7,19,0.2344063666,0.243775156,0.009368789438,0.4734834838,0.5832982013,151676
151676,SpaGCN,7,20,0.2344063666,0.2316197002,0.002786666369,0.6308271687,0.685853247,151676
151676,SpaGCN,8,9,0.2108320081,0.2256582755,0.01482626747,0.6305583418,0.68617574,151676
151676,SpaGCN,8,10,0.2108320081,0.2253444221,0.01451241401,0.5520999112,0.6583952947,151676
151676,SpaGCN,8,11,0.2108320081,0.2295732658,0.01874125773,0.5705740749,0.6457267239,151676
151676,SpaGCN,8,12,0.2108320081,0.2260010708,0.0151690627,0.698027027,0.7271381023,151676
151676,SpaGCN,8,14,0.2108320081,0.2172091363,0.006377128208,0.7087380697,0.7329245611,151676
151676,SpaGCN,8,15,0.2108320081,0.2286960877,0.01786407965,0.6790220503,0.7102416624,151676
151676,SpaGCN,8,16,0.2108320081,0.2217009304,0.01086892239,0.6482064576,0.6853687042,151676
151676,SpaGCN,8,17,0.2108320081,0.202791972,0.0080400361,0.6939654326,0.7177898433,151676
151676,SpaGCN,8,18,0.2108320081,0.1943867043,0.01644530378,0.5563610071,0.634339665,151676
151676,SpaGCN,9,10,0.2256582755,0.2253444221,0.0003138534521,0.4969418289,0.6211830742,151676
151676,SpaGCN,9,11,0.2256582755,0.2295732658,0.003914990263,0.5904456572,0.6532690398,151676
151676,SpaGCN,9,12,0.2256582755,0.2260010708,0.000342795234,0.6088561971,0.6873555058,151676
151676,SpaGCN,9,13,0.2256582755,0.2409765471,0.01531827162,0.6719784147,0.7234878151,151676
151676,SpaGCN,9,14,0.2256582755,0.2172091363,0.008449139259,0.6459260848,0.703744489,151676
151676,SpaGCN,9,15,0.2256582755,0.2286960877,0.003037812187,0.6885346973,0.7352776247,151676
151676,SpaGCN,9,16,0.2256582755,0.2217009304,0.003957345072,0.5810581914,0.6572881801,151676
151676,SpaGCN,9,19,0.2256582755,0.243775156,0.01811688049,0.5061182889,0.6218027837,151676
151676,SpaGCN,9,20,0.2256582755,0.2316197002,0.005961424687,0.7113930832,0.7422171874,151676
151676,SpaGCN,10,11,0.2253444221,0.2295732658,0.004228843715,0.4478776288,0.5737163357,151676
151676,SpaGCN,10,12,0.2253444221,0.2260010708,0.0006566486862,0.615574024,0.7008868165,151676
151676,SpaGCN,10,13,0.2253444221,0.2409765471,0.01563212507,0.5710180408,0.6840473235,151676
151676,SpaGCN,10,14,0.2253444221,0.2172091363,0.008135285807,0.5243138715,0.6402577907,151676
151676,SpaGCN,10,15,0.2253444221,0.2286960877,0.003351665639,0.5891512329,0.6740757248,151676
151676,SpaGCN,10,16,0.2253444221,0.2217009304,0.00364349162,0.5201000204,0.6234599759,151676
151676,SpaGCN,10,19,0.2253444221,0.243775156,0.01843073395,0.4566796576,0.5866189295,151676
151676,SpaGCN,10,20,0.2253444221,0.2316197002,0.006275278139,0.535864427,0.6475230504,151676
151676,SpaGCN,11,12,0.2295732658,0.2260010708,0.003572195029,0.5568239785,0.6421390521,151676
151676,SpaGCN,11,13,0.2295732658,0.2409765471,0.01140328135,0.5419198904,0.6385144217,151676
151676,SpaGCN,11,14,0.2295732658,0.2172091363,0.01236412952,0.6145337076,0.6755434722,151676
151676,SpaGCN,11,15,0.2295732658,0.2286960877,0.0008771780761,0.5699556621,0.6393858363,151676
151676,SpaGCN,11,16,0.2295732658,0.2217009304,0.007872335335,0.5862417431,0.6625899833,151676
151676,SpaGCN,11,19,0.2295732658,0.243775156,0.01420189023,0.4522770857,0.5917583445,151676
151676,SpaGCN,11,20,0.2295732658,0.2316197002,0.002046434424,0.6248145222,0.6829718991,151676
151676,SpaGCN,12,13,0.2260010708,0.2409765471,0.01497547638,0.6495828007,0.7332578613,151676
151676,SpaGCN,12,14,0.2260010708,0.2172091363,0.008791934493,0.6954102791,0.7292649879,151676
151676,SpaGCN,12,15,0.2260010708,0.2286960877,0.002695016953,0.7101190642,0.7512495907,151676
151676,SpaGCN,12,16,0.2260010708,0.2217009304,0.004300140306,0.7358828953,0.73451776,151676
151676,SpaGCN,12,19,0.2260010708,0.243775156,0.01777408526,0.5679413,0.6475490064,151676
151676,SpaGCN,12,20,0.2260010708,0.2316197002,0.005618629453,0.6191292322,0.6945322322,151676
151676,SpaGCN,13,15,0.2409765471,0.2286960877,0.01228045943,0.7415410887,0.7732974287,151676
151676,SpaGCN,13,16,0.2409765471,0.2217009304,0.01927561669,0.5826570433,0.676800559,151676
151676,SpaGCN,13,19,0.2409765471,0.243775156,0.002798608876,0.5309657992,0.6476031037,151676
151676,SpaGCN,13,20,0.2409765471,0.2316197002,0.00935684693,0.6850336349,0.7304686288,151676
151676,SpaGCN,14,15,0.2172091363,0.2286960877,0.01148695145,0.6898484682,0.7274523712,151676
151676,SpaGCN,14,16,0.2172091363,0.2217009304,0.004491794187,0.683752556,0.7131905209,151676
151676,SpaGCN,14,17,0.2172091363,0.202791972,0.01441716431,0.6934962519,0.7162555558,151676
151676,SpaGCN,14,20,0.2172091363,0.2316197002,0.01441056395,0.6497183613,0.7050956792,151676
151676,SpaGCN,15,16,0.2286960877,0.2217009304,0.006995157259,0.6397531353,0.690005736,151676
151676,SpaGCN,15,19,0.2286960877,0.243775156,0.01507906831,0.5321283706,0.6390386185,151676
151676,SpaGCN,15,20,0.2286960877,0.2316197002,0.0029236125,0.6991432152,0.7298106919,151676
151676,SpaGCN,16,17,0.2217009304,0.202791972,0.0189089585,0.670674926,0.6810716176,151676
151676,SpaGCN,16,20,0.2217009304,0.2316197002,0.009918769759,0.584849562,0.6664341019,151676
151676,SpaGCN,17,18,0.202791972,0.1943867043,0.008405267678,0.5265431382,0.6064620167,151676
151676,SpaGCN,19,20,0.243775156,0.2316197002,0.01215545581,0.5164784177,0.6303990328,151676
151676,BANKSY,1,3,0.2406080426,0.2470124164,0.006404373868,0.9662838447,0.9595749476,151676
151676,BANKSY,1,5,0.2406080426,0.2476473699,0.007039327344,0.97461708,0.9698651191,151676
151676,BANKSY,1,6,0.2406080426,0.2368991548,0.003708887728,0.8267300395,0.8453745633,151676
151676,BANKSY,1,8,0.2406080426,0.2344590678,0.006148974788,0.5719034918,0.6406290044,151676
151676,BANKSY,1,10,0.2406080426,0.2376255791,0.002982463461,0.827464704,0.845756458,151676
151676,BANKSY,1,11,0.2406080426,0.2298281019,0.01077994067,0.5800135916,0.6548320062,151676
151676,BANKSY,1,12,0.2406080426,0.2466023826,0.005994340074,0.9626979582,0.9559445961,151676
151676,BANKSY,1,15,0.2406080426,0.2395538739,0.001054168672,0.9930776912,0.9894228506,151676
151676,BANKSY,1,16,0.2406080426,0.2477130892,0.00710504664,0.9614980382,0.9553342002,151676
151676,BANKSY,1,17,0.2406080426,0.2470124164,0.006404373868,0.9662838447,0.9595749476,151676
151676,BANKSY,1,19,0.2406080426,0.2470124164,0.006404373868,0.9662838447,0.9595749476,151676
151676,BANKSY,1,20,0.2406080426,0.2469068242,0.006298781692,0.9639764677,0.9575145566,151676
151676,BANKSY,3,5,0.2470124164,0.2476473699,0.0006349534768,0.988662857,0.9834754795,151676
151676,BANKSY,3,6,0.2470124164,0.2368991548,0.0101132616,0.8237839267,0.8486108254,151676
151676,BANKSY,3,8,0.2470124164,0.2344590678,0.01255334866,0.5825783143,0.6478060115,151676
151676,BANKSY,3,10,0.2470124164,0.2376255791,0.009386837329,0.823128265,0.8472196396,151676
151676,BANKSY,3,11,0.2470124164,0.2298281019,0.01718431454,0.5748435808,0.6522083336,151676
151676,BANKSY,3,12,0.2470124164,0.2466023826,0.0004100337937,0.9948763377,0.9932161146,151676
151676,BANKSY,3,15,0.2470124164,0.2395538739,0.00745854254,0.9594838753,0.9521927175,151676
151676,BANKSY,3,16,0.2470124164,0.2477130892,0.0007006727725,0.9931923233,0.991027831,151676
151676,BANKSY,3,17,0.2470124164,0.2470124164,0,1,1,151676
151676,BANKSY,3,19,0.2470124164,0.2470124164,0,1,1,151676
151676,BANKSY,3,20,0.2470124164,0.2469068242,0.0001055921754,0.9952961104,0.9932224437,151676
151676,BANKSY,4,7,0.1642679338,0.1813866034,0.01711866961,0.6682063981,0.665130609,151676
151676,BANKSY,4,9,0.1642679338,0.1550417214,0.009226212347,0.8963997143,0.832125964,151676
151676,BANKSY,4,14,0.1642679338,0.1816036694,0.01733573563,0.7113369921,0.6857315512,151676
151676,BANKSY,5,6,0.2476473699,0.2368991548,0.01074821507,0.8277614152,0.8497363041,151676
151676,BANKSY,5,8,0.2476473699,0.2344590678,0.01318830213,0.5802091462,0.6459773303,151676
151676,BANKSY,5,10,0.2476473699,0.2376255791,0.01002179081,0.8271212152,0.8486687079,151676
151676,BANKSY,5,11,0.2476473699,0.2298281019,0.01781926802,0.5740260107,0.6516080683,151676
151676,BANKSY,5,12,0.2476473699,0.2466023826,0.00104498727,0.9835867278,0.9781491198,151676
151676,BANKSY,5,15,0.2476473699,0.2395538739,0.008093496017,0.9677795056,0.9618544785,151676
151676,BANKSY,5,16,0.2476473699,0.2477130892,6.571929572e-05,0.9867069573,0.9821497675,151676
151676,BANKSY,5,17,0.2476473699,0.2470124164,0.0006349534768,0.988662857,0.9834754795,151676
151676,BANKSY,5,19,0.2476473699,0.2470124164,0.0006349534768,0.988662857,0.9834754795,151676
151676,BANKSY,5,20,0.2476473699,0.2469068242,0.0007405456521,0.9863167349,0.9815373415,151676
151676,BANKSY,6,8,0.2368991548,0.2344590678,0.002440087061,0.6165122286,0.659105659,151676
151676,BANKSY,6,10,0.2368991548,0.2376255791,0.0007264242664,0.9946176922,0.9916373624,151676
151676,BANKSY,6,11,0.2368991548,0.2298281019,0.007071052945,0.6046126019,0.668731355,151676
151676,BANKSY,6,12,0.2368991548,0.2466023826,0.009703227802,0.8205080397,0.8456439197,151676
151676,BANKSY,6,13,0.2368991548,0.2169605271,0.01993862773,0.6505121918,0.7681539296,151676
151676,BANKSY,6,15,0.2368991548,0.2395538739,0.002654719055,0.8245725754,0.8449404572,151676
151676,BANKSY,6,16,0.2368991548,0.2477130892,0.01081393437,0.8205942583,0.8453172977,151676
151676,BANKSY,6,17,0.2368991548,0.2470124164,0.0101132616,0.8237839267,0.8486108254,151676
151676,BANKSY,6,19,0.2368991548,0.2470124164,0.0101132616,0.8237839267,0.8486108254,151676
151676,BANKSY,6,20,0.2368991548,0.2469068242,0.01000766942,0.8199997052,0.8450759458,151676
151676,BANKSY,7,14,0.1813866034,0.1816036694,0.0002170660205,0.7995894901,0.7688139463,151676
151676,BANKSY,7,18,0.1813866034,0.1923653608,0.01097875739,0.5854606824,0.6658038522,151676
151676,BANKSY,8,10,0.2344590678,0.2376255791,0.003166511327,0.6147727602,0.6579463562,151676
151676,BANKSY,8,11,0.2344590678,0.2298281019,0.004630965884,0.8477337709,0.8234975249,151676
151676,BANKSY,8,12,0.2344590678,0.2466023826,0.01214331486,0.5801374588,0.6458671274,151676
151676,BANKSY,8,13,0.2344590678,0.2169605271,0.01749854067,0.3970463311,0.5349977142,151676
151676,BANKSY,8,15,0.2344590678,0.2395538739,0.005094806116,0.5682772043,0.637687387,151676
151676,BANKSY,8,16,0.2344590678,0.2477130892,0.01325402143,0.5806913333,0.6459331244,151676
151676,BANKSY,8,17,0.2344590678,0.2470124164,0.01255334866,0.5825783143,0.6478060115,151676
151676,BANKSY,8,19,0.2344590678,0.2470124164,0.01255334866,0.5825783143,0.6478060115,151676
151676,BANKSY,8,20,0.2344590678,0.2469068242,0.01244775648,0.5796750692,0.6455897286,151676
151676,BANKSY,10,11,0.2376255791,0.2298281019,0.007797477211,0.6054130498,0.669488595,151676
151676,BANKSY,10,12,0.2376255791,0.2466023826,0.008976803535,0.8212256514,0.8466084696,151676
151676,BANKSY,10,15,0.2376255791,0.2395538739,0.001928294789,0.8253127269,0.8453019059,151676
151676,BANKSY,10,16,0.2376255791,0.2477130892,0.0100875101,0.819940115,0.844246305,151676
151676,BANKSY,10,17,0.2376255791,0.2470124164,0.009386837329,0.823128265,0.8472196396,151676
151676,BANKSY,10,19,0.2376255791,0.2470124164,0.009386837329,0.823128265,0.8472196396,151676
151676,BANKSY,10,20,0.2376255791,0.2469068242,0.009281245153,0.819346237,0.8436973554,151676
151676,BANKSY,11,12,0.2298281019,0.2466023826,0.01677428075,0.5735998529,0.6509886256,151676
151676,BANKSY,11,13,0.2298281019,0.2169605271,0.01286757479,0.4420031288,0.5771008582,151676
151676,BANKSY,11,15,0.2298281019,0.2395538739,0.009725772,0.5778497585,0.6537355936,151676
151676,BANKSY,11,16,0.2298281019,0.2477130892,0.01788498731,0.5721472563,0.6504874751,151676
151676,BANKSY,11,17,0.2298281019,0.2470124164,0.01718431454,0.5748435808,0.6522083336,151676
151676,BANKSY,11,19,0.2298281019,0.2470124164,0.01718431454,0.5748435808,0.6522083336,151676
151676,BANKSY,11,20,0.2298281019,0.2469068242,0.01707872236,0.5716271287,0.6484999889,151676
151676,BANKSY,12,15,0.2466023826,0.2395538739,0.007048508746,0.9559156451,0.94862983,151676
151676,BANKSY,12,16,0.2466023826,0.2477130892,0.001110706566,0.9968580256,0.9957866545,151676
151676,BANKSY,12,17,0.2466023826,0.2470124164,0.0004100337937,0.9948763377,0.9932161146,151676
151676,BANKSY,12,19,0.2466023826,0.2470124164,0.0004100337937,0.9948763377,0.9932161146,151676
151676,BANKSY,12,20,0.2466023826,0.2469068242,0.0003044416183,0.9972406331,0.9955334649,151676
151676,BANKSY,14,18,0.1816036694,0.1923653608,0.01076169137,0.6077244637,0.6564822865,151676
151676,BANKSY,15,16,0.2395538739,0.2477130892,0.008159215312,0.954719681,0.9481032719,151676
151676,BANKSY,15,17,0.2395538739,0.2470124164,0.00745854254,0.9594838753,0.9521927175,151676
151676,BANKSY,15,19,0.2395538739,0.2470124164,0.00745854254,0.9594838753,0.9521927175,151676
151676,BANKSY,15,20,0.2395538739,0.2469068242,0.007352950364,0.957187362,0.9501654596,151676
151676,BANKSY,16,17,0.2477130892,0.2470124164,0.0007006727725,0.9931923233,0.991027831,151676
151676,BANKSY,16,19,0.2477130892,0.2470124164,0.0007006727725,0.9931923233,0.991027831,151676
151676,BANKSY,16,20,0.2477130892,0.2469068242,0.0008062649479,0.9955529803,0.9933431946,151676
151676,BANKSY,17,19,0.2470124164,0.2470124164,0,1,1,151676
151676,BANKSY,17,20,0.2470124164,0.2469068242,0.0001055921754,0.9952961104,0.9932224437,151676
151676,BANKSY,19,20,0.2470124164,0.2469068242,0.0001055921754,0.9952961104,0.9932224437,151676
151676,SEDR,1,2,0.559743869901,0.541936574033,0.0178072958676,0.795739786586,0.822895461402,151676
151676,SEDR,1,6,0.559743869901,0.560019493567,0.000275623666011,0.779640002284,0.813935844802,151676
151676,SEDR,1,8,0.559743869901,0.546163757898,0.0135801120022,0.813992391492,0.827219625016,151676
151676,SEDR,1,9,0.559743869901,0.562773721685,0.00302985178398,0.836853075985,0.843322191407,151676
151676,SEDR,1,13,0.559743869901,0.551000514127,0.00874335577384,0.850147823549,0.850801790148,151676
151676,SEDR,1,16,0.559743869901,0.55267114952,0.0070727203803,0.891232146406,0.881731771769,151676
151676,SEDR,1,17,0.559743869901,0.551481356551,0.00826251334975,0.891494225339,0.878998493997,151676
151676,SEDR,2,3,0.541936574033,0.529847791041,0.0120887829922,0.744634892245,0.800024082864,151676
151676,SEDR,2,4,0.541936574033,0.532298918326,0.00963765570729,0.721431145722,0.745339388428,151676
151676,SEDR,2,6,0.541936574033,0.560019493567,0.0180829195337,0.778262821106,0.814992504025,151676
151676,SEDR,2,8,0.541936574033,0.546163757898,0.00422718386542,0.809274858356,0.824585077316,151676
151676,SEDR,2,13,0.541936574033,0.551000514127,0.00906394009381,0.741179139162,0.793278721849,151676
151676,SEDR,2,16,0.541936574033,0.55267114952,0.0107345754874,0.788989818727,0.818274146812,151676
151676,SEDR,2,17,0.541936574033,0.551481356551,0.0095447825179,0.781509741073,0.81518801646,151676
151676,SEDR,2,18,0.541936574033,0.528764842133,0.0131717319001,0.763885719643,0.796729672957,151676
151676,SEDR,3,4,0.529847791041,0.532298918326,0.00245112728495,0.790214773902,0.796185225024,151676
151676,SEDR,3,8,0.529847791041,0.546163757898,0.0163159668577,0.806723483782,0.831392269111,151676
151676,SEDR,3,18,0.529847791041,0.528764842133,0.00108294890782,0.837576080645,0.849052866399,151676
151676,SEDR,4,8,0.532298918326,0.546163757898,0.0138648395727,0.747808586731,0.760114879726,151676
151676,SEDR,4,13,0.532298918326,0.551000514127,0.0187015958011,0.776247382216,0.777741437225,151676
151676,SEDR,4,17,0.532298918326,0.551481356551,0.0191824382252,0.764957537042,0.764518647439,151676
151676,SEDR,4,18,0.532298918326,0.528764842133,0.00353407619277,0.759397242169,0.77057010084,151676
151676,SEDR,6,8,0.560019493567,0.546163757898,0.0138557356682,0.858282932935,0.850107625611,151676
151676,SEDR,6,9,0.560019493567,0.562773721685,0.00275422811797,0.757580789848,0.81036103034,151676
151676,SEDR,6,13,0.560019493567,0.551000514127,0.00901897943985,0.748518537212,0.792554196447,151676
151676,SEDR,6,16,0.560019493567,0.55267114952,0.00734834404631,0.758967673065,0.801127480697,151676
151676,SEDR,6,17,0.560019493567,0.551481356551,0.00853813701576,0.77083115402,0.812475812051,151676
151676,SEDR,8,9,0.546163757898,0.562773721685,0.0166099637862,0.76376406635,0.80025896308,151676
151676,SEDR,8,13,0.546163757898,0.551000514127,0.00483675622839,0.78066868511,0.809669617657,151676
151676,SEDR,8,16,0.546163757898,0.55267114952,0.00650739162193,0.767578570463,0.795362950432,151676
151676,SEDR,8,17,0.546163757898,0.551481356551,0.00531759865248,0.769780261739,0.793950999279,151676
151676,SEDR,8,18,0.546163757898,0.528764842133,0.0173989157655,0.797714175741,0.816411706647,151676
151676,SEDR,9,13,0.562773721685,0.551000514127,0.0117732075578,0.836850590995,0.842694213212,151676
151676,SEDR,9,16,0.562773721685,0.55267114952,0.0101025721643,0.813309235893,0.833684877535,151676
151676,SEDR,9,17,0.562773721685,0.551481356551,0.0112923651337,0.793919017065,0.818702358377,151676
151676,SEDR,10,11,0.500204199779,0.493487767214,0.00671643256495,0.702457922898,0.748087151081,151676
151676,SEDR,10,15,0.500204199779,0.493308779354,0.00689542042487,0.734929498816,0.759816924528,151676
151676,SEDR,10,19,0.500204199779,0.509593824421,0.00938962464186,0.701300563623,0.763368312382,151676
151676,SEDR,10,20,0.500204199779,0.5067390413,0.00653484152055,0.700979519952,0.749169224344,151676
151676,SEDR,11,12,0.493487767214,0.476418851582,0.0170689156322,0.79046532866,0.788889782723,151676
151676,SEDR,11,15,0.493487767214,0.493308779354,0.000178987859922,0.689994828318,0.728019933193,151676
151676,SEDR,11,19,0.493487767214,0.509593824421,0.0161060572068,0.75500831809,0.771912083337,151676
151676,SEDR,11,20,0.493487767214,0.5067390413,0.0132512740855,0.776879368071,0.799673378881,151676
151676,SEDR,12,15,0.476418851582,0.493308779354,0.0168899277723,0.740057540895,0.765793051677,151676
151676,SEDR,13,16,0.551000514127,0.55267114952,0.00167063539354,0.83063745203,0.843396722697,151676
151676,SEDR,13,17,0.551000514127,0.551481356551,0.00048084242409,0.827910311587,0.841094785194,151676
151676,SEDR,15,19,0.493308779354,0.509593824421,0.0162850450667,0.711525661702,0.74656627085,151676
151676,SEDR,15,20,0.493308779354,0.5067390413,0.0134302619454,0.718113913968,0.74627039017,151676
151676,SEDR,16,17,0.55267114952,0.551481356551,0.00118979296945,0.915255655005,0.897415578722,151676
151676,SEDR,18,19,0.528764842133,0.509593824421,0.019171017712,0.775106708184,0.815205746133,151676
151676,SEDR,19,20,0.509593824421,0.5067390413,0.00285478312132,0.814156778728,0.80859143653,151676
STARmap,GraphST,1,17,0.3854984213,0.405345,0.01984657877,0.5981318672,0.6706763515,STARmap
STARmap,GraphST,3,5,0.4989031174,0.4987604002,0.0001427171677,0.7025813972,0.7133407103,STARmap
STARmap,GraphST,3,7,0.4989031174,0.4947996802,0.00410343715,0.6722680804,0.6850496593,STARmap
STARmap,GraphST,3,9,0.4989031174,0.4868506461,0.01205247126,0.6467012146,0.6549406569,STARmap
STARmap,GraphST,3,10,0.4989031174,0.5050334028,0.006130285371,0.6649676005,0.7046632139,STARmap
STARmap,GraphST,3,11,0.4989031174,0.489676196,0.009226921428,0.563369172,0.6216618017,STARmap
STARmap,GraphST,3,13,0.4989031174,0.489699403,0.009203714341,0.5607297406,0.6319177089,STARmap
STARmap,GraphST,3,14,0.4989031174,0.4927615387,0.006141578708,0.6547884902,0.6813715865,STARmap
STARmap,GraphST,3,18,0.4989031174,0.4858932653,0.01300985205,0.6825070946,0.71439471,STARmap
STARmap,GraphST,3,20,0.4989031174,0.4800343822,0.01886873515,0.5437514704,0.6051787215,STARmap
STARmap,GraphST,4,6,0.4622579492,0.4582776142,0.003980335094,0.7473511086,0.7653211134,STARmap
STARmap,GraphST,4,8,0.4622579492,0.466070299,0.003812349733,0.6644396362,0.7139302667,STARmap
STARmap,GraphST,4,12,0.4622579492,0.4638474954,0.001589546101,0.5535343623,0.6434855933,STARmap
STARmap,GraphST,4,15,0.4622579492,0.4705746478,0.008316698575,0.5740977864,0.6661079435,STARmap
STARmap,GraphST,4,19,0.4622579492,0.4671179468,0.004859997561,0.5441810276,0.6548176059,STARmap
STARmap,GraphST,4,20,0.4622579492,0.4800343822,0.01777643299,0.701753531,0.7377780337,STARmap
STARmap,GraphST,5,7,0.4987604002,0.4947996802,0.003960719983,0.698636325,0.7084860439,STARmap
STARmap,GraphST,5,9,0.4987604002,0.4868506461,0.01190975409,0.7008600066,0.7040827112,STARmap
STARmap,GraphST,5,10,0.4987604002,0.5050334028,0.006273002539,0.7608891025,0.7903025999,STARmap
STARmap,GraphST,5,11,0.4987604002,0.489676196,0.00908420426,0.616293568,0.6555809351,STARmap
STARmap,GraphST,5,13,0.4987604002,0.489699403,0.009060997174,0.597089928,0.6490396696,STARmap
STARmap,GraphST,5,14,0.4987604002,0.4927615387,0.005998861541,0.7543943265,0.7614550627,STARmap
STARmap,GraphST,5,18,0.4987604002,0.4858932653,0.01286713488,0.7418216922,0.7706469591,STARmap
STARmap,GraphST,5,20,0.4987604002,0.4800343822,0.01872601799,0.6118558476,0.6494460902,STARmap
STARmap,GraphST,6,8,0.4582776142,0.466070299,0.007792684827,0.6699898885,0.704788952,STARmap
STARmap,GraphST,6,12,0.4582776142,0.4638474954,0.005569881194,0.5515144553,0.6441935616,STARmap
STARmap,GraphST,6,15,0.4582776142,0.4705746478,0.01229703367,0.5741726969,0.6663497665,STARmap
STARmap,GraphST,6,19,0.4582776142,0.4671179468,0.008840332654,0.5468134499,0.667020117,STARmap
STARmap,GraphST,7,9,0.4947996802,0.4868506461,0.007949034107,0.6593256794,0.6798248712,STARmap
STARmap,GraphST,7,10,0.4947996802,0.5050334028,0.01023372252,0.673618521,0.6907858022,STARmap
STARmap,GraphST,7,11,0.4947996802,0.489676196,0.005123484277,0.6629349982,0.702922011,STARmap
STARmap,GraphST,7,13,0.4947996802,0.489699403,0.005100277191,0.5985962999,0.677241091,STARmap
STARmap,GraphST,7,14,0.4947996802,0.4927615387,0.002038141558,0.6579254689,0.6864987449,STARmap
STARmap,GraphST,7,18,0.4947996802,0.4858932653,0.008906414901,0.7193064121,0.7333901229,STARmap
STARmap,GraphST,7,20,0.4947996802,0.4800343822,0.014765298,0.6627358213,0.7128394161,STARmap
STARmap,GraphST,8,12,0.466070299,0.4638474954,0.002222803632,0.5237881204,0.6214317702,STARmap
STARmap,GraphST,8,15,0.466070299,0.4705746478,0.004504348842,0.5341374331,0.632505816,STARmap
STARmap,GraphST,8,18,0.466070299,0.4858932653,0.01982296636,0.5575682083,0.6547715413,STARmap
STARmap,GraphST,8,19,0.466070299,0.4671179468,0.001047647828,0.530778808,0.6455210992,STARmap
STARmap,GraphST,8,20,0.466070299,0.4800343822,0.01396408325,0.6993843979,0.7438176506,STARmap
STARmap,GraphST,9,10,0.4868506461,0.5050334028,0.01818275663,0.6721501266,0.7018107336,STARmap
STARmap,GraphST,9,11,0.4868506461,0.489676196,0.00282554983,0.6115285102,0.6697293061,STARmap
STARmap,GraphST,9,13,0.4868506461,0.489699403,0.002848756916,0.5640431268,0.6598718343,STARmap
STARmap,GraphST,9,14,0.4868506461,0.4927615387,0.005910892549,0.649054754,0.6855158694,STARmap
STARmap,GraphST,9,15,0.4868506461,0.4705746478,0.01627599831,0.7002416724,0.7005675741,STARmap
STARmap,GraphST,9,18,0.4868506461,0.4858932653,0.0009573807946,0.6630670415,0.6844695701,STARmap
STARmap,GraphST,9,19,0.4868506461,0.4671179468,0.01973269932,0.6200803117,0.6571970971,STARmap
STARmap,GraphST,9,20,0.4868506461,0.4800343822,0.006816263896,0.6233398181,0.6752371856,STARmap
STARmap,GraphST,10,11,0.5050334028,0.489676196,0.0153572068,0.6223327041,0.6660918276,STARmap
STARmap,GraphST,10,13,0.5050334028,0.489699403,0.01533399971,0.5749081486,0.6531922891,STARmap
STARmap,GraphST,10,14,0.5050334028,0.4927615387,0.01227186408,0.6827101799,0.7298768541,STARmap
STARmap,GraphST,10,16,0.5050334028,0.5216490188,0.01661561601,0.7042765235,0.7469672421,STARmap
STARmap,GraphST,10,18,0.5050334028,0.4858932653,0.01914013742,0.7401941052,0.7559522016,STARmap
STARmap,GraphST,11,13,0.489676196,0.489699403,2.320708616e-05,0.6459552882,0.6949724545,STARmap
STARmap,GraphST,11,14,0.489676196,0.4927615387,0.003085342719,0.6379197713,0.6868599484,STARmap
STARmap,GraphST,11,15,0.489676196,0.4705746478,0.01910154814,0.5958465913,0.6533338889,STARmap
STARmap,GraphST,11,18,0.489676196,0.4858932653,0.003782930624,0.6335315155,0.6809426854,STARmap
STARmap,GraphST,11,20,0.489676196,0.4800343822,0.009641813726,0.7402997173,0.7633114712,STARmap
STARmap,GraphST,12,15,0.4638474954,0.4705746478,0.006727152474,0.6973980377,0.7271417028,STARmap
STARmap,GraphST,12,19,0.4638474954,0.4671179468,0.00327045146,0.6181761535,0.6741342953,STARmap
STARmap,GraphST,12,20,0.4638474954,0.4800343822,0.01618688689,0.5916248327,0.6524003542,STARmap
STARmap,GraphST,13,14,0.489699403,0.4927615387,0.003062135633,0.6077945288,0.6606011892,STARmap
STARmap,GraphST,13,15,0.489699403,0.4705746478,0.01912475523,0.5510279717,0.6417075473,STARmap
STARmap,GraphST,13,18,0.489699403,0.4858932653,0.00380613771,0.5613875693,0.6565112336,STARmap
STARmap,GraphST,13,20,0.489699403,0.4800343822,0.009665020812,0.6612738616,0.7036764353,STARmap
STARmap,GraphST,14,18,0.4927615387,0.4858932653,0.006868273343,0.7015845404,0.7328222127,STARmap
STARmap,GraphST,14,20,0.4927615387,0.4800343822,0.01272715645,0.6207326632,0.676639888,STARmap
STARmap,GraphST,15,18,0.4705746478,0.4858932653,0.01531861752,0.76438915,0.7695171251,STARmap
STARmap,GraphST,15,19,0.4705746478,0.4671179468,0.003456701014,0.6552068042,0.6962606249,STARmap
STARmap,GraphST,15,20,0.4705746478,0.4800343822,0.009459734413,0.6018016709,0.6602967111,STARmap
STARmap,GraphST,18,19,0.4858932653,0.4671179468,0.01877531853,0.656125838,0.6970465845,STARmap
STARmap,GraphST,18,20,0.4858932653,0.4800343822,0.005858883102,0.6153449756,0.6714181263,STARmap
STARmap,GraphST,19,20,0.4671179468,0.4800343822,0.01291643543,0.5626675653,0.6650846828,STARmap
STARmap,STAGATE,1,2,0.2779761805,0.2759259562,0.00205022427,0.5861694774,0.639826721,STARmap
STARmap,STAGATE,1,3,0.2779761805,0.2771488178,0.0008273626966,0.6355583742,0.6682371242,STARmap
STARmap,STAGATE,1,5,0.2779761805,0.2898262134,0.01185003291,0.6751801154,0.6956319575,STARmap
STARmap,STAGATE,1,7,0.2779761805,0.2598801255,0.01809605497,0.5222838576,0.612024392,STARmap
STARmap,STAGATE,1,9,0.2779761805,0.2893035695,0.011327389,0.5741495697,0.6424834193,STARmap
STARmap,STAGATE,1,13,0.2779761805,0.2819706238,0.003994443346,0.5997478845,0.6408245419,STARmap
STARmap,STAGATE,1,14,0.2779761805,0.2945192902,0.01654310972,0.5752599596,0.6540174759,STARmap
STARmap,STAGATE,1,19,0.2779761805,0.2934527224,0.01547654196,0.5977561916,0.6565674785,STARmap
STARmap,STAGATE,2,3,0.2759259562,0.2771488178,0.001222861574,0.6404973998,0.7010190834,STARmap
STARmap,STAGATE,2,5,0.2759259562,0.2898262134,0.01390025718,0.6886523011,0.7199324057,STARmap
STARmap,STAGATE,2,7,0.2759259562,0.2598801255,0.0160458307,0.5359246344,0.6503852608,STARmap
STARmap,STAGATE,2,9,0.2759259562,0.2893035695,0.01337761327,0.7053073438,0.7397226452,STARmap
STARmap,STAGATE,2,13,0.2759259562,0.2819706238,0.006044667616,0.5773772377,0.6449970396,STARmap
STARmap,STAGATE,2,14,0.2759259562,0.2945192902,0.01859333399,0.6600958562,0.7053852915,STARmap
STARmap,STAGATE,2,19,0.2759259562,0.2934527224,0.01752676623,0.7060189129,0.7330549783,STARmap
STARmap,STAGATE,3,5,0.2771488178,0.2898262134,0.01267739561,0.6590027918,0.6898491998,STARmap
STARmap,STAGATE,3,7,0.2771488178,0.2598801255,0.01726869227,0.5720327119,0.6532694345,STARmap
STARmap,STAGATE,3,9,0.2771488178,0.2893035695,0.0121547517,0.600220152,0.6773518216,STARmap
STARmap,STAGATE,3,13,0.2771488178,0.2819706238,0.004821806043,0.6023925453,0.6445838404,STARmap
STARmap,STAGATE,3,14,0.2771488178,0.2945192902,0.01737047242,0.5951356263,0.6551766944,STARmap
STARmap,STAGATE,3,19,0.2771488178,0.2934527224,0.01630390465,0.6262560435,0.6809557657,STARmap
STARmap,STAGATE,4,6,0.3105723759,0.3087520779,0.001820297996,0.7017089472,0.7037569636,STARmap
STARmap,STAGATE,4,10,0.3105723759,0.3192875664,0.008715190454,0.7313438145,0.7337677226,STARmap
STARmap,STAGATE,4,11,0.3105723759,0.3093538368,0.001218539068,0.7157352038,0.7097619196,STARmap
STARmap,STAGATE,4,12,0.3105723759,0.3063225968,0.004249779134,0.727771525,0.7192219722,STARmap
STARmap,STAGATE,4,14,0.3105723759,0.2945192902,0.01605308569,0.7312225921,0.7304964092,STARmap
STARmap,STAGATE,4,15,0.3105723759,0.3015415642,0.009030811695,0.7514677887,0.7360853736,STARmap
STARmap,STAGATE,4,16,0.3105723759,0.306561793,0.004010582947,0.6855925222,0.7029178761,STARmap
STARmap,STAGATE,4,17,0.3105723759,0.3235788139,0.013006438,0.7143740719,0.725506369,STARmap
STARmap,STAGATE,4,18,0.3105723759,0.3122400154,0.001667639481,0.5882348266,0.6499511528,STARmap
STARmap,STAGATE,4,19,0.3105723759,0.2934527224,0.01711965346,0.7268664142,0.7213854515,STARmap
STARmap,STAGATE,4,20,0.3105723759,0.313451798,0.002879422124,0.6995525683,0.7120186065,STARmap
STARmap,STAGATE,5,6,0.2898262134,0.3087520779,0.0189258645,0.6749569646,0.7039004712,STARmap
STARmap,STAGATE,5,9,0.2898262134,0.2893035695,0.000522643914,0.6677840445,0.7077086747,STARmap
STARmap,STAGATE,5,11,0.2898262134,0.3093538368,0.01952762343,0.6494486379,0.686408153,STARmap
STARmap,STAGATE,5,12,0.2898262134,0.3063225968,0.01649638336,0.6825531264,0.6997394063,STARmap
STARmap,STAGATE,5,13,0.2898262134,0.2819706238,0.007855589568,0.637110946,0.6769065044,STARmap
STARmap,STAGATE,5,14,0.2898262134,0.2945192902,0.004693076808,0.6430238078,0.6777602422,STARmap
STARmap,STAGATE,5,15,0.2898262134,0.3015415642,0.0117153508,0.6967743622,0.7099717359,STARmap
STARmap,STAGATE,5,16,0.2898262134,0.306561793,0.01673557955,0.7129021657,0.7117529093,STARmap
STARmap,STAGATE,5,19,0.2898262134,0.2934527224,0.003626509042,0.6972201048,0.7250477757,STARmap
STARmap,STAGATE,6,9,0.3087520779,0.2893035695,0.01944850842,0.7417159764,0.7401279806,STARmap
STARmap,STAGATE,6,10,0.3087520779,0.3192875664,0.01053548845,0.7195562636,0.7116511788,STARmap
STARmap,STAGATE,6,11,0.3087520779,0.3093538368,0.0006017589282,0.7348461658,0.7287937337,STARmap
STARmap,STAGATE,6,12,0.3087520779,0.3063225968,0.002429481138,0.7054467347,0.7050081977,STARmap
STARmap,STAGATE,6,14,0.3087520779,0.2945192902,0.01423278769,0.7121713728,0.7137775989,STARmap
STARmap,STAGATE,6,15,0.3087520779,0.3015415642,0.007210513699,0.7472909593,0.7436172394,STARmap
STARmap,STAGATE,6,16,0.3087520779,0.306561793,0.002190284952,0.6890314574,0.6993870756,STARmap
STARmap,STAGATE,6,17,0.3087520779,0.3235788139,0.01482673599,0.725317147,0.7160179526,STARmap
STARmap,STAGATE,6,18,0.3087520779,0.3122400154,0.003487937476,0.6184908855,0.663758025,STARmap
STARmap,STAGATE,6,19,0.3087520779,0.2934527224,0.01529935546,0.7179040419,0.7145784923,STARmap
STARmap,STAGATE,6,20,0.3087520779,0.313451798,0.00469972012,0.7271308246,0.7266949413,STARmap
STARmap,STAGATE,9,12,0.2893035695,0.3063225968,0.01701902728,0.7306965613,0.7202501512,STARmap
STARmap,STAGATE,9,13,0.2893035695,0.2819706238,0.007332945654,0.5466640756,0.6357175949,STARmap
STARmap,STAGATE,9,14,0.2893035695,0.2945192902,0.005215720722,0.7333796815,0.7234941702,STARmap
STARmap,STAGATE,9,15,0.2893035695,0.3015415642,0.01223799472,0.7112795517,0.7187609955,STARmap
STARmap,STAGATE,9,16,0.2893035695,0.306561793,0.01725822347,0.6557702596,0.6831331398,STARmap
STARmap,STAGATE,9,19,0.2893035695,0.2934527224,0.004149152956,0.7336454789,0.7259509819,STARmap
STARmap,STAGATE,10,11,0.3192875664,0.3093538368,0.009933729522,0.7827858882,0.7579402861,STARmap
STARmap,STAGATE,10,12,0.3192875664,0.3063225968,0.01296496959,0.7458499604,0.7376453294,STARmap
STARmap,STAGATE,10,15,0.3192875664,0.3015415642,0.01774600215,0.763114243,0.7593690469,STARmap
STARmap,STAGATE,10,16,0.3192875664,0.306561793,0.0127257734,0.6964158774,0.7324744982,STARmap
STARmap,STAGATE,10,17,0.3192875664,0.3235788139,0.004291247544,0.7535891826,0.7415388394,STARmap
STARmap,STAGATE,10,18,0.3192875664,0.3122400154,0.007047550973,0.6006350056,0.6607345367,STARmap
STARmap,STAGATE,10,20,0.3192875664,0.313451798,0.00583576833,0.7565276409,0.735800134,STARmap
STARmap,STAGATE,11,12,0.3093538368,0.3063225968,0.003031240066,0.7398684374,0.7217020575,STARmap
STARmap,STAGATE,11,14,0.3093538368,0.2945192902,0.01483454662,0.732422323,0.720223566,STARmap
STARmap,STAGATE,11,15,0.3093538368,0.3015415642,0.007812272627,0.7511040429,0.7414440368,STARmap
STARmap,STAGATE,11,16,0.3093538368,0.306561793,0.00279204388,0.6642589182,0.6807794065,STARmap
STARmap,STAGATE,11,17,0.3093538368,0.3235788139,0.01422497707,0.7160516258,0.7106977124,STARmap
STARmap,STAGATE,11,18,0.3093538368,0.3122400154,0.002886178548,0.5899502133,0.6570346437,STARmap
STARmap,STAGATE,11,19,0.3093538368,0.2934527224,0.01590111439,0.741928791,0.7183797857,STARmap
STARmap,STAGATE,11,20,0.3093538368,0.313451798,0.004097961192,0.7644839799,0.7413927091,STARmap
STARmap,STAGATE,12,14,0.3063225968,0.2945192902,0.01180330656,0.727699393,0.7219583296,STARmap
STARmap,STAGATE,12,15,0.3063225968,0.3015415642,0.004781032561,0.7532539536,0.7341378771,STARmap
STARmap,STAGATE,12,16,0.3063225968,0.306561793,0.0002391961863,0.6860299105,0.6907772547,STARmap
STARmap,STAGATE,12,17,0.3063225968,0.3235788139,0.01725621713,0.7284600041,0.7251023081,STARmap
STARmap,STAGATE,12,18,0.3063225968,0.3122400154,0.005917418614,0.6073017351,0.6620020213,STARmap
STARmap,STAGATE,12,19,0.3063225968,0.2934527224,0.01286987432,0.7382480139,0.7217498066,STARmap
STARmap,STAGATE,12,20,0.3063225968,0.313451798,0.007129201258,0.6977999925,0.7010621639,STARmap
STARmap,STAGATE,13,14,0.2819706238,0.2945192902,0.01254866638,0.5388300897,0.62785521,STARmap
STARmap,STAGATE,13,15,0.2819706238,0.3015415642,0.01957094037,0.5791200143,0.6441310717,STARmap
STARmap,STAGATE,13,19,0.2819706238,0.2934527224,0.01148209861,0.5531906393,0.6292096388,STARmap
STARmap,STAGATE,14,15,0.2945192902,0.3015415642,0.007022273996,0.7324880819,0.7270037579,STARmap
STARmap,STAGATE,14,16,0.2945192902,0.306561793,0.01204250274,0.6696278602,0.6955584468,STARmap
STARmap,STAGATE,14,18,0.2945192902,0.3122400154,0.01772072517,0.5614898865,0.6263537843,STARmap
STARmap,STAGATE,14,19,0.2945192902,0.2934527224,0.001066567766,0.7236092158,0.7175184094,STARmap
STARmap,STAGATE,14,20,0.2945192902,0.313451798,0.01893250781,0.7043555983,0.7061572846,STARmap
STARmap,STAGATE,15,16,0.3015415642,0.306561793,0.005020228747,0.710832576,0.7175176591,STARmap
STARmap,STAGATE,15,18,0.3015415642,0.3122400154,0.01069845118,0.623808611,0.6781461566,STARmap
STARmap,STAGATE,15,19,0.3015415642,0.2934527224,0.008088841762,0.7370499859,0.7272022097,STARmap
STARmap,STAGATE,15,20,0.3015415642,0.313451798,0.01191023382,0.7078122165,0.7122742965,STARmap
STARmap,STAGATE,16,17,0.306561793,0.3235788139,0.01701702095,0.694790435,0.7045166804,STARmap
STARmap,STAGATE,16,18,0.306561793,0.3122400154,0.005678222428,0.6419320364,0.672119599,STARmap
STARmap,STAGATE,16,19,0.306561793,0.2934527224,0.01310907051,0.6741492927,0.6909693098,STARmap
STARmap,STAGATE,16,20,0.306561793,0.313451798,0.006890005072,0.6484488904,0.6728815736,STARmap
STARmap,STAGATE,17,18,0.3235788139,0.3122400154,0.01133879852,0.596388759,0.6558003515,STARmap
STARmap,STAGATE,17,20,0.3235788139,0.313451798,0.01012701587,0.7148413434,0.7220919529,STARmap
STARmap,STAGATE,18,19,0.3122400154,0.2934527224,0.01878729294,0.576972769,0.6357912747,STARmap
STARmap,STAGATE,18,20,0.3122400154,0.313451798,0.001211782643,0.5767230376,0.6479244029,STARmap
STARmap,STAGATE,19,20,0.2934527224,0.313451798,0.01999907558,0.7085402684,0.7096102335,STARmap
STARmap,SpaGCN,1,4,0.3556026113,0.359271017,0.003668405719,0.4341526249,0.4867404598,STARmap
STARmap,SpaGCN,1,8,0.3556026113,0.339884714,0.01571789727,0.5556136702,0.5850891555,STARmap
STARmap,SpaGCN,1,10,0.3556026113,0.3441096105,0.01149300082,0.4699565738,0.5133305863,STARmap
STARmap,SpaGCN,1,12,0.3556026113,0.3478996977,0.007702913606,0.4801656237,0.5318548585,STARmap
STARmap,SpaGCN,2,3,0.2749240341,0.256479988,0.01844404607,0.4025236173,0.4584604274,STARmap
STARmap,SpaGCN,2,17,0.2749240341,0.2883096872,0.01338565307,0.3647960386,0.4452398058,STARmap
STARmap,SpaGCN,4,8,0.359271017,0.339884714,0.01938630299,0.4800008256,0.534248561,STARmap
STARmap,SpaGCN,4,10,0.359271017,0.3441096105,0.01516140654,0.368230147,0.4516136848,STARmap
STARmap,SpaGCN,4,12,0.359271017,0.3478996977,0.01137131932,0.5785207082,0.5970937602,STARmap
STARmap,SpaGCN,5,9,0.429458427,0.4262529483,0.003205478694,0.652575233,0.6323063415,STARmap
STARmap,SpaGCN,5,13,0.429458427,0.4105685733,0.01888985366,0.6209471799,0.6026893019,STARmap
STARmap,SpaGCN,5,14,0.429458427,0.4174512852,0.01200714182,0.6681554723,0.6550290436,STARmap
STARmap,SpaGCN,6,13,0.3980018753,0.4105685733,0.01256669804,0.5671033209,0.5693293693,STARmap
STARmap,SpaGCN,6,14,0.3980018753,0.4174512852,0.01944940988,0.642316558,0.6372434612,STARmap
STARmap,SpaGCN,6,15,0.3980018753,0.3883045217,0.009697353592,0.5521083673,0.5412565202,STARmap
STARmap,SpaGCN,6,19,0.3980018753,0.38978618,0.008215695313,0.6115158075,0.6129230605,STARmap
STARmap,SpaGCN,7,20,0.4503633399,0.4504832682,0.0001199282695,0.8228053659,0.7889480957,STARmap
STARmap,SpaGCN,8,10,0.339884714,0.3441096105,0.004224896448,0.4585528209,0.5160230722,STARmap
STARmap,SpaGCN,8,12,0.339884714,0.3478996977,0.008014983666,0.4879233276,0.5521134066,STARmap
STARmap,SpaGCN,9,13,0.4262529483,0.4105685733,0.01568437497,0.7230355085,0.6749393689,STARmap
STARmap,SpaGCN,9,14,0.4262529483,0.4174512852,0.008801663127,0.7123135833,0.6876266075,STARmap
STARmap,SpaGCN,10,12,0.3441096105,0.3478996977,0.003790087218,0.4230344697,0.494856988,STARmap
STARmap,SpaGCN,11,16,0.3128035886,0.3129421427,0.0001385541539,0.4613767721,0.4982755502,STARmap
STARmap,SpaGCN,13,14,0.4105685733,0.4174512852,0.006882711841,0.6799997159,0.6596576181,STARmap
STARmap,SpaGCN,15,19,0.3883045217,0.38978618,0.001481658278,0.5833630691,0.5839661237,STARmap
STARmap,SpaGCN,18,20,0.4703902817,0.4504832682,0.01990701352,0.7155211206,0.6960009371,STARmap
STARmap,BANKSY,1,2,0.554571794,0.5623667717,0.007794977731,0.9373147914,0.9455927122,STARmap
STARmap,BANKSY,1,3,0.554571794,0.5659695197,0.01139772567,0.9266109167,0.9281743613,STARmap
STARmap,BANKSY,1,4,0.554571794,0.5623667717,0.007794977731,0.9373147914,0.9455927122,STARmap
STARmap,BANKSY,1,5,0.554571794,0.5656607096,0.0110889156,0.8690333737,0.867017861,STARmap
STARmap,BANKSY,1,6,0.554571794,0.5651804564,0.01060866239,0.9654762352,0.9630507256,STARmap
STARmap,BANKSY,1,8,0.554571794,0.558772048,0.004200254034,0.9792127613,0.9806020196,STARmap
STARmap,BANKSY,1,9,0.554571794,0.5696118139,0.01504001987,0.9450052109,0.9489607673,STARmap
STARmap,BANKSY,1,10,0.554571794,0.5654839562,0.01091216215,0.9223881761,0.9232372616,STARmap
STARmap,BANKSY,1,13,0.554571794,0.5461141968,0.008457597197,0.9413505573,0.9348468923,STARmap
STARmap,BANKSY,1,14,0.554571794,0.5615833327,0.007011538715,0.9364320799,0.9431929189,STARmap
STARmap,BANKSY,1,15,0.554571794,0.562797191,0.008225396979,0.9602352445,0.9539590055,STARmap
STARmap,BANKSY,1,16,0.554571794,0.5696118139,0.01504001987,0.9450052109,0.9489607673,STARmap
STARmap,BANKSY,1,17,0.554571794,0.5454250929,0.009146701118,0.9680218641,0.9586721784,STARmap
STARmap,BANKSY,1,20,0.554571794,0.5512290394,0.003342754619,0.9450207124,0.9328407602,STARmap
STARmap,BANKSY,2,3,0.5623667717,0.5659695197,0.003602747942,0.989081561,0.9823906686,STARmap
STARmap,BANKSY,2,4,0.5623667717,0.5623667717,0,1,1,STARmap
STARmap,BANKSY,2,5,0.5623667717,0.5656607096,0.003293937864,0.8970612643,0.8838053026,STARmap
STARmap,BANKSY,2,6,0.5623667717,0.5651804564,0.002813684657,0.9427225174,0.9386872047,STARmap
STARmap,BANKSY,2,8,0.5623667717,0.558772048,0.003594723697,0.9546749418,0.9541500067,STARmap
STARmap,BANKSY,2,9,0.5623667717,0.5696118139,0.007245042135,0.9607294745,0.9529424356,STARmap
STARmap,BANKSY,2,10,0.5623667717,0.5654839562,0.003117184422,0.9847639621,0.9773811911,STARmap
STARmap,BANKSY,2,13,0.5623667717,0.5461141968,0.01625257493,0.8843353028,0.8855033583,STARmap
STARmap,BANKSY,2,14,0.5623667717,0.5615833327,0.0007834390167,0.9991285105,0.9975926442,STARmap
STARmap,BANKSY,2,15,0.5623667717,0.562797191,0.0004304192477,0.9437264481,0.9360134696,STARmap
STARmap,BANKSY,2,16,0.5623667717,0.5696118139,0.007245042135,0.9607294745,0.9529424356,STARmap
STARmap,BANKSY,2,17,0.5623667717,0.5454250929,0.01694167885,0.9113838218,0.9151572494,STARmap
STARmap,BANKSY,2,20,0.5623667717,0.5512290394,0.01113773235,0.8889001167,0.889412549,STARmap
STARmap,BANKSY,3,4,0.5659695197,0.5623667717,0.003602747942,0.989081561,0.9823906686,STARmap
STARmap,BANKSY,3,5,0.5659695197,0.5656607096,0.0003088100776,0.8879187865,0.8771060759,STARmap
STARmap,BANKSY,3,6,0.5659695197,0.5651804564,0.0007890632847,0.9462077869,0.940317558,STARmap
STARmap,BANKSY,3,8,0.5659695197,0.558772048,0.007197471639,0.9457127441,0.940417361,STARmap
STARmap,BANKSY,3,9,0.5659695197,0.5696118139,0.003642294193,0.9642374569,0.9542062077,STARmap
STARmap,BANKSY,3,10,0.5659695197,0.5654839562,0.00048556352,0.9954800592,0.9912655835,STARmap
STARmap,BANKSY,3,13,0.5659695197,0.5461141968,0.01985532287,0.8754787882,0.877623345,STARmap
STARmap,BANKSY,3,14,0.5659695197,0.5615833327,0.004386186958,0.9899136534,0.983680616,STARmap
STARmap,BANKSY,3,15,0.5659695197,0.562797191,0.003172328694,0.954165964,0.9500948099,STARmap
STARmap,BANKSY,3,16,0.5659695197,0.5696118139,0.003642294193,0.9642374569,0.9542062077,STARmap
STARmap,BANKSY,3,20,0.5659695197,0.5512290394,0.01474048029,0.8799510769,0.8815889851,STARmap
STARmap,BANKSY,4,5,0.5623667717,0.5656607096,0.003293937864,0.8970612643,0.8838053026,STARmap
STARmap,BANKSY,4,6,0.5623667717,0.5651804564,0.002813684657,0.9427225174,0.9386872047,STARmap
STARmap,BANKSY,4,8,0.5623667717,0.558772048,0.003594723697,0.9546749418,0.9541500067,STARmap
STARmap,BANKSY,4,9,0.5623667717,0.5696118139,0.007245042135,0.9607294745,0.9529424356,STARmap
STARmap,BANKSY,4,10,0.5623667717,0.5654839562,0.003117184422,0.9847639621,0.9773811911,STARmap
STARmap,BANKSY,4,13,0.5623667717,0.5461141968,0.01625257493,0.8843353028,0.8855033583,STARmap
STARmap,BANKSY,4,14,0.5623667717,0.5615833327,0.0007834390167,0.9991285105,0.9975926442,STARmap
STARmap,BANKSY,4,15,0.5623667717,0.562797191,0.0004304192477,0.9437264481,0.9360134696,STARmap
STARmap,BANKSY,4,16,0.5623667717,0.5696118139,0.007245042135,0.9607294745,0.9529424356,STARmap
STARmap,BANKSY,4,17,0.5623667717,0.5454250929,0.01694167885,0.9113838218,0.9151572494,STARmap
STARmap,BANKSY,4,20,0.5623667717,0.5512290394,0.01113773235,0.8889001167,0.889412549,STARmap
STARmap,BANKSY,5,6,0.5656607096,0.5651804564,0.0004802532071,0.8751103734,0.8724364028,STARmap
STARmap,BANKSY,5,8,0.5656607096,0.558772048,0.006888661561,0.8834520592,0.87613306,STARmap
STARmap,BANKSY,5,9,0.5656607096,0.5696118139,0.003951104271,0.8878814175,0.8822584237,STARmap
STARmap,BANKSY,5,10,0.5656607096,0.5654839562,0.0001767534423,0.8843296597,0.8746438065,STARmap
STARmap,BANKSY,5,13,0.5656607096,0.5461141968,0.01954651279,0.8883834797,0.8856555596,STARmap
STARmap,BANKSY,5,14,0.5656607096,0.5615833327,0.004077376881,0.8962811049,0.8829977895,STARmap
STARmap,BANKSY,5,15,0.5656607096,0.562797191,0.002863518616,0.8734389272,0.8705405941,STARmap
STARmap,BANKSY,5,16,0.5656607096,0.5696118139,0.003951104271,0.8878814175,0.8822584237,STARmap
STARmap,BANKSY,5,20,0.5656607096,0.5512290394,0.01443167021,0.8647689316,0.8694471361,STARmap
STARmap,BANKSY,6,8,0.5651804564,0.558772048,0.006408408354,0.9845103061,0.9775836828,STARmap
STARmap,BANKSY,6,9,0.5651804564,0.5696118139,0.004431357478,0.9785177415,0.9792103921,STARmap
STARmap,BANKSY,6,10,0.5651804564,0.5654839562,0.0003034997648,0.9469796601,0.9410095895,STARmap
STARmap,BANKSY,6,13,0.5651804564,0.5461141968,0.01906625959,0.912295385,0.9117296767,STARmap
STARmap,BANKSY,6,14,0.5651804564,0.5615833327,0.003597123674,0.9418440557,0.9363017204,STARmap
STARmap,BANKSY,6,15,0.5651804564,0.562797191,0.002383265409,0.9839551419,0.9739723365,STARmap
STARmap,BANKSY,6,16,0.5651804564,0.5696118139,0.004431357478,0.9785177415,0.9792103921,STARmap
STARmap,BANKSY,6,17,0.5651804564,0.5454250929,0.01975536351,0.9480295506,0.9439991108,STARmap
STARmap,BANKSY,6,20,0.5651804564,0.5512290394,0.01395141701,0.9141567746,0.9087906173,STARmap
STARmap,BANKSY,7,11,0.4559697612,0.458160485,0.002190723721,0.9973796325,0.9967127787,STARmap
STARmap,BANKSY,7,12,0.4559697612,0.4587649734,0.002795212205,0.9965793924,0.9940067083,STARmap
STARmap,BANKSY,8,9,0.558772048,0.5696118139,0.01083976583,0.9632124134,0.9582389556,STARmap
STARmap,BANKSY,8,10,0.558772048,0.5654839562,0.006711908119,0.9414841105,0.9353104744,STARmap
STARmap,BANKSY,8,13,0.558772048,0.5461141968,0.01265785123,0.9212457559,0.9164893969,STARmap
STARmap,BANKSY,8,14,0.558772048,0.5615833327,0.002811284681,0.9555344651,0.9565668592,STARmap
STARmap,BANKSY,8,15,0.558772048,0.562797191,0.004025142945,0.9808892264,0.970527921,STARmap
STARmap,BANKSY,8,16,0.558772048,0.5696118139,0.01083976583,0.9632124134,0.9582389556,STARmap
STARmap,BANKSY,8,17,0.558772048,0.5454250929,0.01334695515,0.9494447017,0.9464141316,STARmap
STARmap,BANKSY,8,20,0.558772048,0.5512290394,0.007543008653,0.9254905566,0.9189767628,STARmap
STARmap,BANKSY,9,10,0.5696118139,0.5654839562,0.004127857713,0.9650147328,0.9546237079,STARmap
STARmap,BANKSY,9,14,0.5696118139,0.5615833327,0.008028481152,0.9598536297,0.9505558477,STARmap
STARmap,BANKSY,9,15,0.5696118139,0.562797191,0.006814622887,0.9669754904,0.9585498752,STARmap
STARmap,BANKSY,9,16,0.5696118139,0.5696118139,0,1,1,STARmap
STARmap,BANKSY,9,20,0.5696118139,0.5512290394,0.01838277449,0.8946974437,0.8963994458,STARmap
STARmap,BANKSY,10,13,0.5654839562,0.5461141968,0.01936975935,0.8720043364,0.8748379305,STARmap
STARmap,BANKSY,10,14,0.5654839562,0.5615833327,0.003900623438,0.9855761019,0.9785068105,STARmap
STARmap,BANKSY,10,15,0.5654839562,0.562797191,0.002686765174,0.9559309881,0.953514269,STARmap
STARmap,BANKSY,10,16,0.5654839562,0.5696118139,0.004127857713,0.9650147328,0.9546237079,STARmap
STARmap,BANKSY,10,20,0.5654839562,0.5512290394,0.01425491677,0.8764392669,0.8788228548,STARmap
STARmap,BANKSY,11,12,0.458160485,0.4587649734,0.0006044884842,0.9991997862,0.9972938315,STARmap
STARmap,BANKSY,13,14,0.5461141968,0.5615833327,0.01546913591,0.8835078371,0.8843054903,STARmap
STARmap,BANKSY,13,15,0.5461141968,0.562797191,0.01668299418,0.9107735843,0.9098052064,STARmap
STARmap,BANKSY,13,17,0.5461141968,0.5454250929,0.0006891039204,0.9164853701,0.9079604471,STARmap
STARmap,BANKSY,13,20,0.5461141968,0.5512290394,0.005114842578,0.935981959,0.9366072674,STARmap
STARmap,BANKSY,14,15,0.5615833327,0.562797191,0.001213858264,0.9445069502,0.937075454,STARmap
STARmap,BANKSY,14,16,0.5615833327,0.5696118139,0.008028481152,0.9598536297,0.9505558477,STARmap
STARmap,BANKSY,14,17,0.5615833327,0.5454250929,0.01615823983,0.9121547359,0.9161766103,STARmap
STARmap,BANKSY,14,20,0.5615833327,0.5512290394,0.01035429333,0.8883224734,0.8890085514,STARmap
STARmap,BANKSY,15,16,0.562797191,0.5696118139,0.006814622887,0.9669754904,0.9585498752,STARmap
STARmap,BANKSY,15,17,0.562797191,0.5454250929,0.0173720981,0.9549185677,0.9560175341,STARmap
STARmap,BANKSY,15,20,0.562797191,0.5512290394,0.0115681516,0.9151328467,0.9127515376,STARmap
STARmap,BANKSY,16,20,0.5696118139,0.5512290394,0.01838277449,0.8946974437,0.8963994458,STARmap
STARmap,BANKSY,17,20,0.5454250929,0.5512290394,0.005803946499,0.9427117298,0.9314615276,STARmap
STARmap,BANKSY,18,19,0.6142206457,0.6113893883,0.002831257447,0.9846430109,0.9806054691,STARmap
STARmap,SEDR,1,2,0.594377816822,0.614034692371,0.019656875549,0.863724584901,0.859986782909,STARmap
STARmap,SEDR,1,6,0.594377816822,0.603437411349,0.00905959452702,0.817836848694,0.828655124424,STARmap
STARmap,SEDR,1,11,0.594377816822,0.59623550948,0.00185769265752,0.717160415841,0.754470214857,STARmap
STARmap,SEDR,1,17,0.594377816822,0.600940783205,0.00656296638279,0.725832041294,0.747678522155,STARmap
STARmap,SEDR,2,6,0.614034692371,0.603437411349,0.010597281022,0.83251692471,0.839668327258,STARmap
STARmap,SEDR,2,11,0.614034692371,0.59623550948,0.0177991828915,0.781622010197,0.815931752779,STARmap
STARmap,SEDR,2,12,0.614034692371,0.6185048172,0.00447012482861,0.84992224016,0.833579543145,STARmap
STARmap,SEDR,2,17,0.614034692371,0.600940783205,0.0130939091662,0.755312626649,0.790199392194,STARmap
STARmap,SEDR,4,5,0.537407389233,0.541758141628,0.00435075239458,0.815241319163,0.829231566581,STARmap
STARmap,SEDR,4,7,0.537407389233,0.53348832567,0.00391906356377,0.824068283977,0.851277654065,STARmap
STARmap,SEDR,4,8,0.537407389233,0.538096433484,0.000689044250122,0.844204649055,0.860958888389,STARmap
STARmap,SEDR,4,9,0.537407389233,0.552830324497,0.015422935264,0.810943527371,0.831931871031,STARmap
STARmap,SEDR,4,13,0.537407389233,0.535071307222,0.00233608201104,0.871042088849,0.884847727088,STARmap
STARmap,SEDR,4,19,0.537407389233,0.53331719571,0.00409019352312,0.849193047398,0.86430973065,STARmap
STARmap,SEDR,4,20,0.537407389233,0.537793529633,0.000386140399361,0.849381772532,0.847433821177,STARmap
STARmap,SEDR,5,7,0.541758141628,0.53348832567,0.00826981595835,0.772813207701,0.802799645424,STARmap
STARmap,SEDR,5,8,0.541758141628,0.538096433484,0.00366170814446,0.862000288593,0.861139037218,STARmap
STARmap,SEDR,5,9,0.541758141628,0.552830324497,0.0110721828694,0.787058398119,0.805303711734,STARmap
STARmap,SEDR,5,10,0.541758141628,0.558607927145,0.0168497855165,0.799473902484,0.807237386308,STARmap
STARmap,SEDR,5,13,0.541758141628,0.535071307222,0.00668683440563,0.875504254791,0.880050551001,STARmap
STARmap,SEDR,5,19,0.541758141628,0.53331719571,0.00844094591771,0.865618581181,0.866739564424,STARmap
STARmap,SEDR,5,20,0.541758141628,0.537793529633,0.00396461199522,0.827807635377,0.839582240695,STARmap
STARmap,SEDR,6,11,0.603437411349,0.59623550948,0.0072019018695,0.761108556534,0.793952225576,STARmap
STARmap,SEDR,6,12,0.603437411349,0.6185048172,0.0150674058506,0.812463695008,0.82857001826,STARmap
STARmap,SEDR,6,17,0.603437411349,0.600940783205,0.00249662814423,0.713637471216,0.755143848066,STARmap
STARmap,SEDR,7,8,0.53348832567,0.538096433484,0.00460810781389,0.817577021145,0.841251994855,STARmap
STARmap,SEDR,7,9,0.53348832567,0.552830324497,0.0193419988277,0.816536770549,0.819541803602,STARmap
STARmap,SEDR,7,13,0.53348832567,0.535071307222,0.00158298155272,0.830018319518,0.848598782121,STARmap
STARmap,SEDR,7,19,0.53348832567,0.53331719571,0.000171129959356,0.802080561865,0.826974092102,STARmap
STARmap,SEDR,7,20,0.53348832567,0.537793529633,0.00430520396313,0.832461415463,0.839826394022,STARmap
STARmap,SEDR,8,9,0.538096433484,0.552830324497,0.0147338910139,0.818938057175,0.834576266407,STARmap
STARmap,SEDR,8,13,0.538096433484,0.535071307222,0.00302512626117,0.913487834872,0.906151927579,STARmap
STARmap,SEDR,8,19,0.538096433484,0.53331719571,0.00477923777325,0.878276786942,0.883204431049,STARmap
STARmap,SEDR,8,20,0.538096433484,0.537793529633,0.000302903850762,0.837856935863,0.832873488909,STARmap
STARmap,SEDR,9,10,0.552830324497,0.558607927145,0.00577760264708,0.833702180783,0.817504516515,STARmap
STARmap,SEDR,9,13,0.552830324497,0.535071307222,0.017759017275,0.818962450177,0.833662691217,STARmap
STARmap,SEDR,9,14,0.552830324497,0.571070797811,0.0182404733133,0.822075538998,0.82625515096,STARmap
STARmap,SEDR,9,16,0.552830324497,0.561867644286,0.00903731978818,0.686484925223,0.753503077916,STARmap
STARmap,SEDR,9,18,0.552830324497,0.565657179825,0.0128268553276,0.772465793745,0.793184096721,STARmap
STARmap,SEDR,9,19,0.552830324497,0.53331719571,0.0195131287871,0.787131153921,0.81534517681,STARmap
STARmap,SEDR,9,20,0.552830324497,0.537793529633,0.0150367948646,0.811396028955,0.824062806486,STARmap
STARmap,SEDR,10,14,0.558607927145,0.571070797811,0.0124628706662,0.799701355766,0.797498729703,STARmap
STARmap,SEDR,10,16,0.558607927145,0.561867644286,0.0032597171411,0.668013028828,0.736338976068,STARmap
STARmap,SEDR,10,18,0.558607927145,0.565657179825,0.00704925268051,0.779858634955,0.790416346639,STARmap
STARmap,SEDR,11,17,0.59623550948,0.600940783205,0.00470527372527,0.807520735102,0.81104865579,STARmap
STARmap,SEDR,12,17,0.6185048172,0.600940783205,0.0175640339948,0.67027573959,0.725806594024,STARmap
STARmap,SEDR,13,19,0.535071307222,0.53331719571,0.00175411151208,0.884656677143,0.881503974454,STARmap
STARmap,SEDR,13,20,0.535071307222,0.537793529633,0.0027222224104,0.87098408359,0.864592111401,STARmap
STARmap,SEDR,14,16,0.571070797811,0.561867644286,0.0092031535251,0.72141620704,0.763156233949,STARmap
STARmap,SEDR,14,18,0.571070797811,0.565657179825,0.00541361798568,0.776429092059,0.800347834406,STARmap
STARmap,SEDR,16,18,0.561867644286,0.565657179825,0.00378953553941,0.678648176311,0.758729122562,STARmap
STARmap,SEDR,19,20,0.53331719571,0.537793529633,0.00447633392248,0.859218644672,0.856280547705,STARmap
HBCA1,GraphST,1,12,0.5543584552,0.5607957477,0.006437292492,0.6811177781,0.7090697406,HBCA1
HBCA1,GraphST,1,14,0.5543584552,0.5733911297,0.01903267447,0.6955247168,0.7205757495,HBCA1
HBCA1,GraphST,1,15,0.5543584552,0.5735575335,0.01919907822,0.7051647749,0.7241170938,HBCA1
HBCA1,GraphST,1,16,0.5543584552,0.5567497134,0.002391258136,0.6795247509,0.6986142522,HBCA1
HBCA1,GraphST,1,18,0.5543584552,0.5480121392,0.006346316011,0.6654598865,0.7100693347,HBCA1
HBCA1,GraphST,2,4,0.509331063,0.5283618267,0.01903076371,0.7228667572,0.7270885939,HBCA1
HBCA1,GraphST,2,5,0.509331063,0.4969094149,0.01242164809,0.6663614378,0.6917954836,HBCA1
HBCA1,GraphST,2,7,0.509331063,0.5101509164,0.0008198533994,0.6911099222,0.7105062787,HBCA1
HBCA1,GraphST,2,8,0.509331063,0.48990955,0.01942151305,0.6569386013,0.6835476332,HBCA1
HBCA1,GraphST,2,9,0.509331063,0.5064034603,0.002927602754,0.6458603362,0.6991391052,HBCA1
HBCA1,GraphST,2,10,0.509331063,0.5078087342,0.001522328812,0.61050366,0.695651606,HBCA1
HBCA1,GraphST,2,11,0.509331063,0.5173169097,0.007985846733,0.7097104879,0.7111172504,HBCA1
HBCA1,GraphST,2,13,0.509331063,0.5257387151,0.01640765213,0.7188670385,0.7222407601,HBCA1
HBCA1,GraphST,2,17,0.509331063,0.5216266464,0.01229558339,0.6986812391,0.7137143793,HBCA1
HBCA1,GraphST,2,19,0.509331063,0.4957621687,0.01356889429,0.6710084522,0.6934595745,HBCA1
HBCA1,GraphST,2,20,0.509331063,0.514295036,0.004963972979,0.7135160476,0.7140088483,HBCA1
HBCA1,GraphST,3,12,0.5743987348,0.5607957477,0.01360298709,0.7370005122,0.7453230836,HBCA1
HBCA1,GraphST,3,14,0.5743987348,0.5733911297,0.001007605112,0.7123477612,0.7220575274,HBCA1
HBCA1,GraphST,3,15,0.5743987348,0.5735575335,0.0008412013609,0.731488656,0.738155659,HBCA1
HBCA1,GraphST,3,16,0.5743987348,0.5567497134,0.01764902144,0.7363566326,0.7328733984,HBCA1
HBCA1,GraphST,4,6,0.5283618267,0.5332349109,0.004873084164,0.7489865326,0.7372431049,HBCA1
HBCA1,GraphST,4,7,0.5283618267,0.5101509164,0.01821091031,0.7363881694,0.7366879181,HBCA1
HBCA1,GraphST,4,11,0.5283618267,0.5173169097,0.01104491697,0.7191011177,0.7221524999,HBCA1
HBCA1,GraphST,4,13,0.5283618267,0.5257387151,0.002623111581,0.7531972302,0.7435841735,HBCA1
HBCA1,GraphST,4,17,0.5283618267,0.5216266464,0.006735180315,0.7285869809,0.7261623894,HBCA1
HBCA1,GraphST,4,18,0.5283618267,0.5480121392,0.01965031251,0.7469007388,0.7388650301,HBCA1
HBCA1,GraphST,4,20,0.5283618267,0.514295036,0.01406679073,0.7437131837,0.726470273,HBCA1
HBCA1,GraphST,5,7,0.4969094149,0.5101509164,0.01324150149,0.6910847314,0.6975073844,HBCA1
HBCA1,GraphST,5,8,0.4969094149,0.48990955,0.006999864958,0.6546751668,0.6810986975,HBCA1
HBCA1,GraphST,5,9,0.4969094149,0.5064034603,0.009494045339,0.6082938867,0.6737320727,HBCA1
HBCA1,GraphST,5,10,0.4969094149,0.5078087342,0.01089931928,0.5878772082,0.6877862168,HBCA1
HBCA1,GraphST,5,19,0.4969094149,0.4957621687,0.001147246195,0.6962113146,0.7011974162,HBCA1
HBCA1,GraphST,5,20,0.4969094149,0.514295036,0.01738562107,0.7071250346,0.7105843089,HBCA1
HBCA1,GraphST,6,11,0.5332349109,0.5173169097,0.01591800114,0.7309545243,0.722710527,HBCA1
HBCA1,GraphST,6,13,0.5332349109,0.5257387151,0.007496195744,0.7460508833,0.7386572064,HBCA1
HBCA1,GraphST,6,17,0.5332349109,0.5216266464,0.01160826448,0.7016807049,0.7092170989,HBCA1
HBCA1,GraphST,6,18,0.5332349109,0.5480121392,0.01477722835,0.7234228008,0.7184104325,HBCA1
HBCA1,GraphST,6,20,0.5332349109,0.514295036,0.01893987489,0.7139705311,0.7117413045,HBCA1
HBCA1,GraphST,7,9,0.5101509164,0.5064034603,0.003747456153,0.6342794325,0.6864436296,HBCA1
HBCA1,GraphST,7,10,0.5101509164,0.5078087342,0.002342182211,0.6038988201,0.6910198453,HBCA1
HBCA1,GraphST,7,11,0.5101509164,0.5173169097,0.007165993333,0.6830409702,0.6966953708,HBCA1
HBCA1,GraphST,7,13,0.5101509164,0.5257387151,0.01558779873,0.7078625618,0.7118503993,HBCA1
HBCA1,GraphST,7,17,0.5101509164,0.5216266464,0.01147572999,0.6869603676,0.6968070481,HBCA1
HBCA1,GraphST,7,19,0.5101509164,0.4957621687,0.01438874769,0.682851007,0.7039766338,HBCA1
HBCA1,GraphST,7,20,0.5101509164,0.514295036,0.004144119579,0.69341233,0.6986203653,HBCA1
HBCA1,GraphST,8,9,0.48990955,0.5064034603,0.0164939103,0.6026594719,0.6679638498,HBCA1
HBCA1,GraphST,8,10,0.48990955,0.5078087342,0.01789918424,0.5917725297,0.6825156435,HBCA1
HBCA1,GraphST,8,19,0.48990955,0.4957621687,0.005852618762,0.6745162218,0.6962972274,HBCA1
HBCA1,GraphST,9,10,0.5064034603,0.5078087342,0.001405273942,0.6107202955,0.6899362527,HBCA1
HBCA1,GraphST,9,11,0.5064034603,0.5173169097,0.01091344949,0.6373838191,0.6953803618,HBCA1
HBCA1,GraphST,9,13,0.5064034603,0.5257387151,0.01933525488,0.6406459975,0.6975872259,HBCA1
HBCA1,GraphST,9,17,0.5064034603,0.5216266464,0.01522318614,0.6308442061,0.6824635052,HBCA1
HBCA1,GraphST,9,19,0.5064034603,0.4957621687,0.01064129153,0.6118153788,0.6776802778,HBCA1
HBCA1,GraphST,9,20,0.5064034603,0.514295036,0.007891575732,0.6438684988,0.6927326309,HBCA1
HBCA1,GraphST,10,11,0.5078087342,0.5173169097,0.009508175544,0.6222075351,0.7066317444,HBCA1
HBCA1,GraphST,10,13,0.5078087342,0.5257387151,0.01792998094,0.6213676556,0.7028256836,HBCA1
HBCA1,GraphST,10,17,0.5078087342,0.5216266464,0.0138179122,0.6192882534,0.6962317208,HBCA1
HBCA1,GraphST,10,19,0.5078087342,0.4957621687,0.01204656548,0.582191467,0.6817965288,HBCA1
HBCA1,GraphST,10,20,0.5078087342,0.514295036,0.006486301791,0.6113460012,0.6969122004,HBCA1
HBCA1,GraphST,11,13,0.5173169097,0.5257387151,0.008421805393,0.7202808027,0.7211786251,HBCA1
HBCA1,GraphST,11,17,0.5173169097,0.5216266464,0.004309736658,0.7015102075,0.7069892795,HBCA1
HBCA1,GraphST,11,20,0.5173169097,0.514295036,0.003021873754,0.7133543259,0.7123797213,HBCA1
HBCA1,GraphST,12,14,0.5607957477,0.5733911297,0.01259538197,0.6961377781,0.706907472,HBCA1
HBCA1,GraphST,12,15,0.5607957477,0.5735575335,0.01276178573,0.728962291,0.7389282415,HBCA1
HBCA1,GraphST,12,16,0.5607957477,0.5567497134,0.004046034356,0.7143633479,0.7205431058,HBCA1
HBCA1,GraphST,12,18,0.5607957477,0.5480121392,0.0127836085,0.6834837803,0.7173264223,HBCA1
HBCA1,GraphST,13,17,0.5257387151,0.5216266464,0.004112068735,0.7232325712,0.7210681113,HBCA1
HBCA1,GraphST,13,20,0.5257387151,0.514295036,0.01144367915,0.7226043103,0.7156609424,HBCA1
HBCA1,GraphST,14,15,0.5733911297,0.5735575335,0.0001664037516,0.7271448328,0.7384979303,HBCA1
HBCA1,GraphST,14,16,0.5733911297,0.5567497134,0.01664141633,0.6959863597,0.7019277634,HBCA1
HBCA1,GraphST,15,16,0.5735575335,0.5567497134,0.01680782008,0.7166341012,0.723433164,HBCA1
HBCA1,GraphST,16,18,0.5567497134,0.5480121392,0.008737574147,0.6779497853,0.7073472759,HBCA1
HBCA1,GraphST,17,20,0.5216266464,0.514295036,0.007331610412,0.7212391739,0.7204597874,HBCA1
HBCA1,GraphST,19,20,0.4957621687,0.514295036,0.01853286727,0.709084958,0.7126219167,HBCA1
HBCA1,STAGATE,1,2,0.6303581724,0.6240111742,0.006346998159,0.7944090993,0.7961972299,HBCA1
HBCA1,STAGATE,1,4,0.6303581724,0.6187021816,0.01165599075,0.774881165,0.7815470929,HBCA1
HBCA1,STAGATE,1,5,0.6303581724,0.6351390319,0.004780859543,0.7858649734,0.7763395752,HBCA1
HBCA1,STAGATE,1,6,0.6303581724,0.6462814643,0.01592329192,0.8310300212,0.81331505,HBCA1
HBCA1,STAGATE,1,7,0.6303581724,0.6109527423,0.01940543004,0.7523815838,0.7778998642,HBCA1
HBCA1,STAGATE,1,10,0.6303581724,0.61870562,0.01165255239,0.7743504531,0.7701511355,HBCA1
HBCA1,STAGATE,1,11,0.6303581724,0.6422804447,0.01192227231,0.7840894291,0.7754753299,HBCA1
HBCA1,STAGATE,1,12,0.6303581724,0.6279636729,0.002394499422,0.7831670284,0.774729751,HBCA1
HBCA1,STAGATE,1,13,0.6303581724,0.6284513248,0.001906847579,0.7988633817,0.7907682632,HBCA1
HBCA1,STAGATE,1,14,0.6303581724,0.6242570549,0.006101117435,0.7699342386,0.763065569,HBCA1
HBCA1,STAGATE,1,15,0.6303581724,0.645234319,0.01487614668,0.8113787404,0.7915579937,HBCA1
HBCA1,STAGATE,1,16,0.6303581724,0.6311263631,0.0007681907196,0.791053584,0.7804860669,HBCA1
HBCA1,STAGATE,1,17,0.6303581724,0.633781936,0.003423763598,0.8231820614,0.8062546262,HBCA1
HBCA1,STAGATE,1,19,0.6303581724,0.6166342583,0.01372391407,0.7919762432,0.7860640782,HBCA1
HBCA1,STAGATE,2,4,0.6240111742,0.6187021816,0.005308992595,0.787154557,0.7951953517,HBCA1
HBCA1,STAGATE,2,5,0.6240111742,0.6351390319,0.0111278577,0.832886934,0.8115953745,HBCA1
HBCA1,STAGATE,2,7,0.6240111742,0.6109527423,0.01305843188,0.753536194,0.7862888486,HBCA1
HBCA1,STAGATE,2,10,0.6240111742,0.61870562,0.00530555423,0.7825432874,0.7820898886,HBCA1
HBCA1,STAGATE,2,11,0.6240111742,0.6422804447,0.01826927047,0.805655739,0.8030504443,HBCA1
HBCA1,STAGATE,2,12,0.6240111742,0.6279636729,0.003952498737,0.7813161198,0.7914261264,HBCA1
HBCA1,STAGATE,2,13,0.6240111742,0.6284513248,0.00444015058,0.7923187128,0.7913041823,HBCA1
HBCA1,STAGATE,2,14,0.6240111742,0.6242570549,0.0002458807242,0.8092780042,0.7942608667,HBCA1
HBCA1,STAGATE,2,16,0.6240111742,0.6311263631,0.007115188879,0.7881027613,0.7940670189,HBCA1
HBCA1,STAGATE,2,17,0.6240111742,0.633781936,0.009770761757,0.8202768252,0.8138277174,HBCA1
HBCA1,STAGATE,2,19,0.6240111742,0.6166342583,0.007376915913,0.81448994,0.8044362276,HBCA1
HBCA1,STAGATE,4,5,0.6187021816,0.6351390319,0.0164368503,0.7921629229,0.7901759803,HBCA1
HBCA1,STAGATE,4,7,0.6187021816,0.6109527423,0.007749439284,0.770160732,0.7826053477,HBCA1
HBCA1,STAGATE,4,10,0.6187021816,0.61870562,3.438364862e-06,0.7876980558,0.7832183028,HBCA1
HBCA1,STAGATE,4,12,0.6187021816,0.6279636729,0.009261491333,0.799937951,0.79200992,HBCA1
HBCA1,STAGATE,4,13,0.6187021816,0.6284513248,0.009749143176,0.7756765294,0.7853003018,HBCA1
HBCA1,STAGATE,4,14,0.6187021816,0.6242570549,0.00555487332,0.7801066142,0.77844864,HBCA1
HBCA1,STAGATE,4,16,0.6187021816,0.6311263631,0.01242418147,0.7861567263,0.7922491529,HBCA1
HBCA1,STAGATE,4,17,0.6187021816,0.633781936,0.01507975435,0.7763375758,0.7856592577,HBCA1
HBCA1,STAGATE,4,19,0.6187021816,0.6166342583,0.002067923317,0.7665046274,0.7773745215,HBCA1
HBCA1,STAGATE,5,6,0.6351390319,0.6462814643,0.01114243238,0.8162322652,0.7962430206,HBCA1
HBCA1,STAGATE,5,10,0.6351390319,0.61870562,0.01643341193,0.803232356,0.7884624659,HBCA1
HBCA1,STAGATE,5,11,0.6351390319,0.6422804447,0.007141412768,0.7947972013,0.7826923651,HBCA1
HBCA1,STAGATE,5,12,0.6351390319,0.6279636729,0.007175358965,0.8039384624,0.7914346015,HBCA1
HBCA1,STAGATE,5,13,0.6351390319,0.6284513248,0.006687707122,0.8052259925,0.7882821747,HBCA1
HBCA1,STAGATE,5,14,0.6351390319,0.6242570549,0.01088197698,0.8144546751,0.788510261,HBCA1
HBCA1,STAGATE,5,15,0.6351390319,0.645234319,0.01009528714,0.8265110447,0.7990449914,HBCA1
HBCA1,STAGATE,5,16,0.6351390319,0.6311263631,0.004012668823,0.7969258933,0.7847546168,HBCA1
HBCA1,STAGATE,5,17,0.6351390319,0.633781936,0.001357095945,0.8192957181,0.8019165854,HBCA1
HBCA1,STAGATE,5,19,0.6351390319,0.6166342583,0.01850477361,0.8114467537,0.7951436025,HBCA1
HBCA1,STAGATE,6,11,0.6462814643,0.6422804447,0.004001019609,0.8124609376,0.8005753787,HBCA1
HBCA1,STAGATE,6,12,0.6462814643,0.6279636729,0.01831779134,0.7975651483,0.7860249975,HBCA1
HBCA1,STAGATE,6,13,0.6462814643,0.6284513248,0.0178301395,0.8102951384,0.7973498145,HBCA1
HBCA1,STAGATE,6,15,0.6462814643,0.645234319,0.001047145237,0.822481892,0.7987153475,HBCA1
HBCA1,STAGATE,6,16,0.6462814643,0.6311263631,0.0151551012,0.8110632273,0.7924340072,HBCA1
HBCA1,STAGATE,6,17,0.6462814643,0.633781936,0.01249952832,0.8301005572,0.8080492982,HBCA1
HBCA1,STAGATE,7,10,0.6109527423,0.61870562,0.007752877649,0.7351988102,0.763726282,HBCA1
HBCA1,STAGATE,7,12,0.6109527423,0.6279636729,0.01701093062,0.7894731933,0.7925094238,HBCA1
HBCA1,STAGATE,7,13,0.6109527423,0.6284513248,0.01749858246,0.7550109531,0.7838543985,HBCA1
HBCA1,STAGATE,7,14,0.6109527423,0.6242570549,0.0133043126,0.7630957712,0.7794428708,HBCA1
HBCA1,STAGATE,7,19,0.6109527423,0.6166342583,0.005681515966,0.7506810282,0.77820346,HBCA1
HBCA1,STAGATE,7,20,0.6109527423,0.5920508245,0.01890191778,0.7992854772,0.8080316412,HBCA1
HBCA1,STAGATE,8,9,0.5886723739,0.583043535,0.005628838962,0.7012441029,0.7535590609,HBCA1
HBCA1,STAGATE,8,18,0.5886723739,0.5885072471,0.0001651268347,0.7186608357,0.7551318697,HBCA1
HBCA1,STAGATE,8,20,0.5886723739,0.5920508245,0.003378450593,0.7719517882,0.7819890905,HBCA1
HBCA1,STAGATE,9,18,0.583043535,0.5885072471,0.005463712127,0.7117189445,0.776740868,HBCA1
HBCA1,STAGATE,9,20,0.583043535,0.5920508245,0.009007289555,0.7348512005,0.7947934093,HBCA1
HBCA1,STAGATE,10,12,0.61870562,0.6279636729,0.009258052968,0.772445462,0.7661244999,HBCA1
HBCA1,STAGATE,10,13,0.61870562,0.6284513248,0.009745704811,0.7882420923,0.7779746868,HBCA1
HBCA1,STAGATE,10,14,0.61870562,0.6242570549,0.005551434955,0.789060813,0.7712390745,HBCA1
HBCA1,STAGATE,10,16,0.61870562,0.6311263631,0.01242074311,0.7850581245,0.7796838206,HBCA1
HBCA1,STAGATE,10,17,0.61870562,0.633781936,0.01507631599,0.7891370523,0.7824426593,HBCA1
HBCA1,STAGATE,10,19,0.61870562,0.6166342583,0.002071361682,0.7889427848,0.7786437401,HBCA1
HBCA1,STAGATE,11,12,0.6422804447,0.6279636729,0.01431677173,0.7726618062,0.7702868139,HBCA1
HBCA1,STAGATE,11,13,0.6422804447,0.6284513248,0.01382911989,0.7668305424,0.7707480634,HBCA1
HBCA1,STAGATE,11,14,0.6422804447,0.6242570549,0.01802338975,0.7728146145,0.7637346522,HBCA1
HBCA1,STAGATE,11,15,0.6422804447,0.645234319,0.002953874373,0.7885333272,0.7738666021,HBCA1
HBCA1,STAGATE,11,16,0.6422804447,0.6311263631,0.01115408159,0.7739451289,0.7692707107,HBCA1
HBCA1,STAGATE,11,17,0.6422804447,0.633781936,0.008498508713,0.7895252707,0.7841149732,HBCA1
HBCA1,STAGATE,12,13,0.6279636729,0.6284513248,0.0004876518432,0.7842694066,0.7839662081,HBCA1
HBCA1,STAGATE,12,14,0.6279636729,0.6242570549,0.003706618013,0.7895711574,0.7785747418,HBCA1
HBCA1,STAGATE,12,15,0.6279636729,0.645234319,0.01727064611,0.7988854087,0.785138588,HBCA1
HBCA1,STAGATE,12,16,0.6279636729,0.6311263631,0.003162690142,0.8089383892,0.7953768493,HBCA1
HBCA1,STAGATE,12,17,0.6279636729,0.633781936,0.00581826302,0.7928627172,0.7882882836,HBCA1
HBCA1,STAGATE,12,19,0.6279636729,0.6166342583,0.01132941465,0.7787792724,0.776654115,HBCA1
HBCA1,STAGATE,13,14,0.6284513248,0.6242570549,0.004194269856,0.7978610174,0.784746804,HBCA1
HBCA1,STAGATE,13,15,0.6284513248,0.645234319,0.01678299426,0.8087157872,0.7921739938,HBCA1
HBCA1,STAGATE,13,16,0.6284513248,0.6311263631,0.002675038298,0.7954628619,0.7924002399,HBCA1
HBCA1,STAGATE,13,17,0.6284513248,0.633781936,0.005330611176,0.8363333505,0.8151294353,HBCA1
HBCA1,STAGATE,13,19,0.6284513248,0.6166342583,0.01181706649,0.8050161618,0.792098337,HBCA1
HBCA1,STAGATE,14,16,0.6242570549,0.6311263631,0.006869308154,0.7936034355,0.7786125766,HBCA1
HBCA1,STAGATE,14,17,0.6242570549,0.633781936,0.009524881032,0.7922177528,0.7727989796,HBCA1
HBCA1,STAGATE,14,19,0.6242570549,0.6166342583,0.007622796637,0.8102208899,0.7917898341,HBCA1
HBCA1,STAGATE,15,16,0.645234319,0.6311263631,0.01410795596,0.8057974716,0.7870702833,HBCA1
HBCA1,STAGATE,15,17,0.645234319,0.633781936,0.01145238309,0.8320778946,0.8042035304,HBCA1
HBCA1,STAGATE,16,17,0.6311263631,0.633781936,0.002655572878,0.7996457212,0.7885498844,HBCA1
HBCA1,STAGATE,16,19,0.6311263631,0.6166342583,0.01449210479,0.7918754463,0.7852241357,HBCA1
HBCA1,STAGATE,17,19,0.633781936,0.6166342583,0.01714767767,0.8082150024,0.7969288522,HBCA1
HBCA1,STAGATE,18,20,0.5885072471,0.5920508245,0.003543577428,0.7659157136,0.7902539767,HBCA1
HBCA1,SpaGCN,1,3,0.5078475123,0.495439272,0.0124082403,0.6794172892,0.7741318921,HBCA1
HBCA1,SpaGCN,1,5,0.5078475123,0.5036791549,0.004168357426,0.6468031881,0.7498700091,HBCA1
HBCA1,SpaGCN,1,8,0.5078475123,0.5199017472,0.01205423488,0.7385816679,0.7920065779,HBCA1
HBCA1,SpaGCN,1,10,0.5078475123,0.5126051694,0.004757657067,0.6665281554,0.7404395993,HBCA1
HBCA1,SpaGCN,1,11,0.5078475123,0.4952148264,0.01263268589,0.6618911432,0.7590589237,HBCA1
HBCA1,SpaGCN,1,17,0.5078475123,0.5108484099,0.003000897608,0.6764390923,0.7555173442,HBCA1
HBCA1,SpaGCN,2,4,0.5487247021,0.5381752829,0.01054941915,0.6572016902,0.7508448399,HBCA1
HBCA1,SpaGCN,2,6,0.5487247021,0.5605536969,0.01182899481,0.6791765979,0.7540862298,HBCA1
HBCA1,SpaGCN,2,7,0.5487247021,0.5423494977,0.006375204332,0.7069197796,0.7712719548,HBCA1
HBCA1,SpaGCN,2,9,0.5487247021,0.5346225371,0.01410216495,0.6533836039,0.7489885575,HBCA1
HBCA1,SpaGCN,2,12,0.5487247021,0.5491072344,0.0003825323173,0.7412414114,0.7939727204,HBCA1
HBCA1,SpaGCN,2,13,0.5487247021,0.5341545755,0.01457012654,0.6654113879,0.7476607052,HBCA1
HBCA1,SpaGCN,2,14,0.5487247021,0.5385806209,0.01014408111,0.7262181385,0.7780559597,HBCA1
HBCA1,SpaGCN,2,15,0.5487247021,0.539660821,0.009063881016,0.6914117342,0.7758815879,HBCA1
HBCA1,SpaGCN,2,16,0.5487247021,0.5378510532,0.01087364884,0.728005454,0.7906800358,HBCA1
HBCA1,SpaGCN,2,18,0.5487247021,0.5499018237,0.001177121608,0.7247985759,0.7892879644,HBCA1
HBCA1,SpaGCN,2,19,0.5487247021,0.5292751866,0.01944951547,0.7217186761,0.7865673451,HBCA1
HBCA1,SpaGCN,2,20,0.5487247021,0.5290865129,0.0196381892,0.656362814,0.7571231565,HBCA1
HBCA1,SpaGCN,3,5,0.495439272,0.5036791549,0.008239882878,0.6761148741,0.7833747476,HBCA1
HBCA1,SpaGCN,3,10,0.495439272,0.5126051694,0.01716589737,0.6469525037,0.7452689609,HBCA1
HBCA1,SpaGCN,3,11,0.495439272,0.4952148264,0.0002244455866,0.6678956968,0.770269922,HBCA1
HBCA1,SpaGCN,3,17,0.495439272,0.5108484099,0.01540913791,0.6802425649,0.775393797,HBCA1
HBCA1,SpaGCN,4,7,0.5381752829,0.5423494977,0.004174214817,0.70626609,0.7778610361,HBCA1
HBCA1,SpaGCN,4,8,0.5381752829,0.5199017472,0.0182735357,0.7088609343,0.7719434023,HBCA1
HBCA1,SpaGCN,4,9,0.5381752829,0.5346225371,0.003552745803,0.71939186,0.7781419487,HBCA1
HBCA1,SpaGCN,4,12,0.5381752829,0.5491072344,0.01093195147,0.74847135,0.7936462093,HBCA1
HBCA1,SpaGCN,4,13,0.5381752829,0.5341545755,0.004020707392,0.7126580848,0.7649233628,HBCA1
HBCA1,SpaGCN,4,14,0.5381752829,0.5385806209,0.0004053380384,0.7258967764,0.7738873668,HBCA1
HBCA1,SpaGCN,4,15,0.5381752829,0.539660821,0.001485538133,0.7445941077,0.7871233388,HBCA1
HBCA1,SpaGCN,4,16,0.5381752829,0.5378510532,0.0003242296876,0.7153603082,0.7802470601,HBCA1
HBCA1,SpaGCN,4,18,0.5381752829,0.5499018237,0.01172654076,0.7123784494,0.772432063,HBCA1
HBCA1,SpaGCN,4,19,0.5381752829,0.5292751866,0.008900096321,0.6855754726,0.7680244851,HBCA1
HBCA1,SpaGCN,4,20,0.5381752829,0.5290865129,0.009088770051,0.7393168556,0.7985684638,HBCA1
HBCA1,SpaGCN,5,8,0.5036791549,0.5199017472,0.01622259231,0.6701295112,0.7699981457,HBCA1
HBCA1,SpaGCN,5,10,0.5036791549,0.5126051694,0.008926014493,0.6922006484,0.7691365853,HBCA1
HBCA1,SpaGCN,5,11,0.5036791549,0.4952148264,0.008464328464,0.6559239216,0.769413926,HBCA1
HBCA1,SpaGCN,5,17,0.5036791549,0.5108484099,0.007169255034,0.6540256544,0.7567623823,HBCA1
HBCA1,SpaGCN,6,7,0.5605536969,0.5423494977,0.01820419914,0.7271158156,0.7840741012,HBCA1
HBCA1,SpaGCN,6,12,0.5605536969,0.5491072344,0.0114464625,0.7129055191,0.7685020544,HBCA1
HBCA1,SpaGCN,6,18,0.5605536969,0.5499018237,0.0106518732,0.6876438046,0.7626082271,HBCA1
HBCA1,SpaGCN,7,9,0.5423494977,0.5346225371,0.00772696062,0.6771035223,0.7684101349,HBCA1
HBCA1,SpaGCN,7,12,0.5423494977,0.5491072344,0.006757736649,0.712839281,0.7796634476,HBCA1
HBCA1,SpaGCN,7,13,0.5423494977,0.5341545755,0.00819492221,0.701868095,0.7775217745,HBCA1
HBCA1,SpaGCN,7,14,0.5423494977,0.5385806209,0.003768876779,0.7412395476,0.7967540752,HBCA1
HBCA1,SpaGCN,7,15,0.5423494977,0.539660821,0.002688676684,0.6996482447,0.7814991484,HBCA1
HBCA1,SpaGCN,7,16,0.5423494977,0.5378510532,0.004498444505,0.7394307507,0.8065919736,HBCA1
HBCA1,SpaGCN,7,18,0.5423494977,0.5499018237,0.00755232594,0.72261515,0.7895507566,HBCA1
HBCA1,SpaGCN,7,19,0.5423494977,0.5292751866,0.01307431114,0.7695100098,0.8188242224,HBCA1
HBCA1,SpaGCN,7,20,0.5423494977,0.5290865129,0.01326298487,0.6659736065,0.7617166051,HBCA1
HBCA1,SpaGCN,8,9,0.5199017472,0.5346225371,0.0147207899,0.701768158,0.7716716414,HBCA1
HBCA1,SpaGCN,8,10,0.5199017472,0.5126051694,0.007296577815,0.6967504097,0.7622843993,HBCA1
HBCA1,SpaGCN,8,13,0.5199017472,0.5341545755,0.01425282831,0.7062160471,0.775672064,HBCA1
HBCA1,SpaGCN,8,14,0.5199017472,0.5385806209,0.01867887374,0.7136965578,0.7778062693,HBCA1
HBCA1,SpaGCN,8,15,0.5199017472,0.539660821,0.01975907383,0.7383691925,0.7984256394,HBCA1
HBCA1,SpaGCN,8,16,0.5199017472,0.5378510532,0.01794930601,0.7518780231,0.8018314161,HBCA1
HBCA1,SpaGCN,8,17,0.5199017472,0.5108484099,0.009053337274,0.7299282794,0.7902037099,HBCA1
HBCA1,SpaGCN,8,19,0.5199017472,0.5292751866,0.00937343938,0.7087342953,0.784532244,HBCA1
HBCA1,SpaGCN,8,20,0.5199017472,0.5290865129,0.00918476565,0.7372606691,0.7985074612,HBCA1
HBCA1,SpaGCN,9,12,0.5346225371,0.5491072344,0.01448469727,0.690663655,0.7643244497,HBCA1
HBCA1,SpaGCN,9,13,0.5346225371,0.5341545755,0.0004679615895,0.7109807242,0.7685116031,HBCA1
HBCA1,SpaGCN,9,14,0.5346225371,0.5385806209,0.003958083841,0.6703384897,0.7512474669,HBCA1
HBCA1,SpaGCN,9,15,0.5346225371,0.539660821,0.005038283936,0.7146502332,0.7804838989,HBCA1
HBCA1,SpaGCN,9,16,0.5346225371,0.5378510532,0.003228516115,0.7021061726,0.7744643319,HBCA1
HBCA1,SpaGCN,9,18,0.5346225371,0.5499018237,0.01527928656,0.7323512993,0.7933238289,HBCA1
HBCA1,SpaGCN,9,19,0.5346225371,0.5292751866,0.005347350518,0.6762379651,0.7703614679,HBCA1
HBCA1,SpaGCN,9,20,0.5346225371,0.5290865129,0.005536024248,0.6862012699,0.7695584301,HBCA1
HBCA1,SpaGCN,10,11,0.5126051694,0.4952148264,0.01739034296,0.6508324427,0.7375517137,HBCA1
HBCA1,SpaGCN,10,17,0.5126051694,0.5108484099,0.001756759459,0.6930659541,0.7543073357,HBCA1
HBCA1,SpaGCN,10,19,0.5126051694,0.5292751866,0.01667001719,0.687097585,0.7619979126,HBCA1
HBCA1,SpaGCN,10,20,0.5126051694,0.5290865129,0.01648134346,0.6963559263,0.7579725752,HBCA1
HBCA1,SpaGCN,11,17,0.4952148264,0.5108484099,0.0156335835,0.6739419465,0.7671365211,HBCA1
HBCA1,SpaGCN,12,13,0.5491072344,0.5341545755,0.01495265886,0.7065531516,0.7657790374,HBCA1
HBCA1,SpaGCN,12,14,0.5491072344,0.5385806209,0.01052661343,0.776120903,0.8043106119,HBCA1
HBCA1,SpaGCN,12,15,0.5491072344,0.539660821,0.009446413333,0.7551904076,0.7999730546,HBCA1
HBCA1,SpaGCN,12,16,0.5491072344,0.5378510532,0.01125618115,0.7256981329,0.7908442345,HBCA1
HBCA1,SpaGCN,12,18,0.5491072344,0.5499018237,0.0007945892909,0.7620460346,0.8076675096,HBCA1
HBCA1,SpaGCN,12,19,0.5491072344,0.5292751866,0.01983204779,0.71196682,0.7835528975,HBCA1
HBCA1,SpaGCN,13,14,0.5341545755,0.5385806209,0.004426045431,0.6961113421,0.7653272597,HBCA1
HBCA1,SpaGCN,13,15,0.5341545755,0.539660821,0.005506245525,0.7235382402,0.7808464995,HBCA1
HBCA1,SpaGCN,13,16,0.5341545755,0.5378510532,0.003696477705,0.7144553495,0.7826236237,HBCA1
HBCA1,SpaGCN,13,18,0.5341545755,0.5499018237,0.01574724815,0.7267613789,0.7844752005,HBCA1
HBCA1,SpaGCN,13,19,0.5341545755,0.5292751866,0.004879388929,0.7059169348,0.7801750002,HBCA1
HBCA1,SpaGCN,13,20,0.5341545755,0.5290865129,0.005068062658,0.6940341491,0.7683403665,HBCA1
HBCA1,SpaGCN,14,15,0.5385806209,0.539660821,0.001080200095,0.7405478594,0.7910738017,HBCA1
HBCA1,SpaGCN,14,16,0.5385806209,0.5378510532,0.000729567726,0.7486747697,0.804229109,HBCA1
HBCA1,SpaGCN,14,18,0.5385806209,0.5499018237,0.01132120272,0.71734455,0.7767883153,HBCA1
HBCA1,SpaGCN,14,19,0.5385806209,0.5292751866,0.009305434359,0.72375578,0.7917092433,HBCA1
HBCA1,SpaGCN,14,20,0.5385806209,0.5290865129,0.009494108089,0.7067553094,0.7675132368,HBCA1
HBCA1,SpaGCN,15,16,0.539660821,0.5378510532,0.001809767821,0.7791743164,0.8246799324,HBCA1
HBCA1,SpaGCN,15,18,0.539660821,0.5499018237,0.01024100262,0.7616772375,0.8055595515,HBCA1
HBCA1,SpaGCN,15,19,0.539660821,0.5292751866,0.01038563445,0.7130803826,0.7891030037,HBCA1
HBCA1,SpaGCN,15,20,0.539660821,0.5290865129,0.01057430818,0.7365584049,0.7917185196,HBCA1
HBCA1,SpaGCN,16,18,0.5378510532,0.5499018237,0.01205077045,0.7904603003,0.8293639258,HBCA1
HBCA1,SpaGCN,16,19,0.5378510532,0.5292751866,0.008575866633,0.7567417888,0.8145387132,HBCA1
HBCA1,SpaGCN,16,20,0.5378510532,0.5290865129,0.008764540363,0.7019341496,0.7804879528,HBCA1
HBCA1,SpaGCN,17,19,0.5108484099,0.5292751866,0.01842677665,0.683943425,0.763416289,HBCA1
HBCA1,SpaGCN,17,20,0.5108484099,0.5290865129,0.01823810292,0.6731244166,0.757607651,HBCA1
HBCA1,SpaGCN,19,20,0.5292751866,0.5290865129,0.0001886737298,0.6793226509,0.778948447,HBCA1
HBCA1,BANKSY,1,2,0.6400617411,0.6522080246,0.01214628343,0.8905921523,0.8946582995,HBCA1
HBCA1,BANKSY,1,3,0.6400617411,0.6422349447,0.002173203526,0.872099361,0.8772256694,HBCA1
HBCA1,BANKSY,1,4,0.6400617411,0.6487234058,0.008661664647,0.8810851395,0.8774331036,HBCA1
HBCA1,BANKSY,1,5,0.6400617411,0.6361370017,0.003924739466,0.898577573,0.9014019846,HBCA1
HBCA1,BANKSY,1,8,0.6400617411,0.6355464212,0.004515319906,0.9490711965,0.9314176836,HBCA1
HBCA1,BANKSY,1,11,0.6400617411,0.639787322,0.0002744191445,0.9114843241,0.9095305197,HBCA1
HBCA1,BANKSY,1,16,0.6400617411,0.6340745772,0.005987163978,0.923057375,0.9087694447,HBCA1
HBCA1,BANKSY,1,17,0.6400617411,0.6423117958,0.002250054685,0.8719140978,0.8761993086,HBCA1
HBCA1,BANKSY,1,18,0.6400617411,0.6392755672,0.0007861739484,0.9019331644,0.9053381508,HBCA1
HBCA1,BANKSY,1,20,0.6400617411,0.643898887,0.003837145908,0.9087474833,0.9048740335,HBCA1
HBCA1,BANKSY,2,3,0.6522080246,0.6422349447,0.009973079901,0.9332671951,0.9236575938,HBCA1
HBCA1,BANKSY,2,4,0.6522080246,0.6487234058,0.00348461878,0.9664120593,0.9522256532,HBCA1
HBCA1,BANKSY,2,5,0.6522080246,0.6361370017,0.01607102289,0.9172427806,0.9119759365,HBCA1
HBCA1,BANKSY,2,8,0.6522080246,0.6355464212,0.01666160333,0.8928495425,0.895013196,HBCA1
HBCA1,BANKSY,2,11,0.6522080246,0.639787322,0.01242070257,0.928616486,0.92572516,HBCA1
HBCA1,BANKSY,2,16,0.6522080246,0.6340745772,0.01813344741,0.8873568254,0.8851055123,HBCA1
HBCA1,BANKSY,2,17,0.6522080246,0.6423117958,0.009896228742,0.9432137376,0.9334231232,HBCA1
HBCA1,BANKSY,2,18,0.6522080246,0.6392755672,0.01293245738,0.9300229578,0.9246772522,HBCA1
HBCA1,BANKSY,2,20,0.6522080246,0.643898887,0.008309137519,0.9289831616,0.9182691837,HBCA1
HBCA1,BANKSY,3,4,0.6422349447,0.6487234058,0.006488461121,0.928171856,0.9184036594,HBCA1
HBCA1,BANKSY,3,5,0.6422349447,0.6361370017,0.006097942992,0.9252525253,0.9211765617,HBCA1
HBCA1,BANKSY,3,8,0.6422349447,0.6355464212,0.006688523432,0.8834911928,0.8923188324,HBCA1
HBCA1,BANKSY,3,11,0.6422349447,0.639787322,0.002447622671,0.9098256282,0.9152916966,HBCA1
HBCA1,BANKSY,3,16,0.6422349447,0.6340745772,0.008160367504,0.8668560318,0.8694895102,HBCA1
HBCA1,BANKSY,3,17,0.6422349447,0.6423117958,7.685115896e-05,0.9387054055,0.9212308089,HBCA1
HBCA1,BANKSY,3,18,0.6422349447,0.6392755672,0.002959377474,0.9218802469,0.9102610635,HBCA1
HBCA1,BANKSY,3,20,0.6422349447,0.643898887,0.001663942382,0.9055183434,0.9012620877,HBCA1
HBCA1,BANKSY,4,5,0.6487234058,0.6361370017,0.01258640411,0.9098978166,0.9022107029,HBCA1
HBCA1,BANKSY,4,8,0.6487234058,0.6355464212,0.01317698455,0.8961729982,0.8958195912,HBCA1
HBCA1,BANKSY,4,11,0.6487234058,0.639787322,0.008936083792,0.9253794551,0.9165290343,HBCA1
HBCA1,BANKSY,4,16,0.6487234058,0.6340745772,0.01464882863,0.8801269699,0.8749786589,HBCA1
HBCA1,BANKSY,4,17,0.6487234058,0.6423117958,0.006411609962,0.9289856062,0.9095308775,HBCA1
HBCA1,BANKSY,4,18,0.6487234058,0.6392755672,0.009447838596,0.9084501803,0.8953429537,HBCA1
HBCA1,BANKSY,4,20,0.6487234058,0.643898887,0.004824518739,0.9245214086,0.9174927206,HBCA1
HBCA1,BANKSY,5,8,0.6361370017,0.6355464212,0.0005905804401,0.9066279262,0.9054771375,HBCA1
HBCA1,BANKSY,5,9,0.6361370017,0.6176558592,0.01848114247,0.8419584111,0.8665055515,HBCA1
HBCA1,BANKSY,5,11,0.6361370017,0.639787322,0.003650320321,0.9569032123,0.9526309806,HBCA1
HBCA1,BANKSY,5,16,0.6361370017,0.6340745772,0.002062424513,0.9114540535,0.9080014009,HBCA1
HBCA1,BANKSY,5,17,0.6361370017,0.6423117958,0.006174794151,0.92930778,0.9163247328,HBCA1
HBCA1,BANKSY,5,18,0.6361370017,0.6392755672,0.003138565517,0.9759874167,0.9620105314,HBCA1
HBCA1,BANKSY,5,20,0.6361370017,0.643898887,0.007761885374,0.9594146984,0.9506525224,HBCA1
HBCA1,BANKSY,6,10,0.585165156,0.5717066569,0.01345849912,0.9318613408,0.9221814512,HBCA1
HBCA1,BANKSY,6,12,0.585165156,0.6043812509,0.01921609496,0.9205222563,0.9121005357,HBCA1
HBCA1,BANKSY,6,13,0.585165156,0.5707870212,0.01437813475,0.83342905,0.874530734,HBCA1
HBCA1,BANKSY,6,14,0.585165156,0.5997980314,0.01463287539,0.9120602511,0.8974616512,HBCA1
HBCA1,BANKSY,6,15,0.585165156,0.6003708531,0.01520569711,0.8717945905,0.8722465411,HBCA1
HBCA1,BANKSY,6,19,0.585165156,0.5706647925,0.01450036345,0.9383128168,0.9304969903,HBCA1
HBCA1,BANKSY,7,9,0.6134227112,0.6176558592,0.004233148026,0.9712913152,0.9530206567,HBCA1
HBCA1,BANKSY,7,12,0.6134227112,0.6043812509,0.009041460248,0.9385315414,0.9208898158,HBCA1
HBCA1,BANKSY,7,14,0.6134227112,0.5997980314,0.01362467982,0.9188029988,0.8971683318,HBCA1
HBCA1,BANKSY,7,15,0.6134227112,0.6003708531,0.0130518581,0.9048093898,0.8846930023,HBCA1
HBCA1,BANKSY,8,9,0.6355464212,0.6176558592,0.01789056203,0.8518941444,0.8838645601,HBCA1
HBCA1,BANKSY,8,11,0.6355464212,0.639787322,0.004240900761,0.9326166001,0.9316966962,HBCA1
HBCA1,BANKSY,8,16,0.6355464212,0.6340745772,0.001471844072,0.9359200277,0.9178335381,HBCA1
HBCA1,BANKSY,8,17,0.6355464212,0.6423117958,0.006765374591,0.8804232177,0.8839134502,HBCA1
HBCA1,BANKSY,8,18,0.6355464212,0.6392755672,0.003729145957,0.8991082377,0.8915379946,HBCA1
HBCA1,BANKSY,8,20,0.6355464212,0.643898887,0.008352465814,0.9168328346,0.9085344249,HBCA1
HBCA1,BANKSY,9,12,0.6176558592,0.6043812509,0.01327460827,0.9316973866,0.9174826594,HBCA1
HBCA1,BANKSY,9,14,0.6176558592,0.5997980314,0.01785782784,0.9156083997,0.9011297601,HBCA1
HBCA1,BANKSY,9,15,0.6176558592,0.6003708531,0.01728500613,0.896801969,0.8786176659,HBCA1
HBCA1,BANKSY,9,16,0.6176558592,0.6340745772,0.01641871795,0.8210652391,0.8443915031,HBCA1
HBCA1,BANKSY,10,13,0.5717066569,0.5707870212,0.0009196356394,0.8424900126,0.8862811271,HBCA1
HBCA1,BANKSY,10,19,0.5717066569,0.5706647925,0.001041864331,0.9729152664,0.9636126436,HBCA1
HBCA1,BANKSY,11,16,0.639787322,0.6340745772,0.005712744834,0.9216122899,0.9142112977,HBCA1
HBCA1,BANKSY,11,17,0.639787322,0.6423117958,0.00252447383,0.9124495656,0.9077914965,HBCA1
HBCA1,BANKSY,11,18,0.639787322,0.6392755672,0.0005117548039,0.9464593797,0.933228594,HBCA1
HBCA1,BANKSY,11,20,0.639787322,0.643898887,0.004111565053,0.9649448422,0.953114855,HBCA1
HBCA1,BANKSY,12,14,0.6043812509,0.5997980314,0.00458321957,0.9580615343,0.9446691595,HBCA1
HBCA1,BANKSY,12,15,0.6043812509,0.6003708531,0.004010397855,0.9143766209,0.9001306814,HBCA1
HBCA1,BANKSY,13,19,0.5707870212,0.5706647925,0.0001222286919,0.8453422836,0.8919356148,HBCA1
HBCA1,BANKSY,14,15,0.5997980314,0.6003708531,0.0005728217145,0.8874211759,0.8658228027,HBCA1
HBCA1,BANKSY,16,17,0.6340745772,0.6423117958,0.008237218663,0.8762965053,0.8770513441,HBCA1
HBCA1,BANKSY,16,18,0.6340745772,0.6392755672,0.00520099003,0.9077075567,0.9004656691,HBCA1
HBCA1,BANKSY,16,20,0.6340745772,0.643898887,0.009824309886,0.9344661108,0.9251962879,HBCA1
HBCA1,BANKSY,17,18,0.6423117958,0.6392755672,0.003036228633,0.9257047444,0.9101944113,HBCA1
HBCA1,BANKSY,17,20,0.6423117958,0.643898887,0.001587091223,0.9073023791,0.8945063484,HBCA1
HBCA1,BANKSY,18,20,0.6392755672,0.643898887,0.004623319856,0.9473300444,0.9286709297,HBCA1
HBCA1,SEDR,1,2,0.446071138837,0.44552085667,0.000550282166661,0.609733905246,0.797368207707,HBCA1
HBCA1,SEDR,1,4,0.446071138837,0.446738118343,0.000666979505878,0.621666242374,0.801356392787,HBCA1
HBCA1,SEDR,1,6,0.446071138837,0.453892388525,0.00782124968833,0.624099109722,0.799737299507,HBCA1
HBCA1,SEDR,1,8,0.446071138837,0.441610476128,0.00446066270934,0.594322493063,0.791944426886,HBCA1
HBCA1,SEDR,1,9,0.446071138837,0.434824402532,0.0112467363049,0.666804476375,0.824341001984,HBCA1
HBCA1,SEDR,2,4,0.44552085667,0.446738118343,0.00121726167254,0.729034677154,0.841820135503,HBCA1
HBCA1,SEDR,2,6,0.44552085667,0.453892388525,0.00837153185499,0.688716835453,0.826277812284,HBCA1
HBCA1,SEDR,2,8,0.44552085667,0.441610476128,0.00391038054268,0.613421328773,0.794500373329,HBCA1
HBCA1,SEDR,2,9,0.44552085667,0.434824402532,0.0106964541382,0.562310660065,0.786337690723,HBCA1
HBCA1,SEDR,3,7,0.392113072482,0.378940287413,0.0131727850695,0.683689438616,0.830035897215,HBCA1
HBCA1,SEDR,3,10,0.392113072482,0.377603463894,0.0145096085881,0.83456491862,0.891611278544,HBCA1
HBCA1,SEDR,3,11,0.392113072482,0.392948494788,0.000835422305275,0.74373328624,0.840316372007,HBCA1
HBCA1,SEDR,3,13,0.392113072482,0.393725429479,0.00161235699647,0.672730603019,0.825275895988,HBCA1
HBCA1,SEDR,3,14,0.392113072482,0.392697058369,0.000583985886207,0.73900163373,0.842954713549,HBCA1
HBCA1,SEDR,3,15,0.392113072482,0.392571212934,0.000458140451457,0.743213228303,0.851430631667,HBCA1
HBCA1,SEDR,3,19,0.392113072482,0.387899505274,0.00421356720842,0.798640216394,0.864982769894,HBCA1
HBCA1,SEDR,3,20,0.392113072482,0.38512718644,0.00698588604198,0.765550454027,0.864495596106,HBCA1
HBCA1,SEDR,4,6,0.446738118343,0.453892388525,0.00715427018245,0.707669161898,0.8280633581,HBCA1
HBCA1,SEDR,4,8,0.446738118343,0.441610476128,0.00512764221521,0.626595738608,0.794847709755,HBCA1
HBCA1,SEDR,4,9,0.446738118343,0.434824402532,0.0119137158107,0.577703042617,0.787795869327,HBCA1
HBCA1,SEDR,5,9,0.418353840936,0.434824402532,0.0164705615958,0.596243213399,0.807906251813,HBCA1
HBCA1,SEDR,5,17,0.418353840936,0.418646764283,0.000292923346761,0.61960593062,0.793726279923,HBCA1
HBCA1,SEDR,6,8,0.453892388525,0.441610476128,0.0122819123977,0.622152945446,0.803541142219,HBCA1
HBCA1,SEDR,6,9,0.453892388525,0.434824402532,0.0190679859932,0.589971456772,0.802303347808,HBCA1
HBCA1,SEDR,7,10,0.378940287413,0.377603463894,0.00133682351859,0.713693490275,0.845133308647,HBCA1
HBCA1,SEDR,7,11,0.378940287413,0.392948494788,0.0140082073748,0.656490803133,0.823578630372,HBCA1
HBCA1,SEDR,7,13,0.378940287413,0.393725429479,0.014785142066,0.619415456984,0.826461648879,HBCA1
HBCA1,SEDR,7,14,0.378940287413,0.392697058369,0.0137567709557,0.637204002728,0.811806348889,HBCA1
HBCA1,SEDR,7,15,0.378940287413,0.392571212934,0.013630925521,0.64166764769,0.816909855022,HBCA1
HBCA1,SEDR,7,16,0.378940287413,0.370921276367,0.00801901104598,0.688950894043,0.832196230567,HBCA1
HBCA1,SEDR,7,18,0.378940287413,0.369215122157,0.00972516525579,0.534868374086,0.801389000411,HBCA1
HBCA1,SEDR,7,19,0.378940287413,0.387899505274,0.00895921786109,0.643372874311,0.8026199972,HBCA1
HBCA1,SEDR,7,20,0.378940287413,0.38512718644,0.00618689902753,0.668147683399,0.839107596267,HBCA1
HBCA1,SEDR,8,9,0.441610476128,0.434824402532,0.00678607359552,0.575388461431,0.78110873883,HBCA1
HBCA1,SEDR,9,17,0.434824402532,0.418646764283,0.016177638249,0.653787719987,0.819953265159,HBCA1
HBCA1,SEDR,10,11,0.377603463894,0.392948494788,0.0153450308934,0.760218723071,0.855211735276,HBCA1
HBCA1,SEDR,10,12,0.377603463894,0.357820928351,0.0197825355429,0.60701862637,0.816483904962,HBCA1
HBCA1,SEDR,10,13,0.377603463894,0.393725429479,0.0161219655846,0.671231856273,0.83498119412,HBCA1
HBCA1,SEDR,10,14,0.377603463894,0.392697058369,0.0150935944743,0.735903905033,0.844058743688,HBCA1
HBCA1,SEDR,10,15,0.377603463894,0.392571212934,0.0149677490396,0.735574121019,0.849979633769,HBCA1
HBCA1,SEDR,10,16,0.377603463894,0.370921276367,0.0066821875274,0.825191486498,0.879523383988,HBCA1
HBCA1,SEDR,10,18,0.377603463894,0.369215122157,0.0083883417372,0.543926241937,0.794714963731,HBCA1
HBCA1,SEDR,10,19,0.377603463894,0.387899505274,0.0102960413797,0.768684042648,0.850200797762,HBCA1
HBCA1,SEDR,10,20,0.377603463894,0.38512718644,0.00752372254612,0.766498171436,0.863801231486,HBCA1
HBCA1,SEDR,11,13,0.392948494788,0.393725429479,0.0007769346912,0.666911702064,0.81270439394,HBCA1
HBCA1,SEDR,11,14,0.392948494788,0.392697058369,0.000251436419068,0.780737450647,0.861328925315,HBCA1
HBCA1,SEDR,11,15,0.392948494788,0.392571212934,0.000377281853818,0.743102032144,0.852057105617,HBCA1
HBCA1,SEDR,11,19,0.392948494788,0.387899505274,0.0050489895137,0.750136164821,0.838630593933,HBCA1
HBCA1,SEDR,11,20,0.392948494788,0.38512718644,0.00782130834726,0.736607221792,0.847188910152,HBCA1
HBCA1,SEDR,12,16,0.357820928351,0.370921276367,0.0131003480155,0.591651324289,0.79928779867,HBCA1
HBCA1,SEDR,12,18,0.357820928351,0.369215122157,0.0113941938057,0.669601033643,0.821199091914,HBCA1
HBCA1,SEDR,13,14,0.393725429479,0.392697058369,0.00102837111027,0.689759381198,0.822311028873,HBCA1
HBCA1,SEDR,13,15,0.393725429479,0.392571212934,0.00115421654502,0.670920022352,0.816463470924,HBCA1
HBCA1,SEDR,13,19,0.393725429479,0.387899505274,0.0058259242049,0.632707222854,0.800721120967,HBCA1
HBCA1,SEDR,13,20,0.393725429479,0.38512718644,0.00859824303846,0.69170503462,0.830504119009,HBCA1
HBCA1,SEDR,14,15,0.392697058369,0.392571212934,0.00012584543475,0.785790946994,0.858457565318,HBCA1
HBCA1,SEDR,14,19,0.392697058369,0.387899505274,0.00479755309463,0.733848042102,0.839677185971,HBCA1
HBCA1,SEDR,14,20,0.392697058369,0.38512718644,0.00756987192819,0.774623791691,0.856309147174,HBCA1
HBCA1,SEDR,15,19,0.392571212934,0.387899505274,0.00467170765988,0.708582316816,0.832077667109,HBCA1
HBCA1,SEDR,15,20,0.392571212934,0.38512718644,0.00744402649344,0.783291004455,0.8618718552,HBCA1
HBCA1,SEDR,16,18,0.370921276367,0.369215122157,0.0017061542098,0.54335550595,0.781741919146,HBCA1
HBCA1,SEDR,16,19,0.370921276367,0.387899505274,0.0169782289071,0.74052784345,0.828866480229,HBCA1
HBCA1,SEDR,16,20,0.370921276367,0.38512718644,0.0142059100735,0.78102424744,0.870621895415,HBCA1
HBCA1,SEDR,18,19,0.369215122157,0.387899505274,0.0186843831169,0.517297941205,0.773336799749,HBCA1
HBCA1,SEDR,18,20,0.369215122157,0.38512718644,0.0159120642833,0.584495181198,0.80070861903,HBCA1
HBCA1,SEDR,19,20,0.387899505274,0.38512718644,0.00277231883356,0.697422918676,0.821398834931,HBCA1
Bregma −0.04,GraphST,1,2,0.2192129433,0.2055608226,0.01365212076,0.3059977925,0.4998319127,Bregma −0.04
Bregma −0.04,GraphST,1,5,0.2192129433,0.2242042209,0.004991277578,0.4569559999,0.5653172492,Bregma −0.04
Bregma −0.04,GraphST,1,6,0.2192129433,0.2374563438,0.01824340043,0.2969903769,0.4986051909,Bregma −0.04
Bregma −0.04,GraphST,1,7,0.2192129433,0.2124846685,0.006728274786,0.4523630644,0.49145054,Bregma −0.04
Bregma −0.04,GraphST,1,8,0.2192129433,0.2261168203,0.006903876948,0.2531378772,0.4718337083,Bregma −0.04
Bregma −0.04,GraphST,1,9,0.2192129433,0.2226369066,0.003423963265,0.2841496151,0.4660382687,Bregma −0.04
Bregma −0.04,GraphST,1,10,0.2192129433,0.2016433691,0.01756957423,0.2615964389,0.4444714463,Bregma −0.04
Bregma −0.04,GraphST,1,11,0.2192129433,0.2325126292,0.01329968588,0.283674768,0.472395887,Bregma −0.04
Bregma −0.04,GraphST,1,13,0.2192129433,0.2028392822,0.01637366112,0.2354817336,0.4222904651,Bregma −0.04
Bregma −0.04,GraphST,1,14,0.2192129433,0.2242168937,0.005003950388,0.2869753,0.4770673318,Bregma −0.04
Bregma −0.04,GraphST,1,15,0.2192129433,0.2161747458,0.0030381975,0.4769409614,0.5436673441,Bregma −0.04
Bregma −0.04,GraphST,1,18,0.2192129433,0.2291615319,0.009948588532,0.2992896399,0.483246611,Bregma −0.04
Bregma −0.04,GraphST,1,20,0.2192129433,0.2079969514,0.01121599193,0.2960340096,0.4848926029,Bregma −0.04
Bregma −0.04,GraphST,2,5,0.2055608226,0.2242042209,0.01864339834,0.3667959172,0.5001999104,Bregma −0.04
Bregma −0.04,GraphST,2,7,0.2055608226,0.2124846685,0.006923845976,0.2420993467,0.4483681496,Bregma −0.04
Bregma −0.04,GraphST,2,9,0.2055608226,0.2226369066,0.01707608403,0.4298149021,0.4953212319,Bregma −0.04
Bregma −0.04,GraphST,2,10,0.2055608226,0.2016433691,0.003917453465,0.3988514257,0.4944611145,Bregma −0.04
Bregma −0.04,GraphST,2,13,0.2055608226,0.2028392822,0.002721540362,0.3700446806,0.4729879662,Bregma −0.04
Bregma −0.04,GraphST,2,14,0.2055608226,0.2242168937,0.01865607115,0.4536758813,0.521073664,Bregma −0.04
Bregma −0.04,GraphST,2,15,0.2055608226,0.2161747458,0.01061392326,0.2864233019,0.4754484196,Bregma −0.04
Bregma −0.04,GraphST,2,20,0.2055608226,0.2079969514,0.002436128833,0.5535427535,0.5907676227,Bregma −0.04
Bregma −0.04,GraphST,5,6,0.2242042209,0.2374563438,0.01325212285,0.3685277145,0.5498867228,Bregma −0.04
Bregma −0.04,GraphST,5,7,0.2242042209,0.2124846685,0.01171955236,0.3403103839,0.4702077567,Bregma −0.04
Bregma −0.04,GraphST,5,8,0.2242042209,0.2261168203,0.00191259937,0.3157102307,0.5272698729,Bregma −0.04
Bregma −0.04,GraphST,5,9,0.2242042209,0.2226369066,0.001567314313,0.3158063723,0.4803378277,Bregma −0.04
Bregma −0.04,GraphST,5,11,0.2242042209,0.2325126292,0.008308408305,0.3285476209,0.5147182103,Bregma −0.04
Bregma −0.04,GraphST,5,12,0.2242042209,0.2400232505,0.01581902955,0.3809397622,0.5564826209,Bregma −0.04
Bregma −0.04,GraphST,5,14,0.2242042209,0.2242168937,1.267281026e-05,0.3807310301,0.5377879949,Bregma −0.04
Bregma −0.04,GraphST,5,15,0.2242042209,0.2161747458,0.008029475078,0.491761218,0.5686806505,Bregma −0.04
Bregma −0.04,GraphST,5,16,0.2242042209,0.242649366,0.01844514512,0.3609158836,0.5367903163,Bregma −0.04
Bregma −0.04,GraphST,5,18,0.2242042209,0.2291615319,0.004957310954,0.3576283309,0.5442951984,Bregma −0.04
Bregma −0.04,GraphST,5,20,0.2242042209,0.2079969514,0.01620726951,0.3683785602,0.5122421115,Bregma −0.04
Bregma −0.04,GraphST,6,8,0.2374563438,0.2261168203,0.01133952348,0.5565786591,0.5862846403,Bregma −0.04
Bregma −0.04,GraphST,6,9,0.2374563438,0.2226369066,0.01481943717,0.5401845896,0.5689640071,Bregma −0.04
Bregma −0.04,GraphST,6,11,0.2374563438,0.2325126292,0.00494371455,0.5320301669,0.5913299674,Bregma −0.04
Bregma −0.04,GraphST,6,12,0.2374563438,0.2400232505,0.002566906692,0.5825833213,0.5993714441,Bregma −0.04
Bregma −0.04,GraphST,6,14,0.2374563438,0.2242168937,0.01323945004,0.4433074479,0.562968665,Bregma −0.04
Bregma −0.04,GraphST,6,16,0.2374563438,0.242649366,0.005193022261,0.2849825925,0.4990360376,Bregma −0.04
Bregma −0.04,GraphST,6,18,0.2374563438,0.2291615319,0.008294811901,0.5794974999,0.5935944008,Bregma −0.04
Bregma −0.04,GraphST,6,19,0.2374563438,0.2511482803,0.01369193649,0.3073391609,0.5111121422,Bregma −0.04
Bregma −0.04,GraphST,7,8,0.2124846685,0.2261168203,0.01363215173,0.2316992577,0.443924055,Bregma −0.04
Bregma −0.04,GraphST,7,9,0.2124846685,0.2226369066,0.01015223805,0.2454748728,0.4370807708,Bregma −0.04
Bregma −0.04,GraphST,7,10,0.2124846685,0.2016433691,0.01084129944,0.2812900889,0.4766059251,Bregma −0.04
Bregma −0.04,GraphST,7,13,0.2124846685,0.2028392822,0.009645386339,0.2830531892,0.450229747,Bregma −0.04
Bregma −0.04,GraphST,7,14,0.2124846685,0.2242168937,0.01173222517,0.2302982823,0.4230527291,Bregma −0.04
Bregma −0.04,GraphST,7,15,0.2124846685,0.2161747458,0.003690077286,0.416574191,0.4897465758,Bregma −0.04
Bregma −0.04,GraphST,7,18,0.2124846685,0.2291615319,0.01667686332,0.2566602464,0.4503124792,Bregma −0.04
Bregma −0.04,GraphST,7,20,0.2124846685,0.2079969514,0.004487717143,0.2694654684,0.4640759703,Bregma −0.04
Bregma −0.04,GraphST,8,9,0.2261168203,0.2226369066,0.003479913683,0.5656718328,0.5575279049,Bregma −0.04
Bregma −0.04,GraphST,8,11,0.2261168203,0.2325126292,0.006395808935,0.4288203108,0.5581537239,Bregma −0.04
Bregma −0.04,GraphST,8,12,0.2261168203,0.2400232505,0.01390643018,0.4719689957,0.556213688,Bregma −0.04
Bregma −0.04,GraphST,8,14,0.2261168203,0.2242168937,0.00189992656,0.4435251652,0.5813765041,Bregma −0.04
Bregma −0.04,GraphST,8,15,0.2261168203,0.2161747458,0.009942074449,0.2789434294,0.4856106397,Bregma −0.04
Bregma −0.04,GraphST,8,16,0.2261168203,0.242649366,0.01653254575,0.2563361987,0.5013272836,Bregma −0.04
Bregma −0.04,GraphST,8,18,0.2261168203,0.2291615319,0.003044711584,0.6354307564,0.624081915,Bregma −0.04
Bregma −0.04,GraphST,8,20,0.2261168203,0.2079969514,0.01811986888,0.5027478065,0.5622137202,Bregma −0.04
Bregma −0.04,GraphST,9,11,0.2226369066,0.2325126292,0.009875722618,0.4318395408,0.523467811,Bregma −0.04
Bregma −0.04,GraphST,9,12,0.2226369066,0.2400232505,0.01738634386,0.4948091444,0.5321285516,Bregma −0.04
Bregma −0.04,GraphST,9,13,0.2226369066,0.2028392822,0.01979762439,0.4766989978,0.5158988263,Bregma −0.04
Bregma −0.04,GraphST,9,14,0.2226369066,0.2242168937,0.001579987123,0.4416302957,0.5173509372,Bregma −0.04
Bregma −0.04,GraphST,9,15,0.2226369066,0.2161747458,0.006462160766,0.2669595425,0.4407071401,Bregma −0.04
Bregma −0.04,GraphST,9,18,0.2226369066,0.2291615319,0.006524625267,0.6296470285,0.5947761333,Bregma −0.04
Bregma −0.04,GraphST,9,20,0.2226369066,0.2079969514,0.01463995519,0.4787692053,0.5357691815,Bregma −0.04
Bregma −0.04,GraphST,10,13,0.2016433691,0.2028392822,0.001195913103,0.3424343402,0.4927977048,Bregma −0.04
Bregma −0.04,GraphST,10,15,0.2016433691,0.2161747458,0.01453137673,0.2750405501,0.4493400611,Bregma −0.04
Bregma −0.04,GraphST,10,20,0.2016433691,0.2079969514,0.006353582298,0.3965551129,0.5058515417,Bregma −0.04
Bregma −0.04,GraphST,11,12,0.2325126292,0.2400232505,0.007510621242,0.5090096805,0.570991394,Bregma −0.04
Bregma −0.04,GraphST,11,14,0.2325126292,0.2242168937,0.008295735495,0.3904318153,0.5287792436,Bregma −0.04
Bregma −0.04,GraphST,11,15,0.2325126292,0.2161747458,0.01633788338,0.3003691866,0.489279902,Bregma −0.04
Bregma −0.04,GraphST,11,16,0.2325126292,0.242649366,0.01013673681,0.3007874234,0.4894191119,Bregma −0.04
Bregma −0.04,GraphST,11,18,0.2325126292,0.2291615319,0.003351097351,0.4584433616,0.5438276239,Bregma −0.04
Bregma −0.04,GraphST,11,19,0.2325126292,0.2511482803,0.01863565104,0.3106983684,0.5076902115,Bregma −0.04
Bregma −0.04,GraphST,12,14,0.2400232505,0.2242168937,0.01580635674,0.4570235615,0.5761158267,Bregma −0.04
Bregma −0.04,GraphST,12,16,0.2400232505,0.242649366,0.002626115568,0.2958724392,0.5116242387,Bregma −0.04
Bregma −0.04,GraphST,12,18,0.2400232505,0.2291615319,0.01086171859,0.5367756841,0.5815579547,Bregma −0.04
Bregma −0.04,GraphST,12,19,0.2400232505,0.2511482803,0.01112502979,0.3411514717,0.5406576958,Bregma −0.04
Bregma −0.04,GraphST,13,15,0.2028392822,0.2161747458,0.01333546362,0.2532260083,0.4462563683,Bregma −0.04
Bregma −0.04,GraphST,13,20,0.2028392822,0.2079969514,0.005157669196,0.4415247306,0.5102499237,Bregma −0.04
Bregma −0.04,GraphST,14,15,0.2242168937,0.2161747458,0.008042147889,0.2900253986,0.4653288358,Bregma −0.04
Bregma −0.04,GraphST,14,16,0.2242168937,0.242649366,0.01843247231,0.248577541,0.482410356,Bregma −0.04
Bregma −0.04,GraphST,14,18,0.2242168937,0.2291615319,0.004944638144,0.4943414019,0.5842223159,Bregma −0.04
Bregma −0.04,GraphST,14,20,0.2242168937,0.2079969514,0.01621994232,0.4808915348,0.5513100642,Bregma −0.04
Bregma −0.04,GraphST,15,18,0.2161747458,0.2291615319,0.01298678603,0.2910067699,0.4680117373,Bregma −0.04
Bregma −0.04,GraphST,15,20,0.2161747458,0.2079969514,0.008177794429,0.306603886,0.4851226075,Bregma −0.04
Bregma −0.04,GraphST,16,18,0.242649366,0.2291615319,0.01348783416,0.2647845636,0.4935062154,Bregma −0.04
Bregma −0.04,GraphST,16,19,0.242649366,0.2511482803,0.008498914226,0.4587561144,0.5614873314,Bregma −0.04
Bregma −0.04,STAGATE,1,3,0.4503237256,0.445594311,0.004729414539,0.556601172,0.68251824,Bregma −0.04
Bregma −0.04,STAGATE,1,5,0.4503237256,0.4399387845,0.01038494113,0.6100652828,0.6906201512,Bregma −0.04
Bregma −0.04,STAGATE,1,9,0.4503237256,0.4600163679,0.009692642301,0.7044543081,0.7736061215,Bregma −0.04
Bregma −0.04,STAGATE,1,20,0.4503237256,0.4533931716,0.003069446039,0.6789613646,0.7220784569,Bregma −0.04
Bregma −0.04,STAGATE,2,19,0.3740555686,0.382289439,0.008233870363,0.4044206435,0.607114373,Bregma −0.04
Bregma −0.04,STAGATE,3,5,0.445594311,0.4399387845,0.005655526595,0.5641376055,0.6817805582,Bregma −0.04
Bregma −0.04,STAGATE,3,9,0.445594311,0.4600163679,0.01442205684,0.5792760646,0.6823417065,Bregma −0.04
Bregma −0.04,STAGATE,3,20,0.445594311,0.4533931716,0.007798860577,0.5442171057,0.6571001758,Bregma −0.04
Bregma −0.04,STAGATE,4,8,0.3316768677,0.3244736954,0.00720317228,0.562689995,0.6794469479,Bregma −0.04
Bregma −0.04,STAGATE,4,16,0.3316768677,0.3247128663,0.006964001445,0.5385301175,0.6650805526,Bregma −0.04
Bregma −0.04,STAGATE,4,17,0.3316768677,0.3411922626,0.009515394868,0.5065842575,0.6281137583,Bregma −0.04
Bregma −0.04,STAGATE,4,18,0.3316768677,0.3451809862,0.01350411847,0.7761054258,0.8022110919,Bregma −0.04
Bregma −0.04,STAGATE,5,20,0.4399387845,0.4533931716,0.01345438717,0.6607392214,0.7106752953,Bregma −0.04
Bregma −0.04,STAGATE,6,12,0.4172932015,0.3983364827,0.01895671875,0.7452502143,0.7826353268,Bregma −0.04
Bregma −0.04,STAGATE,6,13,0.4172932015,0.4071075293,0.01018567213,0.453123148,0.5968939287,Bregma −0.04
Bregma −0.04,STAGATE,7,8,0.3072862325,0.3244736954,0.01718746291,0.4093191261,0.5757524635,Bregma −0.04
Bregma −0.04,STAGATE,7,16,0.3072862325,0.3247128663,0.01742663375,0.3989901235,0.5737740408,Bregma −0.04
Bregma −0.04,STAGATE,8,16,0.3244736954,0.3247128663,0.0002391708352,0.7425276655,0.7819006184,Bregma −0.04
Bregma −0.04,STAGATE,8,17,0.3244736954,0.3411922626,0.01671856715,0.6470639446,0.7074016877,Bregma −0.04
Bregma −0.04,STAGATE,9,20,0.4600163679,0.4533931716,0.006623196262,0.6436247135,0.709201911,Bregma −0.04
Bregma −0.04,STAGATE,10,12,0.3967777633,0.3983364827,0.001558719366,0.6898050357,0.7373272674,Bregma −0.04
Bregma −0.04,STAGATE,10,13,0.3967777633,0.4071075293,0.01032976599,0.4625638429,0.624782511,Bregma −0.04
Bregma −0.04,STAGATE,10,19,0.3967777633,0.382289439,0.01448832437,0.3963577257,0.5778370804,Bregma −0.04
Bregma −0.04,STAGATE,12,13,0.3983364827,0.4071075293,0.008771046625,0.4714938708,0.6199821835,Bregma −0.04
Bregma −0.04,STAGATE,12,19,0.3983364827,0.382289439,0.01604704373,0.4142117714,0.5921939043,Bregma −0.04
Bregma −0.04,STAGATE,16,17,0.3247128663,0.3411922626,0.01647939631,0.669215093,0.7240962341,Bregma −0.04
Bregma −0.04,STAGATE,17,18,0.3411922626,0.3451809862,0.003988723605,0.4912006785,0.6165592501,Bregma −0.04
Bregma −0.04,SpaGCN,2,3,0.1010318793,0.08860925539,0.01242262387,0.3616630535,0.4654359126,Bregma −0.04
Bregma −0.04,SpaGCN,2,5,0.1010318793,0.08852945701,0.01250242224,0.2943591452,0.4394844688,Bregma −0.04
Bregma −0.04,SpaGCN,2,6,0.1010318793,0.0979971429,0.003034736358,0.299610502,0.4387971426,Bregma −0.04
Bregma −0.04,SpaGCN,2,16,0.1010318793,0.08936271471,0.01166916455,0.401308811,0.4776783236,Bregma −0.04
Bregma −0.04,SpaGCN,2,17,0.1010318793,0.1129629985,0.01193111921,0.3181420998,0.4483981231,Bregma −0.04
Bregma −0.04,SpaGCN,2,18,0.1010318793,0.0961119879,0.004919891358,0.3925223884,0.473527275,Bregma −0.04
Bregma −0.04,SpaGCN,2,19,0.1010318793,0.09729102411,0.003740855142,0.3736906685,0.4745714951,Bregma −0.04
Bregma −0.04,SpaGCN,3,5,0.08860925539,0.08852945701,7.979837447e-05,0.3353189928,0.4866157986,Bregma −0.04
Bregma −0.04,SpaGCN,3,6,0.08860925539,0.0979971429,0.009387887509,0.2851034916,0.435852971,Bregma −0.04
Bregma −0.04,SpaGCN,3,14,0.08860925539,0.0808532446,0.00775601079,0.3194519809,0.4648815601,Bregma −0.04
Bregma −0.04,SpaGCN,3,16,0.08860925539,0.08936271471,0.0007534593167,0.4029323564,0.5078308522,Bregma −0.04
Bregma −0.04,SpaGCN,3,18,0.08860925539,0.0961119879,0.007502732509,0.4171500573,0.5170391527,Bregma −0.04
Bregma −0.04,SpaGCN,3,19,0.08860925539,0.09729102411,0.008681768724,0.4953917182,0.5821356966,Bregma −0.04
Bregma −0.04,SpaGCN,4,8,0.1253429988,0.138866552,0.01352355323,0.4742855352,0.5444833752,Bregma −0.04
Bregma −0.04,SpaGCN,4,9,0.1253429988,0.1406814153,0.01533841649,0.3946741407,0.5186532144,Bregma −0.04
Bregma −0.04,SpaGCN,4,10,0.1253429988,0.1309157929,0.005572794148,0.2815233813,0.4043442338,Bregma −0.04
Bregma −0.04,SpaGCN,4,11,0.1253429988,0.1332018706,0.007858871787,0.3590121467,0.4621214821,Bregma −0.04
Bregma −0.04,SpaGCN,4,12,0.1253429988,0.1378736563,0.01253065756,0.3794950886,0.4940473049,Bregma −0.04
Bregma −0.04,SpaGCN,4,13,0.1253429988,0.1271440658,0.001801067004,0.4454599205,0.5219241064,Bregma −0.04
Bregma −0.04,SpaGCN,4,15,0.1253429988,0.1375778448,0.01223484607,0.3723188716,0.4965669925,Bregma −0.04
Bregma −0.04,SpaGCN,4,17,0.1253429988,0.1129629985,0.01238000031,0.395159505,0.4965551911,Bregma −0.04
Bregma −0.04,SpaGCN,5,6,0.08852945701,0.0979971429,0.009467685883,0.3556100282,0.4826544076,Bregma −0.04
Bregma −0.04,SpaGCN,5,14,0.08852945701,0.0808532446,0.007676212416,0.3374955685,0.4924802392,Bregma −0.04
Bregma −0.04,SpaGCN,5,16,0.08852945701,0.08936271471,0.0008332576911,0.3103769776,0.4631177544,Bregma −0.04
Bregma −0.04,SpaGCN,5,18,0.08852945701,0.0961119879,0.007582530883,0.287047845,0.439755665,Bregma −0.04
Bregma −0.04,SpaGCN,5,19,0.08852945701,0.09729102411,0.008761567099,0.3274197381,0.4778636996,Bregma −0.04
Bregma −0.04,SpaGCN,6,14,0.0979971429,0.0808532446,0.0171438983,0.321205738,0.4661517487,Bregma −0.04
Bregma −0.04,SpaGCN,6,16,0.0979971429,0.08936271471,0.008634428192,0.3026678867,0.442453861,Bregma −0.04
Bregma −0.04,SpaGCN,6,17,0.0979971429,0.1129629985,0.01496585557,0.3592678374,0.4816798401,Bregma −0.04
Bregma −0.04,SpaGCN,6,18,0.0979971429,0.0961119879,0.001885155,0.2616420552,0.4032990876,Bregma −0.04
Bregma −0.04,SpaGCN,6,19,0.0979971429,0.09729102411,0.0007061187843,0.2918262714,0.4433954308,Bregma −0.04
Bregma −0.04,SpaGCN,7,8,0.1535240438,0.138866552,0.01465749181,0.3820091734,0.467714689,Bregma −0.04
Bregma −0.04,SpaGCN,7,9,0.1535240438,0.1406814153,0.01284262855,0.3539167624,0.4855308016,Bregma −0.04
Bregma −0.04,SpaGCN,7,12,0.1535240438,0.1378736563,0.01565038748,0.3470544091,0.4781848425,Bregma −0.04
Bregma −0.04,SpaGCN,7,15,0.1535240438,0.1375778448,0.01594619897,0.3507714045,0.484469852,Bregma −0.04
Bregma −0.04,SpaGCN,7,20,0.1535240438,0.1534019444,0.0001220993843,0.4190177953,0.5146701435,Bregma −0.04
Bregma −0.04,SpaGCN,8,9,0.138866552,0.1406814153,0.001814863252,0.3945112818,0.5243334435,Bregma −0.04
Bregma −0.04,SpaGCN,8,10,0.138866552,0.1309157929,0.007950759086,0.292605412,0.4095726626,Bregma −0.04
Bregma −0.04,SpaGCN,8,11,0.138866552,0.1332018706,0.005664681447,0.4067135631,0.4989040332,Bregma −0.04
Bregma −0.04,SpaGCN,8,12,0.138866552,0.1378736563,0.0009928956759,0.3590506914,0.4769183746,Bregma −0.04
Bregma −0.04,SpaGCN,8,13,0.138866552,0.1271440658,0.01172248623,0.5655775555,0.6090653044,Bregma −0.04
Bregma −0.04,SpaGCN,8,15,0.138866552,0.1375778448,0.001288707168,0.3548503982,0.4928124245,Bregma −0.04
Bregma −0.04,SpaGCN,8,20,0.138866552,0.1534019444,0.01453539242,0.4204794624,0.5199166235,Bregma −0.04
Bregma −0.04,SpaGCN,9,10,0.1406814153,0.1309157929,0.009765622338,0.2611969097,0.3987047443,Bregma −0.04
Bregma −0.04,SpaGCN,9,11,0.1406814153,0.1332018706,0.007479544699,0.3191693319,0.4612083529,Bregma −0.04
Bregma −0.04,SpaGCN,9,12,0.1406814153,0.1378736563,0.002807758928,0.3548680219,0.4843532868,Bregma −0.04
Bregma −0.04,SpaGCN,9,13,0.1406814153,0.1271440658,0.01353734948,0.4033228243,0.5279338245,Bregma −0.04
Bregma −0.04,SpaGCN,9,15,0.1406814153,0.1375778448,0.00310357042,0.4570045129,0.5554685095,Bregma −0.04
Bregma −0.04,SpaGCN,9,20,0.1406814153,0.1534019444,0.01272052917,0.4157779813,0.5402343871,Bregma −0.04
Bregma −0.04,SpaGCN,10,11,0.1309157929,0.1332018706,0.002286077639,0.2874942111,0.3979163361,Bregma −0.04
Bregma −0.04,SpaGCN,10,12,0.1309157929,0.1378736563,0.00695786341,0.2614474447,0.3931436019,Bregma −0.04
Bregma −0.04,SpaGCN,10,13,0.1309157929,0.1271440658,0.003771727144,0.3392852347,0.4438350176,Bregma −0.04
Bregma −0.04,SpaGCN,10,15,0.1309157929,0.1375778448,0.006662051918,0.2961498887,0.4343019692,Bregma −0.04
Bregma −0.04,SpaGCN,10,17,0.1309157929,0.1129629985,0.01795279446,0.2799987854,0.4084045871,Bregma −0.04
Bregma −0.04,SpaGCN,11,12,0.1332018706,0.1378736563,0.004671785771,0.3739618436,0.489784636,Bregma −0.04
Bregma −0.04,SpaGCN,11,13,0.1332018706,0.1271440658,0.006057804783,0.4016562931,0.4913680887,Bregma −0.04
Bregma −0.04,SpaGCN,11,15,0.1332018706,0.1375778448,0.004375974279,0.3182955807,0.4689876458,Bregma −0.04
Bregma −0.04,SpaGCN,12,13,0.1378736563,0.1271440658,0.01072959055,0.3829472472,0.4953432513,Bregma −0.04
Bregma −0.04,SpaGCN,12,15,0.1378736563,0.1375778448,0.000295811492,0.3787408802,0.5137978124,Bregma −0.04
Bregma −0.04,SpaGCN,12,20,0.1378736563,0.1534019444,0.0155282881,0.4835515538,0.5629473864,Bregma −0.04
Bregma −0.04,SpaGCN,13,15,0.1271440658,0.1375778448,0.01043377906,0.3460596397,0.4848362646,Bregma −0.04
Bregma −0.04,SpaGCN,13,17,0.1271440658,0.1129629985,0.01418106732,0.4239418639,0.5262884657,Bregma −0.04
Bregma −0.04,SpaGCN,14,16,0.0808532446,0.08936271471,0.008509470107,0.3450625157,0.4815949847,Bregma −0.04
Bregma −0.04,SpaGCN,14,18,0.0808532446,0.0961119879,0.0152587433,0.3299140077,0.4605172072,Bregma −0.04
Bregma −0.04,SpaGCN,14,19,0.0808532446,0.09729102411,0.01643777951,0.32882334,0.4733512824,Bregma −0.04
Bregma −0.04,SpaGCN,15,20,0.1375778448,0.1534019444,0.01582409959,0.3326332706,0.4789600218,Bregma −0.04
Bregma −0.04,SpaGCN,16,18,0.08936271471,0.0961119879,0.006749273192,0.4323836298,0.5206045091,Bregma −0.04
Bregma −0.04,SpaGCN,16,19,0.08936271471,0.09729102411,0.007928309408,0.4056578736,0.506363401,Bregma −0.04
Bregma −0.04,SpaGCN,17,18,0.1129629985,0.0961119879,0.01685101057,0.3277192432,0.4645840701,Bregma −0.04
Bregma −0.04,SpaGCN,17,19,0.1129629985,0.09729102411,0.01567197435,0.340959944,0.480563288,Bregma −0.04
Bregma −0.04,SpaGCN,18,19,0.0961119879,0.09729102411,0.001179036215,0.4317153211,0.5272121993,Bregma −0.04
Bregma −0.04,BANKSY,1,2,0.1574374652,0.1555071865,0.001930278727,0.5175437956,0.7610703763,Bregma −0.04
Bregma −0.04,BANKSY,1,3,0.1574374652,0.1585533888,0.001115923638,0.5103063276,0.7551080303,Bregma −0.04
Bregma −0.04,BANKSY,1,4,0.1574374652,0.1571147022,0.000322762958,0.9989109195,0.9982299611,Bregma −0.04
Bregma −0.04,BANKSY,1,5,0.1574374652,0.1561785556,0.001258909541,0.5150945071,0.7589194942,Bregma −0.04
Bregma −0.04,BANKSY,1,6,0.1574374652,0.156965979,0.0004714861948,0.9984026735,0.9975128429,Bregma −0.04
Bregma −0.04,BANKSY,1,7,0.1574374652,0.1471411392,0.01029632602,0.5675006879,0.7921699918,Bregma −0.04
Bregma −0.04,BANKSY,1,8,0.1574374652,0.1571147022,0.000322762958,0.9989109195,0.9982299611,Bregma −0.04
Bregma −0.04,BANKSY,1,9,0.1574374652,0.1571147022,0.000322762958,0.9989109195,0.9982299611,Bregma −0.04
Bregma −0.04,BANKSY,1,10,0.1574374652,0.156965979,0.0004714861948,0.9984026735,0.9975128429,Bregma −0.04
Bregma −0.04,BANKSY,1,11,0.1574374652,0.1571147022,0.000322762958,0.9989109195,0.9982299611,Bregma −0.04
Bregma −0.04,BANKSY,1,12,0.1574374652,0.1574374652,0,1,1,Bregma −0.04
Bregma −0.04,BANKSY,1,15,0.1574374652,0.1571147022,0.000322762958,0.9989109195,0.9982299611,Bregma −0.04
Bregma −0.04,BANKSY,1,16,0.1574374652,0.1574374652,0,1,1,Bregma −0.04
Bregma −0.04,BANKSY,1,18,0.1574374652,0.1566761785,0.0007612866798,0.5112300824,0.7571698346,Bregma −0.04
Bregma −0.04,BANKSY,1,20,0.1574374652,0.1554248361,0.002012629108,0.5158875744,0.7597753617,Bregma −0.04
Bregma −0.04,BANKSY,2,3,0.1555071865,0.1585533888,0.003046202364,0.9607392139,0.9606902482,Bregma −0.04
Bregma −0.04,BANKSY,2,4,0.1555071865,0.1571147022,0.001607515768,0.5174732759,0.7607604381,Bregma −0.04
Bregma −0.04,BANKSY,2,5,0.1555071865,0.1561785556,0.0006713691851,0.9898338943,0.9868242126,Bregma −0.04
Bregma −0.04,BANKSY,2,6,0.1555071865,0.156965979,0.001458792532,0.5171143746,0.7605557096,Bregma −0.04
Bregma −0.04,BANKSY,2,7,0.1555071865,0.1471411392,0.00836604729,0.6863866881,0.7897079975,Bregma −0.04
Bregma −0.04,BANKSY,2,8,0.1555071865,0.1571147022,0.001607515768,0.5169323125,0.760318504,Bregma −0.04
Bregma −0.04,BANKSY,2,9,0.1555071865,0.1571147022,0.001607515768,0.5169323125,0.760318504,Bregma −0.04
Bregma −0.04,BANKSY,2,10,0.1555071865,0.156965979,0.001458792532,0.5171143746,0.7605557096,Bregma −0.04
Bregma −0.04,BANKSY,2,11,0.1555071865,0.1571147022,0.001607515768,0.5174732759,0.7607604381,Bregma −0.04
Bregma −0.04,BANKSY,2,12,0.1555071865,0.1574374652,0.001930278727,0.5175437956,0.7610703763,Bregma −0.04
Bregma −0.04,BANKSY,2,15,0.1555071865,0.1571147022,0.001607515768,0.5174732759,0.7607604381,Bregma −0.04
Bregma −0.04,BANKSY,2,16,0.1555071865,0.1574374652,0.001930278727,0.5175437956,0.7610703763,Bregma −0.04
Bregma −0.04,BANKSY,2,18,0.1555071865,0.1566761785,0.001168992047,0.9759437392,0.9723495497,Bregma −0.04
Bregma −0.04,BANKSY,2,20,0.1555071865,0.1554248361,8.235038121e-05,0.9917714754,0.9896320566,Bregma −0.04
Bregma −0.04,BANKSY,3,4,0.1585533888,0.1571147022,0.001438686596,0.5102353264,0.7547940306,Bregma −0.04
Bregma −0.04,BANKSY,3,5,0.1585533888,0.1561785556,0.002374833179,0.9695052936,0.9684917067,Bregma −0.04
Bregma −0.04,BANKSY,3,6,0.1585533888,0.156965979,0.001587409833,0.5098906051,0.754607649,Bregma −0.04
Bregma −0.04,BANKSY,3,7,0.1585533888,0.1471411392,0.01141224965,0.6861714648,0.7928678954,Bregma −0.04
Bregma −0.04,BANKSY,3,8,0.1585533888,0.1571147022,0.001438686596,0.5097254702,0.754380449,Bregma −0.04
Bregma −0.04,BANKSY,3,9,0.1585533888,0.1571147022,0.001438686596,0.5097254702,0.754380449,Bregma −0.04
Bregma −0.04,BANKSY,3,10,0.1585533888,0.156965979,0.001587409833,0.5098906051,0.754607649,Bregma −0.04
Bregma −0.04,BANKSY,3,11,0.1585533888,0.1571147022,0.001438686596,0.5102353264,0.7547940306,Bregma −0.04
Bregma −0.04,BANKSY,3,12,0.1585533888,0.1574374652,0.001115923638,0.5103063276,0.7551080303,Bregma −0.04
Bregma −0.04,BANKSY,3,15,0.1585533888,0.1571147022,0.001438686596,0.5102353264,0.7547940306,Bregma −0.04
Bregma −0.04,BANKSY,3,16,0.1585533888,0.1574374652,0.001115923638,0.5103063276,0.7551080303,Bregma −0.04
Bregma −0.04,BANKSY,3,18,0.1585533888,0.1566761785,0.001877210318,0.982863212,0.981659245,Bregma −0.04
Bregma −0.04,BANKSY,3,20,0.1585533888,0.1554248361,0.003128552746,0.9687743231,0.9672773389,Bregma −0.04
Bregma −0.04,BANKSY,4,5,0.1571147022,0.1561785556,0.0009361465834,0.5150237101,0.7586073472,Bregma −0.04
Bregma −0.04,BANKSY,4,6,0.1571147022,0.156965979,0.0001487232367,0.9994912396,0.9991321509,Bregma −0.04
Bregma −0.04,BANKSY,4,7,0.1571147022,0.1471411392,0.009973563059,0.5674302014,0.7918648092,Bregma −0.04
Bregma −0.04,BANKSY,4,8,0.1571147022,0.1571147022,0,0.9989826553,0.9982645034,Bregma −0.04
Bregma −0.04,BANKSY,4,9,0.1571147022,0.1571147022,0,0.9989826553,0.9982645034,Bregma −0.04
Bregma −0.04,BANKSY,4,10,0.1571147022,0.156965979,0.0001487232367,0.9994912396,0.9991321509,Bregma −0.04
Bregma −0.04,BANKSY,4,11,0.1571147022,0.1571147022,0,1,1,Bregma −0.04
Bregma −0.04,BANKSY,4,12,0.1571147022,0.1574374652,0.000322762958,0.9989109195,0.9982299611,Bregma −0.04
Bregma −0.04,BANKSY,4,15,0.1571147022,0.1571147022,0,1,1,Bregma −0.04
Bregma −0.04,BANKSY,4,16,0.1571147022,0.1574374652,0.000322762958,0.9989109195,0.9982299611,Bregma −0.04
Bregma −0.04,BANKSY,4,18,0.1571147022,0.1566761785,0.0004385237218,0.5111590598,0.7568557463,Bregma −0.04
Bregma −0.04,BANKSY,4,20,0.1571147022,0.1554248361,0.00168986615,0.5158171161,0.7594655368,Bregma −0.04
Bregma −0.04,BANKSY,5,6,0.1561785556,0.156965979,0.0007874233466,0.5146694438,0.7584083244,Bregma −0.04
Bregma −0.04,BANKSY,5,7,0.1561785556,0.1471411392,0.009037416475,0.6857415248,0.7901984486,Bregma −0.04
Bregma −0.04,BANKSY,5,8,0.1561785556,0.1571147022,0.0009361465834,0.5144913228,0.7581747123,Bregma −0.04
Bregma −0.04,BANKSY,5,9,0.1561785556,0.1571147022,0.0009361465834,0.5144913228,0.7581747123,Bregma −0.04
Bregma −0.04,BANKSY,5,10,0.1561785556,0.156965979,0.0007874233466,0.5146694438,0.7584083244,Bregma −0.04
Bregma −0.04,BANKSY,5,11,0.1561785556,0.1571147022,0.0009361465834,0.5150237101,0.7586073472,Bregma −0.04
Bregma −0.04,BANKSY,5,12,0.1561785556,0.1574374652,0.001258909541,0.5150945071,0.7589194942,Bregma −0.04
Bregma −0.04,BANKSY,5,15,0.1561785556,0.1571147022,0.0009361465834,0.5150237101,0.7586073472,Bregma −0.04
Bregma −0.04,BANKSY,5,16,0.1561785556,0.1574374652,0.001258909541,0.5150945071,0.7589194942,Bregma −0.04
Bregma −0.04,BANKSY,5,18,0.1561785556,0.1566761785,0.0004976228616,0.9860029193,0.982375292,Bregma −0.04
Bregma −0.04,BANKSY,5,20,0.1561785556,0.1554248361,0.0007537195663,0.9968348873,0.9952774903,Bregma −0.04
Bregma −0.04,BANKSY,6,7,0.156965979,0.1471411392,0.009824839822,0.567720158,0.7921497973,Bregma −0.04
Bregma −0.04,BANKSY,6,8,0.156965979,0.1571147022,0.0001487232367,0.9994912396,0.9991321509,Bregma −0.04
Bregma −0.04,BANKSY,6,9,0.156965979,0.1571147022,0.0001487232367,0.9994912396,0.9991321509,Bregma −0.04
Bregma −0.04,BANKSY,6,10,0.156965979,0.156965979,0,1,1,Bregma −0.04
Bregma −0.04,BANKSY,6,11,0.156965979,0.1571147022,0.0001487232367,0.9994912396,0.9991321509,Bregma −0.04
Bregma −0.04,BANKSY,6,12,0.156965979,0.1574374652,0.0004714861948,0.9984026735,0.9975128429,Bregma −0.04
Bregma −0.04,BANKSY,6,15,0.156965979,0.1571147022,0.0001487232367,0.9994912396,0.9991321509,Bregma −0.04
Bregma −0.04,BANKSY,6,16,0.156965979,0.1574374652,0.0004714861948,0.9984026735,0.9975128429,Bregma −0.04
Bregma −0.04,BANKSY,6,18,0.156965979,0.1566761785,0.0002898004851,0.5108123388,0.7566669853,Bregma −0.04
Bregma −0.04,BANKSY,6,20,0.156965979,0.1554248361,0.001541142913,0.5154615228,0.7592654697,Bregma −0.04
Bregma −0.04,BANKSY,7,8,0.1471411392,0.1571147022,0.009973563059,0.5674302014,0.7918648092,Bregma −0.04
Bregma −0.04,BANKSY,7,9,0.1471411392,0.1571147022,0.009973563059,0.5674302014,0.7918648092,Bregma −0.04
Bregma −0.04,BANKSY,7,10,0.1471411392,0.156965979,0.009824839822,0.567720158,0.7921497973,Bregma −0.04
Bregma −0.04,BANKSY,7,11,0.1471411392,0.1571147022,0.009973563059,0.5674302014,0.7918648092,Bregma −0.04
Bregma −0.04,BANKSY,7,12,0.1471411392,0.1574374652,0.01029632602,0.5675006879,0.7921699918,Bregma −0.04
Bregma −0.04,BANKSY,7,15,0.1471411392,0.1571147022,0.009973563059,0.5674302014,0.7918648092,Bregma −0.04
Bregma −0.04,BANKSY,7,16,0.1471411392,0.1574374652,0.01029632602,0.5675006879,0.7921699918,Bregma −0.04
Bregma −0.04,BANKSY,7,18,0.1471411392,0.1566761785,0.009535039337,0.6815953996,0.7884473556,Bregma −0.04
Bregma −0.04,BANKSY,7,20,0.1471411392,0.1554248361,0.008283696909,0.6858213795,0.7902020065,Bregma −0.04
Bregma −0.04,BANKSY,8,9,0.1571147022,0.1571147022,0,1,1,Bregma −0.04
Bregma −0.04,BANKSY,8,10,0.1571147022,0.156965979,0.0001487232367,0.9994912396,0.9991321509,Bregma −0.04
Bregma −0.04,BANKSY,8,11,0.1571147022,0.1571147022,0,0.9989826553,0.9982645034,Bregma −0.04
Bregma −0.04,BANKSY,8,12,0.1571147022,0.1574374652,0.000322762958,0.9989109195,0.9982299611,Bregma −0.04
Bregma −0.04,BANKSY,8,15,0.1571147022,0.1571147022,0,0.9989826553,0.9982645034,Bregma −0.04
Bregma −0.04,BANKSY,8,16,0.1571147022,0.1574374652,0.000322762958,0.9989109195,0.9982299611,Bregma −0.04
Bregma −0.04,BANKSY,8,18,0.1571147022,0.1566761785,0.0004385237218,0.5106396872,0.7564375602,Bregma −0.04
Bregma −0.04,BANKSY,8,20,0.1571147022,0.1554248361,0.00168986615,0.5152831581,0.7590295209,Bregma −0.04
Bregma −0.04,BANKSY,9,10,0.1571147022,0.156965979,0.0001487232367,0.9994912396,0.9991321509,Bregma −0.04
Bregma −0.04,BANKSY,9,11,0.1571147022,0.1571147022,0,0.9989826553,0.9982645034,Bregma −0.04
Bregma −0.04,BANKSY,9,12,0.1571147022,0.1574374652,0.000322762958,0.9989109195,0.9982299611,Bregma −0.04
Bregma −0.04,BANKSY,9,15,0.1571147022,0.1571147022,0,0.9989826553,0.9982645034,Bregma −0.04
Bregma −0.04,BANKSY,9,16,0.1571147022,0.1574374652,0.000322762958,0.9989109195,0.9982299611,Bregma −0.04
Bregma −0.04,BANKSY,9,18,0.1571147022,0.1566761785,0.0004385237218,0.5106396872,0.7564375602,Bregma −0.04
Bregma −0.04,BANKSY,9,20,0.1571147022,0.1554248361,0.00168986615,0.5152831581,0.7590295209,Bregma −0.04
Bregma −0.04,BANKSY,10,11,0.156965979,0.1571147022,0.0001487232367,0.9994912396,0.9991321509,Bregma −0.04
Bregma −0.04,BANKSY,10,12,0.156965979,0.1574374652,0.0004714861948,0.9984026735,0.9975128429,Bregma −0.04
Bregma −0.04,BANKSY,10,15,0.156965979,0.1571147022,0.0001487232367,0.9994912396,0.9991321509,Bregma −0.04
Bregma −0.04,BANKSY,10,16,0.156965979,0.1574374652,0.0004714861948,0.9984026735,0.9975128429,Bregma −0.04
Bregma −0.04,BANKSY,10,18,0.156965979,0.1566761785,0.0002898004851,0.5108123388,0.7566669853,Bregma −0.04
Bregma −0.04,BANKSY,10,20,0.156965979,0.1554248361,0.001541142913,0.5154615228,0.7592654697,Bregma −0.04
Bregma −0.04,BANKSY,11,12,0.1571147022,0.1574374652,0.000322762958,0.9989109195,0.9982299611,Bregma −0.04
Bregma −0.04,BANKSY,11,15,0.1571147022,0.1571147022,0,1,1,Bregma −0.04
Bregma −0.04,BANKSY,11,16,0.1571147022,0.1574374652,0.000322762958,0.9989109195,0.9982299611,Bregma −0.04
Bregma −0.04,BANKSY,11,18,0.1571147022,0.1566761785,0.0004385237218,0.5111590598,0.7568557463,Bregma −0.04
Bregma −0.04,BANKSY,11,20,0.1571147022,0.1554248361,0.00168986615,0.5158171161,0.7594655368,Bregma −0.04
Bregma −0.04,BANKSY,12,15,0.1574374652,0.1571147022,0.000322762958,0.9989109195,0.9982299611,Bregma −0.04
Bregma −0.04,BANKSY,12,16,0.1574374652,0.1574374652,0,1,1,Bregma −0.04
Bregma −0.04,BANKSY,12,18,0.1574374652,0.1566761785,0.0007612866798,0.5112300824,0.7571698346,Bregma −0.04
Bregma −0.04,BANKSY,12,20,0.1574374652,0.1554248361,0.002012629108,0.5158875744,0.7597753617,Bregma −0.04
Bregma −0.04,BANKSY,14,17,0.2015984856,0.204640607,0.003042121368,0.9836998635,0.9808726927,Bregma −0.04
Bregma −0.04,BANKSY,14,19,0.2015984856,0.2058228474,0.004224361827,0.9757180557,0.9746371359,Bregma −0.04
Bregma −0.04,BANKSY,15,16,0.1571147022,0.1574374652,0.000322762958,0.9989109195,0.9982299611,Bregma −0.04
Bregma −0.04,BANKSY,15,18,0.1571147022,0.1566761785,0.0004385237218,0.5111590598,0.7568557463,Bregma −0.04
Bregma −0.04,BANKSY,15,20,0.1571147022,0.1554248361,0.00168986615,0.5158171161,0.7594655368,Bregma −0.04
Bregma −0.04,BANKSY,16,18,0.1574374652,0.1566761785,0.0007612866798,0.5112300824,0.7571698346,Bregma −0.04
Bregma −0.04,BANKSY,16,20,0.1574374652,0.1554248361,0.002012629108,0.5158875744,0.7597753617,Bregma −0.04
Bregma −0.04,BANKSY,17,19,0.204640607,0.2058228474,0.00118224046,0.9919373581,0.9913560021,Bregma −0.04
Bregma −0.04,BANKSY,18,20,0.1566761785,0.1554248361,0.001251342428,0.9828689183,0.9787941384,Bregma −0.04
Bregma −0.04,SEDR,1,2,0.18090431686,0.16919799734,0.0117063195199,0.775795820978,0.781220990465,Bregma −0.04
Bregma −0.04,SEDR,1,4,0.18090431686,0.189259826374,0.00835550951329,0.636307222138,0.705121784884,Bregma −0.04
Bregma −0.04,SEDR,1,7,0.18090431686,0.176536918907,0.0043673979531,0.674630866194,0.703346621724,Bregma −0.04
Bregma −0.04,SEDR,1,8,0.18090431686,0.162501950546,0.0184023663138,0.656791466763,0.719759616275,Bregma −0.04
Bregma −0.04,SEDR,1,10,0.18090431686,0.169209807865,0.0116945089956,0.385486707612,0.58010660869,Bregma −0.04
Bregma −0.04,SEDR,1,12,0.18090431686,0.168488576319,0.0124157405411,0.712111113277,0.75475622015,Bregma −0.04
Bregma −0.04,SEDR,1,13,0.18090431686,0.184118875969,0.00321455910859,0.780325468906,0.786121990458,Bregma −0.04
Bregma −0.04,SEDR,1,15,0.18090431686,0.188378380336,0.00747406347556,0.647574412016,0.715021991311,Bregma −0.04
Bregma −0.04,SEDR,1,17,0.18090431686,0.163824417938,0.0170798989219,0.531041677628,0.696236041571,Bregma −0.04
Bregma −0.04,SEDR,1,18,0.18090431686,0.168750194125,0.012154122735,0.746870875487,0.757480699938,Bregma −0.04
Bregma −0.04,SEDR,1,19,0.18090431686,0.167520769978,0.0133835468822,0.568482467341,0.711463057095,Bregma −0.04
Bregma −0.04,SEDR,2,7,0.16919799734,0.176536918907,0.00733892156684,0.663998802647,0.713967902533,Bregma −0.04
Bregma −0.04,SEDR,2,8,0.16919799734,0.162501950546,0.00669604679388,0.716667082952,0.771187738677,Bregma −0.04
Bregma −0.04,SEDR,2,9,0.16919799734,0.150168602035,0.0190293953049,0.415983605178,0.620969802698,Bregma −0.04
Bregma −0.04,SEDR,2,10,0.16919799734,0.169209807865,1.18105243027e-05,0.411033232552,0.637560987972,Bregma −0.04
Bregma −0.04,SEDR,2,11,0.16919799734,0.154378474041,0.0148195232993,0.465056406104,0.642190835983,Bregma −0.04
Bregma −0.04,SEDR,2,12,0.16919799734,0.168488576319,0.000709421021133,0.670980055957,0.740141848724,Bregma −0.04
Bregma −0.04,SEDR,2,13,0.16919799734,0.184118875969,0.0149208786285,0.807336722961,0.816240474797,Bregma −0.04
Bregma −0.04,SEDR,2,15,0.16919799734,0.188378380336,0.0191803829955,0.692897042078,0.760029445161,Bregma −0.04
Bregma −0.04,SEDR,2,16,0.16919799734,0.160019739202,0.00917825813826,0.543782139852,0.703176596473,Bregma −0.04
Bregma −0.04,SEDR,2,17,0.16919799734,0.163824417938,0.00537357940192,0.541628173798,0.71654782291,Bregma −0.04
Bregma −0.04,SEDR,2,18,0.16919799734,0.168750194125,0.000447803215071,0.803550239471,0.80746692447,Bregma −0.04
Bregma −0.04,SEDR,2,19,0.16919799734,0.167520769978,0.00167722736222,0.57515778727,0.748518785821,Bregma −0.04
Bregma −0.04,SEDR,3,4,0.206937157348,0.189259826374,0.017677330974,0.527012301685,0.678698644625,Bregma −0.04
Bregma −0.04,SEDR,3,15,0.206937157348,0.188378380336,0.0185587770117,0.539429815125,0.662880615169,Bregma −0.04
Bregma −0.04,SEDR,4,7,0.189259826374,0.176536918907,0.0127229074664,0.614708804559,0.712131044167,Bregma −0.04
Bregma −0.04,SEDR,4,13,0.189259826374,0.184118875969,0.0051409504047,0.693544645712,0.758791890141,Bregma −0.04
Bregma −0.04,SEDR,4,15,0.189259826374,0.188378380336,0.000881446037724,0.790168016198,0.794127802682,Bregma −0.04
Bregma −0.04,SEDR,5,6,0.147321540141,0.142559165762,0.00476237437865,0.505987028632,0.663068297311,Bregma −0.04
Bregma −0.04,SEDR,5,8,0.147321540141,0.162501950546,0.0151804104055,0.514092940096,0.649149076441,Bregma −0.04
Bregma −0.04,SEDR,5,9,0.147321540141,0.150168602035,0.00284706189444,0.450670140532,0.621786822681,Bregma −0.04
Bregma −0.04,SEDR,5,11,0.147321540141,0.154378474041,0.00705693390001,0.653426441998,0.73952263923,Bregma −0.04
Bregma −0.04,SEDR,5,14,0.147321540141,0.13453155794,0.0127899822006,0.487799455268,0.620750625098,Bregma −0.04
Bregma −0.04,SEDR,5,16,0.147321540141,0.160019739202,0.0126981990611,0.66277060288,0.67592280346,Bregma −0.04
Bregma −0.04,SEDR,5,17,0.147321540141,0.163824417938,0.0165028777974,0.675212375955,0.679588063868,Bregma −0.04
Bregma −0.04,SEDR,5,20,0.147321540141,0.145722648233,0.00159889190801,0.689891591249,0.722974126914,Bregma −0.04
Bregma −0.04,SEDR,6,8,0.142559165762,0.162501950546,0.0199427847841,0.470256794932,0.651308083647,Bregma −0.04
Bregma −0.04,SEDR,6,9,0.142559165762,0.150168602035,0.0076094362731,0.494261187063,0.670241742121,Bregma −0.04
Bregma −0.04,SEDR,6,11,0.142559165762,0.154378474041,0.0118193082787,0.530143034062,0.689393864634,Bregma −0.04
Bregma −0.04,SEDR,6,14,0.142559165762,0.13453155794,0.00802760782194,0.486469228886,0.684870942589,Bregma −0.04
Bregma −0.04,SEDR,6,16,0.142559165762,0.160019739202,0.0174605734397,0.502675746498,0.665268360457,Bregma −0.04
Bregma −0.04,SEDR,6,20,0.142559165762,0.145722648233,0.00316348247065,0.526100089193,0.687526445487,Bregma −0.04
Bregma −0.04,SEDR,7,8,0.176536918907,0.162501950546,0.0140349683607,0.606458227946,0.704639451574,Bregma −0.04
Bregma −0.04,SEDR,7,10,0.176536918907,0.169209807865,0.00732711104254,0.404409351555,0.608729392693,Bregma −0.04
Bregma −0.04,SEDR,7,12,0.176536918907,0.168488576319,0.00804834258798,0.607042086185,0.669002004242,Bregma −0.04
Bregma −0.04,SEDR,7,13,0.176536918907,0.184118875969,0.00758195706169,0.685267422578,0.733827582672,Bregma −0.04
Bregma −0.04,SEDR,7,15,0.176536918907,0.188378380336,0.0118414614287,0.620513272495,0.703553496505,Bregma −0.04
Bregma −0.04,SEDR,7,16,0.176536918907,0.160019739202,0.0165171797051,0.477190329555,0.632662697818,Bregma −0.04
Bregma −0.04,SEDR,7,17,0.176536918907,0.163824417938,0.0127125009688,0.488494702153,0.659786258272,Bregma −0.04
Bregma −0.04,SEDR,7,18,0.176536918907,0.168750194125,0.00778672478192,0.653326471284,0.709511551629,Bregma −0.04
Bregma −0.04,SEDR,7,19,0.176536918907,0.167520769978,0.00901614892906,0.527945158171,0.674577311753,Bregma −0.04
Bregma −0.04,SEDR,8,9,0.162501950546,0.150168602035,0.012333348511,0.462722126441,0.629758863056,Bregma −0.04
Bregma −0.04,SEDR,8,10,0.162501950546,0.169209807865,0.00670785731818,0.434324098672,0.651069811097,Bregma −0.04
Bregma −0.04,SEDR,8,11,0.162501950546,0.154378474041,0.00812347650546,0.505515273257,0.675524604898,Bregma −0.04
Bregma −0.04,SEDR,8,12,0.162501950546,0.168488576319,0.00598662577274,0.568503406956,0.692105880778,Bregma −0.04
Bregma −0.04,SEDR,8,16,0.162501950546,0.160019739202,0.00248221134439,0.546655276798,0.674893440585,Bregma −0.04
Bregma −0.04,SEDR,8,17,0.162501950546,0.163824417938,0.00132246739196,0.555250277842,0.694080002919,Bregma −0.04
Bregma −0.04,SEDR,8,18,0.162501950546,0.168750194125,0.00624824357881,0.694680200709,0.750340461176,Bregma −0.04
Bregma −0.04,SEDR,8,19,0.162501950546,0.167520769978,0.00501881943166,0.547107013389,0.730069826896,Bregma −0.04
Bregma −0.04,SEDR,8,20,0.162501950546,0.145722648233,0.0167793023135,0.539069657836,0.656278557619,Bregma −0.04
Bregma −0.04,SEDR,9,10,0.150168602035,0.169209807865,0.0190412058292,0.501251230715,0.684191030719,Bregma −0.04
Bregma −0.04,SEDR,9,11,0.150168602035,0.154378474041,0.00420987200556,0.577246796302,0.68351762776,Bregma −0.04
Bregma −0.04,SEDR,9,12,0.150168602035,0.168488576319,0.0183199742838,0.414670739609,0.600512471857,Bregma −0.04
Bregma −0.04,SEDR,9,14,0.150168602035,0.13453155794,0.015637044095,0.597889808449,0.695422539048,Bregma −0.04
Bregma −0.04,SEDR,9,16,0.150168602035,0.160019739202,0.00985113716664,0.466418114338,0.617613687786,Bregma −0.04
Bregma −0.04,SEDR,9,17,0.150168602035,0.163824417938,0.013655815903,0.475928456822,0.622218709131,Bregma −0.04
Bregma −0.04,SEDR,9,18,0.150168602035,0.168750194125,0.0185815920898,0.409525285197,0.609405919218,Bregma −0.04
Bregma −0.04,SEDR,9,19,0.150168602035,0.167520769978,0.0173521679427,0.479875828006,0.621246521314,Bregma −0.04
Bregma −0.04,SEDR,9,20,0.150168602035,0.145722648233,0.00444595380245,0.491418387383,0.638925258532,Bregma −0.04
Bregma −0.04,SEDR,10,11,0.169209807865,0.154378474041,0.0148313338236,0.52178352787,0.647597027949,Bregma −0.04
Bregma −0.04,SEDR,10,12,0.169209807865,0.168488576319,0.000721231545436,0.412077369603,0.612313213793,Bregma −0.04
Bregma −0.04,SEDR,10,13,0.169209807865,0.184118875969,0.0149090681042,0.429610520827,0.648593929825,Bregma −0.04
Bregma −0.04,SEDR,10,15,0.169209807865,0.188378380336,0.0191685724712,0.517926638156,0.677581914947,Bregma −0.04
Bregma −0.04,SEDR,10,16,0.169209807865,0.160019739202,0.00919006866257,0.592712462011,0.676832232664,Bregma −0.04
Bregma −0.04,SEDR,10,17,0.169209807865,0.163824417938,0.00538538992622,0.609066506787,0.698565488452,Bregma −0.04
Bregma −0.04,SEDR,10,18,0.169209807865,0.168750194125,0.000459613739374,0.413607434691,0.637440218842,Bregma −0.04
Bregma −0.04,SEDR,10,19,0.169209807865,0.167520769978,0.00168903788652,0.549550154258,0.673971029478,Bregma −0.04
Bregma −0.04,SEDR,11,12,0.154378474041,0.168488576319,0.0141101022782,0.498135283928,0.654444312495,Bregma −0.04
Bregma −0.04,SEDR,11,14,0.154378474041,0.13453155794,0.0198469161006,0.471934912112,0.63842194184,Bregma −0.04
Bregma −0.04,SEDR,11,16,0.154378474041,0.160019739202,0.00564126516108,0.635828999578,0.69250289084,Bregma −0.04
Bregma −0.04,SEDR,11,17,0.154378474041,0.163824417938,0.00944594389742,0.645218678397,0.68843122835,Bregma −0.04
Bregma −0.04,SEDR,11,18,0.154378474041,0.168750194125,0.0143717200843,0.452855373007,0.624257476079,Bregma −0.04
Bregma −0.04,SEDR,11,19,0.154378474041,0.167520769978,0.0131422959371,0.629735618815,0.67696760903,Bregma −0.04
Bregma −0.04,SEDR,11,20,0.154378474041,0.145722648233,0.00865582580801,0.657773964511,0.728444283477,Bregma −0.04
Bregma −0.04,SEDR,12,13,0.168488576319,0.184118875969,0.0156302996497,0.679566077469,0.738273061283,Bregma −0.04
Bregma −0.04,SEDR,12,15,0.168488576319,0.188378380336,0.0198898040166,0.567614110845,0.687450249978,Bregma −0.04
Bregma −0.04,SEDR,12,16,0.168488576319,0.160019739202,0.00846883711713,0.601090061603,0.724613893458,Bregma −0.04
Bregma −0.04,SEDR,12,17,0.168488576319,0.163824417938,0.00466415838079,0.604661180365,0.72763390539,Bregma −0.04
Bregma −0.04,SEDR,12,18,0.168488576319,0.168750194125,0.000261617806062,0.674331590251,0.740628426089,Bregma −0.04
Bregma −0.04,SEDR,12,19,0.168488576319,0.167520769978,0.000967806341084,0.554157285685,0.684744602038,Bregma −0.04
Bregma −0.04,SEDR,13,15,0.184118875969,0.188378380336,0.00425950436697,0.695436141791,0.767425100422,Bregma −0.04
Bregma −0.04,SEDR,13,18,0.184118875969,0.168750194125,0.0153686818436,0.793810847878,0.810006770639,Bregma −0.04
Bregma −0.04,SEDR,13,19,0.184118875969,0.167520769978,0.0165981059908,0.601649188246,0.762327409821,Bregma −0.04
Bregma −0.04,SEDR,14,20,0.13453155794,0.145722648233,0.0111910902926,0.544630589674,0.658270614923,Bregma −0.04
Bregma −0.04,SEDR,15,18,0.188378380336,0.168750194125,0.0196281862106,0.685038051514,0.758649676425,Bregma −0.04
Bregma −0.04,SEDR,16,17,0.160019739202,0.163824417938,0.00380467873634,0.829285378321,0.807519641243,Bregma −0.04
Bregma −0.04,SEDR,16,18,0.160019739202,0.168750194125,0.00873045492319,0.553028548591,0.716799764846,Bregma −0.04
Bregma −0.04,SEDR,16,19,0.160019739202,0.167520769978,0.00750103077605,0.642341543072,0.71310766886,Bregma −0.04
Bregma −0.04,SEDR,16,20,0.160019739202,0.145722648233,0.0142970909691,0.822724453261,0.785158007004,Bregma −0.04
Bregma −0.04,SEDR,17,18,0.163824417938,0.168750194125,0.00492577618685,0.533183066795,0.705255333086,Bregma −0.04
Bregma −0.04,SEDR,17,19,0.163824417938,0.167520769978,0.0036963520397,0.661043588464,0.736976367028,Bregma −0.04
Bregma −0.04,SEDR,17,20,0.163824417938,0.145722648233,0.0181017697054,0.807367174984,0.770203946958,Bregma −0.04
Bregma −0.04,SEDR,18,19,0.168750194125,0.167520769978,0.00122942414715,0.567420420007,0.735054542989,Bregma −0.04
Bregma −0.09,GraphST,1,3,0.2841382492,0.2710451076,0.01309314152,0.5450718274,0.6031246815,Bregma −0.09
Bregma −0.09,GraphST,1,4,0.2841382492,0.2731641737,0.01097407541,0.5820238288,0.6247917651,Bregma −0.09
Bregma −0.09,GraphST,1,20,0.2841382492,0.2998350559,0.01569680671,0.6018030954,0.6324671416,Bregma −0.09
Bregma −0.09,GraphST,2,6,0.4278380458,0.4211968101,0.006641235618,0.5406020583,0.6091288253,Bregma −0.09
Bregma −0.09,GraphST,3,4,0.2710451076,0.2731641737,0.002119066105,0.594440139,0.6287015448,Bregma −0.09
Bregma −0.09,GraphST,5,8,0.3739282394,0.3828244179,0.008896178552,0.5782153378,0.6272499652,Bregma −0.09
Bregma −0.09,GraphST,5,11,0.3739282394,0.3564163736,0.01751186582,0.5616169516,0.612510157,Bregma −0.09
Bregma −0.09,GraphST,5,14,0.3739282394,0.3656303367,0.008297902694,0.5230715336,0.5911558914,Bregma −0.09
Bregma −0.09,GraphST,5,18,0.3739282394,0.3665950787,0.00733316066,0.4929297793,0.5730220501,Bregma −0.09
Bregma −0.09,GraphST,5,19,0.3739282394,0.3638413848,0.01008685458,0.596155822,0.6305583689,Bregma −0.09
Bregma −0.09,GraphST,6,9,0.4211968101,0.4059136039,0.01528320624,0.500294306,0.5917347329,Bregma −0.09
Bregma −0.09,GraphST,7,11,0.3446496834,0.3564163736,0.01176669019,0.4202220388,0.5345671744,Bregma −0.09
Bregma −0.09,GraphST,7,12,0.3446496834,0.3457984712,0.001148787799,0.4188435281,0.5434637003,Bregma −0.09
Bregma −0.09,GraphST,7,13,0.3446496834,0.3492826351,0.004632951743,0.4616871734,0.5742771868,Bregma −0.09
Bregma −0.09,GraphST,7,15,0.3446496834,0.3321299451,0.01251973832,0.6092209483,0.6169860276,Bregma −0.09
Bregma −0.09,GraphST,7,16,0.3446496834,0.3273483657,0.01730131763,0.4150786049,0.5326607787,Bregma −0.09
Bregma −0.09,GraphST,7,17,0.3446496834,0.3485243875,0.00387470408,0.4332021268,0.5659557172,Bregma −0.09
Bregma −0.09,GraphST,7,19,0.3446496834,0.3638413848,0.01919170143,0.4484702544,0.5644126643,Bregma −0.09
Bregma −0.09,GraphST,8,10,0.3828244179,0.4004502878,0.01762586984,0.542582385,0.6094424359,Bregma −0.09
Bregma −0.09,GraphST,8,14,0.3828244179,0.3656303367,0.01719408125,0.5974640892,0.632616733,Bregma −0.09
Bregma −0.09,GraphST,8,18,0.3828244179,0.3665950787,0.01622933921,0.5541807294,0.6227523935,Bregma −0.09
Bregma −0.09,GraphST,8,19,0.3828244179,0.3638413848,0.01898303313,0.6022832219,0.6437467505,Bregma −0.09
Bregma −0.09,GraphST,9,10,0.4059136039,0.4004502878,0.005463316116,0.4546628853,0.5631576844,Bregma −0.09
Bregma −0.09,GraphST,11,12,0.3564163736,0.3457984712,0.01061790239,0.5986626518,0.6520764936,Bregma −0.09
Bregma −0.09,GraphST,11,13,0.3564163736,0.3492826351,0.007133738449,0.502112465,0.5676143563,Bregma −0.09
Bregma −0.09,GraphST,11,14,0.3564163736,0.3656303367,0.009213963127,0.4742025293,0.5544334154,Bregma −0.09
Bregma −0.09,GraphST,11,17,0.3564163736,0.3485243875,0.007891986112,0.4774138148,0.5653798462,Bregma −0.09
Bregma −0.09,GraphST,11,18,0.3564163736,0.3665950787,0.01017870516,0.564202586,0.6233675741,Bregma −0.09
Bregma −0.09,GraphST,11,19,0.3564163736,0.3638413848,0.007425011238,0.5542233086,0.6092141189,Bregma −0.09
Bregma −0.09,GraphST,12,13,0.3457984712,0.3492826351,0.003484163944,0.5189004601,0.5738971524,Bregma −0.09
Bregma −0.09,GraphST,12,14,0.3457984712,0.3656303367,0.01983186552,0.5059156603,0.5716754878,Bregma −0.09
Bregma −0.09,GraphST,12,15,0.3457984712,0.3321299451,0.01366852612,0.4189954753,0.5444020356,Bregma −0.09
Bregma −0.09,GraphST,12,16,0.3457984712,0.3273483657,0.01845010543,0.5276541726,0.6100108527,Bregma −0.09
Bregma −0.09,GraphST,12,17,0.3457984712,0.3485243875,0.002725916281,0.5180854868,0.5899207729,Bregma −0.09
Bregma −0.09,GraphST,12,19,0.3457984712,0.3638413848,0.01804291363,0.5848904774,0.627025439,Bregma −0.09
Bregma −0.09,GraphST,13,14,0.3492826351,0.3656303367,0.01634770158,0.5623302123,0.6003981048,Bregma −0.09
Bregma −0.09,GraphST,13,15,0.3492826351,0.3321299451,0.01715269006,0.449333479,0.5753505226,Bregma −0.09
Bregma −0.09,GraphST,13,17,0.3492826351,0.3485243875,0.0007582476632,0.542202649,0.6032904539,Bregma −0.09
Bregma −0.09,GraphST,13,18,0.3492826351,0.3665950787,0.01731244361,0.5389625983,0.5927785054,Bregma −0.09
Bregma −0.09,GraphST,13,19,0.3492826351,0.3638413848,0.01455874969,0.5769963142,0.6153980755,Bregma −0.09
Bregma −0.09,GraphST,14,17,0.3656303367,0.3485243875,0.01710594924,0.4978245007,0.5652515839,Bregma −0.09
Bregma −0.09,GraphST,14,18,0.3656303367,0.3665950787,0.0009647420342,0.4971529003,0.5695942198,Bregma −0.09
Bregma −0.09,GraphST,14,19,0.3656303367,0.3638413848,0.001788951888,0.5661960007,0.6110792188,Bregma −0.09
Bregma −0.09,GraphST,15,16,0.3321299451,0.3273483657,0.004781579306,0.3930519211,0.5126366619,Bregma −0.09
Bregma −0.09,GraphST,15,17,0.3321299451,0.3485243875,0.0163944424,0.4111493398,0.5573229303,Bregma −0.09
Bregma −0.09,GraphST,17,18,0.3485243875,0.3665950787,0.01807069127,0.4572749719,0.5502911877,Bregma −0.09
Bregma −0.09,GraphST,17,19,0.3485243875,0.3638413848,0.01531699735,0.5459673165,0.6024871417,Bregma −0.09
Bregma −0.09,GraphST,18,19,0.3665950787,0.3638413848,0.002753693923,0.5219257479,0.5928857499,Bregma −0.09
Bregma −0.09,STAGATE,1,3,0.4096957272,0.4019458998,0.00774982734,0.5976446991,0.6852464164,Bregma −0.09
Bregma −0.09,STAGATE,1,5,0.4096957272,0.4097578893,6.216213273e-05,0.5437797133,0.624586219,Bregma −0.09
Bregma −0.09,STAGATE,1,6,0.4096957272,0.405353008,0.004342719146,0.6361707124,0.7137490021,Bregma −0.09
Bregma −0.09,STAGATE,1,7,0.4096957272,0.4266377468,0.01694201964,0.6841427636,0.7291811155,Bregma −0.09
Bregma −0.09,STAGATE,1,9,0.4096957272,0.4143067176,0.004610990428,0.7373491801,0.7737907885,Bregma −0.09
Bregma −0.09,STAGATE,1,10,0.4096957272,0.4113417813,0.001646054181,0.6041856369,0.6823675411,Bregma −0.09
Bregma −0.09,STAGATE,1,11,0.4096957272,0.4110741101,0.001378382979,0.6260208681,0.7091741882,Bregma −0.09
Bregma −0.09,STAGATE,1,12,0.4096957272,0.4268454279,0.01714970071,0.609924596,0.698172426,Bregma −0.09
Bregma −0.09,STAGATE,1,14,0.4096957272,0.4168730787,0.007177351502,0.5041757474,0.6141501691,Bregma −0.09
Bregma −0.09,STAGATE,1,16,0.4096957272,0.3998523851,0.009843342032,0.5322963209,0.6408637614,Bregma −0.09
Bregma −0.09,STAGATE,1,19,0.4096957272,0.3985918534,0.01110387373,0.6649477904,0.7399038811,Bregma −0.09
Bregma −0.09,STAGATE,2,7,0.4407730236,0.4266377468,0.01413527679,0.6073317526,0.6847496218,Bregma −0.09
Bregma −0.09,STAGATE,2,12,0.4407730236,0.4268454279,0.01392759572,0.7155459323,0.7441543332,Bregma −0.09
Bregma −0.09,STAGATE,2,17,0.4407730236,0.4367878397,0.003985183842,0.6873056746,0.7164559738,Bregma −0.09
Bregma −0.09,STAGATE,2,20,0.4407730236,0.4555029538,0.01472993024,0.6418933319,0.7013294524,Bregma −0.09
Bregma −0.09,STAGATE,3,5,0.4019458998,0.4097578893,0.007811989473,0.5231409102,0.6381814684,Bregma −0.09
Bregma −0.09,STAGATE,3,6,0.4019458998,0.405353008,0.003407108194,0.7483901122,0.7897606576,Bregma −0.09
Bregma −0.09,STAGATE,3,9,0.4019458998,0.4143067176,0.01236081777,0.5445221638,0.6492157545,Bregma −0.09
Bregma −0.09,STAGATE,3,10,0.4019458998,0.4113417813,0.009395881521,0.6884645973,0.7341660534,Bregma −0.09
Bregma −0.09,STAGATE,3,11,0.4019458998,0.4110741101,0.009128210319,0.7601184306,0.7882282655,Bregma −0.09
Bregma −0.09,STAGATE,3,14,0.4019458998,0.4168730787,0.01492717884,0.5653611497,0.6728471289,Bregma −0.09
Bregma −0.09,STAGATE,3,16,0.4019458998,0.3998523851,0.002093514692,0.6600069209,0.7266419344,Bregma −0.09
Bregma −0.09,STAGATE,3,19,0.4019458998,0.3985918534,0.003354046394,0.7763870392,0.7955478876,Bregma −0.09
Bregma −0.09,STAGATE,5,6,0.4097578893,0.405353008,0.004404881279,0.545625999,0.6640373255,Bregma −0.09
Bregma −0.09,STAGATE,5,7,0.4097578893,0.4266377468,0.01687985751,0.4783534842,0.5947540033,Bregma −0.09
Bregma −0.09,STAGATE,5,9,0.4097578893,0.4143067176,0.004548828295,0.6209383217,0.680618215,Bregma −0.09
Bregma −0.09,STAGATE,5,10,0.4097578893,0.4113417813,0.001583892048,0.5428156637,0.6454381947,Bregma −0.09
Bregma −0.09,STAGATE,5,11,0.4097578893,0.4110741101,0.001316220846,0.5355098333,0.6545885747,Bregma −0.09
Bregma −0.09,STAGATE,5,12,0.4097578893,0.4268454279,0.01708753857,0.5167257839,0.644455362,Bregma −0.09
Bregma −0.09,STAGATE,5,14,0.4097578893,0.4168730787,0.007115189369,0.5370760654,0.6686686233,Bregma −0.09
Bregma −0.09,STAGATE,5,16,0.4097578893,0.3998523851,0.009905504165,0.5912534836,0.7002904396,Bregma −0.09
Bregma −0.09,STAGATE,5,19,0.4097578893,0.3985918534,0.01116603587,0.4708421998,0.5934228462,Bregma −0.09
Bregma −0.09,STAGATE,6,9,0.405353008,0.4143067176,0.008953709574,0.5843182163,0.6724236917,Bregma −0.09
Bregma −0.09,STAGATE,6,10,0.405353008,0.4113417813,0.005988773327,0.7507851307,0.7570558978,Bregma −0.09
Bregma −0.09,STAGATE,6,11,0.405353008,0.4110741101,0.005721102125,0.8350996544,0.8353528978,Bregma −0.09
Bregma −0.09,STAGATE,6,14,0.405353008,0.4168730787,0.01152007065,0.5429620881,0.671288852,Bregma −0.09
Bregma −0.09,STAGATE,6,16,0.405353008,0.3998523851,0.005500622886,0.7227221468,0.7536448636,Bregma −0.09
Bregma −0.09,STAGATE,6,19,0.405353008,0.3985918534,0.006761154587,0.6931656021,0.7505007433,Bregma −0.09
Bregma −0.09,STAGATE,7,9,0.4266377468,0.4143067176,0.01233102921,0.5893353256,0.6695321659,Bregma −0.09
Bregma −0.09,STAGATE,7,10,0.4266377468,0.4113417813,0.01529596546,0.6234744908,0.7001148864,Bregma −0.09
Bregma −0.09,STAGATE,7,11,0.4266377468,0.4110741101,0.01556363666,0.6275979018,0.7034972843,Bregma −0.09
Bregma −0.09,STAGATE,7,12,0.4266377468,0.4268454279,0.0002076810651,0.6516357523,0.7251239068,Bregma −0.09
Bregma −0.09,STAGATE,7,14,0.4266377468,0.4168730787,0.009764668139,0.5298302585,0.632555303,Bregma −0.09
Bregma −0.09,STAGATE,7,17,0.4266377468,0.4367878397,0.01015009295,0.6007358278,0.6776566096,Bregma −0.09
Bregma −0.09,STAGATE,9,10,0.4143067176,0.4113417813,0.002964936246,0.5680002417,0.6477138823,Bregma −0.09
Bregma −0.09,STAGATE,9,11,0.4143067176,0.4110741101,0.003232607448,0.5906786433,0.677920087,Bregma −0.09
Bregma −0.09,STAGATE,9,12,0.4143067176,0.4268454279,0.01253871028,0.5723079407,0.6643199284,Bregma −0.09
Bregma −0.09,STAGATE,9,14,0.4143067176,0.4168730787,0.002566361075,0.5139363712,0.627158267,Bregma −0.09
Bregma −0.09,STAGATE,9,16,0.4143067176,0.3998523851,0.01445433246,0.5545313615,0.6499098552,Bregma −0.09
Bregma −0.09,STAGATE,9,19,0.4143067176,0.3985918534,0.01571486416,0.5956931801,0.6964878612,Bregma −0.09
Bregma −0.09,STAGATE,10,11,0.4113417813,0.4110741101,0.000267671202,0.7113057324,0.7259725247,Bregma −0.09
Bregma −0.09,STAGATE,10,12,0.4113417813,0.4268454279,0.01550364653,0.7479275009,0.756230903,Bregma −0.09
Bregma −0.09,STAGATE,10,14,0.4113417813,0.4168730787,0.005531297321,0.5968405646,0.7428175455,Bregma −0.09
Bregma −0.09,STAGATE,10,16,0.4113417813,0.3998523851,0.01148939621,0.7367069709,0.7602929403,Bregma −0.09
Bregma −0.09,STAGATE,10,19,0.4113417813,0.3985918534,0.01274992791,0.6475924342,0.7005950904,Bregma −0.09
Bregma −0.09,STAGATE,11,12,0.4110741101,0.4268454279,0.01577131773,0.822634057,0.8288263191,Bregma −0.09
Bregma −0.09,STAGATE,11,14,0.4110741101,0.4168730787,0.005798968523,0.5373968431,0.6565404293,Bregma −0.09
Bregma −0.09,STAGATE,11,16,0.4110741101,0.3998523851,0.01122172501,0.6726233698,0.7166098543,Bregma −0.09
Bregma −0.09,STAGATE,11,19,0.4110741101,0.3985918534,0.01248225671,0.6903972747,0.7428113442,Bregma −0.09
Bregma −0.09,STAGATE,12,14,0.4268454279,0.4168730787,0.009972349205,0.5601138993,0.6627424369,Bregma −0.09
Bregma −0.09,STAGATE,12,17,0.4268454279,0.4367878397,0.009942411882,0.7495978441,0.7709197082,Bregma −0.09
Bregma −0.09,STAGATE,14,16,0.4168730787,0.3998523851,0.01702069353,0.5176683702,0.6821009294,Bregma −0.09
Bregma −0.09,STAGATE,14,17,0.4168730787,0.4367878397,0.01991476109,0.576244453,0.7104066843,Bregma −0.09
Bregma −0.09,STAGATE,14,19,0.4168730787,0.3985918534,0.01828122524,0.5168292449,0.6355761842,Bregma −0.09
Bregma −0.09,STAGATE,15,18,0.5292855404,0.5348259865,0.005540446066,0.6631259151,0.6990917904,Bregma −0.09
Bregma −0.09,STAGATE,16,19,0.3998523851,0.3985918534,0.001260531701,0.6047285818,0.6804773519,Bregma −0.09
Bregma −0.09,STAGATE,17,20,0.4367878397,0.4555029538,0.01871511408,0.6407360673,0.6922714439,Bregma −0.09
Bregma −0.09,SpaGCN,1,4,0.2229488298,0.2069551207,0.01599370917,0.3638162412,0.4861337509,Bregma −0.09
Bregma −0.09,SpaGCN,1,5,0.2229488298,0.2068062505,0.01614257932,0.4529715532,0.5465257242,Bregma −0.09
Bregma −0.09,SpaGCN,1,16,0.2229488298,0.2051890326,0.01775979728,0.5479989184,0.6099445561,Bregma −0.09
Bregma −0.09,SpaGCN,1,20,0.2229488298,0.241396074,0.01844724412,0.4503694692,0.5414456711,Bregma −0.09
Bregma −0.09,SpaGCN,2,6,0.1715252484,0.1699461276,0.001579120714,0.4180914637,0.507474813,Bregma −0.09
Bregma −0.09,SpaGCN,2,10,0.1715252484,0.1839056235,0.01238037509,0.3674150786,0.4754080047,Bregma −0.09
Bregma −0.09,SpaGCN,2,17,0.1715252484,0.1908868208,0.01936157246,0.3069503956,0.4333004882,Bregma −0.09
Bregma −0.09,SpaGCN,3,8,0.133978205,0.1451549188,0.01117671384,0.2983192503,0.4379327096,Bregma −0.09
Bregma −0.09,SpaGCN,4,5,0.2069551207,0.2068062505,0.0001488701562,0.3639819187,0.4981059687,Bregma −0.09
Bregma −0.09,SpaGCN,4,16,0.2069551207,0.2051890326,0.001766088112,0.361801229,0.4895121545,Bregma −0.09
Bregma −0.09,SpaGCN,4,17,0.2069551207,0.1908868208,0.01606829985,0.3570436588,0.470845374,Bregma −0.09
Bregma −0.09,SpaGCN,5,16,0.2068062505,0.2051890326,0.001617217955,0.4397928754,0.5444771078,Bregma −0.09
Bregma −0.09,SpaGCN,5,17,0.2068062505,0.1908868208,0.0159194297,0.3552458207,0.4646209923,Bregma −0.09
Bregma −0.09,SpaGCN,6,10,0.1699461276,0.1839056235,0.01395949581,0.4604822441,0.5426062998,Bregma −0.09
Bregma −0.09,SpaGCN,7,9,0.2804740788,0.2847823469,0.004308268116,0.4306423079,0.5453032638,Bregma −0.09
Bregma −0.09,SpaGCN,7,11,0.2804740788,0.2838137019,0.003339623101,0.5339648319,0.5961268085,Bregma −0.09
Bregma −0.09,SpaGCN,7,12,0.2804740788,0.2662815521,0.01419252676,0.6657292477,0.6935111184,Bregma −0.09
Bregma −0.09,SpaGCN,7,13,0.2804740788,0.2660793422,0.01439473658,0.4583482174,0.5349094606,Bregma −0.09
Bregma −0.09,SpaGCN,7,14,0.2804740788,0.2877281957,0.007254116875,0.5210173029,0.6020496763,Bregma −0.09
Bregma −0.09,SpaGCN,9,11,0.2847823469,0.2838137019,0.000968645015,0.5737747774,0.6098068567,Bregma −0.09
Bregma −0.09,SpaGCN,9,12,0.2847823469,0.2662815521,0.01850079487,0.4298190998,0.554944816,Bregma −0.09
Bregma −0.09,SpaGCN,9,13,0.2847823469,0.2660793422,0.0187030047,0.543553374,0.6225637429,Bregma −0.09
Bregma −0.09,SpaGCN,9,14,0.2847823469,0.2877281957,0.002945848759,0.6257144546,0.6510148793,Bregma −0.09
Bregma −0.09,SpaGCN,10,17,0.1839056235,0.1908868208,0.006981197371,0.3152799649,0.4363374519,Bregma −0.09
Bregma −0.09,SpaGCN,11,12,0.2838137019,0.2662815521,0.01753214986,0.518667563,0.5950483304,Bregma −0.09
Bregma −0.09,SpaGCN,11,13,0.2838137019,0.2660793422,0.01773435969,0.5191973759,0.573724871,Bregma −0.09
Bregma −0.09,SpaGCN,11,14,0.2838137019,0.2877281957,0.003914493774,0.6526802196,0.6640726191,Bregma −0.09
Bregma −0.09,SpaGCN,12,13,0.2662815521,0.2660793422,0.0002022098284,0.4687735189,0.55073818,Bregma −0.09
Bregma −0.09,SpaGCN,12,15,0.2662815521,0.2574201888,0.00886136323,0.4581801613,0.5520780838,Bregma −0.09
Bregma −0.09,SpaGCN,12,18,0.2662815521,0.2537742983,0.01250725379,0.4341550684,0.5620212268,Bregma −0.09
Bregma −0.09,SpaGCN,13,15,0.2660793422,0.2574201888,0.008659153402,0.4844758302,0.5586921707,Bregma −0.09
Bregma −0.09,SpaGCN,13,18,0.2660793422,0.2537742983,0.01230504396,0.4237501781,0.5282213903,Bregma −0.09
Bregma −0.09,SpaGCN,15,18,0.2574201888,0.2537742983,0.003645890562,0.4581404894,0.5455210454,Bregma −0.09
Bregma −0.09,SpaGCN,15,20,0.2574201888,0.241396074,0.01602411487,0.4638157878,0.5334094624,Bregma −0.09
Bregma −0.09,SpaGCN,16,17,0.2051890326,0.1908868208,0.01430221174,0.3291778972,0.4563304666,Bregma −0.09
Bregma −0.09,SpaGCN,18,20,0.2537742983,0.241396074,0.01237822431,0.5297353305,0.5920244819,Bregma −0.09
Bregma −0.09,BANKSY,1,4,0.2804328583,0.2803969696,3.588873052e-05,0.9994271503,0.9992599248,Bregma −0.09
Bregma −0.09,BANKSY,1,10,0.2804328583,0.2809777002,0.0005448419082,0.9988547888,0.9986472935,Bregma −0.09
Bregma −0.09,BANKSY,1,12,0.2804328583,0.2809777002,0.0005448419082,0.9988547888,0.9986472935,Bregma −0.09
Bregma −0.09,BANKSY,2,3,0.2313515352,0.2306868096,0.0006647256522,0.9313187871,0.9080755742,Bregma −0.09
Bregma −0.09,BANKSY,2,5,0.2313515352,0.2305230571,0.0008284781403,0.9212117566,0.903919901,Bregma −0.09
Bregma −0.09,BANKSY,2,6,0.2313515352,0.2306868096,0.0006647256522,0.9313187871,0.9080755742,Bregma −0.09
Bregma −0.09,BANKSY,2,7,0.2313515352,0.2306868096,0.0006647256522,0.9313187871,0.9080755742,Bregma −0.09
Bregma −0.09,BANKSY,2,8,0.2313515352,0.2306607075,0.0006908277194,0.9189754813,0.9046485818,Bregma −0.09
Bregma −0.09,BANKSY,2,9,0.2313515352,0.2306868096,0.0006647256522,0.9313187871,0.9080755742,Bregma −0.09
Bregma −0.09,BANKSY,2,11,0.2313515352,0.2306868096,0.0006647256522,0.9313187871,0.9080755742,Bregma −0.09
Bregma −0.09,BANKSY,2,13,0.2313515352,0.2305230571,0.0008284781403,0.9212117566,0.903919901,Bregma −0.09
Bregma −0.09,BANKSY,2,14,0.2313515352,0.2306868096,0.0006647256522,0.9313187871,0.9080755742,Bregma −0.09
Bregma −0.09,BANKSY,2,15,0.2313515352,0.2324675257,0.001115990419,0.9177069157,0.9023379971,Bregma −0.09
Bregma −0.09,BANKSY,2,16,0.2313515352,0.2306868096,0.0006647256522,0.9313187871,0.9080755742,Bregma −0.09
Bregma −0.09,BANKSY,2,17,0.2313515352,0.2306868096,0.0006647256522,0.9313187871,0.9080755742,Bregma −0.09
Bregma −0.09,BANKSY,2,18,0.2313515352,0.2309604122,0.0003911230697,0.9308159434,0.9075614888,Bregma −0.09
Bregma −0.09,BANKSY,2,19,0.2313515352,0.2306868096,0.0006647256522,0.9313187871,0.9080755742,Bregma −0.09
Bregma −0.09,BANKSY,2,20,0.2313515352,0.2306868096,0.0006647256522,0.9313187871,0.9080755742,Bregma −0.09
Bregma −0.09,BANKSY,3,5,0.2306868096,0.2305230571,0.0001637524881,0.9506352953,0.9431597665,Bregma −0.09
Bregma −0.09,BANKSY,3,6,0.2306868096,0.2306868096,0,1,1,Bregma −0.09
Bregma −0.09,BANKSY,3,7,0.2306868096,0.2306868096,0,1,1,Bregma −0.09
Bregma −0.09,BANKSY,3,8,0.2306868096,0.2306607075,2.610206721e-05,0.943341396,0.9373094256,Bregma −0.09
Bregma −0.09,BANKSY,3,9,0.2306868096,0.2306868096,0,1,1,Bregma −0.09
Bregma −0.09,BANKSY,3,11,0.2306868096,0.2306868096,0,1,1,Bregma −0.09
Bregma −0.09,BANKSY,3,13,0.2306868096,0.2305230571,0.0001637524881,0.9506352953,0.9431597665,Bregma −0.09
Bregma −0.09,BANKSY,3,14,0.2306868096,0.2306868096,0,1,1,Bregma −0.09
Bregma −0.09,BANKSY,3,15,0.2306868096,0.2324675257,0.001780716071,0.9502358174,0.9437872852,Bregma −0.09
Bregma −0.09,BANKSY,3,16,0.2306868096,0.2306868096,0,1,1,Bregma −0.09
Bregma −0.09,BANKSY,3,17,0.2306868096,0.2306868096,0,1,1,Bregma −0.09
Bregma −0.09,BANKSY,3,18,0.2306868096,0.2309604122,0.0002736025825,0.999487203,0.9991664237,Bregma −0.09
Bregma −0.09,BANKSY,3,19,0.2306868096,0.2306868096,0,1,1,Bregma −0.09
Bregma −0.09,BANKSY,3,20,0.2306868096,0.2306868096,0,1,1,Bregma −0.09
Bregma −0.09,BANKSY,4,10,0.2803969696,0.2809777002,0.0005807306387,0.9982829149,0.9979073799,Bregma −0.09
Bregma −0.09,BANKSY,4,12,0.2803969696,0.2809777002,0.0005807306387,0.9982829149,0.9979073799,Bregma −0.09
Bregma −0.09,BANKSY,5,6,0.2305230571,0.2306868096,0.0001637524881,0.9506352953,0.9431597665,Bregma −0.09
Bregma −0.09,BANKSY,5,7,0.2305230571,0.2306868096,0.0001637524881,0.9506352953,0.9431597665,Bregma −0.09
Bregma −0.09,BANKSY,5,8,0.2305230571,0.2306607075,0.0001376504209,0.9891005342,0.9827625284,Bregma −0.09
Bregma −0.09,BANKSY,5,9,0.2305230571,0.2306868096,0.0001637524881,0.9506352953,0.9431597665,Bregma −0.09
Bregma −0.09,BANKSY,5,11,0.2305230571,0.2306868096,0.0001637524881,0.9506352953,0.9431597665,Bregma −0.09
Bregma −0.09,BANKSY,5,13,0.2305230571,0.2305230571,0,1,1,Bregma −0.09
Bregma −0.09,BANKSY,5,14,0.2305230571,0.2306868096,0.0001637524881,0.9506352953,0.9431597665,Bregma −0.09
Bregma −0.09,BANKSY,5,15,0.2305230571,0.2324675257,0.00194446856,0.9814919801,0.9705784362,Bregma −0.09
Bregma −0.09,BANKSY,5,16,0.2305230571,0.2306868096,0.0001637524881,0.9506352953,0.9431597665,Bregma −0.09
Bregma −0.09,BANKSY,5,17,0.2305230571,0.2306868096,0.0001637524881,0.9506352953,0.9431597665,Bregma −0.09
Bregma −0.09,BANKSY,5,18,0.2305230571,0.2309604122,0.0004373550706,0.9501406137,0.9427036706,Bregma −0.09
Bregma −0.09,BANKSY,5,19,0.2305230571,0.2306868096,0.0001637524881,0.9506352953,0.9431597665,Bregma −0.09
Bregma −0.09,BANKSY,5,20,0.2305230571,0.2306868096,0.0001637524881,0.9506352953,0.9431597665,Bregma −0.09
Bregma −0.09,BANKSY,6,7,0.2306868096,0.2306868096,0,1,1,Bregma −0.09
Bregma −0.09,BANKSY,6,8,0.2306868096,0.2306607075,2.610206721e-05,0.943341396,0.9373094256,Bregma −0.09
Bregma −0.09,BANKSY,6,9,0.2306868096,0.2306868096,0,1,1,Bregma −0.09
Bregma −0.09,BANKSY,6,11,0.2306868096,0.2306868096,0,1,1,Bregma −0.09
Bregma −0.09,BANKSY,6,13,0.2306868096,0.2305230571,0.0001637524881,0.9506352953,0.9431597665,Bregma −0.09
Bregma −0.09,BANKSY,6,14,0.2306868096,0.2306868096,0,1,1,Bregma −0.09
Bregma −0.09,BANKSY,6,15,0.2306868096,0.2324675257,0.001780716071,0.9502358174,0.9437872852,Bregma −0.09
Bregma −0.09,BANKSY,6,16,0.2306868096,0.2306868096,0,1,1,Bregma −0.09
Bregma −0.09,BANKSY,6,17,0.2306868096,0.2306868096,0,1,1,Bregma −0.09
Bregma −0.09,BANKSY,6,18,0.2306868096,0.2309604122,0.0002736025825,0.999487203,0.9991664237,Bregma −0.09
Bregma −0.09,BANKSY,6,19,0.2306868096,0.2306868096,0,1,1,Bregma −0.09
Bregma −0.09,BANKSY,6,20,0.2306868096,0.2306868096,0,1,1,Bregma −0.09
Bregma −0.09,BANKSY,7,8,0.2306868096,0.2306607075,2.610206721e-05,0.943341396,0.9373094256,Bregma −0.09
Bregma −0.09,BANKSY,7,9,0.2306868096,0.2306868096,0,1,1,Bregma −0.09
Bregma −0.09,BANKSY,7,11,0.2306868096,0.2306868096,0,1,1,Bregma −0.09
Bregma −0.09,BANKSY,7,13,0.2306868096,0.2305230571,0.0001637524881,0.9506352953,0.9431597665,Bregma −0.09
Bregma −0.09,BANKSY,7,14,0.2306868096,0.2306868096,0,1,1,Bregma −0.09
Bregma −0.09,BANKSY,7,15,0.2306868096,0.2324675257,0.001780716071,0.9502358174,0.9437872852,Bregma −0.09
Bregma −0.09,BANKSY,7,16,0.2306868096,0.2306868096,0,1,1,Bregma −0.09
Bregma −0.09,BANKSY,7,17,0.2306868096,0.2306868096,0,1,1,Bregma −0.09
Bregma −0.09,BANKSY,7,18,0.2306868096,0.2309604122,0.0002736025825,0.999487203,0.9991664237,Bregma −0.09
Bregma −0.09,BANKSY,7,19,0.2306868096,0.2306868096,0,1,1,Bregma −0.09
Bregma −0.09,BANKSY,7,20,0.2306868096,0.2306868096,0,1,1,Bregma −0.09
Bregma −0.09,BANKSY,8,9,0.2306607075,0.2306868096,2.610206721e-05,0.943341396,0.9373094256,Bregma −0.09
Bregma −0.09,BANKSY,8,11,0.2306607075,0.2306868096,2.610206721e-05,0.943341396,0.9373094256,Bregma −0.09
Bregma −0.09,BANKSY,8,13,0.2306607075,0.2305230571,0.0001376504209,0.9891005342,0.9827625284,Bregma −0.09
Bregma −0.09,BANKSY,8,14,0.2306607075,0.2306868096,2.610206721e-05,0.943341396,0.9373094256,Bregma −0.09
Bregma −0.09,BANKSY,8,15,0.2306607075,0.2324675257,0.001806818139,0.9892484852,0.9823339759,Bregma −0.09
Bregma −0.09,BANKSY,8,16,0.2306607075,0.2306868096,2.610206721e-05,0.943341396,0.9373094256,Bregma −0.09
Bregma −0.09,BANKSY,8,17,0.2306607075,0.2306868096,2.610206721e-05,0.943341396,0.9373094256,Bregma −0.09
Bregma −0.09,BANKSY,8,18,0.2306607075,0.2309604122,0.0002997046497,0.9428493548,0.9368629912,Bregma −0.09
Bregma −0.09,BANKSY,8,19,0.2306607075,0.2306868096,2.610206721e-05,0.943341396,0.9373094256,Bregma −0.09
Bregma −0.09,BANKSY,8,20,0.2306607075,0.2306868096,2.610206721e-05,0.943341396,0.9373094256,Bregma −0.09
Bregma −0.09,BANKSY,9,11,0.2306868096,0.2306868096,0,1,1,Bregma −0.09
Bregma −0.09,BANKSY,9,13,0.2306868096,0.2305230571,0.0001637524881,0.9506352953,0.9431597665,Bregma −0.09
Bregma −0.09,BANKSY,9,14,0.2306868096,0.2306868096,0,1,1,Bregma −0.09
Bregma −0.09,BANKSY,9,15,0.2306868096,0.2324675257,0.001780716071,0.9502358174,0.9437872852,Bregma −0.09
Bregma −0.09,BANKSY,9,16,0.2306868096,0.2306868096,0,1,1,Bregma −0.09
Bregma −0.09,BANKSY,9,17,0.2306868096,0.2306868096,0,1,1,Bregma −0.09
Bregma −0.09,BANKSY,9,18,0.2306868096,0.2309604122,0.0002736025825,0.999487203,0.9991664237,Bregma −0.09
Bregma −0.09,BANKSY,9,19,0.2306868096,0.2306868096,0,1,1,Bregma −0.09
Bregma −0.09,BANKSY,9,20,0.2306868096,0.2306868096,0,1,1,Bregma −0.09
Bregma −0.09,BANKSY,10,12,0.2809777002,0.2809777002,0,1,1,Bregma −0.09
Bregma −0.09,BANKSY,11,13,0.2306868096,0.2305230571,0.0001637524881,0.9506352953,0.9431597665,Bregma −0.09
Bregma −0.09,BANKSY,11,14,0.2306868096,0.2306868096,0,1,1,Bregma −0.09
Bregma −0.09,BANKSY,11,15,0.2306868096,0.2324675257,0.001780716071,0.9502358174,0.9437872852,Bregma −0.09
Bregma −0.09,BANKSY,11,16,0.2306868096,0.2306868096,0,1,1,Bregma −0.09
Bregma −0.09,BANKSY,11,17,0.2306868096,0.2306868096,0,1,1,Bregma −0.09
Bregma −0.09,BANKSY,11,18,0.2306868096,0.2309604122,0.0002736025825,0.999487203,0.9991664237,Bregma −0.09
Bregma −0.09,BANKSY,11,19,0.2306868096,0.2306868096,0,1,1,Bregma −0.09
Bregma −0.09,BANKSY,11,20,0.2306868096,0.2306868096,0,1,1,Bregma −0.09
Bregma −0.09,BANKSY,13,14,0.2305230571,0.2306868096,0.0001637524881,0.9506352953,0.9431597665,Bregma −0.09
Bregma −0.09,BANKSY,13,15,0.2305230571,0.2324675257,0.00194446856,0.9814919801,0.9705784362,Bregma −0.09
Bregma −0.09,BANKSY,13,16,0.2305230571,0.2306868096,0.0001637524881,0.9506352953,0.9431597665,Bregma −0.09
Bregma −0.09,BANKSY,13,17,0.2305230571,0.2306868096,0.0001637524881,0.9506352953,0.9431597665,Bregma −0.09
Bregma −0.09,BANKSY,13,18,0.2305230571,0.2309604122,0.0004373550706,0.9501406137,0.9427036706,Bregma −0.09
Bregma −0.09,BANKSY,13,19,0.2305230571,0.2306868096,0.0001637524881,0.9506352953,0.9431597665,Bregma −0.09
Bregma −0.09,BANKSY,13,20,0.2305230571,0.2306868096,0.0001637524881,0.9506352953,0.9431597665,Bregma −0.09
Bregma −0.09,BANKSY,14,15,0.2306868096,0.2324675257,0.001780716071,0.9502358174,0.9437872852,Bregma −0.09
Bregma −0.09,BANKSY,14,16,0.2306868096,0.2306868096,0,1,1,Bregma −0.09
Bregma −0.09,BANKSY,14,17,0.2306868096,0.2306868096,0,1,1,Bregma −0.09
Bregma −0.09,BANKSY,14,18,0.2306868096,0.2309604122,0.0002736025825,0.999487203,0.9991664237,Bregma −0.09
Bregma −0.09,BANKSY,14,19,0.2306868096,0.2306868096,0,1,1,Bregma −0.09
Bregma −0.09,BANKSY,14,20,0.2306868096,0.2306868096,0,1,1,Bregma −0.09
Bregma −0.09,BANKSY,15,16,0.2324675257,0.2306868096,0.001780716071,0.9502358174,0.9437872852,Bregma −0.09
Bregma −0.09,BANKSY,15,17,0.2324675257,0.2306868096,0.001780716071,0.9502358174,0.9437872852,Bregma −0.09
Bregma −0.09,BANKSY,15,18,0.2324675257,0.2309604122,0.001507113489,0.9497386601,0.9431118533,Bregma −0.09
Bregma −0.09,BANKSY,15,19,0.2324675257,0.2306868096,0.001780716071,0.9502358174,0.9437872852,Bregma −0.09
Bregma −0.09,BANKSY,15,20,0.2324675257,0.2306868096,0.001780716071,0.9502358174,0.9437872852,Bregma −0.09
Bregma −0.09,BANKSY,16,17,0.2306868096,0.2306868096,0,1,1,Bregma −0.09
Bregma −0.09,BANKSY,16,18,0.2306868096,0.2309604122,0.0002736025825,0.999487203,0.9991664237,Bregma −0.09
Bregma −0.09,BANKSY,16,19,0.2306868096,0.2306868096,0,1,1,Bregma −0.09
Bregma −0.09,BANKSY,16,20,0.2306868096,0.2306868096,0,1,1,Bregma −0.09
Bregma −0.09,BANKSY,17,18,0.2306868096,0.2309604122,0.0002736025825,0.999487203,0.9991664237,Bregma −0.09
Bregma −0.09,BANKSY,17,19,0.2306868096,0.2306868096,0,1,1,Bregma −0.09
Bregma −0.09,BANKSY,17,20,0.2306868096,0.2306868096,0,1,1,Bregma −0.09
Bregma −0.09,BANKSY,18,19,0.2309604122,0.2306868096,0.0002736025825,0.999487203,0.9991664237,Bregma −0.09
Bregma −0.09,BANKSY,18,20,0.2309604122,0.2306868096,0.0002736025825,0.999487203,0.9991664237,Bregma −0.09
Bregma −0.09,BANKSY,19,20,0.2306868096,0.2306868096,0,1,1,Bregma −0.09
Bregma −0.09,SEDR,1,4,0.27464163271,0.272947651059,0.0016939816513,0.552412246513,0.664725621742,Bregma −0.09
Bregma −0.09,SEDR,1,7,0.27464163271,0.269974831213,0.00466680149687,0.698410726108,0.716310182484,Bregma −0.09
Bregma −0.09,SEDR,1,13,0.27464163271,0.29066318623,0.01602155352,0.714478278618,0.735864198027,Bregma −0.09
Bregma −0.09,SEDR,2,11,0.243078147156,0.242021017981,0.00105712917485,0.546739535271,0.654194894341,Bregma −0.09
Bregma −0.09,SEDR,2,18,0.243078147156,0.227859054498,0.0152190926579,0.510770911356,0.632678822918,Bregma −0.09
Bregma −0.09,SEDR,2,20,0.243078147156,0.232414423588,0.0106637235678,0.508066668878,0.66012042164,Bregma −0.09
Bregma −0.09,SEDR,3,5,0.17774211531,0.193027060114,0.0152849448037,0.535147369205,0.689062196772,Bregma −0.09
Bregma −0.09,SEDR,3,6,0.17774211531,0.182388728652,0.00464661334113,0.715676898193,0.71133228704,Bregma −0.09
Bregma −0.09,SEDR,4,7,0.272947651059,0.269974831213,0.00297281984557,0.62465271275,0.729465068612,Bregma −0.09
Bregma −0.09,SEDR,4,13,0.272947651059,0.29066318623,0.0177155351713,0.550831611796,0.642621756422,Bregma −0.09
Bregma −0.09,SEDR,5,6,0.193027060114,0.182388728652,0.0106383314626,0.552301806009,0.674346470519,Bregma −0.09
Bregma −0.09,SEDR,5,8,0.193027060114,0.20401756246,0.0109905023457,0.652507854449,0.721203574536,Bregma −0.09
Bregma −0.09,SEDR,8,14,0.20401756246,0.221714807285,0.0176972448248,0.478015471374,0.631194439679,Bregma −0.09
Bregma −0.09,SEDR,9,15,0.360274166346,0.348635372719,0.0116387936272,0.540833099356,0.616642657246,Bregma −0.09
Bregma −0.09,SEDR,10,12,0.30429762532,0.315496258523,0.011198633203,0.544812047296,0.627009285469,Bregma −0.09
Bregma −0.09,SEDR,10,13,0.30429762532,0.29066318623,0.0136344390899,0.578737068898,0.642323585025,Bregma −0.09
Bregma −0.09,SEDR,10,19,0.30429762532,0.323499220521,0.0192015952018,0.62453824455,0.663926463121,Bregma −0.09
Bregma −0.09,SEDR,11,18,0.242021017981,0.227859054498,0.0141619634831,0.442894828698,0.575526113261,Bregma −0.09
Bregma −0.09,SEDR,11,20,0.242021017981,0.232414423588,0.00960659439298,0.545622426241,0.65851238627,Bregma −0.09
Bregma −0.09,SEDR,12,19,0.315496258523,0.323499220521,0.00800296199885,0.585195418324,0.674745989415,Bregma −0.09
Bregma −0.09,SEDR,14,18,0.221714807285,0.227859054498,0.00614424721346,0.520949663574,0.672144873061,Bregma −0.09
Bregma −0.09,SEDR,14,20,0.221714807285,0.232414423588,0.0106996163036,0.721244839773,0.712999517964,Bregma −0.09
Bregma −0.09,SEDR,18,20,0.227859054498,0.232414423588,0.00455536909011,0.418607037734,0.575251929616,Bregma −0.09
Bregma −0.14,GraphST,1,7,0.3261487481,0.3308980006,0.004749252453,0.4599733936,0.5894597576,Bregma −0.14
Bregma −0.14,GraphST,1,11,0.3261487481,0.3379844316,0.01183568346,0.519128597,0.6314447317,Bregma −0.14
Bregma −0.14,GraphST,1,15,0.3261487481,0.3357689829,0.009620234836,0.5241275197,0.617121073,Bregma −0.14
Bregma −0.14,GraphST,2,3,0.3738933897,0.3632198288,0.01067356089,0.4560155487,0.600795068,Bregma −0.14
Bregma −0.14,GraphST,2,4,0.3738933897,0.3823678832,0.008474493559,0.5306274979,0.6090361718,Bregma −0.14
Bregma −0.14,GraphST,2,6,0.3738933897,0.376540182,0.002646792326,0.5557854344,0.6330960804,Bregma −0.14
Bregma −0.14,GraphST,2,8,0.3738933897,0.386132793,0.01223940328,0.5821545966,0.6460098182,Bregma −0.14
Bregma −0.14,GraphST,2,9,0.3738933897,0.3573714128,0.0165219769,0.5883838086,0.6421022851,Bregma −0.14
Bregma −0.14,GraphST,2,12,0.3738933897,0.3730612329,0.0008321568134,0.5022201345,0.575156001,Bregma −0.14
Bregma −0.14,GraphST,2,13,0.3738933897,0.3818035029,0.00791011322,0.4114398963,0.5802335031,Bregma −0.14
Bregma −0.14,GraphST,2,14,0.3738933897,0.3612165413,0.01267684838,0.5321589512,0.6285104191,Bregma −0.14
Bregma −0.14,GraphST,2,17,0.3738933897,0.3693527017,0.004540688029,0.4475058994,0.5687346653,Bregma −0.14
Bregma −0.14,GraphST,2,18,0.3738933897,0.3710811324,0.002812257308,0.5295741578,0.6257747214,Bregma −0.14
Bregma −0.14,GraphST,2,19,0.3738933897,0.3693846539,0.004508735761,0.5708721921,0.6339960846,Bregma −0.14
Bregma −0.14,GraphST,2,20,0.3738933897,0.3792041353,0.00531074558,0.5624629997,0.6205668772,Bregma −0.14
Bregma −0.14,GraphST,3,4,0.3632198288,0.3823678832,0.01914805445,0.446000329,0.5811501159,Bregma −0.14
Bregma −0.14,GraphST,3,5,0.3632198288,0.3501606105,0.01305921829,0.5758755462,0.628253178,Bregma −0.14
Bregma −0.14,GraphST,3,6,0.3632198288,0.376540182,0.01332035321,0.4613403076,0.5944876545,Bregma −0.14
Bregma −0.14,GraphST,3,9,0.3632198288,0.3573714128,0.00584841601,0.4597149246,0.5942837935,Bregma −0.14
Bregma −0.14,GraphST,3,10,0.3632198288,0.3464569638,0.01676286503,0.4348702243,0.572264613,Bregma −0.14
Bregma −0.14,GraphST,3,12,0.3632198288,0.3730612329,0.009841404074,0.4226187707,0.5637950619,Bregma −0.14
Bregma −0.14,GraphST,3,13,0.3632198288,0.3818035029,0.01858367411,0.5515914635,0.6003037173,Bregma −0.14
Bregma −0.14,GraphST,3,14,0.3632198288,0.3612165413,0.002003287492,0.4438730521,0.5807569141,Bregma −0.14
Bregma −0.14,GraphST,3,17,0.3632198288,0.3693527017,0.006132872858,0.4456394752,0.5590927583,Bregma −0.14
Bregma −0.14,GraphST,3,18,0.3632198288,0.3710811324,0.00786130358,0.4634150742,0.5972893554,Bregma −0.14
Bregma −0.14,GraphST,3,19,0.3632198288,0.3693846539,0.006164825126,0.4434414996,0.5836612319,Bregma −0.14
Bregma −0.14,GraphST,3,20,0.3632198288,0.3792041353,0.01598430647,0.4711541718,0.6048997804,Bregma −0.14
Bregma −0.14,GraphST,4,6,0.3823678832,0.376540182,0.005827701233,0.5518053813,0.6310395538,Bregma −0.14
Bregma −0.14,GraphST,4,8,0.3823678832,0.386132793,0.003764909718,0.5571475284,0.6282907212,Bregma −0.14
Bregma −0.14,GraphST,4,12,0.3823678832,0.3730612329,0.009306650372,0.4669490035,0.5675892137,Bregma −0.14
Bregma −0.14,GraphST,4,13,0.3823678832,0.3818035029,0.0005643803387,0.4244091775,0.5724092089,Bregma −0.14
Bregma −0.14,GraphST,4,16,0.3823678832,0.3967108753,0.0143429921,0.4156633095,0.5656110586,Bregma −0.14
Bregma −0.14,GraphST,4,17,0.3823678832,0.3693527017,0.01301518159,0.4554409173,0.5862522159,Bregma −0.14
Bregma −0.14,GraphST,4,18,0.3823678832,0.3710811324,0.01128675087,0.5082981207,0.609427212,Bregma −0.14
Bregma −0.14,GraphST,4,19,0.3823678832,0.3693846539,0.01298322932,0.5124830876,0.5995679816,Bregma −0.14
Bregma −0.14,GraphST,4,20,0.3823678832,0.3792041353,0.003163747979,0.5394720414,0.616495119,Bregma −0.14
Bregma −0.14,GraphST,5,7,0.3501606105,0.3308980006,0.01926260996,0.5837181565,0.6221048851,Bregma −0.14
Bregma −0.14,GraphST,5,9,0.3501606105,0.3573714128,0.007210802276,0.444583631,0.5942686187,Bregma −0.14
Bregma −0.14,GraphST,5,10,0.3501606105,0.3464569638,0.003703646743,0.3766731188,0.5464399747,Bregma −0.14
Bregma −0.14,GraphST,5,11,0.3501606105,0.3379844316,0.01217617896,0.567062145,0.6149275258,Bregma −0.14
Bregma −0.14,GraphST,5,14,0.3501606105,0.3612165413,0.01105593079,0.4313883903,0.5685320972,Bregma −0.14
Bregma −0.14,GraphST,5,15,0.3501606105,0.3357689829,0.01439162758,0.5646803191,0.6174759012,Bregma −0.14
Bregma −0.14,GraphST,5,17,0.3501606105,0.3693527017,0.01919209114,0.4405895056,0.5405740505,Bregma −0.14
Bregma −0.14,GraphST,5,19,0.3501606105,0.3693846539,0.01922404341,0.4559625933,0.5927940074,Bregma −0.14
Bregma −0.14,GraphST,6,8,0.376540182,0.386132793,0.009592610951,0.6096397204,0.6702607071,Bregma −0.14
Bregma −0.14,GraphST,6,9,0.376540182,0.3573714128,0.01916876922,0.5692014578,0.6382857651,Bregma −0.14
Bregma −0.14,GraphST,6,12,0.376540182,0.3730612329,0.003478949139,0.4598195364,0.5468277026,Bregma −0.14
Bregma −0.14,GraphST,6,13,0.376540182,0.3818035029,0.005263320894,0.4240316399,0.5712567194,Bregma −0.14
Bregma −0.14,GraphST,6,14,0.376540182,0.3612165413,0.01532364071,0.546358077,0.62400425,Bregma −0.14
Bregma −0.14,GraphST,6,17,0.376540182,0.3693527017,0.007187480355,0.4625078963,0.5752830827,Bregma −0.14
Bregma −0.14,GraphST,6,18,0.376540182,0.3710811324,0.005459049633,0.5773218846,0.6455036119,Bregma −0.14
Bregma −0.14,GraphST,6,19,0.376540182,0.3693846539,0.007155528087,0.5917973194,0.6497675823,Bregma −0.14
Bregma −0.14,GraphST,6,20,0.376540182,0.3792041353,0.002663953254,0.4984839463,0.585140151,Bregma −0.14
Bregma −0.14,GraphST,7,10,0.3308980006,0.3464569638,0.01555896322,0.3882586029,0.5618339342,Bregma −0.14
Bregma −0.14,GraphST,7,11,0.3308980006,0.3379844316,0.007086431007,0.6422755907,0.6613476575,Bregma −0.14
Bregma −0.14,GraphST,7,15,0.3308980006,0.3357689829,0.004870982383,0.6626805302,0.6794784675,Bregma −0.14
Bregma −0.14,GraphST,8,12,0.386132793,0.3730612329,0.01307156009,0.4959555511,0.5730029833,Bregma −0.14
Bregma −0.14,GraphST,8,13,0.386132793,0.3818035029,0.004329290057,0.4263554951,0.5948776751,Bregma −0.14
Bregma −0.14,GraphST,8,16,0.386132793,0.3967108753,0.01057808238,0.4377702678,0.5783551573,Bregma −0.14
Bregma −0.14,GraphST,8,17,0.386132793,0.3693527017,0.01678009131,0.4627305153,0.5853259341,Bregma −0.14
Bregma −0.14,GraphST,8,18,0.386132793,0.3710811324,0.01505166058,0.5448056702,0.6337987647,Bregma −0.14
Bregma −0.14,GraphST,8,19,0.386132793,0.3693846539,0.01674813904,0.5837413158,0.6496443088,Bregma −0.14
Bregma −0.14,GraphST,8,20,0.386132793,0.3792041353,0.006928657697,0.5756740375,0.6387580648,Bregma −0.14
Bregma −0.14,GraphST,9,10,0.3573714128,0.3464569638,0.01091444902,0.4460111791,0.586086223,Bregma −0.14
Bregma −0.14,GraphST,9,11,0.3573714128,0.3379844316,0.01938698123,0.4908883628,0.6203517081,Bregma −0.14
Bregma −0.14,GraphST,9,12,0.3573714128,0.3730612329,0.01568982008,0.4708239188,0.5551226721,Bregma −0.14
Bregma −0.14,GraphST,9,14,0.3573714128,0.3612165413,0.003845128517,0.4981014671,0.6129114322,Bregma −0.14
Bregma −0.14,GraphST,9,17,0.3573714128,0.3693527017,0.01198128887,0.4560008568,0.5733920225,Bregma −0.14
Bregma −0.14,GraphST,9,18,0.3573714128,0.3710811324,0.01370971959,0.5258339567,0.6250365736,Bregma −0.14
Bregma −0.14,GraphST,9,19,0.3573714128,0.3693846539,0.01201324114,0.5843855979,0.638486084,Bregma −0.14
Bregma −0.14,GraphST,10,11,0.3464569638,0.3379844316,0.008472532214,0.4116961999,0.585264593,Bregma −0.14
Bregma −0.14,GraphST,10,14,0.3464569638,0.3612165413,0.01475957754,0.5128433513,0.5983278562,Bregma −0.14
Bregma −0.14,GraphST,10,15,0.3464569638,0.3357689829,0.01068798084,0.4017431986,0.5700379235,Bregma −0.14
Bregma −0.14,GraphST,11,15,0.3379844316,0.3357689829,0.002215448624,0.6722212558,0.6901708615,Bregma −0.14
Bregma −0.14,GraphST,12,13,0.3730612329,0.3818035029,0.008742270034,0.433008219,0.5697663113,Bregma −0.14
Bregma −0.14,GraphST,12,14,0.3730612329,0.3612165413,0.01184469157,0.461649654,0.5456889427,Bregma −0.14
Bregma −0.14,GraphST,12,17,0.3730612329,0.3693527017,0.003708531216,0.3850742114,0.5219265549,Bregma −0.14
Bregma −0.14,GraphST,12,18,0.3730612329,0.3710811324,0.001980100494,0.4337032816,0.5371201213,Bregma −0.14
Bregma −0.14,GraphST,12,19,0.3730612329,0.3693846539,0.003676578948,0.4602911364,0.5478796624,Bregma −0.14
Bregma −0.14,GraphST,12,20,0.3730612329,0.3792041353,0.006142902393,0.5530073186,0.6089753711,Bregma −0.14
Bregma −0.14,GraphST,13,16,0.3818035029,0.3967108753,0.01490737244,0.5378766153,0.6187650802,Bregma −0.14
Bregma −0.14,GraphST,13,17,0.3818035029,0.3693527017,0.01245080125,0.4826447121,0.556169181,Bregma −0.14
Bregma −0.14,GraphST,13,18,0.3818035029,0.3710811324,0.01072237053,0.449911803,0.5811364609,Bregma −0.14
Bregma −0.14,GraphST,13,19,0.3818035029,0.3693846539,0.01241884898,0.4307041388,0.5773519997,Bregma −0.14
Bregma −0.14,GraphST,13,20,0.3818035029,0.3792041353,0.00259936764,0.4235959359,0.5916503358,Bregma −0.14
Bregma −0.14,GraphST,14,17,0.3612165413,0.3693527017,0.00813616035,0.4820298864,0.5741560069,Bregma −0.14
Bregma −0.14,GraphST,14,18,0.3612165413,0.3710811324,0.009864591072,0.5781827228,0.6382788152,Bregma −0.14
Bregma −0.14,GraphST,14,19,0.3612165413,0.3693846539,0.008168112618,0.5279481063,0.6061499124,Bregma −0.14
Bregma −0.14,GraphST,14,20,0.3612165413,0.3792041353,0.01798759396,0.4634327431,0.57609331,Bregma −0.14
Bregma −0.14,GraphST,16,20,0.3967108753,0.3792041353,0.01750674008,0.4754550439,0.6127328798,Bregma −0.14
Bregma −0.14,GraphST,17,18,0.3693527017,0.3710811324,0.001728430722,0.4887493962,0.5835830887,Bregma −0.14
Bregma −0.14,GraphST,17,19,0.3693527017,0.3693846539,3.195226829e-05,0.4912385408,0.5884079034,Bregma −0.14
Bregma −0.14,GraphST,17,20,0.3693527017,0.3792041353,0.009851433609,0.3867692002,0.5233467004,Bregma −0.14
Bregma −0.14,GraphST,18,19,0.3710811324,0.3693846539,0.001696478454,0.5513047589,0.6276124803,Bregma −0.14
Bregma −0.14,GraphST,18,20,0.3710811324,0.3792041353,0.008123002887,0.4638961907,0.5695839422,Bregma −0.14
Bregma −0.14,GraphST,19,20,0.3693846539,0.3792041353,0.009819481341,0.5165519351,0.594212042,Bregma −0.14
Bregma −0.14,STAGATE,1,11,0.4814713887,0.4673040068,0.01416738192,0.5631492997,0.6773147502,Bregma −0.14
Bregma −0.14,STAGATE,1,20,0.4814713887,0.4624356839,0.01903570481,0.5320755367,0.6741892749,Bregma −0.14
Bregma −0.14,STAGATE,2,9,0.4505153089,0.4408614086,0.00965390032,0.6303830947,0.7124353047,Bregma −0.14
Bregma −0.14,STAGATE,2,11,0.4505153089,0.4673040068,0.0167886979,0.6558887728,0.7543050763,Bregma −0.14
Bregma −0.14,STAGATE,2,20,0.4505153089,0.4624356839,0.01192037501,0.704802027,0.7606835779,Bregma −0.14
Bregma −0.14,STAGATE,3,6,0.3773472856,0.3697540179,0.007593267708,0.7758719425,0.8123755895,Bregma −0.14
Bregma −0.14,STAGATE,3,7,0.3773472856,0.3792647297,0.001917444116,0.7707845721,0.7936483625,Bregma −0.14
Bregma −0.14,STAGATE,3,10,0.3773472856,0.3748600142,0.002487271343,0.7616981159,0.7929268212,Bregma −0.14
Bregma −0.14,STAGATE,3,15,0.3773472856,0.3687727105,0.008574575114,0.7338520802,0.7815666395,Bregma −0.14
Bregma −0.14,STAGATE,3,16,0.3773472856,0.3734459926,0.003901293017,0.6074848812,0.7001556919,Bregma −0.14
Bregma −0.14,STAGATE,3,17,0.3773472856,0.3742479946,0.003099290975,0.5153778278,0.6512514057,Bregma −0.14
Bregma −0.14,STAGATE,3,18,0.3773472856,0.3764906959,0.0008565896496,0.8517102562,0.8504016772,Bregma −0.14
Bregma −0.14,STAGATE,4,5,0.5456666201,0.5415985064,0.004068113675,0.6303577836,0.7271913447,Bregma −0.14
Bregma −0.14,STAGATE,6,7,0.3697540179,0.3792647297,0.009510711825,0.8223926497,0.8128868946,Bregma −0.14
Bregma −0.14,STAGATE,6,10,0.3697540179,0.3748600142,0.005105996365,0.8342826304,0.8413102685,Bregma −0.14
Bregma −0.14,STAGATE,6,15,0.3697540179,0.3687727105,0.0009813074054,0.8273362081,0.8323466612,Bregma −0.14
Bregma −0.14,STAGATE,6,16,0.3697540179,0.3734459926,0.003691974691,0.6403633067,0.7083074311,Bregma −0.14
Bregma −0.14,STAGATE,6,17,0.3697540179,0.3742479946,0.004493976734,0.5444046785,0.6646628247,Bregma −0.14
Bregma −0.14,STAGATE,6,18,0.3697540179,0.3764906959,0.006736678059,0.8019029613,0.823548505,Bregma −0.14
Bregma −0.14,STAGATE,7,10,0.3792647297,0.3748600142,0.004404715459,0.7771862606,0.7970590996,Bregma −0.14
Bregma −0.14,STAGATE,7,15,0.3792647297,0.3687727105,0.01049201923,0.8077309168,0.8063127855,Bregma −0.14
Bregma −0.14,STAGATE,7,16,0.3792647297,0.3734459926,0.005818737133,0.6025429775,0.6782647713,Bregma −0.14
Bregma −0.14,STAGATE,7,17,0.3792647297,0.3742479946,0.005016735091,0.5374688145,0.6478315097,Bregma −0.14
Bregma −0.14,STAGATE,7,18,0.3792647297,0.3764906959,0.002774033766,0.7726909784,0.7858787044,Bregma −0.14
Bregma −0.14,STAGATE,8,13,0.3464850741,0.3385720583,0.007913015825,0.444427058,0.6295217643,Bregma −0.14
Bregma −0.14,STAGATE,8,14,0.3464850741,0.3447105162,0.001774557908,0.5377902061,0.6741574634,Bregma −0.14
Bregma −0.14,STAGATE,8,19,0.3464850741,0.3429985126,0.003486561482,0.4285170825,0.6252672005,Bregma −0.14
Bregma −0.14,STAGATE,9,12,0.4408614086,0.4290555777,0.01180583084,0.7691842481,0.7858551517,Bregma −0.14
Bregma −0.14,STAGATE,10,15,0.3748600142,0.3687727105,0.006087303771,0.8276792603,0.8421514112,Bregma −0.14
Bregma −0.14,STAGATE,10,16,0.3748600142,0.3734459926,0.001414021674,0.6100768493,0.6868782025,Bregma −0.14
Bregma −0.14,STAGATE,10,17,0.3748600142,0.3742479946,0.0006120196317,0.5255310279,0.6497672013,Bregma −0.14
Bregma −0.14,STAGATE,10,18,0.3748600142,0.3764906959,0.001630681693,0.7645588656,0.7946039048,Bregma −0.14
Bregma −0.14,STAGATE,11,20,0.4673040068,0.4624356839,0.004868322884,0.6668421298,0.7609966343,Bregma −0.14
Bregma −0.14,STAGATE,13,14,0.3385720583,0.3447105162,0.006138457917,0.6100282151,0.7208384671,Bregma −0.14
Bregma −0.14,STAGATE,13,19,0.3385720583,0.3429985126,0.004426454343,0.7927883446,0.8247671277,Bregma −0.14
Bregma −0.14,STAGATE,14,19,0.3447105162,0.3429985126,0.001712003574,0.673701698,0.752202273,Bregma −0.14
Bregma −0.14,STAGATE,15,16,0.3687727105,0.3734459926,0.004673282097,0.6432779041,0.7061521838,Bregma −0.14
Bregma −0.14,STAGATE,15,17,0.3687727105,0.3742479946,0.005475284139,0.5573553374,0.668708322,Bregma −0.14
Bregma −0.14,STAGATE,15,18,0.3687727105,0.3764906959,0.007717985464,0.7604966933,0.7948617376,Bregma −0.14
Bregma −0.14,STAGATE,16,17,0.3734459926,0.3742479946,0.0008020020423,0.687961205,0.7833302268,Bregma −0.14
Bregma −0.14,STAGATE,16,18,0.3734459926,0.3764906959,0.003044703367,0.5940552171,0.6823213015,Bregma −0.14
Bregma −0.14,STAGATE,17,18,0.3742479946,0.3764906959,0.002242701325,0.4961367214,0.6395234642,Bregma −0.14
Bregma −0.14,SpaGCN,1,2,0.2469540625,0.2409032234,0.006050839051,0.4616061403,0.5568024713,Bregma −0.14
Bregma −0.14,SpaGCN,1,6,0.2469540625,0.232105211,0.01484885145,0.4895280973,0.5461068282,Bregma −0.14
Bregma −0.14,SpaGCN,1,8,0.2469540625,0.2329123742,0.01404168831,0.5104098273,0.5716530571,Bregma −0.14
Bregma −0.14,SpaGCN,1,9,0.2469540625,0.2565896917,0.009635629212,0.5055911543,0.5775284723,Bregma −0.14
Bregma −0.14,SpaGCN,1,12,0.2469540625,0.2640894858,0.01713542329,0.6278825158,0.6447258624,Bregma −0.14
Bregma −0.14,SpaGCN,1,14,0.2469540625,0.2500535635,0.003099501076,0.5816749551,0.6290970975,Bregma −0.14
Bregma −0.14,SpaGCN,1,15,0.2469540625,0.2481602748,0.001206212293,0.5338604083,0.6024446343,Bregma −0.14
Bregma −0.14,SpaGCN,1,19,0.2469540625,0.2392235236,0.007730538901,0.5661999895,0.6239268442,Bregma −0.14
Bregma −0.14,SpaGCN,1,20,0.2469540625,0.2538611961,0.006907133647,0.5595777106,0.5939777623,Bregma −0.14
Bregma −0.14,SpaGCN,2,6,0.2409032234,0.232105211,0.008798012396,0.4176294062,0.5000253654,Bregma −0.14
Bregma −0.14,SpaGCN,2,8,0.2409032234,0.2329123742,0.00799084926,0.416851082,0.5098806806,Bregma −0.14
Bregma −0.14,SpaGCN,2,9,0.2409032234,0.2565896917,0.01568646826,0.4044474589,0.5081689095,Bregma −0.14
Bregma −0.14,SpaGCN,2,11,0.2409032234,0.22359094,0.01731228346,0.4339701883,0.5305172997,Bregma −0.14
Bregma −0.14,SpaGCN,2,14,0.2409032234,0.2500535635,0.009150340127,0.448932938,0.5475281489,Bregma −0.14
Bregma −0.14,SpaGCN,2,15,0.2409032234,0.2481602748,0.007257051344,0.41144116,0.5170074493,Bregma −0.14
Bregma −0.14,SpaGCN,2,19,0.2409032234,0.2392235236,0.00167969985,0.4554401995,0.5578607789,Bregma −0.14
Bregma −0.14,SpaGCN,2,20,0.2409032234,0.2538611961,0.0129579727,0.4402128534,0.5285829701,Bregma −0.14
Bregma −0.14,SpaGCN,3,17,0.1179046105,0.1050537756,0.01285083497,0.2525729352,0.4021100209,Bregma −0.14
Bregma −0.14,SpaGCN,4,16,0.1939806109,0.1902989419,0.003681668993,0.3913161474,0.4937925179,Bregma −0.14
Bregma −0.14,SpaGCN,6,8,0.232105211,0.2329123742,0.0008071631362,0.4761174087,0.5330059042,Bregma −0.14
Bregma −0.14,SpaGCN,6,10,0.232105211,0.2156572217,0.01644798937,0.5803248753,0.6065981673,Bregma −0.14
Bregma −0.14,SpaGCN,6,11,0.232105211,0.22359094,0.008514271062,0.5073079872,0.5460836084,Bregma −0.14
Bregma −0.14,SpaGCN,6,13,0.232105211,0.2196030952,0.01250211581,0.522029236,0.5677901756,Bregma −0.14
Bregma −0.14,SpaGCN,6,14,0.232105211,0.2500535635,0.01794835252,0.5309016886,0.5695052686,Bregma −0.14
Bregma −0.14,SpaGCN,6,15,0.232105211,0.2481602748,0.01605506374,0.4036442575,0.4784950299,Bregma −0.14
Bregma −0.14,SpaGCN,6,19,0.232105211,0.2392235236,0.007118312546,0.4921104621,0.557190635,Bregma −0.14
Bregma −0.14,SpaGCN,7,18,0.2877287301,0.2719171831,0.01581154701,0.6150594921,0.650851006,Bregma −0.14
Bregma −0.14,SpaGCN,8,10,0.2329123742,0.2156572217,0.0172551525,0.5896973947,0.6248909111,Bregma −0.14
Bregma −0.14,SpaGCN,8,11,0.2329123742,0.22359094,0.009321434198,0.4739763124,0.537133723,Bregma −0.14
Bregma −0.14,SpaGCN,8,13,0.2329123742,0.2196030952,0.01330927895,0.5238443905,0.5887475708,Bregma −0.14
Bregma −0.14,SpaGCN,8,14,0.2329123742,0.2500535635,0.01714118939,0.5396522276,0.5925746316,Bregma −0.14
Bregma −0.14,SpaGCN,8,15,0.2329123742,0.2481602748,0.0152479006,0.4559521772,0.5467052743,Bregma −0.14
Bregma −0.14,SpaGCN,8,19,0.2329123742,0.2392235236,0.00631114941,0.5982609314,0.6351160079,Bregma −0.14
Bregma −0.14,SpaGCN,9,12,0.2565896917,0.2640894858,0.007499794077,0.5658231624,0.6092393719,Bregma −0.14
Bregma −0.14,SpaGCN,9,14,0.2565896917,0.2500535635,0.006536128136,0.5260713523,0.5819372334,Bregma −0.14
Bregma −0.14,SpaGCN,9,15,0.2565896917,0.2481602748,0.008429416919,0.5335535919,0.5934924369,Bregma −0.14
Bregma −0.14,SpaGCN,9,18,0.2565896917,0.2719171831,0.01532749138,0.4840310975,0.5677586381,Bregma −0.14
Bregma −0.14,SpaGCN,9,19,0.2565896917,0.2392235236,0.01736616811,0.5180212871,0.5959866743,Bregma −0.14
Bregma −0.14,SpaGCN,9,20,0.2565896917,0.2538611961,0.002728495565,0.5282896255,0.5739390043,Bregma −0.14
Bregma −0.14,SpaGCN,10,11,0.2156572217,0.22359094,0.007933718304,0.5367676504,0.5708225702,Bregma −0.14
Bregma −0.14,SpaGCN,10,13,0.2156572217,0.2196030952,0.003945873557,0.5740122036,0.6170653992,Bregma −0.14
Bregma −0.14,SpaGCN,11,13,0.22359094,0.2196030952,0.003987844748,0.4838122336,0.5516775949,Bregma −0.14
Bregma −0.14,SpaGCN,11,19,0.22359094,0.2392235236,0.01563258361,0.5118137486,0.5823044791,Bregma −0.14
Bregma −0.14,SpaGCN,12,14,0.2640894858,0.2500535635,0.01403592221,0.6793777487,0.6851210653,Bregma −0.14
Bregma −0.14,SpaGCN,12,15,0.2640894858,0.2481602748,0.015929211,0.4933873056,0.5573111803,Bregma −0.14
Bregma −0.14,SpaGCN,12,18,0.2640894858,0.2719171831,0.007827697308,0.4765700213,0.5689217969,Bregma −0.14
Bregma −0.14,SpaGCN,12,20,0.2640894858,0.2538611961,0.01022828964,0.6841997876,0.6955002681,Bregma −0.14
Bregma −0.14,SpaGCN,13,19,0.2196030952,0.2392235236,0.01962042836,0.6227303652,0.6556791341,Bregma −0.14
Bregma −0.14,SpaGCN,14,15,0.2500535635,0.2481602748,0.001893288783,0.4939742942,0.5711838613,Bregma −0.14
Bregma −0.14,SpaGCN,14,19,0.2500535635,0.2392235236,0.01083003998,0.7073611443,0.7341863006,Bregma −0.14
Bregma −0.14,SpaGCN,14,20,0.2500535635,0.2538611961,0.003807632571,0.6186211382,0.6426841571,Bregma −0.14
Bregma −0.14,SpaGCN,15,19,0.2481602748,0.2392235236,0.008936751194,0.4609362892,0.5575069778,Bregma −0.14
Bregma −0.14,SpaGCN,15,20,0.2481602748,0.2538611961,0.005700921354,0.4561673441,0.5271582553,Bregma −0.14
Bregma −0.14,SpaGCN,18,20,0.2719171831,0.2538611961,0.01805598695,0.4641210164,0.5507190278,Bregma −0.14
Bregma −0.14,SpaGCN,19,20,0.2392235236,0.2538611961,0.01463767255,0.6031010641,0.6431151714,Bregma −0.14
Bregma −0.14,BANKSY,1,2,0.2592350541,0.2576634108,0.001571643273,0.9717666157,0.9739856537,Bregma −0.14
Bregma −0.14,BANKSY,1,4,0.2592350541,0.2597973819,0.0005623278629,0.9874316577,0.9871655817,Bregma −0.14
Bregma −0.14,BANKSY,1,7,0.2592350541,0.2517428614,0.007492192675,0.5826154759,0.7686667352,Bregma −0.14
Bregma −0.14,BANKSY,1,8,0.2592350541,0.2563295264,0.002905527702,0.696814137,0.8451626207,Bregma −0.14
Bregma −0.14,BANKSY,1,9,0.2592350541,0.2595770777,0.0003420236258,0.9830952353,0.983192456,Bregma −0.14
Bregma −0.14,BANKSY,1,12,0.2592350541,0.2597973819,0.0005623278629,0.9874316577,0.9871655817,Bregma −0.14
Bregma −0.14,BANKSY,1,13,0.2592350541,0.2598754027,0.000640348579,0.9883879269,0.9879203457,Bregma −0.14
Bregma −0.14,BANKSY,1,15,0.2592350541,0.258992079,0.0002429750543,0.9777293946,0.9789537389,Bregma −0.14
Bregma −0.14,BANKSY,1,16,0.2592350541,0.2559929825,0.003242071533,0.6973134913,0.8460217086,Bregma −0.14
Bregma −0.14,BANKSY,1,18,0.2592350541,0.2641240625,0.004889008408,0.6460517117,0.7862978624,Bregma −0.14
Bregma −0.14,BANKSY,1,19,0.2592350541,0.259802928,0.0005678739376,0.985332786,0.9854598715,Bregma −0.14
Bregma −0.14,BANKSY,1,20,0.2592350541,0.2598326195,0.000597565416,0.9850439287,0.98479475,Bregma −0.14
Bregma −0.14,BANKSY,2,4,0.2576634108,0.2597973819,0.002133971136,0.9841597595,0.9836281445,Bregma −0.14
Bregma −0.14,BANKSY,2,7,0.2576634108,0.2517428614,0.005920549402,0.5805144631,0.7664477286,Bregma −0.14
Bregma −0.14,BANKSY,2,8,0.2576634108,0.2563295264,0.001333884429,0.6871452436,0.8411165719,Bregma −0.14
Bregma −0.14,BANKSY,2,9,0.2576634108,0.2595770777,0.001913666899,0.9885040213,0.9878046162,Bregma −0.14
Bregma −0.14,BANKSY,2,12,0.2576634108,0.2597973819,0.002133971136,0.9841597595,0.9836281445,Bregma −0.14
Bregma −0.14,BANKSY,2,13,0.2576634108,0.2598754027,0.002211991852,0.9831978644,0.9829159051,Bregma −0.14
Bregma −0.14,BANKSY,2,15,0.2576634108,0.258992079,0.001328668219,0.9929376454,0.9913690594,Bregma −0.14
Bregma −0.14,BANKSY,2,16,0.2576634108,0.2559929825,0.001670428259,0.6876184546,0.8419684109,Bregma −0.14
Bregma −0.14,BANKSY,2,18,0.2576634108,0.2641240625,0.006460651681,0.6553022278,0.7893721902,Bregma −0.14
Bregma −0.14,BANKSY,2,19,0.2576634108,0.259802928,0.002139517211,0.9862476608,0.9852859916,Bregma −0.14
Bregma −0.14,BANKSY,2,20,0.2576634108,0.2598326195,0.002169208689,0.9865453856,0.9859539291,Bregma −0.14
Bregma −0.14,BANKSY,3,5,0.2257027827,0.2255405243,0.0001622584178,0.9994510694,0.9992432583,Bregma −0.14
Bregma −0.14,BANKSY,3,6,0.2257027827,0.2253059407,0.000396841941,0.9968859176,0.9962690674,Bregma −0.14
Bregma −0.14,BANKSY,3,10,0.2257027827,0.2253484202,0.0003543624915,0.9979721744,0.9970442294,Bregma −0.14
Bregma −0.14,BANKSY,3,11,0.2257027827,0.2255405243,0.0001622584178,0.9994510694,0.9992432583,Bregma −0.14
Bregma −0.14,BANKSY,3,14,0.2257027827,0.2256079199,9.486281088e-05,0.9963369813,0.9952843385,Bregma −0.14
Bregma −0.14,BANKSY,3,17,0.2257027827,0.2257027827,0,1,1,Bregma −0.14
Bregma −0.14,BANKSY,4,7,0.2597973819,0.2517428614,0.008054520538,0.5821383813,0.7687972501,Bregma −0.14
Bregma −0.14,BANKSY,4,8,0.2597973819,0.2563295264,0.003467855564,0.6928950661,0.8445294336,Bregma −0.14
Bregma −0.14,BANKSY,4,9,0.2597973819,0.2595770777,0.000220304237,0.9956161178,0.9945060149,Bregma −0.14
Bregma −0.14,BANKSY,4,12,0.2597973819,0.2597973819,0,1,1,Bregma −0.14
Bregma −0.14,BANKSY,4,13,0.2597973819,0.2598754027,7.802071617e-05,0.9982636525,0.9973270744,Bregma −0.14
Bregma −0.14,BANKSY,4,15,0.2597973819,0.258992079,0.0008053029172,0.9896132796,0.9879727474,Bregma −0.14
Bregma −0.14,BANKSY,4,16,0.2597973819,0.2559929825,0.003804399395,0.6933825436,0.8453855502,Bregma −0.14
Bregma −0.14,BANKSY,4,18,0.2597973819,0.2641240625,0.004326680545,0.6516141857,0.7896958434,Bregma −0.14
Bregma −0.14,BANKSY,4,19,0.2597973819,0.259802928,5.546074696e-06,0.9972911542,0.9960568055,Bregma −0.14
Bregma −0.14,BANKSY,4,20,0.2597973819,0.2598326195,3.523755318e-05,0.9975893162,0.9967246394,Bregma −0.14
Bregma −0.14,BANKSY,5,6,0.2255405243,0.2253059407,0.0002345835232,0.9963384514,0.9955126802,Bregma −0.14
Bregma −0.14,BANKSY,5,10,0.2255405243,0.2253484202,0.0001921040737,0.9985210814,0.9978009519,Bregma −0.14
Bregma −0.14,BANKSY,5,11,0.2255405243,0.2255405243,0,1,1,Bregma −0.14
Bregma −0.14,BANKSY,5,14,0.2255405243,0.2256079199,6.73956069e-05,0.9968858912,0.996041048,Bregma −0.14
Bregma −0.14,BANKSY,5,17,0.2255405243,0.2257027827,0.0001622584178,0.9994510694,0.9992432583,Bregma −0.14
Bregma −0.14,BANKSY,6,10,0.2253059407,0.2253484202,4.247944947e-05,0.9959524821,0.9949530937,Bregma −0.14
Bregma −0.14,BANKSY,6,11,0.2253059407,0.2255405243,0.0002345835232,0.9963384514,0.9955126802,Bregma −0.14
Bregma −0.14,BANKSY,6,14,0.2253059407,0.2256079199,0.0003019791301,0.9954071607,0.9940957365,Bregma −0.14
Bregma −0.14,BANKSY,6,17,0.2253059407,0.2257027827,0.000396841941,0.9968859176,0.9962690674,Bregma −0.14
Bregma −0.14,BANKSY,7,8,0.2517428614,0.2563295264,0.004586664974,0.762028558,0.8709544624,Bregma −0.14
Bregma −0.14,BANKSY,7,9,0.2517428614,0.2595770777,0.007834216301,0.5818868552,0.768565269,Bregma −0.14
Bregma −0.14,BANKSY,7,12,0.2517428614,0.2597973819,0.008054520538,0.5821383813,0.7687972501,Bregma −0.14
Bregma −0.14,BANKSY,7,13,0.2517428614,0.2598754027,0.008132541254,0.581754854,0.7681405061,Bregma −0.14
Bregma −0.14,BANKSY,7,15,0.2517428614,0.258992079,0.007249217621,0.5799702343,0.7663977474,Bregma −0.14
Bregma −0.14,BANKSY,7,16,0.2517428614,0.2559929825,0.004250121143,0.7621266613,0.8710844483,Bregma −0.14
Bregma −0.14,BANKSY,7,18,0.2517428614,0.2641240625,0.01238120108,0.733346367,0.8724073411,Bregma −0.14
Bregma −0.14,BANKSY,7,19,0.2517428614,0.259802928,0.008060066613,0.5820046996,0.7684379808,Bregma −0.14
Bregma −0.14,BANKSY,7,20,0.2517428614,0.2598326195,0.008089758091,0.5822488784,0.7690041532,Bregma −0.14
Bregma −0.14,BANKSY,8,9,0.2563295264,0.2595770777,0.003247551327,0.6914542068,0.8436917667,Bregma −0.14
Bregma −0.14,BANKSY,8,12,0.2563295264,0.2597973819,0.003467855564,0.6928950661,0.8445294336,Bregma −0.14
Bregma −0.14,BANKSY,8,13,0.2563295264,0.2598754027,0.003545876281,0.6926575786,0.8435670511,Bregma −0.14
Bregma −0.14,BANKSY,8,15,0.2563295264,0.258992079,0.002662552647,0.688007584,0.8411183751,Bregma −0.14
Bregma −0.14,BANKSY,8,16,0.2563295264,0.2559929825,0.0003365438309,0.9991318002,0.9986042229,Bregma −0.14
Bregma −0.14,BANKSY,8,18,0.2563295264,0.2641240625,0.00779453611,0.656857375,0.8364684162,Bregma −0.14
Bregma −0.14,BANKSY,8,19,0.2563295264,0.259802928,0.003473401639,0.6920571928,0.8436773506,Bregma −0.14
Bregma −0.14,BANKSY,8,20,0.2563295264,0.2598326195,0.003503093118,0.6922945961,0.8442545066,Bregma −0.14
Bregma −0.14,BANKSY,9,12,0.2595770777,0.2597973819,0.000220304237,0.9956161178,0.9945060149,Bregma −0.14
Bregma −0.14,BANKSY,9,13,0.2595770777,0.2598754027,0.0002983249532,0.9946420317,0.9935811692,Bregma −0.14
Bregma −0.14,BANKSY,9,15,0.2595770777,0.258992079,0.0005849986801,0.9929250554,0.9914045589,Bregma −0.14
Bregma −0.14,BANKSY,9,16,0.2595770777,0.2559929825,0.003584095158,0.6919378083,0.8445467399,Bregma −0.14
Bregma −0.14,BANKSY,9,18,0.2595770777,0.2641240625,0.004546984782,0.6534690112,0.7906629359,Bregma −0.14
Bregma −0.14,BANKSY,9,19,0.2595770777,0.259802928,0.0002258503117,0.9977244971,0.9967435597,Bregma −0.14
Bregma −0.14,BANKSY,9,20,0.2595770777,0.2598326195,0.0002555417902,0.9980228531,0.9974112569,Bregma −0.14
Bregma −0.14,BANKSY,10,11,0.2253484202,0.2255405243,0.0001921040737,0.9985210814,0.9978009519,Bregma −0.14
Bregma −0.14,BANKSY,10,14,0.2253484202,0.2256079199,0.0002594996806,0.9983626526,0.9980340596,Bregma −0.14
Bregma −0.14,BANKSY,10,17,0.2253484202,0.2257027827,0.0003543624915,0.9979721744,0.9970442294,Bregma −0.14
Bregma −0.14,BANKSY,11,14,0.2255405243,0.2256079199,6.73956069e-05,0.9968858912,0.996041048,Bregma −0.14
Bregma −0.14,BANKSY,11,17,0.2255405243,0.2257027827,0.0001622584178,0.9994510694,0.9992432583,Bregma −0.14
Bregma −0.14,BANKSY,12,13,0.2597973819,0.2598754027,7.802071617e-05,0.9982636525,0.9973270744,Bregma −0.14
Bregma −0.14,BANKSY,12,15,0.2597973819,0.258992079,0.0008053029172,0.9896132796,0.9879727474,Bregma −0.14
Bregma −0.14,BANKSY,12,16,0.2597973819,0.2559929825,0.003804399395,0.6933825436,0.8453855502,Bregma −0.14
Bregma −0.14,BANKSY,12,18,0.2597973819,0.2641240625,0.004326680545,0.6516141857,0.7896958434,Bregma −0.14
Bregma −0.14,BANKSY,12,19,0.2597973819,0.259802928,5.546074696e-06,0.9972911542,0.9960568055,Bregma −0.14
Bregma −0.14,BANKSY,12,20,0.2597973819,0.2598326195,3.523755318e-05,0.9975893162,0.9967246394,Bregma −0.14
Bregma −0.14,BANKSY,13,15,0.2598754027,0.258992079,0.0008833236333,0.9892385832,0.9884932581,Bregma −0.14
Bregma −0.14,BANKSY,13,16,0.2598754027,0.2559929825,0.003882420112,0.6931458354,0.8444231113,Bregma −0.14
Bregma −0.14,BANKSY,13,18,0.2598754027,0.2641240625,0.004248659829,0.6509678722,0.7889347306,Bregma −0.14
Bregma −0.14,BANKSY,13,19,0.2598754027,0.259802928,7.247464147e-05,0.9969091263,0.9963658423,Bregma −0.14
Bregma −0.14,BANKSY,13,20,0.2598754027,0.2598326195,4.278316299e-05,0.9966128716,0.9956988289,Bregma −0.14
Bregma −0.14,BANKSY,14,17,0.2256079199,0.2257027827,9.486281088e-05,0.9963369813,0.9952843385,Bregma −0.14
Bregma −0.14,BANKSY,15,16,0.258992079,0.2559929825,0.002999096478,0.6884862187,0.8419715415,Bregma −0.14
Bregma −0.14,BANKSY,15,18,0.258992079,0.2641240625,0.005131983462,0.6541704891,0.7896732726,Bregma −0.14
Bregma −0.14,BANKSY,15,19,0.258992079,0.259802928,0.0008108489918,0.9912570705,0.9900268881,Bregma −0.14
Bregma −0.14,BANKSY,15,20,0.258992079,0.2598326195,0.0008405404703,0.9909579693,0.9893599316,Bregma −0.14
Bregma −0.14,BANKSY,16,18,0.2559929825,0.2641240625,0.00813107994,0.6568400319,0.8365234261,Bregma −0.14
Bregma −0.14,BANKSY,16,19,0.2559929825,0.259802928,0.00380994547,0.6925424504,0.844532755,Bregma −0.14
Bregma −0.14,BANKSY,16,20,0.2559929825,0.2598326195,0.003839636949,0.6927797855,0.8451099809,Bregma −0.14
Bregma −0.14,BANKSY,18,19,0.2641240625,0.259802928,0.00432113447,0.6523048053,0.7895830528,Bregma −0.14
Bregma −0.14,BANKSY,18,20,0.2641240625,0.2598326195,0.004291442992,0.6525677425,0.7901388525,Bregma −0.14
Bregma −0.14,BANKSY,19,20,0.259802928,0.2598326195,2.969147848e-05,0.9997015154,0.9993323901,Bregma −0.14
Bregma −0.14,SEDR,1,2,0.279043200254,0.291719669385,0.0126764691308,0.567416618721,0.690421101543,Bregma −0.14
Bregma −0.14,SEDR,1,6,0.279043200254,0.294778653101,0.0157354528464,0.522793416334,0.694618964098,Bregma −0.14
Bregma −0.14,SEDR,1,7,0.279043200254,0.26116178706,0.0178814131943,0.605946489303,0.713588284122,Bregma −0.14
Bregma −0.14,SEDR,1,12,0.279043200254,0.263471802128,0.0155713981263,0.551730211746,0.707782874616,Bregma −0.14
Bregma −0.14,SEDR,1,15,0.279043200254,0.267942300482,0.0111008997726,0.520767396117,0.68032739122,Bregma −0.14
Bregma −0.14,SEDR,1,16,0.279043200254,0.268155725848,0.0108874744061,0.567949067086,0.691631217176,Bregma −0.14
Bregma −0.14,SEDR,1,17,0.279043200254,0.290342356244,0.0112991559902,0.597976375157,0.684372265265,Bregma −0.14
Bregma −0.14,SEDR,2,5,0.291719669385,0.30596047487,0.0142408054854,0.657021766833,0.748833956371,Bregma −0.14
Bregma −0.14,SEDR,2,6,0.291719669385,0.294778653101,0.00305898371559,0.659943340562,0.779073850682,Bregma −0.14
Bregma −0.14,SEDR,2,17,0.291719669385,0.290342356244,0.00137731314058,0.742138543689,0.77740615842,Bregma −0.14
Bregma −0.14,SEDR,3,7,0.257588251231,0.26116178706,0.00357353582929,0.70462368688,0.772217791268,Bregma −0.14
Bregma −0.14,SEDR,3,9,0.257588251231,0.251377657105,0.0062105941256,0.534716087057,0.661575863531,Bregma −0.14
Bregma −0.14,SEDR,3,12,0.257588251231,0.263471802128,0.0058835508972,0.514499243141,0.675921480505,Bregma −0.14
Bregma −0.14,SEDR,3,14,0.257588251231,0.242949344559,0.0146389066712,0.585840598544,0.709648429815,Bregma −0.14
Bregma −0.14,SEDR,3,15,0.257588251231,0.267942300482,0.0103540492509,0.59777177898,0.717594236039,Bregma −0.14
Bregma −0.14,SEDR,3,16,0.257588251231,0.268155725848,0.0105674746175,0.559140873032,0.705231685456,Bregma −0.14
Bregma −0.14,SEDR,3,18,0.257588251231,0.249150456142,0.00843779508851,0.625343114934,0.755600009559,Bregma −0.14
Bregma −0.14,SEDR,3,19,0.257588251231,0.243986372935,0.0136018782959,0.623667814655,0.735479068889,Bregma −0.14
Bregma −0.14,SEDR,3,20,0.257588251231,0.237637830589,0.0199504206421,0.592325533404,0.723129119632,Bregma −0.14
Bregma −0.14,SEDR,4,8,0.220554450831,0.234400149382,0.0138456985516,0.728646224652,0.767237589935,Bregma −0.14
Bregma −0.14,SEDR,4,10,0.220554450831,0.228022847856,0.00746839702565,0.842339554639,0.813765171365,Bregma −0.14
Bregma −0.14,SEDR,4,13,0.220554450831,0.236995989159,0.0164415383281,0.896422079591,0.846647711156,Bregma −0.14
Bregma −0.14,SEDR,4,20,0.220554450831,0.237637830589,0.0170833797581,0.717224922757,0.777195284721,Bregma −0.14
Bregma −0.14,SEDR,5,6,0.30596047487,0.294778653101,0.0111818217698,0.764537458322,0.767516246667,Bregma −0.14
Bregma −0.14,SEDR,5,17,0.30596047487,0.290342356244,0.015618118626,0.593821190519,0.693863945805,Bregma −0.14
Bregma −0.14,SEDR,6,17,0.294778653101,0.290342356244,0.00443629685617,0.633368881145,0.772556476477,Bregma −0.14
Bregma −0.14,SEDR,7,9,0.26116178706,0.251377657105,0.00978412995489,0.516512313193,0.670617511462,Bregma −0.14
Bregma −0.14,SEDR,7,12,0.26116178706,0.263471802128,0.00231001506791,0.55499514308,0.718363220251,Bregma −0.14
Bregma −0.14,SEDR,7,14,0.26116178706,0.242949344559,0.0182124425005,0.59031823783,0.721656660818,Bregma −0.14
Bregma −0.14,SEDR,7,15,0.26116178706,0.267942300482,0.00678051342163,0.579575518458,0.7327257096,Bregma −0.14
Bregma −0.14,SEDR,7,16,0.26116178706,0.268155725848,0.00699393878819,0.627275722518,0.74892843392,Bregma −0.14
Bregma −0.14,SEDR,7,18,0.26116178706,0.249150456142,0.0120113309178,0.577745572234,0.748808954018,Bregma −0.14
Bregma −0.14,SEDR,7,19,0.26116178706,0.243986372935,0.0171754141252,0.541452865295,0.682934519499,Bregma −0.14
Bregma −0.14,SEDR,8,9,0.234400149382,0.251377657105,0.016977507723,0.537907930046,0.711840815869,Bregma −0.14
Bregma −0.14,SEDR,8,10,0.234400149382,0.228022847856,0.00637730152592,0.778816140196,0.815791971153,Bregma −0.14
Bregma −0.14,SEDR,8,13,0.234400149382,0.236995989159,0.00259583977655,0.773869801394,0.8274563839,Bregma −0.14
Bregma −0.14,SEDR,8,14,0.234400149382,0.242949344559,0.00854919517741,0.659228748617,0.786018143334,Bregma −0.14
Bregma −0.14,SEDR,8,18,0.234400149382,0.249150456142,0.0147503067601,0.606186059825,0.747621204618,Bregma −0.14
Bregma −0.14,SEDR,8,19,0.234400149382,0.243986372935,0.00958622355273,0.604142547799,0.73539647758,Bregma −0.14
Bregma −0.14,SEDR,8,20,0.234400149382,0.237637830589,0.00323768120653,0.610391736823,0.76918858932,Bregma −0.14
Bregma −0.14,SEDR,9,12,0.251377657105,0.263471802128,0.0120941450228,0.591187306728,0.697836896769,Bregma −0.14
Bregma −0.14,SEDR,9,13,0.251377657105,0.236995989159,0.0143816679465,0.600735510254,0.755538649872,Bregma −0.14
Bregma −0.14,SEDR,9,14,0.251377657105,0.242949344559,0.00842831254559,0.61162716086,0.740650855635,Bregma −0.14
Bregma −0.14,SEDR,9,15,0.251377657105,0.267942300482,0.0165646433765,0.602982225249,0.709281330865,Bregma −0.14
Bregma −0.14,SEDR,9,16,0.251377657105,0.268155725848,0.0167780687431,0.679170712923,0.75568567284,Bregma −0.14
Bregma −0.14,SEDR,9,18,0.251377657105,0.249150456142,0.00222720096291,0.600227615347,0.690267912355,Bregma −0.14
Bregma −0.14,SEDR,9,19,0.251377657105,0.243986372935,0.00739128417027,0.599199950032,0.678538662426,Bregma −0.14
Bregma −0.14,SEDR,9,20,0.251377657105,0.237637830589,0.0137398265165,0.620593482561,0.713282955005,Bregma −0.14
Bregma −0.14,SEDR,10,13,0.228022847856,0.236995989159,0.00897314130247,0.881945031641,0.872610702161,Bregma −0.14
Bregma −0.14,SEDR,10,14,0.228022847856,0.242949344559,0.0149264967033,0.734805035729,0.803264591831,Bregma −0.14
Bregma −0.14,SEDR,10,19,0.228022847856,0.243986372935,0.0159635250786,0.655918265927,0.737916896183,Bregma −0.14
Bregma −0.14,SEDR,10,20,0.228022847856,0.237637830589,0.00961498273245,0.671779799318,0.787133760712,Bregma −0.14
Bregma −0.14,SEDR,12,15,0.263471802128,0.267942300482,0.00447049835372,0.712556257043,0.765287527877,Bregma −0.14
Bregma −0.14,SEDR,12,16,0.263471802128,0.268155725848,0.00468392372028,0.626176223816,0.781057718972,Bregma −0.14
Bregma −0.14,SEDR,12,18,0.263471802128,0.249150456142,0.0143213459857,0.707083933815,0.753309303273,Bregma −0.14
Bregma −0.14,SEDR,12,19,0.263471802128,0.243986372935,0.0194854291931,0.69586518036,0.737609112097,Bregma −0.14
Bregma −0.14,SEDR,13,14,0.236995989159,0.242949344559,0.00595335540086,0.773798935104,0.824001973631,Bregma −0.14
Bregma −0.14,SEDR,13,18,0.236995989159,0.249150456142,0.0121544669835,0.704792073578,0.780166420081,Bregma −0.14
Bregma −0.14,SEDR,13,19,0.236995989159,0.243986372935,0.00699038377618,0.706219741536,0.767771345479,Bregma −0.14
Bregma −0.14,SEDR,13,20,0.236995989159,0.237637830589,0.000641841429982,0.710855952556,0.807078729287,Bregma −0.14
Bregma −0.14,SEDR,14,18,0.242949344559,0.249150456142,0.00620111158268,0.765436537968,0.786372773408,Bregma −0.14
Bregma −0.14,SEDR,14,19,0.242949344559,0.243986372935,0.00103702837532,0.762536736136,0.767657781542,Bregma −0.14
Bregma −0.14,SEDR,14,20,0.242949344559,0.237637830589,0.00531151397088,0.764118433257,0.804750829959,Bregma −0.14
Bregma −0.14,SEDR,15,16,0.267942300482,0.268155725848,0.000213425366561,0.602531296782,0.7628059799,Bregma −0.14
Bregma −0.14,SEDR,15,18,0.267942300482,0.249150456142,0.0187918443394,0.838916696671,0.821255660039,Bregma −0.14
Bregma −0.14,SEDR,16,18,0.268155725848,0.249150456142,0.019005269706,0.597838681492,0.74915244177,Bregma −0.14
Bregma −0.14,SEDR,18,19,0.249150456142,0.243986372935,0.00516408320736,0.785703484517,0.765367396219,Bregma −0.14
Bregma −0.14,SEDR,18,20,0.249150456142,0.237637830589,0.0115126255536,0.805978989424,0.804448191041,Bregma −0.14
Bregma −0.14,SEDR,19,20,0.243986372935,0.237637830589,0.0063485423462,0.829223730141,0.816645987745,Bregma −0.14
Bregma −0.19,GraphST,1,2,0.3490645313,0.3546248105,0.005560279259,0.6484566878,0.6741923461,Bregma −0.19
Bregma −0.19,GraphST,1,7,0.3490645313,0.3562009082,0.007136376945,0.6420790827,0.6622199209,Bregma −0.19
Bregma −0.19,GraphST,2,7,0.3546248105,0.3562009082,0.001576097686,0.6876816524,0.6893662582,Bregma −0.19
Bregma −0.19,GraphST,2,16,0.3546248105,0.3698521468,0.01522733628,0.6659853888,0.6904054428,Bregma −0.19
Bregma −0.19,GraphST,3,5,0.4334914591,0.4404798816,0.006988422495,0.5286538576,0.6375727868,Bregma −0.19
Bregma −0.19,GraphST,3,8,0.4334914591,0.4305029164,0.002988542764,0.5789873024,0.6544728013,Bregma −0.19
Bregma −0.19,GraphST,3,13,0.4334914591,0.4271110185,0.006380440642,0.6291130013,0.6478337642,Bregma −0.19
Bregma −0.19,GraphST,3,14,0.4334914591,0.4219674654,0.01152399371,0.5942215904,0.6354543858,Bregma −0.19
Bregma −0.19,GraphST,3,18,0.4334914591,0.418423598,0.01506786108,0.6612761772,0.6725616534,Bregma −0.19
Bregma −0.19,GraphST,3,19,0.4334914591,0.4160996252,0.01739183393,0.5513274628,0.6268617375,Bregma −0.19
Bregma −0.19,GraphST,4,10,0.3168721346,0.3132405768,0.003631557829,0.4805298468,0.616258264,Bregma −0.19
Bregma −0.19,GraphST,5,8,0.4404798816,0.4305029164,0.009976965259,0.6001877525,0.6835086135,Bregma −0.19
Bregma −0.19,GraphST,5,13,0.4404798816,0.4271110185,0.01336886314,0.5461704148,0.6506666034,Bregma −0.19
Bregma −0.19,GraphST,5,14,0.4404798816,0.4219674654,0.01851241621,0.5040335855,0.6380243837,Bregma −0.19
Bregma −0.19,GraphST,6,12,0.3762128787,0.3877428304,0.01152995172,0.498879175,0.6356475266,Bregma −0.19
Bregma −0.19,GraphST,6,15,0.3762128787,0.3808232327,0.004610354024,0.6962752312,0.708774494,Bregma −0.19
Bregma −0.19,GraphST,6,16,0.3762128787,0.3698521468,0.00636073187,0.6874903183,0.6990402406,Bregma −0.19
Bregma −0.19,GraphST,6,20,0.3762128787,0.3783162248,0.002103346145,0.6523591824,0.6875592097,Bregma −0.19
Bregma −0.19,GraphST,7,16,0.3562009082,0.3698521468,0.0136512386,0.6443981743,0.6658298338,Bregma −0.19
Bregma −0.19,GraphST,8,13,0.4305029164,0.4271110185,0.003391897878,0.6098817024,0.6656236114,Bregma −0.19
Bregma −0.19,GraphST,8,14,0.4305029164,0.4219674654,0.008535450948,0.5068974121,0.6193758702,Bregma −0.19
Bregma −0.19,GraphST,8,18,0.4305029164,0.418423598,0.01207931831,0.5931331452,0.6665457844,Bregma −0.19
Bregma −0.19,GraphST,8,19,0.4305029164,0.4160996252,0.01440329116,0.5876516846,0.6642222194,Bregma −0.19
Bregma −0.19,GraphST,9,11,0.3999818054,0.4053242594,0.005342454013,0.5697802784,0.6358330546,Bregma −0.19
Bregma −0.19,GraphST,9,12,0.3999818054,0.3877428304,0.01223897494,0.5274184978,0.6339828753,Bregma −0.19
Bregma −0.19,GraphST,9,15,0.3999818054,0.3808232327,0.01915857263,0.6754528198,0.6982565499,Bregma −0.19
Bregma −0.19,GraphST,9,18,0.3999818054,0.418423598,0.01844179269,0.5823412765,0.6508271228,Bregma −0.19
Bregma −0.19,GraphST,9,19,0.3999818054,0.4160996252,0.01611781984,0.4990830047,0.6250068484,Bregma −0.19
Bregma −0.19,GraphST,11,12,0.4053242594,0.3877428304,0.01758142895,0.5980933219,0.6530146032,Bregma −0.19
Bregma −0.19,GraphST,11,14,0.4053242594,0.4219674654,0.01664320604,0.5988224031,0.6403795587,Bregma −0.19
Bregma −0.19,GraphST,11,18,0.4053242594,0.418423598,0.01309933868,0.6623554954,0.6774501867,Bregma −0.19
Bregma −0.19,GraphST,11,19,0.4053242594,0.4160996252,0.01077536582,0.6006339457,0.6707920345,Bregma −0.19
Bregma −0.19,GraphST,12,15,0.3877428304,0.3808232327,0.006919597696,0.5144391355,0.6425575114,Bregma −0.19
Bregma −0.19,GraphST,12,16,0.3877428304,0.3698521468,0.01789068359,0.5080964935,0.6327243319,Bregma −0.19
Bregma −0.19,GraphST,12,20,0.3877428304,0.3783162248,0.009426605575,0.5339005429,0.6402968651,Bregma −0.19
Bregma −0.19,GraphST,13,14,0.4271110185,0.4219674654,0.00514355307,0.5665193631,0.6374692836,Bregma −0.19
Bregma −0.19,GraphST,13,18,0.4271110185,0.418423598,0.008687420433,0.6495537299,0.6714883521,Bregma −0.19
Bregma −0.19,GraphST,13,19,0.4271110185,0.4160996252,0.01101139329,0.6047156266,0.6671076531,Bregma −0.19
Bregma −0.19,GraphST,14,18,0.4219674654,0.418423598,0.003543867363,0.5909632043,0.6421855264,Bregma −0.19
Bregma −0.19,GraphST,14,19,0.4219674654,0.4160996252,0.005867840217,0.5225107571,0.6234880109,Bregma −0.19
Bregma −0.19,GraphST,15,16,0.3808232327,0.3698521468,0.01097108589,0.6746550436,0.6855265891,Bregma −0.19
Bregma −0.19,GraphST,15,20,0.3808232327,0.3783162248,0.002507007879,0.7025621534,0.7241664942,Bregma −0.19
Bregma −0.19,GraphST,16,20,0.3698521468,0.3783162248,0.008464078015,0.6351596886,0.6748675622,Bregma −0.19
Bregma −0.19,GraphST,18,19,0.418423598,0.4160996252,0.002323972854,0.5758684385,0.6458144706,Bregma −0.19
Bregma −0.19,STAGATE,1,5,0.5474634353,0.5424596907,0.005003744666,0.6523056921,0.75869018,Bregma −0.19
Bregma −0.19,STAGATE,1,6,0.5474634353,0.5585750969,0.01111166155,0.5887347117,0.7352777769,Bregma −0.19
Bregma −0.19,STAGATE,1,7,0.5474634353,0.5464993799,0.0009640554359,0.5896888892,0.7242772939,Bregma −0.19
Bregma −0.19,STAGATE,1,9,0.5474634353,0.5300194915,0.01744394386,0.6638000641,0.7691765037,Bregma −0.19
Bregma −0.19,STAGATE,1,12,0.5474634353,0.5502497466,0.002786311274,0.6489891793,0.7677197813,Bregma −0.19
Bregma −0.19,STAGATE,1,16,0.5474634353,0.5572348312,0.009771395843,0.6437184351,0.7573819221,Bregma −0.19
Bregma −0.19,STAGATE,1,17,0.5474634353,0.5618422303,0.01437879499,0.7196926745,0.7520155652,Bregma −0.19
Bregma −0.19,STAGATE,1,19,0.5474634353,0.565234049,0.01777061365,0.814941587,0.8371085174,Bregma −0.19
Bregma −0.19,STAGATE,2,11,0.5968534175,0.5885486668,0.008304750755,0.827691682,0.8314162101,Bregma −0.19
Bregma −0.19,STAGATE,2,15,0.5968534175,0.5821177526,0.01473566496,0.6315532647,0.7249889578,Bregma −0.19
Bregma −0.19,STAGATE,2,18,0.5968534175,0.581336734,0.01551668357,0.8301540533,0.8483158758,Bregma −0.19
Bregma −0.19,STAGATE,3,4,0.4426440761,0.4519076835,0.009263607407,0.613714471,0.7138154511,Bregma −0.19
Bregma −0.19,STAGATE,4,8,0.4519076835,0.4690252783,0.01711759477,0.5118170907,0.6842865758,Bregma −0.19
Bregma −0.19,STAGATE,5,6,0.5424596907,0.5585750969,0.01611540621,0.5738825529,0.6978221978,Bregma −0.19
Bregma −0.19,STAGATE,5,7,0.5424596907,0.5464993799,0.00403968923,0.5906085719,0.7183447313,Bregma −0.19
Bregma −0.19,STAGATE,5,9,0.5424596907,0.5300194915,0.0124401992,0.5254621176,0.6801021786,Bregma −0.19
Bregma −0.19,STAGATE,5,12,0.5424596907,0.5502497466,0.007790055939,0.5860292931,0.7082985669,Bregma −0.19
Bregma −0.19,STAGATE,5,16,0.5424596907,0.5572348312,0.01477514051,0.7722701699,0.7958681386,Bregma −0.19
Bregma −0.19,STAGATE,5,17,0.5424596907,0.5618422303,0.01938253966,0.6534031656,0.6974779136,Bregma −0.19
Bregma −0.19,STAGATE,6,7,0.5585750969,0.5464993799,0.01207571699,0.7180659697,0.7825681033,Bregma −0.19
Bregma −0.19,STAGATE,6,12,0.5585750969,0.5502497466,0.008325350275,0.6955380629,0.7787937057,Bregma −0.19
Bregma −0.19,STAGATE,6,16,0.5585750969,0.5572348312,0.001340265706,0.5830689411,0.7059474456,Bregma −0.19
Bregma −0.19,STAGATE,6,17,0.5585750969,0.5618422303,0.003267133444,0.5616497837,0.6795163844,Bregma −0.19
Bregma −0.19,STAGATE,6,19,0.5585750969,0.565234049,0.006658952101,0.5760019502,0.7086787319,Bregma −0.19
Bregma −0.19,STAGATE,7,9,0.5464993799,0.5300194915,0.01647988843,0.6802928775,0.7449992847,Bregma −0.19
Bregma −0.19,STAGATE,7,12,0.5464993799,0.5502497466,0.00375036671,0.7985444507,0.8190475202,Bregma −0.19
Bregma −0.19,STAGATE,7,16,0.5464993799,0.5572348312,0.01073545128,0.6056662512,0.7166257579,Bregma −0.19
Bregma −0.19,STAGATE,7,17,0.5464993799,0.5618422303,0.01534285043,0.5935563794,0.6822229643,Bregma −0.19
Bregma −0.19,STAGATE,7,19,0.5464993799,0.565234049,0.01873466909,0.646995191,0.7484245136,Bregma −0.19
Bregma −0.19,STAGATE,8,10,0.4690252783,0.4747214627,0.005696184453,0.5176532762,0.6686478265,Bregma −0.19
Bregma −0.19,STAGATE,8,13,0.4690252783,0.4868344236,0.01780914532,0.5322434639,0.6961987614,Bregma −0.19
Bregma −0.19,STAGATE,10,13,0.4747214627,0.4868344236,0.01211296087,0.8414016214,0.8166369621,Bregma −0.19
Bregma −0.19,STAGATE,11,15,0.5885486668,0.5821177526,0.006430914208,0.6480768844,0.7271132441,Bregma −0.19
Bregma −0.19,STAGATE,11,18,0.5885486668,0.581336734,0.007211932813,0.8606594282,0.8520366564,Bregma −0.19
Bregma −0.19,STAGATE,12,16,0.5502497466,0.5572348312,0.00698508457,0.6074694969,0.7140519491,Bregma −0.19
Bregma −0.19,STAGATE,12,17,0.5502497466,0.5618422303,0.01159248372,0.6244810949,0.7091922427,Bregma −0.19
Bregma −0.19,STAGATE,12,19,0.5502497466,0.565234049,0.01498430238,0.6693299775,0.7571424511,Bregma −0.19
Bregma −0.19,STAGATE,13,20,0.4868344236,0.5002987738,0.01346435026,0.5487727868,0.6909514212,Bregma −0.19
Bregma −0.19,STAGATE,15,18,0.5821177526,0.581336734,0.0007810186042,0.6246756664,0.7094057534,Bregma −0.19
Bregma −0.19,STAGATE,15,19,0.5821177526,0.565234049,0.0168837036,0.6345460099,0.72904597,Bregma −0.19
Bregma −0.19,STAGATE,16,17,0.5572348312,0.5618422303,0.004607399149,0.6209015286,0.6892669149,Bregma −0.19
Bregma −0.19,STAGATE,16,19,0.5572348312,0.565234049,0.007999217807,0.6689434597,0.7460057333,Bregma −0.19
Bregma −0.19,STAGATE,17,18,0.5618422303,0.581336734,0.01949450365,0.7418303599,0.750314653,Bregma −0.19
Bregma −0.19,STAGATE,17,19,0.5618422303,0.565234049,0.003391818658,0.7697990155,0.7618106269,Bregma −0.19
Bregma −0.19,STAGATE,18,19,0.581336734,0.565234049,0.016102685,0.837201327,0.8346381186,Bregma −0.19
Bregma −0.19,SpaGCN,1,5,0.2975772851,0.2960247458,0.001552539218,0.5257608152,0.5851318965,Bregma −0.19
Bregma −0.19,SpaGCN,1,18,0.2975772851,0.3004750029,0.002897717822,0.5586401957,0.6334996518,Bregma −0.19
Bregma −0.19,SpaGCN,1,20,0.2975772851,0.2910229319,0.00655435312,0.4095757244,0.5183812228,Bregma −0.19
Bregma −0.19,SpaGCN,2,10,0.2294925835,0.2220311393,0.007461444163,0.3449696835,0.4651919171,Bregma −0.19
Bregma −0.19,SpaGCN,2,11,0.2294925835,0.2359898607,0.006497277226,0.3198217167,0.4522435285,Bregma −0.19
Bregma −0.19,SpaGCN,2,17,0.2294925835,0.238135939,0.008643355493,0.3394019439,0.4941999839,Bregma −0.19
Bregma −0.19,SpaGCN,3,8,0.1696109361,0.1603451647,0.009265771385,0.3047115968,0.4595239654,Bregma −0.19
Bregma −0.19,SpaGCN,5,18,0.2960247458,0.3004750029,0.00445025704,0.4932218227,0.5579261433,Bregma −0.19
Bregma −0.19,SpaGCN,5,20,0.2960247458,0.2910229319,0.005001813902,0.4472622067,0.5293890798,Bregma −0.19
Bregma −0.19,SpaGCN,6,13,0.2004679975,0.1975853143,0.002882683225,0.3478063907,0.5129598049,Bregma −0.19
Bregma −0.19,SpaGCN,6,16,0.2004679975,0.1951405587,0.005327438886,0.3901981874,0.5184237058,Bregma −0.19
Bregma −0.19,SpaGCN,7,9,0.3427964965,0.3370566207,0.005739875811,0.6275545913,0.6559331529,Bregma −0.19
Bregma −0.19,SpaGCN,7,12,0.3427964965,0.3274401133,0.01535638324,0.5269542929,0.5969413814,Bregma −0.19
Bregma −0.19,SpaGCN,8,14,0.1603451647,0.1489306585,0.01141450622,0.3437756114,0.4780552826,Bregma −0.19
Bregma −0.19,SpaGCN,9,12,0.3370566207,0.3274401133,0.009616507428,0.5955357368,0.6450483982,Bregma −0.19
Bregma −0.19,SpaGCN,10,11,0.2220311393,0.2359898607,0.01395872139,0.5089620876,0.5652811143,Bregma −0.19
Bregma −0.19,SpaGCN,10,17,0.2220311393,0.238135939,0.01610479966,0.470787808,0.5536209754,Bregma −0.19
Bregma −0.19,SpaGCN,11,17,0.2359898607,0.238135939,0.002146078267,0.4537497442,0.5515465716,Bregma −0.19
Bregma −0.19,SpaGCN,13,16,0.1975853143,0.1951405587,0.002444755661,0.3853417592,0.5483595749,Bregma −0.19
Bregma −0.19,SpaGCN,15,17,0.2572594657,0.238135939,0.01912352672,0.3621849912,0.5014288841,Bregma −0.19
Bregma −0.19,SpaGCN,15,19,0.2572594657,0.2683816194,0.01112215374,0.367098936,0.4826994537,Bregma −0.19
Bregma −0.19,SpaGCN,18,20,0.3004750029,0.2910229319,0.009452070942,0.4166694656,0.537815434,Bregma −0.19
Bregma −0.19,BANKSY,1,2,0.2801616779,0.279731363,0.0004303149484,0.9976201767,0.9961449567,Bregma −0.19
Bregma −0.19,BANKSY,1,4,0.2801616779,0.279731363,0.0004303149484,0.9976201767,0.9961449567,Bregma −0.19
Bregma −0.19,BANKSY,1,5,0.2801616779,0.2804186992,0.0002570213081,0.9985208222,0.9976913755,Bregma −0.19
Bregma −0.19,BANKSY,1,6,0.2801616779,0.2802938057,0.0001321277691,0.9990480486,0.9984751991,Bregma −0.19
Bregma −0.19,BANKSY,1,7,0.2801616779,0.280836665,0.0006749870703,0.9973384597,0.9955420444,Bregma −0.19
Bregma −0.19,BANKSY,1,8,0.2801616779,0.28087815,0.0007164721435,0.9963874675,0.9943338619,Bregma −0.19
Bregma −0.19,BANKSY,1,9,0.2801616779,0.2802938057,0.0001321277691,0.9990480486,0.9984751991,Bregma −0.19
Bregma −0.19,BANKSY,1,10,0.2801616779,0.2802938057,0.0001321277691,0.9990480486,0.9984751991,Bregma −0.19
Bregma −0.19,BANKSY,1,11,0.2801616779,0.2797926501,0.0003690278249,0.9966691813,0.9949367546,Bregma −0.19
Bregma −0.19,BANKSY,1,12,0.2801616779,0.2805135938,0.0003519159341,0.9978646659,0.9964587979,Bregma −0.19
Bregma −0.19,BANKSY,1,14,0.2801616779,0.2808693124,0.0007076345287,0.9956300543,0.9929693822,Bregma −0.19
Bregma −0.19,BANKSY,1,16,0.2801616779,0.2807529498,0.0005912719366,0.9969140023,0.9951172255,Bregma −0.19
Bregma −0.19,BANKSY,1,17,0.2801616779,0.280836665,0.0006749870703,0.9973384597,0.9955420444,Bregma −0.19
Bregma −0.19,BANKSY,1,19,0.2801616779,0.279731363,0.0004303149484,0.9976201767,0.9961449567,Bregma −0.19
Bregma −0.19,BANKSY,1,20,0.2801616779,0.2803293961,0.0001677182314,0.9989963369,0.9984537301,Bregma −0.19
Bregma −0.19,BANKSY,2,4,0.279731363,0.279731363,0,1,1,Bregma −0.19
Bregma −0.19,BANKSY,2,5,0.279731363,0.2804186992,0.0006873362566,0.9990990953,0.9984537054,Bregma −0.19
Bregma −0.19,BANKSY,2,6,0.279731363,0.2802938057,0.0005624427175,0.9985718204,0.9976696732,Bregma −0.19
Bregma −0.19,BANKSY,2,7,0.279731363,0.280836665,0.001105302019,0.9968632388,0.9950525224,Bregma −0.19
Bregma −0.19,BANKSY,2,8,0.279731363,0.28087815,0.001146787092,0.9950643778,0.9925786025,Bregma −0.19
Bregma −0.19,BANKSY,2,9,0.279731363,0.2802938057,0.0005624427175,0.9985718204,0.9976696732,Bregma −0.19
Bregma −0.19,BANKSY,2,10,0.279731363,0.2802938057,0.0005624427175,0.9985718204,0.9976696732,Bregma −0.19
Bregma −0.19,BANKSY,2,11,0.279731363,0.2797926501,6.128712351e-05,0.9960040958,0.9944972646,Bregma −0.19
Bregma −0.19,BANKSY,2,12,0.279731363,0.2805135938,0.0007822308826,0.9954875945,0.9931032287,Bregma −0.19
Bregma −0.19,BANKSY,2,14,0.279731363,0.2808693124,0.001137949477,0.9943071345,0.9910815677,Bregma −0.19
Bregma −0.19,BANKSY,2,16,0.279731363,0.2807529498,0.001021586885,0.9945386666,0.9919274229,Bregma −0.19
Bregma −0.19,BANKSY,2,17,0.279731363,0.280836665,0.001105302019,0.9968632388,0.9950525224,Bregma −0.19
Bregma −0.19,BANKSY,2,19,0.279731363,0.279731363,0,1,1,Bregma −0.19
Bregma −0.19,BANKSY,2,20,0.279731363,0.2803293961,0.0005980331798,0.9976715665,0.9962998313,Bregma −0.19
Bregma −0.19,BANKSY,4,5,0.279731363,0.2804186992,0.0006873362566,0.9990990953,0.9984537054,Bregma −0.19
Bregma −0.19,BANKSY,4,6,0.279731363,0.2802938057,0.0005624427175,0.9985718204,0.9976696732,Bregma −0.19
Bregma −0.19,BANKSY,4,7,0.279731363,0.280836665,0.001105302019,0.9968632388,0.9950525224,Bregma −0.19
Bregma −0.19,BANKSY,4,8,0.279731363,0.28087815,0.001146787092,0.9950643778,0.9925786025,Bregma −0.19
Bregma −0.19,BANKSY,4,9,0.279731363,0.2802938057,0.0005624427175,0.9985718204,0.9976696732,Bregma −0.19
Bregma −0.19,BANKSY,4,10,0.279731363,0.2802938057,0.0005624427175,0.9985718204,0.9976696732,Bregma −0.19
Bregma −0.19,BANKSY,4,11,0.279731363,0.2797926501,6.128712351e-05,0.9960040958,0.9944972646,Bregma −0.19
Bregma −0.19,BANKSY,4,12,0.279731363,0.2805135938,0.0007822308826,0.9954875945,0.9931032287,Bregma −0.19
Bregma −0.19,BANKSY,4,14,0.279731363,0.2808693124,0.001137949477,0.9943071345,0.9910815677,Bregma −0.19
Bregma −0.19,BANKSY,4,16,0.279731363,0.2807529498,0.001021586885,0.9945386666,0.9919274229,Bregma −0.19
Bregma −0.19,BANKSY,4,17,0.279731363,0.280836665,0.001105302019,0.9968632388,0.9950525224,Bregma −0.19
Bregma −0.19,BANKSY,4,19,0.279731363,0.279731363,0,1,1,Bregma −0.19
Bregma −0.19,BANKSY,4,20,0.279731363,0.2803293961,0.0005980331798,0.9976715665,0.9962998313,Bregma −0.19
Bregma −0.19,BANKSY,5,6,0.2804186992,0.2802938057,0.0001248935391,0.9994725509,0.999216059,Bregma −0.19
Bregma −0.19,BANKSY,5,7,0.2804186992,0.280836665,0.0004179657622,0.9977630555,0.996415956,Bregma −0.19
Bregma −0.19,BANKSY,5,8,0.2804186992,0.28087815,0.0004594508354,0.9959643407,0.9939419005,Bregma −0.19
Bregma −0.19,BANKSY,5,9,0.2804186992,0.2802938057,0.0001248935391,0.9994725509,0.999216059,Bregma −0.19
Bregma −0.19,BANKSY,5,10,0.2804186992,0.2802938057,0.0001248935391,0.9994725509,0.999216059,Bregma −0.19
Bregma −0.19,BANKSY,5,11,0.2804186992,0.2797926501,0.000626049133,0.9962471213,0.9945451477,Bregma −0.19
Bregma −0.19,BANKSY,5,12,0.2804186992,0.2805135938,9.489462601e-05,0.9963874681,0.994466581,Bregma −0.19
Bregma −0.19,BANKSY,5,14,0.2804186992,0.2808693124,0.0004506132206,0.9952071302,0.9924448617,Bregma −0.19
Bregma −0.19,BANKSY,5,16,0.2804186992,0.2807529498,0.0003342506285,0.9954384555,0.9932908007,Bregma −0.19
Bregma −0.19,BANKSY,5,17,0.2804186992,0.280836665,0.0004179657622,0.9977630555,0.996415956,Bregma −0.19
Bregma −0.19,BANKSY,5,19,0.2804186992,0.279731363,0.0006873362566,0.9990990953,0.9984537054,Bregma −0.19
Bregma −0.19,BANKSY,5,20,0.2804186992,0.2803293961,8.930307675e-05,0.9985724973,0.9978460652,Bregma −0.19
Bregma −0.19,BANKSY,6,7,0.2802938057,0.280836665,0.0005428593013,0.998290004,0.9970668418,Bregma −0.19
Bregma −0.19,BANKSY,6,8,0.2802938057,0.28087815,0.0005843443745,0.9954384547,0.9931580818,Bregma −0.19
Bregma −0.19,BANKSY,6,9,0.2802938057,0.2802938057,0,1,1,Bregma −0.19
Bregma −0.19,BANKSY,6,10,0.2802938057,0.2802938057,0,1,1,Bregma −0.19
Bregma −0.19,BANKSY,6,11,0.2802938057,0.2797926501,0.000501155594,0.9957200694,0.9937610368,Bregma −0.19
Bregma −0.19,BANKSY,6,12,0.2802938057,0.2805135938,0.0002197881651,0.9969140023,0.9951172255,Bregma −0.19
Bregma −0.19,BANKSY,6,14,0.2802938057,0.2808693124,0.0005755067597,0.9946816496,0.9917938677,Bregma −0.19
Bregma −0.19,BANKSY,6,16,0.2802938057,0.2807529498,0.0004591441675,0.9959647666,0.9939413443,Bregma −0.19
Bregma −0.19,BANKSY,6,17,0.2802938057,0.280836665,0.0005428593013,0.998290004,0.9970668418,Bregma −0.19
Bregma −0.19,BANKSY,6,19,0.2802938057,0.279731363,0.0005624427175,0.9985718204,0.9976696732,Bregma −0.19
Bregma −0.19,BANKSY,6,20,0.2802938057,0.2803293961,3.55904623e-05,0.9980451598,0.9970620753,Bregma −0.19
Bregma −0.19,BANKSY,7,8,0.280836665,0.28087815,4.148507321e-05,0.9960952573,0.9945232676,Bregma −0.19
Bregma −0.19,BANKSY,7,9,0.280836665,0.2802938057,0.0005428593013,0.998290004,0.9970668418,Bregma −0.19
Bregma −0.19,BANKSY,7,10,0.280836665,0.2802938057,0.0005428593013,0.998290004,0.9970668418,Bregma −0.19
Bregma −0.19,BANKSY,7,11,0.280836665,0.2797926501,0.001044014895,0.9940124833,0.9911443223,Bregma −0.19
Bregma −0.19,BANKSY,7,12,0.280836665,0.2805135938,0.0003230711362,0.9975706343,0.9964825294,Bregma −0.19
Bregma −0.19,BANKSY,7,14,0.280836665,0.2808693124,3.26474584e-05,0.9963904679,0.9945932985,Bregma −0.19
Bregma −0.19,BANKSY,7,16,0.280836665,0.2807529498,8.371513371e-05,0.9966214486,0.9953066168,Bregma −0.19
Bregma −0.19,BANKSY,7,17,0.280836665,0.280836665,0,1,1,Bregma −0.19
Bregma −0.19,BANKSY,7,19,0.280836665,0.279731363,0.001105302019,0.9968632388,0.9950525224,Bregma −0.19
Bregma −0.19,BANKSY,7,20,0.280836665,0.2803293961,0.000507268839,0.996336162,0.9942621979,Bregma −0.19
Bregma −0.19,BANKSY,8,9,0.28087815,0.2802938057,0.0005843443745,0.9954384547,0.9931580818,Bregma −0.19
Bregma −0.19,BANKSY,8,10,0.28087815,0.2802938057,0.0005843443745,0.9954384547,0.9931580818,Bregma −0.19
Bregma −0.19,BANKSY,8,11,0.28087815,0.2797926501,0.001085499968,0.9979154937,0.9964882428,Bregma −0.19
Bregma −0.19,BANKSY,8,12,0.28087815,0.2805135938,0.0003645562094,0.9985207431,0.9976915412,Bregma −0.19
Bregma −0.19,BANKSY,8,14,0.28087815,0.2808693124,8.83761481e-06,0.9992406284,0.9985020052,Bregma −0.19
Bregma −0.19,BANKSY,8,16,0.28087815,0.2807529498,0.0001252002069,0.9994731096,0.9992163628,Bregma −0.19
Bregma −0.19,BANKSY,8,17,0.28087815,0.280836665,4.148507321e-05,0.9960952573,0.9945232676,Bregma −0.19
Bregma −0.19,BANKSY,8,19,0.28087815,0.279731363,0.001146787092,0.9950643778,0.9925786025,Bregma −0.19
Bregma −0.19,BANKSY,8,20,0.28087815,0.2803293961,0.0005487539122,0.9973881505,0.9956970601,Bregma −0.19
Bregma −0.19,BANKSY,9,10,0.2802938057,0.2802938057,0,1,1,Bregma −0.19
Bregma −0.19,BANKSY,9,11,0.2802938057,0.2797926501,0.000501155594,0.9957200694,0.9937610368,Bregma −0.19
Bregma −0.19,BANKSY,9,12,0.2802938057,0.2805135938,0.0002197881651,0.9969140023,0.9951172255,Bregma −0.19
Bregma −0.19,BANKSY,9,14,0.2802938057,0.2808693124,0.0005755067597,0.9946816496,0.9917938677,Bregma −0.19
Bregma −0.19,BANKSY,9,16,0.2802938057,0.2807529498,0.0004591441675,0.9959647666,0.9939413443,Bregma −0.19
Bregma −0.19,BANKSY,9,17,0.2802938057,0.280836665,0.0005428593013,0.998290004,0.9970668418,Bregma −0.19
Bregma −0.19,BANKSY,9,19,0.2802938057,0.279731363,0.0005624427175,0.9985718204,0.9976696732,Bregma −0.19
Bregma −0.19,BANKSY,9,20,0.2802938057,0.2803293961,3.55904623e-05,0.9980451598,0.9970620753,Bregma −0.19
Bregma −0.19,BANKSY,10,11,0.2802938057,0.2797926501,0.000501155594,0.9957200694,0.9937610368,Bregma −0.19
Bregma −0.19,BANKSY,10,12,0.2802938057,0.2805135938,0.0002197881651,0.9969140023,0.9951172255,Bregma −0.19
Bregma −0.19,BANKSY,10,14,0.2802938057,0.2808693124,0.0005755067597,0.9946816496,0.9917938677,Bregma −0.19
Bregma −0.19,BANKSY,10,16,0.2802938057,0.2807529498,0.0004591441675,0.9959647666,0.9939413443,Bregma −0.19
Bregma −0.19,BANKSY,10,17,0.2802938057,0.280836665,0.0005428593013,0.998290004,0.9970668418,Bregma −0.19
Bregma −0.19,BANKSY,10,19,0.2802938057,0.279731363,0.0005624427175,0.9985718204,0.9976696732,Bregma −0.19
Bregma −0.19,BANKSY,10,20,0.2802938057,0.2803293961,3.55904623e-05,0.9980451598,0.9970620753,Bregma −0.19
Bregma −0.19,BANKSY,11,12,0.2797926501,0.2805135938,0.000720943759,0.9964370913,0.9943126453,Bregma −0.19
Bregma −0.19,BANKSY,11,14,0.2797926501,0.2808693124,0.001076662354,0.9971561669,0.9949904656,Bregma −0.19
Bregma −0.19,BANKSY,11,16,0.2797926501,0.2807529498,0.0009602997615,0.9973892002,0.9958373417,Bregma −0.19
Bregma −0.19,BANKSY,11,17,0.2797926501,0.280836665,0.001044014895,0.9940124833,0.9911443223,Bregma −0.19
Bregma −0.19,BANKSY,11,19,0.2797926501,0.279731363,6.128712351e-05,0.9960040958,0.9944972646,Bregma −0.19
Bregma −0.19,BANKSY,11,20,0.2797926501,0.2803293961,0.0005367460563,0.9976711282,0.9963001723,Bregma −0.19
Bregma −0.19,BANKSY,12,14,0.2805135938,0.2808693124,0.0003557185946,0.997762385,0.9963266361,Bregma −0.19
Bregma −0.19,BANKSY,12,16,0.2805135938,0.2807529498,0.0002393560025,0.9990474111,0.9984750606,Bregma −0.19
Bregma −0.19,BANKSY,12,17,0.2805135938,0.280836665,0.0003230711362,0.9975706343,0.9964825294,Bregma −0.19
Bregma −0.19,BANKSY,12,19,0.2805135938,0.279731363,0.0007822308826,0.9954875945,0.9931032287,Bregma −0.19
Bregma −0.19,BANKSY,12,20,0.2805135938,0.2803293961,0.0001841977028,0.9978132916,0.9964378004,Bregma −0.19
Bregma −0.19,BANKSY,13,15,0.1684607158,0.1686785212,0.0002178053496,0.9980746997,0.9965920879,Bregma −0.19
Bregma −0.19,BANKSY,13,18,0.1684607158,0.1693397266,0.0008790108095,0.9926992558,0.9897055081,Bregma −0.19
Bregma −0.19,BANKSY,14,16,0.2808693124,0.2807529498,0.0001163625921,0.9987141437,0.9978511839,Bregma −0.19
Bregma −0.19,BANKSY,14,17,0.2808693124,0.280836665,3.26474584e-05,0.9963904679,0.9945932985,Bregma −0.19
Bregma −0.19,BANKSY,14,19,0.2808693124,0.279731363,0.001137949477,0.9943071345,0.9910815677,Bregma −0.19
Bregma −0.19,BANKSY,14,20,0.2808693124,0.2803293961,0.0005399162974,0.9966298982,0.9941996547,Bregma −0.19
Bregma −0.19,BANKSY,15,18,0.1686785212,0.1693397266,0.0006612054599,0.9946172194,0.9924433125,Bregma −0.19
Bregma −0.19,BANKSY,16,17,0.2807529498,0.280836665,8.371513371e-05,0.9966214486,0.9953066168,Bregma −0.19
Bregma −0.19,BANKSY,16,19,0.2807529498,0.279731363,0.001021586885,0.9945386666,0.9919274229,Bregma −0.19
Bregma −0.19,BANKSY,16,20,0.2807529498,0.2803293961,0.0004235537052,0.9968619744,0.9950460899,Bregma −0.19
Bregma −0.19,BANKSY,17,19,0.280836665,0.279731363,0.001105302019,0.9968632388,0.9950525224,Bregma −0.19
Bregma −0.19,BANKSY,17,20,0.280836665,0.2803293961,0.000507268839,0.996336162,0.9942621979,Bregma −0.19
Bregma −0.19,BANKSY,19,20,0.279731363,0.2803293961,0.0005980331798,0.9976715665,0.9962998313,Bregma −0.19
Bregma −0.19,SEDR,1,3,0.270768539187,0.262534873912,0.00823366527499,0.715248161427,0.740584887546,Bregma −0.19
Bregma −0.19,SEDR,1,4,0.270768539187,0.283145084183,0.0123765449954,0.601552085991,0.677187003996,Bregma −0.19
Bregma −0.19,SEDR,1,5,0.270768539187,0.289209773907,0.0184412347198,0.802123111764,0.786010572616,Bregma −0.19
Bregma −0.19,SEDR,1,6,0.270768539187,0.285662208519,0.0148936693317,0.768696745916,0.743072618667,Bregma −0.19
Bregma −0.19,SEDR,1,8,0.270768539187,0.266617750533,0.00415078865476,0.807858181293,0.787401433386,Bregma −0.19
Bregma −0.19,SEDR,1,9,0.270768539187,0.28398359166,0.0132150524725,0.644092400326,0.723632379542,Bregma −0.19
Bregma −0.19,SEDR,1,10,0.270768539187,0.285694823857,0.0149262846696,0.81529184733,0.788393197618,Bregma −0.19
Bregma −0.19,SEDR,1,11,0.270768539187,0.29042920227,0.0196606630824,0.78440130811,0.767313531774,Bregma −0.19
Bregma −0.19,SEDR,1,12,0.270768539187,0.275552557644,0.00478401845634,0.752694898328,0.737582618968,Bregma −0.19
Bregma −0.19,SEDR,1,16,0.270768539187,0.289463317001,0.0186947778133,0.659896371234,0.755219848109,Bregma −0.19
Bregma −0.19,SEDR,1,17,0.270768539187,0.281797786496,0.0110292473083,0.658094768825,0.700821239174,Bregma −0.19
Bregma −0.19,SEDR,1,18,0.270768539187,0.278442474254,0.00767393506664,0.802529887337,0.80192352504,Bregma −0.19
Bregma −0.19,SEDR,1,19,0.270768539187,0.281155912775,0.0103873735877,0.797423483497,0.774338162086,Bregma −0.19
Bregma −0.19,SEDR,1,20,0.270768539187,0.275027531874,0.00425899268686,0.792687433635,0.775913779766,Bregma −0.19
Bregma −0.19,SEDR,2,4,0.295239254532,0.283145084183,0.0120941703493,0.673506485786,0.770363569276,Bregma −0.19
Bregma −0.19,SEDR,2,5,0.295239254532,0.289209773907,0.00602948062485,0.861559973917,0.821620955522,Bregma −0.19
Bregma −0.19,SEDR,2,6,0.295239254532,0.285662208519,0.00957704601299,0.848308907029,0.839618198708,Bregma −0.19
Bregma −0.19,SEDR,2,7,0.295239254532,0.292062451668,0.00317680286403,0.792689489158,0.787601615345,Bregma −0.19
Bregma −0.19,SEDR,2,9,0.295239254532,0.28398359166,0.0112556628722,0.700202855822,0.801590274885,Bregma −0.19
Bregma −0.19,SEDR,2,10,0.295239254532,0.285694823857,0.00954443067512,0.87163724773,0.836293789709,Bregma −0.19
Bregma −0.19,SEDR,2,11,0.295239254532,0.29042920227,0.00481005226226,0.853409501603,0.822514003139,Bregma −0.19
Bregma −0.19,SEDR,2,12,0.295239254532,0.275552557644,0.0196866968883,0.805900418505,0.764693766791,Bregma −0.19
Bregma −0.19,SEDR,2,13,0.295239254532,0.294983518787,0.000255735744554,0.856074568146,0.824121248342,Bregma −0.19
Bregma −0.19,SEDR,2,16,0.295239254532,0.289463317001,0.00577593753136,0.602310554527,0.74205797626,Bregma −0.19
Bregma −0.19,SEDR,2,17,0.295239254532,0.281797786496,0.0134414680364,0.719744913238,0.762679595449,Bregma −0.19
Bregma −0.19,SEDR,2,18,0.295239254532,0.278442474254,0.016796780278,0.828229043934,0.789532905296,Bregma −0.19
Bregma −0.19,SEDR,2,19,0.295239254532,0.281155912775,0.014083341757,0.887193373109,0.857569259229,Bregma −0.19
Bregma −0.19,SEDR,3,8,0.262534873912,0.266617750533,0.00408287662022,0.720218109274,0.741550145678,Bregma −0.19
Bregma −0.19,SEDR,3,12,0.262534873912,0.275552557644,0.0130176837313,0.691802674656,0.702496116398,Bregma −0.19
Bregma −0.19,SEDR,3,15,0.262534873912,0.243609433069,0.0189254408428,0.83750944488,0.802164033442,Bregma −0.19
Bregma −0.19,SEDR,3,17,0.262534873912,0.281797786496,0.0192629125833,0.595459319409,0.682845357119,Bregma −0.19
Bregma −0.19,SEDR,3,18,0.262534873912,0.278442474254,0.0159076003416,0.71586238625,0.743379612626,Bregma −0.19
Bregma −0.19,SEDR,3,19,0.262534873912,0.281155912775,0.0186210388627,0.735613216768,0.748997640334,Bregma −0.19
Bregma −0.19,SEDR,3,20,0.262534873912,0.275027531874,0.0124926579618,0.716729686888,0.734159325437,Bregma −0.19
Bregma −0.19,SEDR,4,5,0.283145084183,0.289209773907,0.00606468972443,0.638358366971,0.704481553638,Bregma −0.19
Bregma −0.19,SEDR,4,6,0.283145084183,0.285662208519,0.00251712433629,0.647181446829,0.743164494825,Bregma −0.19
Bregma −0.19,SEDR,4,7,0.283145084183,0.292062451668,0.00891736748524,0.590808646456,0.685963306591,Bregma −0.19
Bregma −0.19,SEDR,4,8,0.283145084183,0.266617750533,0.0165273336502,0.641978122262,0.712407553545,Bregma −0.19
Bregma −0.19,SEDR,4,9,0.283145084183,0.28398359166,0.000838507477077,0.740172099967,0.75529665749,Bregma −0.19
Bregma −0.19,SEDR,4,10,0.283145084183,0.285694823857,0.00254973967415,0.647524844259,0.724439954839,Bregma −0.19
Bregma −0.19,SEDR,4,11,0.283145084183,0.29042920227,0.00728411808701,0.621874181402,0.703224148704,Bregma −0.19
Bregma −0.19,SEDR,4,12,0.283145084183,0.275552557644,0.00759252653907,0.657229673087,0.724380631817,Bregma −0.19
Bregma −0.19,SEDR,4,13,0.283145084183,0.294983518787,0.0118384346047,0.642594445253,0.717619195858,Bregma −0.19
Bregma −0.19,SEDR,4,16,0.283145084183,0.289463317001,0.00631823281792,0.543281455267,0.678183863528,Bregma −0.19
Bregma −0.19,SEDR,4,17,0.283145084183,0.281797786496,0.00134729768712,0.648550929072,0.67843482287,Bregma −0.19
Bregma −0.19,SEDR,4,18,0.283145084183,0.278442474254,0.00470260992876,0.608297273833,0.681270435795,Bregma −0.19
Bregma −0.19,SEDR,4,19,0.283145084183,0.281155912775,0.00198917140773,0.655144552021,0.736747318617,Bregma −0.19
Bregma −0.19,SEDR,4,20,0.283145084183,0.275027531874,0.00811755230855,0.646849597232,0.722219226496,Bregma −0.19
Bregma −0.19,SEDR,5,6,0.289209773907,0.285662208519,0.00354756538814,0.818404210524,0.777647437782,Bregma −0.19
Bregma −0.19,SEDR,5,7,0.289209773907,0.292062451668,0.00285267776081,0.764940676321,0.757159045728,Bregma −0.19
Bregma −0.19,SEDR,5,9,0.289209773907,0.28398359166,0.00522618224735,0.679436825004,0.749021842456,Bregma −0.19
Bregma −0.19,SEDR,5,10,0.289209773907,0.285694823857,0.00351495005027,0.879742923455,0.851112753681,Bregma −0.19
Bregma −0.19,SEDR,5,11,0.289209773907,0.29042920227,0.00121942836259,0.849350943462,0.822241399293,Bregma −0.19
Bregma −0.19,SEDR,5,12,0.289209773907,0.275552557644,0.0136572162635,0.800734890003,0.779789016923,Bregma −0.19
Bregma −0.19,SEDR,5,13,0.289209773907,0.294983518787,0.00577374488029,0.840692382714,0.802323451308,Bregma −0.19
Bregma −0.19,SEDR,5,16,0.289209773907,0.289463317001,0.000253543093492,0.58820204365,0.699144107817,Bregma −0.19
Bregma −0.19,SEDR,5,17,0.289209773907,0.281797786496,0.00741198741155,0.686552609816,0.720011023408,Bregma −0.19
Bregma −0.19,SEDR,5,18,0.289209773907,0.278442474254,0.0107672996532,0.829172778123,0.807210327333,Bregma −0.19
Bregma −0.19,SEDR,5,19,0.289209773907,0.281155912775,0.00805386113216,0.852008448077,0.818491740041,Bregma −0.19
Bregma −0.19,SEDR,5,20,0.289209773907,0.275027531874,0.014182242033,0.854226926193,0.822997027553,Bregma −0.19
Bregma −0.19,SEDR,6,7,0.285662208519,0.292062451668,0.00640024314895,0.748640142309,0.746359627764,Bregma −0.19
Bregma −0.19,SEDR,6,8,0.285662208519,0.266617750533,0.0190444579865,0.816927420589,0.793323016477,Bregma −0.19
Bregma −0.19,SEDR,6,9,0.285662208519,0.28398359166,0.00167861685921,0.67684550561,0.766568957034,Bregma −0.19
Bregma −0.19,SEDR,6,10,0.285662208519,0.285694823857,3.2615337863e-05,0.806107164336,0.779017943045,Bregma −0.19
Bregma −0.19,SEDR,6,11,0.285662208519,0.29042920227,0.00476699375073,0.819448003154,0.792826892586,Bregma −0.19
Bregma −0.19,SEDR,6,12,0.285662208519,0.275552557644,0.0101096508754,0.763728041959,0.728046197684,Bregma −0.19
Bregma −0.19,SEDR,6,13,0.285662208519,0.294983518787,0.00932131026843,0.829101797232,0.79936201496,Bregma −0.19
Bregma −0.19,SEDR,6,16,0.285662208519,0.289463317001,0.00380110848163,0.585562598741,0.722999432541,Bregma −0.19
Bregma −0.19,SEDR,6,17,0.285662208519,0.281797786496,0.00386442202341,0.671374586393,0.707679693805,Bregma −0.19
Bregma −0.19,SEDR,6,18,0.285662208519,0.278442474254,0.00721973426505,0.778326247992,0.7442522185,Bregma −0.19
Bregma −0.19,SEDR,6,19,0.285662208519,0.281155912775,0.00450629574402,0.840732799446,0.812253535428,Bregma −0.19
Bregma −0.19,SEDR,6,20,0.285662208519,0.275027531874,0.0106346766448,0.827328144118,0.806758840308,Bregma −0.19
Bregma −0.19,SEDR,7,9,0.292062451668,0.28398359166,0.00807886000816,0.611160447036,0.71394803737,Bregma −0.19
Bregma −0.19,SEDR,7,10,0.292062451668,0.285694823857,0.00636762781109,0.792701993158,0.786864040916,Bregma −0.19
Bregma −0.19,SEDR,7,11,0.292062451668,0.29042920227,0.00163324939823,0.781627022595,0.785858579883,Bregma −0.19
Bregma −0.19,SEDR,7,12,0.292062451668,0.275552557644,0.0165098940243,0.734124398277,0.732703562638,Bregma −0.19
Bregma −0.19,SEDR,7,13,0.292062451668,0.294983518787,0.00292106711948,0.776659535528,0.773025938173,Bregma −0.19
Bregma −0.19,SEDR,7,16,0.292062451668,0.289463317001,0.00259913466732,0.526317461429,0.685036823427,Bregma −0.19
Bregma −0.19,SEDR,7,17,0.292062451668,0.281797786496,0.0102646651724,0.642122291537,0.699311386748,Bregma −0.19
Bregma −0.19,SEDR,7,18,0.292062451668,0.278442474254,0.013619977414,0.756388738254,0.76177573252,Bregma −0.19
Bregma −0.19,SEDR,7,19,0.292062451668,0.281155912775,0.010906538893,0.780175121562,0.767264812083,Bregma −0.19
Bregma −0.19,SEDR,7,20,0.292062451668,0.275027531874,0.0170349197938,0.78538099576,0.774986706345,Bregma −0.19
Bregma −0.19,SEDR,8,9,0.266617750533,0.28398359166,0.0173658411272,0.702118784381,0.788249954414,Bregma −0.19
Bregma −0.19,SEDR,8,10,0.266617750533,0.285694823857,0.0190770733243,0.844651133596,0.811703803345,Bregma −0.19
Bregma −0.19,SEDR,8,12,0.266617750533,0.275552557644,0.0089348071111,0.780051972019,0.743939154324,Bregma −0.19
Bregma −0.19,SEDR,8,17,0.266617750533,0.281797786496,0.015180035963,0.72381420417,0.768184757401,Bregma −0.19
Bregma −0.19,SEDR,8,18,0.266617750533,0.278442474254,0.0118247237214,0.814773593498,0.78840304541,Bregma −0.19
Bregma −0.19,SEDR,8,19,0.266617750533,0.281155912775,0.0145381622424,0.862275118092,0.856716384086,Bregma −0.19
Bregma −0.19,SEDR,8,20,0.266617750533,0.275027531874,0.00840978134162,0.879556909071,0.868973280314,Bregma −0.19
Bregma −0.19,SEDR,9,10,0.28398359166,0.285694823857,0.00171123219707,0.678558469719,0.755303840323,Bregma −0.19
Bregma −0.19,SEDR,9,11,0.28398359166,0.29042920227,0.00644561060994,0.650391076791,0.7321032921,Bregma −0.19
Bregma −0.19,SEDR,9,12,0.28398359166,0.275552557644,0.00843103401614,0.608088836174,0.676971001252,Bregma −0.19
Bregma −0.19,SEDR,9,13,0.28398359166,0.294983518787,0.0109999271276,0.701833241257,0.789663483054,Bregma −0.19
Bregma −0.19,SEDR,9,16,0.28398359166,0.289463317001,0.00547972534084,0.596318187166,0.714091489341,Bregma −0.19
Bregma −0.19,SEDR,9,17,0.28398359166,0.281797786496,0.0021858051642,0.682432827232,0.729382189476,Bregma −0.19
Bregma −0.19,SEDR,9,18,0.28398359166,0.278442474254,0.00554111740584,0.655140055001,0.732341133151,Bregma −0.19
Bregma −0.19,SEDR,9,19,0.28398359166,0.281155912775,0.00282767888481,0.70672074117,0.79891892618,Bregma −0.19
Bregma −0.19,SEDR,9,20,0.28398359166,0.275027531874,0.00895605978562,0.72121279651,0.80112506228,Bregma −0.19
Bregma −0.19,SEDR,10,11,0.285694823857,0.29042920227,0.00473437841286,0.871208032093,0.855992249405,Bregma −0.19
Bregma −0.19,SEDR,10,12,0.285694823857,0.275552557644,0.0101422662132,0.811269377664,0.78735585158,Bregma −0.19
Bregma −0.19,SEDR,10,13,0.285694823857,0.294983518787,0.00928869493057,0.856897149341,0.813591302498,Bregma −0.19
Bregma −0.19,SEDR,10,16,0.285694823857,0.289463317001,0.00376849314377,0.594690630863,0.732950095645,Bregma −0.19
Bregma −0.19,SEDR,10,17,0.285694823857,0.281797786496,0.00389703736128,0.707618350185,0.743490159117,Bregma −0.19
Bregma −0.19,SEDR,10,18,0.285694823857,0.278442474254,0.00725234960291,0.84024086313,0.801962046486,Bregma −0.19
Bregma −0.19,SEDR,10,19,0.285694823857,0.281155912775,0.00453891108188,0.857156126514,0.813430005486,Bregma −0.19
Bregma −0.19,SEDR,10,20,0.285694823857,0.275027531874,0.0106672919827,0.857309450314,0.82209553898,Bregma −0.19
Bregma −0.19,SEDR,11,12,0.29042920227,0.275552557644,0.0148766446261,0.79650271345,0.775617924535,Bregma −0.19
Bregma −0.19,SEDR,11,13,0.29042920227,0.294983518787,0.00455431651771,0.855161517706,0.819389991887,Bregma −0.19
Bregma −0.19,SEDR,11,16,0.29042920227,0.289463317001,0.000965885269096,0.585098061772,0.716209421067,Bregma −0.19
Bregma −0.19,SEDR,11,17,0.29042920227,0.281797786496,0.00863141577414,0.687556123237,0.723454371698,Bregma −0.19
Bregma −0.19,SEDR,11,18,0.29042920227,0.278442474254,0.0119867280158,0.806424414434,0.774744715124,Bregma −0.19
Bregma −0.19,SEDR,11,19,0.29042920227,0.281155912775,0.00927328949475,0.844261049202,0.803786964811,Bregma −0.19
Bregma −0.19,SEDR,11,20,0.29042920227,0.275027531874,0.0154016703956,0.828027374593,0.795554363567,Bregma −0.19
Bregma −0.19,SEDR,12,13,0.275552557644,0.294983518787,0.0194309611438,0.784764914229,0.744741465119,Bregma −0.19
Bregma −0.19,SEDR,12,16,0.275552557644,0.289463317001,0.013910759357,0.523293414621,0.652196624404,Bregma −0.19
Bregma −0.19,SEDR,12,17,0.275552557644,0.281797786496,0.00624522885194,0.644485928619,0.673196221205,Bregma −0.19
Bregma −0.19,SEDR,12,18,0.275552557644,0.278442474254,0.00288991661031,0.76385993983,0.734524782853,Bregma −0.19
Bregma −0.19,SEDR,12,19,0.275552557644,0.281155912775,0.00560335513134,0.794676998413,0.752316147292,Bregma −0.19
Bregma −0.19,SEDR,12,20,0.275552557644,0.275027531874,0.000525025769478,0.771868967332,0.74207813354,Bregma −0.19
Bregma −0.19,SEDR,13,16,0.294983518787,0.289463317001,0.0055202017868,0.591283400549,0.703722915107,Bregma −0.19
Bregma −0.19,SEDR,13,17,0.294983518787,0.281797786496,0.0131857322918,0.719717069596,0.772547934449,Bregma −0.19
Bregma −0.19,SEDR,13,18,0.294983518787,0.278442474254,0.0165410445335,0.826982154519,0.798692643491,Bregma −0.19
Bregma −0.19,SEDR,13,19,0.294983518787,0.281155912775,0.0138276060125,0.87154358021,0.851244314057,Bregma −0.19
Bregma −0.19,SEDR,13,20,0.294983518787,0.275027531874,0.0199559869133,0.864087339328,0.850318048239,Bregma −0.19
Bregma −0.19,SEDR,16,17,0.289463317001,0.281797786496,0.00766553050504,0.542190220739,0.65343772469,Bregma −0.19
Bregma −0.19,SEDR,16,18,0.289463317001,0.278442474254,0.0110208427467,0.570905774253,0.693695719701,Bregma −0.19
Bregma −0.19,SEDR,16,19,0.289463317001,0.281155912775,0.00830740422565,0.581934257327,0.712157175299,Bregma −0.19
Bregma −0.19,SEDR,16,20,0.289463317001,0.275027531874,0.0144357851265,0.611282410059,0.736776993162,Bregma −0.19
Bregma −0.19,SEDR,17,18,0.281797786496,0.278442474254,0.00335531224164,0.671178398088,0.713642369874,Bregma −0.19
Bregma −0.19,SEDR,17,19,0.281797786496,0.281155912775,0.000641873720607,0.723314869056,0.77492221804,Bregma −0.19
Bregma −0.19,SEDR,17,20,0.281797786496,0.275027531874,0.00677025462142,0.734570107407,0.775913277828,Bregma −0.19
Bregma −0.19,SEDR,18,19,0.278442474254,0.281155912775,0.00271343852103,0.817783428923,0.78512248515,Bregma −0.19
Bregma −0.19,SEDR,18,20,0.278442474254,0.275027531874,0.00341494237979,0.830931828417,0.79894588524,Bregma −0.19
Bregma −0.19,SEDR,19,20,0.281155912775,0.275027531874,0.00612838090081,0.883857321837,0.874437299843,Bregma −0.19
Bregma −0.24,GraphST,1,2,0.4451275131,0.4485837775,0.003456264471,0.4487691409,0.5761662132,Bregma −0.24
Bregma −0.24,GraphST,1,4,0.4451275131,0.4316410098,0.01348650329,0.4790080393,0.5983340065,Bregma −0.24
Bregma −0.24,GraphST,1,12,0.4451275131,0.4453160224,0.0001885092968,0.4903414424,0.6193761976,Bregma −0.24
Bregma −0.24,GraphST,1,14,0.4451275131,0.438816055,0.00631145809,0.5290881782,0.6091797584,Bregma −0.24
Bregma −0.24,GraphST,1,19,0.4451275131,0.4385174147,0.006610098409,0.623338723,0.6699399633,Bregma −0.24
Bregma −0.24,GraphST,2,4,0.4485837775,0.4316410098,0.01694276776,0.4200543857,0.5762129934,Bregma −0.24
Bregma −0.24,GraphST,2,12,0.4485837775,0.4453160224,0.003267755175,0.4625803972,0.5863895992,Bregma −0.24
Bregma −0.24,GraphST,2,14,0.4485837775,0.438816055,0.009767722562,0.4252968469,0.565659288,Bregma −0.24
Bregma −0.24,GraphST,2,19,0.4485837775,0.4385174147,0.01006636288,0.4440573617,0.5864128445,Bregma −0.24
Bregma −0.24,GraphST,3,4,0.4154710726,0.4316410098,0.01616993715,0.6046635941,0.6522952605,Bregma −0.24
Bregma −0.24,GraphST,3,7,0.4154710726,0.4120103388,0.003460733873,0.4998473519,0.6244720574,Bregma −0.24
Bregma −0.24,GraphST,3,9,0.4154710726,0.4125030138,0.002968058819,0.6274195908,0.6504655425,Bregma −0.24
Bregma −0.24,GraphST,3,10,0.4154710726,0.4162883433,0.0008172706343,0.4846462912,0.6330464835,Bregma −0.24
Bregma −0.24,GraphST,3,13,0.4154710726,0.4070121292,0.008458943402,0.6520024001,0.6509553017,Bregma −0.24
Bregma −0.24,GraphST,3,18,0.4154710726,0.4128104845,0.002660588161,0.5670019696,0.6423831558,Bregma −0.24
Bregma −0.24,GraphST,3,20,0.4154710726,0.4188926175,0.003421544853,0.519479531,0.631741534,Bregma −0.24
Bregma −0.24,GraphST,4,7,0.4316410098,0.4120103388,0.01963067102,0.4608024552,0.61146147,Bregma −0.24
Bregma −0.24,GraphST,4,9,0.4316410098,0.4125030138,0.01913799596,0.6613342074,0.6753053342,Bregma −0.24
Bregma −0.24,GraphST,4,10,0.4316410098,0.4162883433,0.01535266651,0.494226839,0.6359933302,Bregma −0.24
Bregma −0.24,GraphST,4,12,0.4316410098,0.4453160224,0.01367501258,0.498454274,0.6028378321,Bregma −0.24
Bregma −0.24,GraphST,4,14,0.4316410098,0.438816055,0.007175045196,0.4805715517,0.5857871294,Bregma −0.24
Bregma −0.24,GraphST,4,18,0.4316410098,0.4128104845,0.01883052531,0.524386986,0.6141411551,Bregma −0.24
Bregma −0.24,GraphST,4,19,0.4316410098,0.4385174147,0.006876404877,0.5124251893,0.6065933403,Bregma −0.24
Bregma −0.24,GraphST,4,20,0.4316410098,0.4188926175,0.01274839229,0.4892192881,0.6216082677,Bregma −0.24
Bregma −0.24,GraphST,5,6,0.3869877659,0.3769078783,0.01007988762,0.5549376232,0.6555006656,Bregma −0.24
Bregma −0.24,GraphST,5,8,0.3869877659,0.3746810681,0.0123066978,0.5818006696,0.6721581583,Bregma −0.24
Bregma −0.24,GraphST,5,11,0.3869877659,0.3941383701,0.007150604193,0.5620049199,0.6632929358,Bregma −0.24
Bregma −0.24,GraphST,5,15,0.3869877659,0.3853360914,0.001651674501,0.5573766024,0.6559479,Bregma −0.24
Bregma −0.24,GraphST,6,8,0.3769078783,0.3746810681,0.002226810187,0.581704056,0.650471091,Bregma −0.24
Bregma −0.24,GraphST,6,11,0.3769078783,0.3941383701,0.01723049181,0.6101186235,0.6799694872,Bregma −0.24
Bregma −0.24,GraphST,6,15,0.3769078783,0.3853360914,0.008428213116,0.5383558621,0.6552320978,Bregma −0.24
Bregma −0.24,GraphST,7,9,0.4120103388,0.4125030138,0.0004926750545,0.4606050656,0.6105663309,Bregma −0.24
Bregma −0.24,GraphST,7,10,0.4120103388,0.4162883433,0.004278004507,0.5620635657,0.6512765985,Bregma −0.24
Bregma −0.24,GraphST,7,11,0.4120103388,0.3941383701,0.01787196865,0.5411299434,0.6444965998,Bregma −0.24
Bregma −0.24,GraphST,7,13,0.4120103388,0.4070121292,0.004998209529,0.477985954,0.594896354,Bregma −0.24
Bregma −0.24,GraphST,7,18,0.4120103388,0.4128104845,0.0008001457118,0.5224342161,0.6449046439,Bregma −0.24
Bregma −0.24,GraphST,7,20,0.4120103388,0.4188926175,0.006882278726,0.5883501026,0.6631658507,Bregma −0.24
Bregma −0.24,GraphST,8,11,0.3746810681,0.3941383701,0.019457302,0.6006397905,0.672294172,Bregma −0.24
Bregma −0.24,GraphST,8,15,0.3746810681,0.3853360914,0.0106550233,0.5812697044,0.6773913952,Bregma −0.24
Bregma −0.24,GraphST,9,10,0.4125030138,0.4162883433,0.003785329453,0.4485252426,0.6061145381,Bregma −0.24
Bregma −0.24,GraphST,9,11,0.4125030138,0.3941383701,0.0183646437,0.5290871404,0.6396509448,Bregma −0.24
Bregma −0.24,GraphST,9,13,0.4125030138,0.4070121292,0.005490884583,0.6388768728,0.6530468449,Bregma −0.24
Bregma −0.24,GraphST,9,18,0.4125030138,0.4128104845,0.0003074706573,0.5671928376,0.6483394033,Bregma −0.24
Bregma −0.24,GraphST,9,20,0.4125030138,0.4188926175,0.006389603672,0.4902186869,0.6227954676,Bregma −0.24
Bregma −0.24,GraphST,10,13,0.4162883433,0.4070121292,0.009276214036,0.443034141,0.5739315567,Bregma −0.24
Bregma −0.24,GraphST,10,18,0.4162883433,0.4128104845,0.003477858796,0.518751741,0.6612007288,Bregma −0.24
Bregma −0.24,GraphST,10,20,0.4162883433,0.4188926175,0.002604274219,0.6009360187,0.6824807861,Bregma −0.24
Bregma −0.24,GraphST,11,13,0.3941383701,0.4070121292,0.01287375912,0.5354415781,0.6071091588,Bregma −0.24
Bregma −0.24,GraphST,11,15,0.3941383701,0.3853360914,0.008802278695,0.5475104749,0.6680403883,Bregma −0.24
Bregma −0.24,GraphST,11,18,0.3941383701,0.4128104845,0.01867211436,0.5586420822,0.6510955489,Bregma −0.24
Bregma −0.24,GraphST,12,14,0.4453160224,0.438816055,0.006499967387,0.4594899693,0.5861079116,Bregma −0.24
Bregma −0.24,GraphST,12,19,0.4453160224,0.4385174147,0.006798607706,0.4592254315,0.6114594133,Bregma −0.24
Bregma −0.24,GraphST,13,18,0.4070121292,0.4128104845,0.005798355241,0.5459822826,0.6154945852,Bregma −0.24
Bregma −0.24,GraphST,13,20,0.4070121292,0.4188926175,0.01188048825,0.4972440085,0.6042378889,Bregma −0.24
Bregma −0.24,GraphST,14,19,0.438816055,0.4385174147,0.0002986403191,0.5608106007,0.6356589877,Bregma −0.24
Bregma −0.24,GraphST,14,20,0.438816055,0.4188926175,0.01992343749,0.4993607828,0.6024357696,Bregma −0.24
Bregma −0.24,GraphST,18,20,0.4128104845,0.4188926175,0.006082133014,0.5596558861,0.6601935348,Bregma −0.24
Bregma −0.24,GraphST,19,20,0.4385174147,0.4188926175,0.01962479717,0.6268769728,0.6814416448,Bregma −0.24
Bregma −0.24,STAGATE,1,11,0.5190631509,0.5151991394,0.003864011494,0.5448710973,0.6778997489,Bregma −0.24
Bregma −0.24,STAGATE,1,13,0.5190631509,0.5305181295,0.01145497858,0.5689169228,0.6953589604,Bregma −0.24
Bregma −0.24,STAGATE,1,15,0.5190631509,0.5382446332,0.01918148224,0.5506132806,0.685788116,Bregma −0.24
Bregma −0.24,STAGATE,3,12,0.5490628805,0.5564186641,0.007355783602,0.7335359714,0.8088976895,Bregma −0.24
Bregma −0.24,STAGATE,3,13,0.5490628805,0.5305181295,0.01854475103,0.5747900887,0.7199144473,Bregma −0.24
Bregma −0.24,STAGATE,3,14,0.5490628805,0.564270525,0.01520764442,0.6741894825,0.7561521633,Bregma −0.24
Bregma −0.24,STAGATE,3,15,0.5490628805,0.5382446332,0.01081824738,0.5135248653,0.6654404686,Bregma −0.24
Bregma −0.24,STAGATE,3,17,0.5490628805,0.5606369563,0.01157407574,0.6992294211,0.7563396285,Bregma −0.24
Bregma −0.24,STAGATE,3,18,0.5490628805,0.5489690644,9.381611276e-05,0.6197763381,0.7248800951,Bregma −0.24
Bregma −0.24,STAGATE,4,8,0.4507645791,0.4397737932,0.01099078588,0.7122274079,0.7916943276,Bregma −0.24
Bregma −0.24,STAGATE,4,16,0.4507645791,0.4706391478,0.0198745687,0.5877705638,0.723652763,Bregma −0.24
Bregma −0.24,STAGATE,5,6,0.5789404663,0.5693506538,0.009589812538,0.6301535801,0.700807813,Bregma −0.24
Bregma −0.24,STAGATE,5,14,0.5789404663,0.564270525,0.01466994133,0.7609894691,0.8243430121,Bregma −0.24
Bregma −0.24,STAGATE,5,17,0.5789404663,0.5606369563,0.01830351001,0.7833732691,0.8281687872,Bregma −0.24
Bregma −0.24,STAGATE,5,19,0.5789404663,0.5825220339,0.003581567593,0.8271192613,0.8488172856,Bregma −0.24
Bregma −0.24,STAGATE,5,20,0.5789404663,0.598914334,0.01997386774,0.6287323069,0.7283229351,Bregma −0.24
Bregma −0.24,STAGATE,6,12,0.5693506538,0.5564186641,0.01293198961,0.8361403982,0.8176963403,Bregma −0.24
Bregma −0.24,STAGATE,6,14,0.5693506538,0.564270525,0.00508012879,0.7107767641,0.7355992925,Bregma −0.24
Bregma −0.24,STAGATE,6,17,0.5693506538,0.5606369563,0.00871369747,0.6861014225,0.7232643369,Bregma −0.24
Bregma −0.24,STAGATE,6,19,0.5693506538,0.5825220339,0.01317138013,0.6775496599,0.7194381932,Bregma −0.24
Bregma −0.24,STAGATE,7,9,0.4723789558,0.4795890119,0.00721005614,0.5125739525,0.6810529922,Bregma −0.24
Bregma −0.24,STAGATE,7,10,0.4723789558,0.4910054852,0.0186265294,0.4834762096,0.6448515901,Bregma −0.24
Bregma −0.24,STAGATE,7,16,0.4723789558,0.4706391478,0.001739808009,0.5989422075,0.6860332233,Bregma −0.24
Bregma −0.24,STAGATE,9,10,0.4795890119,0.4910054852,0.01141647326,0.6066030362,0.7256586556,Bregma −0.24
Bregma −0.24,STAGATE,9,16,0.4795890119,0.4706391478,0.008949864149,0.6358129413,0.7314843281,Bregma −0.24
Bregma −0.24,STAGATE,11,13,0.5151991394,0.5305181295,0.01531899008,0.6788685319,0.7727276344,Bregma −0.24
Bregma −0.24,STAGATE,12,14,0.5564186641,0.564270525,0.007851860815,0.7464267245,0.7822486394,Bregma −0.24
Bregma −0.24,STAGATE,12,15,0.5564186641,0.5382446332,0.01817403098,0.5082053917,0.6615988527,Bregma −0.24
Bregma −0.24,STAGATE,12,17,0.5564186641,0.5606369563,0.004218292135,0.7248769771,0.7774727923,Bregma −0.24
Bregma −0.24,STAGATE,12,18,0.5564186641,0.5489690644,0.007449599715,0.6299445508,0.7230644976,Bregma −0.24
Bregma −0.24,STAGATE,13,15,0.5305181295,0.5382446332,0.007726503653,0.4964544401,0.6751251332,Bregma −0.24
Bregma −0.24,STAGATE,13,18,0.5305181295,0.5489690644,0.01845093492,0.6339238511,0.7292610713,Bregma −0.24
Bregma −0.24,STAGATE,14,17,0.564270525,0.5606369563,0.00363356868,0.7995839684,0.8338795534,Bregma −0.24
Bregma −0.24,STAGATE,14,18,0.564270525,0.5489690644,0.01530146053,0.7580492191,0.8124014234,Bregma −0.24
Bregma −0.24,STAGATE,14,19,0.564270525,0.5825220339,0.01825150892,0.7998787658,0.8268605184,Bregma −0.24
Bregma −0.24,STAGATE,15,18,0.5382446332,0.5489690644,0.01072443126,0.5508338787,0.6794378435,Bregma −0.24
Bregma −0.24,STAGATE,17,18,0.5606369563,0.5489690644,0.01166789185,0.6634514864,0.7668197837,Bregma −0.24
Bregma −0.24,STAGATE,19,20,0.5825220339,0.598914334,0.01639230014,0.6780504293,0.7457572363,Bregma −0.24
Bregma −0.24,SpaGCN,1,2,0.2833852727,0.2998804604,0.01649518773,0.5282165411,0.5968455915,Bregma −0.24
Bregma −0.24,SpaGCN,1,6,0.2833852727,0.2659855385,0.01739973416,0.5169239778,0.557055438,Bregma −0.24
Bregma −0.24,SpaGCN,1,7,0.2833852727,0.2780414189,0.005343853708,0.4665819046,0.5434292551,Bregma −0.24
Bregma −0.24,SpaGCN,1,12,0.2833852727,0.2635914375,0.01979383514,0.5478928625,0.5915042887,Bregma −0.24
Bregma −0.24,SpaGCN,1,20,0.2833852727,0.2640585372,0.01932673545,0.4803218802,0.5467621326,Bregma −0.24
Bregma −0.24,SpaGCN,2,18,0.2998804604,0.3046186943,0.004738233893,0.6796312857,0.7087709899,Bregma −0.24
Bregma −0.24,SpaGCN,3,4,0.2038826678,0.1859498764,0.01793279143,0.4555066725,0.5634533606,Bregma −0.24
Bregma −0.24,SpaGCN,3,5,0.2038826678,0.2205631162,0.01668044839,0.4695099031,0.563176223,Bregma −0.24
Bregma −0.24,SpaGCN,3,8,0.2038826678,0.2209321547,0.01704948689,0.5733521759,0.6561286828,Bregma −0.24
Bregma −0.24,SpaGCN,4,10,0.1859498764,0.1738427865,0.01210708985,0.4808868897,0.5582725261,Bregma −0.24
Bregma −0.24,SpaGCN,4,15,0.1859498764,0.1705961637,0.01535371268,0.4395213194,0.5586790009,Bregma −0.24
Bregma −0.24,SpaGCN,4,16,0.1859498764,0.1750102254,0.01093965096,0.4515544646,0.5535148092,Bregma −0.24
Bregma −0.24,SpaGCN,5,8,0.2205631162,0.2209321547,0.0003690384957,0.5216979046,0.6005084208,Bregma −0.24
Bregma −0.24,SpaGCN,5,13,0.2205631162,0.2341130448,0.01354992865,0.5777760302,0.6376335371,Bregma −0.24
Bregma −0.24,SpaGCN,5,14,0.2205631162,0.2398712465,0.01930813033,0.5437418786,0.595386653,Bregma −0.24
Bregma −0.24,SpaGCN,5,19,0.2205631162,0.2293023732,0.008739256999,0.6259951271,0.6662995546,Bregma −0.24
Bregma −0.24,SpaGCN,6,7,0.2659855385,0.2780414189,0.01205588045,0.6847885723,0.704996898,Bregma −0.24
Bregma −0.24,SpaGCN,6,11,0.2659855385,0.2580901149,0.007895423561,0.3804823989,0.5081953628,Bregma −0.24
Bregma −0.24,SpaGCN,6,12,0.2659855385,0.2635914375,0.002394100983,0.5633724655,0.6053931151,Bregma −0.24
Bregma −0.24,SpaGCN,6,17,0.2659855385,0.2461986131,0.01978692538,0.5612342538,0.5904403179,Bregma −0.24
Bregma −0.24,SpaGCN,6,20,0.2659855385,0.2640585372,0.001927001294,0.5166317837,0.5785451723,Bregma −0.24
Bregma −0.24,SpaGCN,7,11,0.2780414189,0.2580901149,0.01995130401,0.4266708881,0.5516446238,Bregma −0.24
Bregma −0.24,SpaGCN,7,12,0.2780414189,0.2635914375,0.01444998143,0.5452132056,0.605855816,Bregma −0.24
Bregma −0.24,SpaGCN,7,20,0.2780414189,0.2640585372,0.01398288174,0.5416168707,0.6125557376,Bregma −0.24
Bregma −0.24,SpaGCN,8,13,0.2209321547,0.2341130448,0.01318089015,0.488842904,0.5979427232,Bregma −0.24
Bregma −0.24,SpaGCN,8,14,0.2209321547,0.2398712465,0.01893909183,0.5463837715,0.6165385309,Bregma −0.24
Bregma −0.24,SpaGCN,8,19,0.2209321547,0.2293023732,0.008370218503,0.5959153994,0.6524709535,Bregma −0.24
Bregma −0.24,SpaGCN,10,15,0.1738427865,0.1705961637,0.00324662283,0.5608249724,0.5891217699,Bregma −0.24
Bregma −0.24,SpaGCN,10,16,0.1738427865,0.1750102254,0.001167438893,0.4455935089,0.5347874025,Bregma −0.24
Bregma −0.24,SpaGCN,11,12,0.2580901149,0.2635914375,0.005501322578,0.378746528,0.5165792475,Bregma −0.24
Bregma −0.24,SpaGCN,11,14,0.2580901149,0.2398712465,0.01821886842,0.3518797501,0.492995552,Bregma −0.24
Bregma −0.24,SpaGCN,11,17,0.2580901149,0.2461986131,0.01189150182,0.4030865131,0.515980062,Bregma −0.24
Bregma −0.24,SpaGCN,11,20,0.2580901149,0.2640585372,0.005968422267,0.4745161588,0.5827735566,Bregma −0.24
Bregma −0.24,SpaGCN,12,17,0.2635914375,0.2461986131,0.0173928244,0.563576205,0.5972939206,Bregma −0.24
Bregma −0.24,SpaGCN,12,20,0.2635914375,0.2640585372,0.000467099689,0.5685247343,0.6320811282,Bregma −0.24
Bregma −0.24,SpaGCN,13,14,0.2341130448,0.2398712465,0.005758201681,0.5653981628,0.6393006374,Bregma −0.24
Bregma −0.24,SpaGCN,13,17,0.2341130448,0.2461986131,0.01208556828,0.4690632096,0.5467590464,Bregma −0.24
Bregma −0.24,SpaGCN,13,19,0.2341130448,0.2293023732,0.00481067165,0.5314878433,0.6122586536,Bregma −0.24
Bregma −0.24,SpaGCN,14,17,0.2398712465,0.2461986131,0.006327366597,0.4786771698,0.5388186735,Bregma −0.24
Bregma −0.24,SpaGCN,14,19,0.2398712465,0.2293023732,0.01056887333,0.560051768,0.627132972,Bregma −0.24
Bregma −0.24,SpaGCN,15,16,0.1705961637,0.1750102254,0.004414061723,0.4414884491,0.5528707047,Bregma −0.24
Bregma −0.24,SpaGCN,17,19,0.2461986131,0.2293023732,0.01689623993,0.497847877,0.5625832115,Bregma −0.24
Bregma −0.24,SpaGCN,17,20,0.2461986131,0.2640585372,0.01785992409,0.6415772837,0.6534453648,Bregma −0.24
Bregma −0.24,BANKSY,1,12,0.2111867157,0.2111867157,0,1,1,Bregma −0.24
Bregma −0.24,BANKSY,1,13,0.2111867157,0.2111867157,0,1,1,Bregma −0.24
Bregma −0.24,BANKSY,2,5,0.2414227021,0.2415565415,0.0001338393993,0.9886727585,0.9879840196,Bregma −0.24
Bregma −0.24,BANKSY,2,8,0.2414227021,0.2603577028,0.01893500074,0.7033980797,0.8594102761,Bregma −0.24
Bregma −0.24,BANKSY,2,15,0.2414227021,0.2398352781,0.001587423963,0.5408335466,0.7829582117,Bregma −0.24
Bregma −0.24,BANKSY,2,16,0.2414227021,0.2555428732,0.01412017107,0.5989070152,0.8027356893,Bregma −0.24
Bregma −0.24,BANKSY,2,17,0.2414227021,0.2502786904,0.008855988323,0.938998339,0.9550959255,Bregma −0.24
Bregma −0.24,BANKSY,2,19,0.2414227021,0.2488516475,0.007428945472,0.6452258476,0.8313458792,Bregma −0.24
Bregma −0.24,BANKSY,2,20,0.2414227021,0.2595383389,0.0181156368,0.7019462461,0.8588193822,Bregma −0.24
Bregma −0.24,BANKSY,3,4,0.2643334528,0.262739599,0.001593853749,0.9723316581,0.9730141712,Bregma −0.24
Bregma −0.24,BANKSY,3,6,0.2643334528,0.2643135415,1.991127419e-05,0.9988113161,0.998607483,Bregma −0.24
Bregma −0.24,BANKSY,3,7,0.2643334528,0.2645156947,0.0001822419266,0.9984150199,0.9977545775,Bregma −0.24
Bregma −0.24,BANKSY,3,8,0.2643334528,0.2603577028,0.003975749956,0.6340799111,0.7789106301,Bregma −0.24
Bregma −0.24,BANKSY,3,9,0.2643334528,0.2636400641,0.0006933886368,0.9961465367,0.9953789832,Bregma −0.24
Bregma −0.24,BANKSY,3,10,0.2643334528,0.262739599,0.001593853749,0.9723316581,0.9730141712,Bregma −0.24
Bregma −0.24,BANKSY,3,11,0.2643334528,0.2637132069,0.0006202458838,0.9893696229,0.9879016509,Bregma −0.24
Bregma −0.24,BANKSY,3,14,0.2643334528,0.2655985325,0.001265079683,0.7580711779,0.8557124717,Bregma −0.24
Bregma −0.24,BANKSY,3,16,0.2643334528,0.2555428732,0.00879057962,0.9246106272,0.9361891782,Bregma −0.24
Bregma −0.24,BANKSY,3,17,0.2643334528,0.2502786904,0.01405476237,0.6580927928,0.8253871309,Bregma −0.24
Bregma −0.24,BANKSY,3,18,0.2643334528,0.2643135415,1.991127419e-05,0.9988113161,0.998607483,Bregma −0.24
Bregma −0.24,BANKSY,3,19,0.2643334528,0.2488516475,0.01548180522,0.5872211553,0.7767717343,Bregma −0.24
Bregma −0.24,BANKSY,3,20,0.2643334528,0.2595383389,0.004795113889,0.6338592097,0.7791469405,Bregma −0.24
Bregma −0.24,BANKSY,4,6,0.262739599,0.2643135415,0.001573942475,0.9717344818,0.9724715333,Bregma −0.24
Bregma −0.24,BANKSY,4,7,0.262739599,0.2645156947,0.001776095676,0.9732829763,0.9737060631,Bregma −0.24
Bregma −0.24,BANKSY,4,8,0.262739599,0.2603577028,0.002381896207,0.639563692,0.78217708,Bregma −0.24
Bregma −0.24,BANKSY,4,9,0.262739599,0.2636400641,0.0009004651125,0.9720498396,0.9729717992,Bregma −0.24
Bregma −0.24,BANKSY,4,10,0.262739599,0.262739599,0,1,1,Bregma −0.24
Bregma −0.24,BANKSY,4,11,0.262739599,0.2637132069,0.0009736078654,0.9631156787,0.9659116386,Bregma −0.24
Bregma −0.24,BANKSY,4,14,0.262739599,0.2655985325,0.002858933432,0.773782251,0.8624053412,Bregma −0.24
Bregma −0.24,BANKSY,4,16,0.262739599,0.2555428732,0.007196725871,0.9081503503,0.927560825,Bregma −0.24
Bregma −0.24,BANKSY,4,17,0.262739599,0.2502786904,0.01246090862,0.6711500565,0.8313404796,Bregma −0.24
Bregma −0.24,BANKSY,4,18,0.262739599,0.2643135415,0.001573942475,0.9717344818,0.9724715333,Bregma −0.24
Bregma −0.24,BANKSY,4,19,0.262739599,0.2488516475,0.01388795147,0.5829891817,0.7759670621,Bregma −0.24
Bregma −0.24,BANKSY,4,20,0.262739599,0.2595383389,0.00320126014,0.6393051419,0.7823899487,Bregma −0.24
Bregma −0.24,BANKSY,5,8,0.2415565415,0.2603577028,0.01880116134,0.6996952793,0.8573540032,Bregma −0.24
Bregma −0.24,BANKSY,5,15,0.2415565415,0.2398352781,0.001721263362,0.5396638199,0.782828422,Bregma −0.24
Bregma −0.24,BANKSY,5,16,0.2415565415,0.2555428732,0.01398633167,0.5981862002,0.8026462992,Bregma −0.24
Bregma −0.24,BANKSY,5,17,0.2415565415,0.2502786904,0.008722148924,0.9357237334,0.9547198906,Bregma −0.24
Bregma −0.24,BANKSY,5,19,0.2415565415,0.2488516475,0.007295106073,0.6496011483,0.8349358525,Bregma −0.24
Bregma −0.24,BANKSY,5,20,0.2415565415,0.2595383389,0.01798179741,0.6982730455,0.8567912827,Bregma −0.24
Bregma −0.24,BANKSY,6,7,0.2643135415,0.2645156947,0.0002021532008,0.9984150511,0.9977545728,Bregma −0.24
Bregma −0.24,BANKSY,6,8,0.2643135415,0.2603577028,0.003955838682,0.6341768566,0.7789912513,Bregma −0.24
Bregma −0.24,BANKSY,6,9,0.2643135415,0.2636400641,0.0006734773626,0.9949619482,0.9943441703,Bregma −0.24
Bregma −0.24,BANKSY,6,10,0.2643135415,0.262739599,0.001573942475,0.9717344818,0.9724715333,Bregma −0.24
Bregma −0.24,BANKSY,6,11,0.2643135415,0.2637132069,0.0006003346096,0.9881853041,0.9867686202,Bregma −0.24
Bregma −0.24,BANKSY,6,14,0.2643135415,0.2655985325,0.001284990957,0.7585721229,0.8562307045,Bregma −0.24
Bregma −0.24,BANKSY,6,16,0.2643135415,0.2555428732,0.008770668346,0.9234671697,0.9354901124,Bregma −0.24
Bregma −0.24,BANKSY,6,17,0.2643135415,0.2502786904,0.0140348511,0.6584002673,0.8255676607,Bregma −0.24
Bregma −0.24,BANKSY,6,18,0.2643135415,0.2643135415,0,1,1,Bregma −0.24
Bregma −0.24,BANKSY,6,19,0.2643135415,0.2488516475,0.01546189395,0.5876762069,0.7770153935,Bregma −0.24
Bregma −0.24,BANKSY,6,20,0.2643135415,0.2595383389,0.004775202615,0.6339532657,0.7792252496,Bregma −0.24
Bregma −0.24,BANKSY,7,8,0.2645156947,0.2603577028,0.004157991883,0.6344631373,0.7791020104,Bregma −0.24
Bregma −0.24,BANKSY,7,9,0.2645156947,0.2636400641,0.0008756305634,0.9945665986,0.9936770641,Bregma −0.24
Bregma −0.24,BANKSY,7,10,0.2645156947,0.262739599,0.001776095676,0.9732829763,0.9737060631,Bregma −0.24
Bregma −0.24,BANKSY,7,11,0.2645156947,0.2637132069,0.0008024878104,0.9877965168,0.9864340875,Bregma −0.24
Bregma −0.24,BANKSY,7,14,0.2645156947,0.2655985325,0.001082837756,0.7588402266,0.8560498659,Bregma −0.24
Bregma −0.24,BANKSY,7,16,0.2645156947,0.2555428732,0.008972821547,0.923113576,0.935229643,Bregma −0.24
Bregma −0.24,BANKSY,7,17,0.2645156947,0.2502786904,0.0142370043,0.6587856416,0.8256821939,Bregma −0.24
Bregma −0.24,BANKSY,7,18,0.2645156947,0.2643135415,0.0002021532008,0.9984150511,0.9977545728,Bregma −0.24
Bregma −0.24,BANKSY,7,19,0.2645156947,0.2488516475,0.01566404715,0.5874073254,0.7768688034,Bregma −0.24
Bregma −0.24,BANKSY,7,20,0.2645156947,0.2595383389,0.004977355816,0.6342394797,0.7793361603,Bregma −0.24
Bregma −0.24,BANKSY,8,9,0.2603577028,0.2636400641,0.003282361319,0.6329983923,0.7782510156,Bregma −0.24
Bregma −0.24,BANKSY,8,10,0.2603577028,0.262739599,0.002381896207,0.639563692,0.78217708,Bregma −0.24
Bregma −0.24,BANKSY,8,11,0.2603577028,0.2637132069,0.003355504072,0.6319330384,0.7780841779,Bregma −0.24
Bregma −0.24,BANKSY,8,14,0.2603577028,0.2655985325,0.005240829639,0.7386825505,0.8473567671,Bregma −0.24
Bregma −0.24,BANKSY,8,16,0.2603577028,0.2555428732,0.004814829664,0.6124386192,0.7691208496,Bregma −0.24
Bregma −0.24,BANKSY,8,17,0.2603577028,0.2502786904,0.01007901241,0.715801522,0.8584713968,Bregma −0.24
Bregma −0.24,BANKSY,8,18,0.2603577028,0.2643135415,0.003955838682,0.6341768566,0.7789912513,Bregma −0.24
Bregma −0.24,BANKSY,8,19,0.2603577028,0.2488516475,0.01150605527,0.5361606799,0.7511175987,Bregma −0.24
Bregma −0.24,BANKSY,8,20,0.2603577028,0.2595383389,0.000819363933,0.9945926347,0.9936871956,Bregma −0.24
Bregma −0.24,BANKSY,9,10,0.2636400641,0.262739599,0.0009004651125,0.9720498396,0.9729717992,Bregma −0.24
Bregma −0.24,BANKSY,9,11,0.2636400641,0.2637132069,7.314275295e-05,0.9908356724,0.9894464721,Bregma −0.24
Bregma −0.24,BANKSY,9,14,0.2636400641,0.2655985325,0.001958468319,0.7573281347,0.8556223857,Bregma −0.24
Bregma −0.24,BANKSY,9,16,0.2636400641,0.2555428732,0.008097190984,0.928277804,0.938474477,Bregma −0.24
Bregma −0.24,BANKSY,9,17,0.2636400641,0.2502786904,0.01336137373,0.6566037927,0.8246845699,Bregma −0.24
Bregma −0.24,BANKSY,9,18,0.2636400641,0.2643135415,0.0006734773626,0.9949619482,0.9943441703,Bregma −0.24
Bregma −0.24,BANKSY,9,19,0.2636400641,0.2488516475,0.01478841658,0.586501764,0.7763514515,Bregma −0.24
Bregma −0.24,BANKSY,9,20,0.2636400641,0.2595383389,0.004101725252,0.6327841166,0.7784926018,Bregma −0.24
Bregma −0.24,BANKSY,10,11,0.262739599,0.2637132069,0.0009736078654,0.9631156787,0.9659116386,Bregma −0.24
Bregma −0.24,BANKSY,10,14,0.262739599,0.2655985325,0.002858933432,0.773782251,0.8624053412,Bregma −0.24
Bregma −0.24,BANKSY,10,16,0.262739599,0.2555428732,0.007196725871,0.9081503503,0.927560825,Bregma −0.24
Bregma −0.24,BANKSY,10,17,0.262739599,0.2502786904,0.01246090862,0.6711500565,0.8313404796,Bregma −0.24
Bregma −0.24,BANKSY,10,18,0.262739599,0.2643135415,0.001573942475,0.9717344818,0.9724715333,Bregma −0.24
Bregma −0.24,BANKSY,10,19,0.262739599,0.2488516475,0.01388795147,0.5829891817,0.7759670621,Bregma −0.24
Bregma −0.24,BANKSY,10,20,0.262739599,0.2595383389,0.00320126014,0.6393051419,0.7823899487,Bregma −0.24
Bregma −0.24,BANKSY,11,14,0.2637132069,0.2655985325,0.001885325566,0.7517433763,0.8528306347,Bregma −0.24
Bregma −0.24,BANKSY,11,16,0.2637132069,0.2555428732,0.008170333736,0.9301877507,0.9396176788,Bregma −0.24
Bregma −0.24,BANKSY,11,17,0.2637132069,0.2502786904,0.01343451649,0.6531146444,0.8231532406,Bregma −0.24
Bregma −0.24,BANKSY,11,18,0.2637132069,0.2643135415,0.0006003346096,0.9881853041,0.9867686202,Bregma −0.24
Bregma −0.24,BANKSY,11,19,0.2637132069,0.2488516475,0.01486155934,0.5878260952,0.7767484485,Bregma −0.24
Bregma −0.24,BANKSY,11,20,0.2637132069,0.2595383389,0.004174868005,0.6317248118,0.7783294535,Bregma −0.24
Bregma −0.24,BANKSY,12,13,0.2111867157,0.2111867157,0,1,1,Bregma −0.24
Bregma −0.24,BANKSY,14,16,0.2655985325,0.2555428732,0.0100556593,0.7171376789,0.8383884996,Bregma −0.24
Bregma −0.24,BANKSY,14,17,0.2655985325,0.2502786904,0.01531984205,0.8346081136,0.906586292,Bregma −0.24
Bregma −0.24,BANKSY,14,18,0.2655985325,0.2643135415,0.001284990957,0.7585721229,0.8562307045,Bregma −0.24
Bregma −0.24,BANKSY,14,19,0.2655985325,0.2488516475,0.0167468849,0.5811064291,0.7860097737,Bregma −0.24
Bregma −0.24,BANKSY,14,20,0.2655985325,0.2595383389,0.006060193572,0.7375689849,0.8471589302,Bregma −0.24
Bregma −0.24,BANKSY,15,16,0.2398352781,0.2555428732,0.01570759504,0.7828249743,0.8738941786,Bregma −0.24
Bregma −0.24,BANKSY,15,17,0.2398352781,0.2502786904,0.01044341229,0.5621537589,0.7908311153,Bregma −0.24
Bregma −0.24,BANKSY,15,19,0.2398352781,0.2488516475,0.009016369435,0.6110392937,0.7987256352,Bregma −0.24
Bregma −0.24,BANKSY,15,20,0.2398352781,0.2595383389,0.01970306077,0.5906428361,0.7772938117,Bregma −0.24
Bregma −0.24,BANKSY,16,17,0.2555428732,0.2502786904,0.00526418275,0.6219860563,0.8105117795,Bregma −0.24
Bregma −0.24,BANKSY,16,18,0.2555428732,0.2643135415,0.008770668346,0.9234671697,0.9354901124,Bregma −0.24
Bregma −0.24,BANKSY,16,19,0.2555428732,0.2488516475,0.006691225601,0.5829299059,0.7767254249,Bregma −0.24
Bregma −0.24,BANKSY,16,20,0.2555428732,0.2595383389,0.003995465731,0.612507746,0.7696279779,Bregma −0.24
Bregma −0.24,BANKSY,17,18,0.2502786904,0.2643135415,0.0140348511,0.6584002673,0.8255676607,Bregma −0.24
Bregma −0.24,BANKSY,17,19,0.2502786904,0.2488516475,0.001427042851,0.6222107618,0.8137213754,Bregma −0.24
Bregma −0.24,BANKSY,17,20,0.2502786904,0.2595383389,0.009259648482,0.7142374786,0.857889466,Bregma −0.24
Bregma −0.24,BANKSY,18,19,0.2643135415,0.2488516475,0.01546189395,0.5876762069,0.7770153935,Bregma −0.24
Bregma −0.24,BANKSY,18,20,0.2643135415,0.2595383389,0.004775202615,0.6339532657,0.7792252496,Bregma −0.24
Bregma −0.24,BANKSY,19,20,0.2488516475,0.2595383389,0.01068669133,0.5352322503,0.7509662831,Bregma −0.24
Bregma −0.24,SEDR,1,2,0.176344837373,0.195185745227,0.0188409078537,0.61098306035,0.659725651984,Bregma −0.24
Bregma −0.24,SEDR,1,3,0.176344837373,0.179653470739,0.00330863336543,0.801900840094,0.807116666143,Bregma −0.24
Bregma −0.24,SEDR,1,7,0.176344837373,0.181995293778,0.00565045640478,0.714619255075,0.726636554263,Bregma −0.24
Bregma −0.24,SEDR,1,12,0.176344837373,0.190322339037,0.0139775016643,0.708399474728,0.721406734908,Bregma −0.24
Bregma −0.24,SEDR,1,14,0.176344837373,0.193068590236,0.0167237528625,0.70323679472,0.720986826228,Bregma −0.24
Bregma −0.24,SEDR,1,17,0.176344837373,0.176884219018,0.000539381644861,0.432628913937,0.58179764847,Bregma −0.24
Bregma −0.24,SEDR,1,19,0.176344837373,0.1666135037,0.00973133367324,0.716836371216,0.731139450848,Bregma −0.24
Bregma −0.24,SEDR,2,3,0.195185745227,0.179653470739,0.0155322744883,0.673861219978,0.697366165165,Bregma −0.24
Bregma −0.24,SEDR,2,5,0.195185745227,0.206589379271,0.0114036340445,0.553883321114,0.670471651804,Bregma −0.24
Bregma −0.24,SEDR,2,7,0.195185745227,0.181995293778,0.0131904514489,0.801716037032,0.824408490212,Bregma −0.24
Bregma −0.24,SEDR,2,10,0.195185745227,0.199487637323,0.00430189209567,0.696820574798,0.73671562326,Bregma −0.24
Bregma −0.24,SEDR,2,11,0.195185745227,0.203543747716,0.00835800248888,0.634360012385,0.710907657912,Bregma −0.24
Bregma −0.24,SEDR,2,12,0.195185745227,0.190322339037,0.00486340618945,0.798813114628,0.819962476229,Bregma −0.24
Bregma −0.24,SEDR,2,14,0.195185745227,0.193068590236,0.00211715499121,0.784186513592,0.807518292638,Bregma −0.24
Bregma −0.24,SEDR,2,17,0.195185745227,0.176884219018,0.0183015262089,0.478112010816,0.590008436093,Bregma −0.24
Bregma −0.24,SEDR,2,20,0.195185745227,0.214483441116,0.0192976958887,0.546612345148,0.615304710141,Bregma −0.24
Bregma −0.24,SEDR,3,7,0.179653470739,0.181995293778,0.00234182303936,0.788858306232,0.765695037974,Bregma −0.24
Bregma −0.24,SEDR,3,10,0.179653470739,0.199487637323,0.019834166584,0.789305239276,0.759911174478,Bregma −0.24
Bregma −0.24,SEDR,3,12,0.179653470739,0.190322339037,0.0106688682988,0.772010102988,0.746415615458,Bregma −0.24
Bregma −0.24,SEDR,3,14,0.179653470739,0.193068590236,0.0134151194971,0.79149435563,0.771283664328,Bregma −0.24
Bregma −0.24,SEDR,3,17,0.179653470739,0.176884219018,0.00276925172057,0.464441923091,0.592980188302,Bregma −0.24
Bregma −0.24,SEDR,3,19,0.179653470739,0.1666135037,0.0130399670387,0.780071619368,0.75229161124,Bregma −0.24
Bregma −0.24,SEDR,4,6,0.236904653065,0.231339451382,0.00556520168329,0.650502199965,0.687145521596,Bregma −0.24
Bregma −0.24,SEDR,4,9,0.236904653065,0.233897420935,0.00300723213066,0.612790781941,0.683714650343,Bregma −0.24
Bregma −0.24,SEDR,4,16,0.236904653065,0.235880569721,0.00102408334395,0.672155849353,0.752265119841,Bregma −0.24
Bregma −0.24,SEDR,4,18,0.236904653065,0.223585595942,0.0133190571235,0.649282871926,0.688458525152,Bregma −0.24
Bregma −0.24,SEDR,5,10,0.206589379271,0.199487637323,0.00710174194878,0.623853937369,0.684095130955,Bregma −0.24
Bregma −0.24,SEDR,5,11,0.206589379271,0.203543747716,0.00304563155557,0.710767789486,0.737203636726,Bregma −0.24
Bregma −0.24,SEDR,5,12,0.206589379271,0.190322339037,0.0162670402339,0.635995683377,0.727372131941,Bregma −0.24
Bregma −0.24,SEDR,5,14,0.206589379271,0.193068590236,0.0135207890357,0.635024747598,0.727567963143,Bregma −0.24
Bregma −0.24,SEDR,5,18,0.206589379271,0.223585595942,0.0169962166705,0.508487844165,0.622471233035,Bregma −0.24
Bregma −0.24,SEDR,5,20,0.206589379271,0.214483441116,0.00789406184425,0.718620920283,0.713895109951,Bregma −0.24
Bregma −0.24,SEDR,6,9,0.231339451382,0.233897420935,0.00255796955264,0.622494462321,0.6778894146,Bregma −0.24
Bregma −0.24,SEDR,6,16,0.231339451382,0.235880569721,0.00454111833934,0.614434280904,0.695007565375,Bregma −0.24
Bregma −0.24,SEDR,6,18,0.231339451382,0.223585595942,0.00775385544016,0.684103506477,0.697935826411,Bregma −0.24
Bregma −0.24,SEDR,6,20,0.231339451382,0.214483441116,0.0168560102664,0.561888621668,0.622815973873,Bregma −0.24
Bregma −0.24,SEDR,7,10,0.181995293778,0.199487637323,0.0174923435446,0.766281011258,0.756355779701,Bregma −0.24
Bregma −0.24,SEDR,7,12,0.181995293778,0.190322339037,0.00832704525948,0.891968915448,0.852994305833,Bregma −0.24
Bregma −0.24,SEDR,7,14,0.181995293778,0.193068590236,0.0110732964577,0.897082123831,0.883592973773,Bregma −0.24
Bregma −0.24,SEDR,7,17,0.181995293778,0.176884219018,0.00511107475992,0.471391550795,0.617730280764,Bregma −0.24
Bregma −0.24,SEDR,7,19,0.181995293778,0.1666135037,0.015381790078,0.881270118709,0.839553051399,Bregma −0.24
Bregma −0.24,SEDR,9,16,0.233897420935,0.235880569721,0.00198314878671,0.713613695499,0.733322465779,Bregma −0.24
Bregma −0.24,SEDR,9,18,0.233897420935,0.223585595942,0.0103118249928,0.819570505808,0.8303587139,Bregma −0.24
Bregma −0.24,SEDR,9,20,0.233897420935,0.214483441116,0.0194139798191,0.475855614655,0.624065329507,Bregma −0.24
Bregma −0.24,SEDR,10,11,0.199487637323,0.203543747716,0.00405611039321,0.681496130921,0.71288512265,Bregma −0.24
Bregma −0.24,SEDR,10,12,0.199487637323,0.190322339037,0.00916529828512,0.786125290973,0.794435736512,Bregma −0.24
Bregma −0.24,SEDR,10,14,0.199487637323,0.193068590236,0.00641904708688,0.766625707774,0.758310842864,Bregma −0.24
Bregma −0.24,SEDR,10,20,0.199487637323,0.214483441116,0.014995803793,0.624700074622,0.647067037186,Bregma −0.24
Bregma −0.24,SEDR,11,12,0.203543747716,0.190322339037,0.0132214086783,0.716689790724,0.754281711369,Bregma −0.24
Bregma −0.24,SEDR,11,14,0.203543747716,0.193068590236,0.0104751574801,0.718491446563,0.766755150095,Bregma −0.24
Bregma −0.24,SEDR,11,20,0.203543747716,0.214483441116,0.0109396933998,0.572920287378,0.621227742273,Bregma −0.24
Bregma −0.24,SEDR,12,14,0.190322339037,0.193068590236,0.00274625119824,0.879453976777,0.839040379687,Bregma −0.24
Bregma −0.24,SEDR,12,17,0.190322339037,0.176884219018,0.0134381200194,0.46293282603,0.591473845557,Bregma −0.24
Bregma −0.24,SEDR,14,17,0.193068590236,0.176884219018,0.0161843712176,0.477638903412,0.620017161046,Bregma −0.24
Bregma −0.24,SEDR,16,18,0.235880569721,0.223585595942,0.0122949737795,0.718935965466,0.743584570653,Bregma −0.24
Bregma −0.24,SEDR,17,19,0.176884219018,0.1666135037,0.0102707153181,0.463269582015,0.596417844358,Bregma −0.24
Bregma −0.24,SEDR,18,20,0.223585595942,0.214483441116,0.00910215482626,0.507922048394,0.633549420048,Bregma −0.24
