section,method,seed,reference_ari,reference_nmi,n_spots,n_clusters,feature_hash,coordinate_hash,graph_hash,elapsed_seconds,device,section_display,n_cells,n_genes
151507,GraphST,1,0.2616425405,0.4382333494,4226,7,ac36b7aaef8efd66336a066adcbaa1cb537b00c60847706e458042d61e61bb92,348757a9443cda15d83247d724be6149f03b04185b8e84b343948dc9b2b2601e,4712e72e3cb4b04353975216a2ae7dd85ff984c7993b6c868e25f5925a621333,17.79623699,cuda:0,151507,,
151507,GraphST,2,0.2486786151,0.4486992595,4226,7,ac36b7aaef8efd66336a066adcbaa1cb537b00c60847706e458042d61e61bb92,348757a9443cda15d83247d724be6149f03b04185b8e84b343948dc9b2b2601e,4712e72e3cb4b04353975216a2ae7dd85ff984c7993b6c868e25f5925a621333,11.74583507,cuda:0,151507,,
151507,GraphST,3,0.258770213,0.4377382118,4226,7,ac36b7aaef8efd66336a066adcbaa1cb537b00c60847706e458042d61e61bb92,348757a9443cda15d83247d724be6149f03b04185b8e84b343948dc9b2b2601e,4712e72e3cb4b04353975216a2ae7dd85ff984c7993b6c868e25f5925a621333,10.92520642,cuda:0,151507,,
151507,GraphST,4,0.2820304604,0.4561624345,4226,7,ac36b7aaef8efd66336a066adcbaa1cb537b00c60847706e458042d61e61bb92,348757a9443cda15d83247d724be6149f03b04185b8e84b343948dc9b2b2601e,4712e72e3cb4b04353975216a2ae7dd85ff984c7993b6c868e25f5925a621333,10.6463263,cuda:0,151507,,
151507,GraphST,5,0.3042338951,0.4852676553,4226,7,ac36b7aaef8efd66336a066adcbaa1cb537b00c60847706e458042d61e61bb92,348757a9443cda15d83247d724be6149f03b04185b8e84b343948dc9b2b2601e,4712e72e3cb4b04353975216a2ae7dd85ff984c7993b6c868e25f5925a621333,10.9164772,cuda:0,151507,,
151507,GraphST,6,0.2588153126,0.4434742497,4226,7,ac36b7aaef8efd66336a066adcbaa1cb537b00c60847706e458042d61e61bb92,348757a9443cda15d83247d724be6149f03b04185b8e84b343948dc9b2b2601e,4712e72e3cb4b04353975216a2ae7dd85ff984c7993b6c868e25f5925a621333,11.07729673,cuda:0,151507,,
151507,GraphST,7,0.273256454,0.4540639817,4226,7,ac36b7aaef8efd66336a066adcbaa1cb537b00c60847706e458042d61e61bb92,348757a9443cda15d83247d724be6149f03b04185b8e84b343948dc9b2b2601e,4712e72e3cb4b04353975216a2ae7dd85ff984c7993b6c868e25f5925a621333,10.89104366,cuda:0,151507,,
151507,GraphST,8,0.2715787728,0.4589298187,4226,7,ac36b7aaef8efd66336a066adcbaa1cb537b00c60847706e458042d61e61bb92,348757a9443cda15d83247d724be6149f03b04185b8e84b343948dc9b2b2601e,4712e72e3cb4b04353975216a2ae7dd85ff984c7993b6c868e25f5925a621333,11.01851416,cuda:0,151507,,
151507,GraphST,9,0.2585390237,0.4444104297,4226,7,ac36b7aaef8efd66336a066adcbaa1cb537b00c60847706e458042d61e61bb92,348757a9443cda15d83247d724be6149f03b04185b8e84b343948dc9b2b2601e,4712e72e3cb4b04353975216a2ae7dd85ff984c7993b6c868e25f5925a621333,11.10320234,cuda:0,151507,,
151507,GraphST,10,0.2449556832,0.4166877799,4226,7,ac36b7aaef8efd66336a066adcbaa1cb537b00c60847706e458042d61e61bb92,348757a9443cda15d83247d724be6149f03b04185b8e84b343948dc9b2b2601e,4712e72e3cb4b04353975216a2ae7dd85ff984c7993b6c868e25f5925a621333,11.0268805,cuda:0,151507,,
151507,GraphST,11,0.2744082524,0.424368574,4226,7,ac36b7aaef8efd66336a066adcbaa1cb537b00c60847706e458042d61e61bb92,348757a9443cda15d83247d724be6149f03b04185b8e84b343948dc9b2b2601e,4712e72e3cb4b04353975216a2ae7dd85ff984c7993b6c868e25f5925a621333,11.71626377,cuda:0,151507,,
151507,GraphST,12,0.2359170649,0.5040466471,4226,7,ac36b7aaef8efd66336a066adcbaa1cb537b00c60847706e458042d61e61bb92,348757a9443cda15d83247d724be6149f03b04185b8e84b343948dc9b2b2601e,4712e72e3cb4b04353975216a2ae7dd85ff984c7993b6c868e25f5925a621333,12.38545156,cuda:0,151507,,
151507,GraphST,13,0.2262248319,0.4093643292,4226,7,ac36b7aaef8efd66336a066adcbaa1cb537b00c60847706e458042d61e61bb92,348757a9443cda15d83247d724be6149f03b04185b8e84b343948dc9b2b2601e,4712e72e3cb4b04353975216a2ae7dd85ff984c7993b6c868e25f5925a621333,11.49495649,cuda:0,151507,,
151507,GraphST,14,0.2609970017,0.472811623,4226,7,ac36b7aaef8efd66336a066adcbaa1cb537b00c60847706e458042d61e61bb92,348757a9443cda15d83247d724be6149f03b04185b8e84b343948dc9b2b2601e,4712e72e3cb4b04353975216a2ae7dd85ff984c7993b6c868e25f5925a621333,11.73418832,cuda:0,151507,,
151507,GraphST,15,0.2589666695,0.4451577248,4226,7,ac36b7aaef8efd66336a066adcbaa1cb537b00c60847706e458042d61e61bb92,348757a9443cda15d83247d724be6149f03b04185b8e84b343948dc9b2b2601e,4712e72e3cb4b04353975216a2ae7dd85ff984c7993b6c868e25f5925a621333,11.40501499,cuda:0,151507,,
151507,GraphST,16,0.2641300999,0.4282778931,4226,7,ac36b7aaef8efd66336a066adcbaa1cb537b00c60847706e458042d61e61bb92,348757a9443cda15d83247d724be6149f03b04185b8e84b343948dc9b2b2601e,4712e72e3cb4b04353975216a2ae7dd85ff984c7993b6c868e25f5925a621333,11.72671914,cuda:0,151507,,
151507,GraphST,17,0.2524234943,0.4341524042,4226,7,ac36b7aaef8efd66336a066adcbaa1cb537b00c60847706e458042d61e61bb92,348757a9443cda15d83247d724be6149f03b04185b8e84b343948dc9b2b2601e,4712e72e3cb4b04353975216a2ae7dd85ff984c7993b6c868e25f5925a621333,11.27369332,cuda:0,151507,,
151507,GraphST,18,0.2505084057,0.448303781,4226,7,ac36b7aaef8efd66336a066adcbaa1cb537b00c60847706e458042d61e61bb92,348757a9443cda15d83247d724be6149f03b04185b8e84b343948dc9b2b2601e,4712e72e3cb4b04353975216a2ae7dd85ff984c7993b6c868e25f5925a621333,11.12761378,cuda:0,151507,,
151507,GraphST,19,0.2388843565,0.4398020299,4226,7,ac36b7aaef8efd66336a066adcbaa1cb537b00c60847706e458042d61e61bb92,348757a9443cda15d83247d724be6149f03b04185b8e84b343948dc9b2b2601e,4712e72e3cb4b04353975216a2ae7dd85ff984c7993b6c868e25f5925a621333,11.17149806,cuda:0,151507,,
151507,GraphST,20,0.2619226734,0.4279021011,4226,7,ac36b7aaef8efd66336a066adcbaa1cb537b00c60847706e458042d61e61bb92,348757a9443cda15d83247d724be6149f03b04185b8e84b343948dc9b2b2601e,4712e72e3cb4b04353975216a2ae7dd85ff984c7993b6c868e25f5925a621333,11.14918041,cuda:0,151507,,
151507,STAGATE,1,0.2512988965,0.4693484669,4226,7,ac36b7aaef8efd66336a066adcbaa1cb537b00c60847706e458042d61e61bb92,348757a9443cda15d83247d724be6149f03b04185b8e84b343948dc9b2b2601e,1965cd32db12f7679856dc5399601915a9c7effed9aa6db5499f16e2d0041556,51.3607502,cpu,151507,,
151507,STAGATE,2,0.2383313522,0.5325344689,4226,7,ac36b7aaef8efd66336a066adcbaa1cb537b00c60847706e458042d61e61bb92,348757a9443cda15d83247d724be6149f03b04185b8e84b343948dc9b2b2601e,1965cd32db12f7679856dc5399601915a9c7effed9aa6db5499f16e2d0041556,46.23930669,cpu,151507,,
151507,STAGATE,3,0.2480230559,0.475267275,4226,7,ac36b7aaef8efd66336a066adcbaa1cb537b00c60847706e458042d61e61bb92,348757a9443cda15d83247d724be6149f03b04185b8e84b343948dc9b2b2601e,1965cd32db12f7679856dc5399601915a9c7effed9aa6db5499f16e2d0041556,50.60571289,cpu,151507,,
151507,STAGATE,4,0.2250664111,0.4041000164,4226,7,ac36b7aaef8efd66336a066adcbaa1cb537b00c60847706e458042d61e61bb92,348757a9443cda15d83247d724be6149f03b04185b8e84b343948dc9b2b2601e,1965cd32db12f7679856dc5399601915a9c7effed9aa6db5499f16e2d0041556,49.36347866,cpu,151507,,
151507,STAGATE,5,0.2414256277,0.4741051746,4226,7,ac36b7aaef8efd66336a066adcbaa1cb537b00c60847706e458042d61e61bb92,348757a9443cda15d83247d724be6149f03b04185b8e84b343948dc9b2b2601e,1965cd32db12f7679856dc5399601915a9c7effed9aa6db5499f16e2d0041556,45.12706041,cpu,151507,,
151507,STAGATE,6,0.252721638,0.478950121,4226,7,ac36b7aaef8efd66336a066adcbaa1cb537b00c60847706e458042d61e61bb92,348757a9443cda15d83247d724be6149f03b04185b8e84b343948dc9b2b2601e,1965cd32db12f7679856dc5399601915a9c7effed9aa6db5499f16e2d0041556,39.49336576,cpu,151507,,
151507,STAGATE,7,0.4048739996,0.5660143312,4226,7,ac36b7aaef8efd66336a066adcbaa1cb537b00c60847706e458042d61e61bb92,348757a9443cda15d83247d724be6149f03b04185b8e84b343948dc9b2b2601e,1965cd32db12f7679856dc5399601915a9c7effed9aa6db5499f16e2d0041556,39.83234048,cpu,151507,,
151507,STAGATE,8,0.3926048364,0.5886165151,4226,7,ac36b7aaef8efd66336a066adcbaa1cb537b00c60847706e458042d61e61bb92,348757a9443cda15d83247d724be6149f03b04185b8e84b343948dc9b2b2601e,1965cd32db12f7679856dc5399601915a9c7effed9aa6db5499f16e2d0041556,39.82831311,cpu,151507,,
151507,STAGATE,9,0.242950889,0.4683854744,4226,7,ac36b7aaef8efd66336a066adcbaa1cb537b00c60847706e458042d61e61bb92,348757a9443cda15d83247d724be6149f03b04185b8e84b343948dc9b2b2601e,1965cd32db12f7679856dc5399601915a9c7effed9aa6db5499f16e2d0041556,41.77042723,cpu,151507,,
151507,STAGATE,10,0.3765858316,0.5855701355,4226,7,ac36b7aaef8efd66336a066adcbaa1cb537b00c60847706e458042d61e61bb92,348757a9443cda15d83247d724be6149f03b04185b8e84b343948dc9b2b2601e,1965cd32db12f7679856dc5399601915a9c7effed9aa6db5499f16e2d0041556,41.56801629,cpu,151507,,
151507,STAGATE,11,0.4170051092,0.580406915,4226,7,ac36b7aaef8efd66336a066adcbaa1cb537b00c60847706e458042d61e61bb92,348757a9443cda15d83247d724be6149f03b04185b8e84b343948dc9b2b2601e,1965cd32db12f7679856dc5399601915a9c7effed9aa6db5499f16e2d0041556,41.14798594,cpu,151507,,
151507,STAGATE,12,0.2524899087,0.4710797986,4226,7,ac36b7aaef8efd66336a066adcbaa1cb537b00c60847706e458042d61e61bb92,348757a9443cda15d83247d724be6149f03b04185b8e84b343948dc9b2b2601e,1965cd32db12f7679856dc5399601915a9c7effed9aa6db5499f16e2d0041556,39.97272611,cpu,151507,,
151507,STAGATE,13,0.2681429087,0.4871207689,4226,7,ac36b7aaef8efd66336a066adcbaa1cb537b00c60847706e458042d61e61bb92,348757a9443cda15d83247d724be6149f03b04185b8e84b343948dc9b2b2601e,1965cd32db12f7679856dc5399601915a9c7effed9aa6db5499f16e2d0041556,40.78535223,cpu,151507,,
151507,STAGATE,14,0.2448406731,0.5409396708,4226,7,ac36b7aaef8efd66336a066adcbaa1cb537b00c60847706e458042d61e61bb92,348757a9443cda15d83247d724be6149f03b04185b8e84b343948dc9b2b2601e,1965cd32db12f7679856dc5399601915a9c7effed9aa6db5499f16e2d0041556,42.15733218,cpu,151507,,
151507,STAGATE,15,0.2375497612,0.4597551331,4226,7,ac36b7aaef8efd66336a066adcbaa1cb537b00c60847706e458042d61e61bb92,348757a9443cda15d83247d724be6149f03b04185b8e84b343948dc9b2b2601e,1965cd32db12f7679856dc5399601915a9c7effed9aa6db5499f16e2d0041556,41.92626262,cpu,151507,,
151507,STAGATE,16,0.244493334,0.4692313003,4226,7,ac36b7aaef8efd66336a066adcbaa1cb537b00c60847706e458042d61e61bb92,348757a9443cda15d83247d724be6149f03b04185b8e84b343948dc9b2b2601e,1965cd32db12f7679856dc5399601915a9c7effed9aa6db5499f16e2d0041556,41.95677972,cpu,151507,,
151507,STAGATE,17,0.242500329,0.4680422088,4226,7,ac36b7aaef8efd66336a066adcbaa1cb537b00c60847706e458042d61e61bb92,348757a9443cda15d83247d724be6149f03b04185b8e84b343948dc9b2b2601e,1965cd32db12f7679856dc5399601915a9c7effed9aa6db5499f16e2d0041556,41.54232502,cpu,151507,,
151507,STAGATE,18,0.3163330896,0.4911590369,4226,7,ac36b7aaef8efd66336a066adcbaa1cb537b00c60847706e458042d61e61bb92,348757a9443cda15d83247d724be6149f03b04185b8e84b343948dc9b2b2601e,1965cd32db12f7679856dc5399601915a9c7effed9aa6db5499f16e2d0041556,42.00001478,cpu,151507,,
151507,STAGATE,19,0.250086085,0.4700646522,4226,7,ac36b7aaef8efd66336a066adcbaa1cb537b00c60847706e458042d61e61bb92,348757a9443cda15d83247d724be6149f03b04185b8e84b343948dc9b2b2601e,1965cd32db12f7679856dc5399601915a9c7effed9aa6db5499f16e2d0041556,40.94722438,cpu,151507,,
151507,STAGATE,20,0.3415403768,0.5713240879,4226,7,ac36b7aaef8efd66336a066adcbaa1cb537b00c60847706e458042d61e61bb92,348757a9443cda15d83247d724be6149f03b04185b8e84b343948dc9b2b2601e,1965cd32db12f7679856dc5399601915a9c7effed9aa6db5499f16e2d0041556,40.05660653,cpu,151507,,
151507,SpaGCN,1,0.3632867545,0.4781931646,4226,6,ac36b7aaef8efd66336a066adcbaa1cb537b00c60847706e458042d61e61bb92,348757a9443cda15d83247d724be6149f03b04185b8e84b343948dc9b2b2601e,91d9c9f886445b3c211029b2b026144c5ee3dba4c191e633aedb112996c56295,21.78170204,cpu,151507,,
151507,SpaGCN,2,0.3685778293,0.4932969004,4226,7,ac36b7aaef8efd66336a066adcbaa1cb537b00c60847706e458042d61e61bb92,348757a9443cda15d83247d724be6149f03b04185b8e84b343948dc9b2b2601e,91d9c9f886445b3c211029b2b026144c5ee3dba4c191e633aedb112996c56295,10.68261909,cpu,151507,,
151507,SpaGCN,3,0.4189789695,0.520489648,4226,7,ac36b7aaef8efd66336a066adcbaa1cb537b00c60847706e458042d61e61bb92,348757a9443cda15d83247d724be6149f03b04185b8e84b343948dc9b2b2601e,91d9c9f886445b3c211029b2b026144c5ee3dba4c191e633aedb112996c56295,19.2104733,cpu,151507,,
151507,SpaGCN,4,0.3233227839,0.4688545662,4226,7,ac36b7aaef8efd66336a066adcbaa1cb537b00c60847706e458042d61e61bb92,348757a9443cda15d83247d724be6149f03b04185b8e84b343948dc9b2b2601e,91d9c9f886445b3c211029b2b026144c5ee3dba4c191e633aedb112996c56295,18.78930593,cpu,151507,,
151507,SpaGCN,5,0.3921468974,0.5169903719,4226,7,ac36b7aaef8efd66336a066adcbaa1cb537b00c60847706e458042d61e61bb92,348757a9443cda15d83247d724be6149f03b04185b8e84b343948dc9b2b2601e,91d9c9f886445b3c211029b2b026144c5ee3dba4c191e633aedb112996c56295,17.29689741,cpu,151507,,
151507,SpaGCN,6,0.3054046577,0.4574155325,4226,7,ac36b7aaef8efd66336a066adcbaa1cb537b00c60847706e458042d61e61bb92,348757a9443cda15d83247d724be6149f03b04185b8e84b343948dc9b2b2601e,91d9c9f886445b3c211029b2b026144c5ee3dba4c191e633aedb112996c56295,6.705305576,cpu,151507,,
151507,SpaGCN,7,0.2703780632,0.4529707549,4226,7,ac36b7aaef8efd66336a066adcbaa1cb537b00c60847706e458042d61e61bb92,348757a9443cda15d83247d724be6149f03b04185b8e84b343948dc9b2b2601e,91d9c9f886445b3c211029b2b026144c5ee3dba4c191e633aedb112996c56295,19.88379097,cpu,151507,,
151507,SpaGCN,8,0.2909195392,0.4485216351,4226,7,ac36b7aaef8efd66336a066adcbaa1cb537b00c60847706e458042d61e61bb92,348757a9443cda15d83247d724be6149f03b04185b8e84b343948dc9b2b2601e,91d9c9f886445b3c211029b2b026144c5ee3dba4c191e633aedb112996c56295,21.65443993,cpu,151507,,
151507,SpaGCN,9,0.2985877537,0.4552673027,4226,7,ac36b7aaef8efd66336a066adcbaa1cb537b00c60847706e458042d61e61bb92,348757a9443cda15d83247d724be6149f03b04185b8e84b343948dc9b2b2601e,91d9c9f886445b3c211029b2b026144c5ee3dba4c191e633aedb112996c56295,21.73798966,cpu,151507,,
151507,SpaGCN,10,0.3617221527,0.4928169987,4226,7,ac36b7aaef8efd66336a066adcbaa1cb537b00c60847706e458042d61e61bb92,348757a9443cda15d83247d724be6149f03b04185b8e84b343948dc9b2b2601e,91d9c9f886445b3c211029b2b026144c5ee3dba4c191e633aedb112996c56295,22.90824056,cpu,151507,,
151507,SpaGCN,11,0.3786058484,0.5238155401,4226,7,ac36b7aaef8efd66336a066adcbaa1cb537b00c60847706e458042d61e61bb92,348757a9443cda15d83247d724be6149f03b04185b8e84b343948dc9b2b2601e,91d9c9f886445b3c211029b2b026144c5ee3dba4c191e633aedb112996c56295,23.93744802,cpu,151507,,
151507,SpaGCN,12,0.3869610927,0.5015164593,4226,6,ac36b7aaef8efd66336a066adcbaa1cb537b00c60847706e458042d61e61bb92,348757a9443cda15d83247d724be6149f03b04185b8e84b343948dc9b2b2601e,91d9c9f886445b3c211029b2b026144c5ee3dba4c191e633aedb112996c56295,8.54735136,cpu,151507,,
151507,SpaGCN,13,0.3105328954,0.4725572867,4226,7,ac36b7aaef8efd66336a066adcbaa1cb537b00c60847706e458042d61e61bb92,348757a9443cda15d83247d724be6149f03b04185b8e84b343948dc9b2b2601e,91d9c9f886445b3c211029b2b026144c5ee3dba4c191e633aedb112996c56295,23.33923531,cpu,151507,,
151507,SpaGCN,14,0.4044803982,0.5137931739,4226,7,ac36b7aaef8efd66336a066adcbaa1cb537b00c60847706e458042d61e61bb92,348757a9443cda15d83247d724be6149f03b04185b8e84b343948dc9b2b2601e,91d9c9f886445b3c211029b2b026144c5ee3dba4c191e633aedb112996c56295,23.8129499,cpu,151507,,
151507,SpaGCN,15,0.3535688977,0.4671300903,4226,7,ac36b7aaef8efd66336a066adcbaa1cb537b00c60847706e458042d61e61bb92,348757a9443cda15d83247d724be6149f03b04185b8e84b343948dc9b2b2601e,91d9c9f886445b3c211029b2b026144c5ee3dba4c191e633aedb112996c56295,23.99479318,cpu,151507,,
151507,SpaGCN,16,0.4619630376,0.567712577,4226,7,ac36b7aaef8efd66336a066adcbaa1cb537b00c60847706e458042d61e61bb92,348757a9443cda15d83247d724be6149f03b04185b8e84b343948dc9b2b2601e,91d9c9f886445b3c211029b2b026144c5ee3dba4c191e633aedb112996c56295,20.68040562,cpu,151507,,
151507,SpaGCN,17,0.297623073,0.4467240302,4226,7,ac36b7aaef8efd66336a066adcbaa1cb537b00c60847706e458042d61e61bb92,348757a9443cda15d83247d724be6149f03b04185b8e84b343948dc9b2b2601e,91d9c9f886445b3c211029b2b026144c5ee3dba4c191e633aedb112996c56295,16.77380824,cpu,151507,,
151507,SpaGCN,18,0.289271216,0.4827349751,4226,6,ac36b7aaef8efd66336a066adcbaa1cb537b00c60847706e458042d61e61bb92,348757a9443cda15d83247d724be6149f03b04185b8e84b343948dc9b2b2601e,91d9c9f886445b3c211029b2b026144c5ee3dba4c191e633aedb112996c56295,16.03821349,cpu,151507,,
151507,SpaGCN,19,0.3791888992,0.5023923402,4226,7,ac36b7aaef8efd66336a066adcbaa1cb537b00c60847706e458042d61e61bb92,348757a9443cda15d83247d724be6149f03b04185b8e84b343948dc9b2b2601e,91d9c9f886445b3c211029b2b026144c5ee3dba4c191e633aedb112996c56295,16.28485012,cpu,151507,,
151507,SpaGCN,20,0.2925858015,0.471376225,4226,6,ac36b7aaef8efd66336a066adcbaa1cb537b00c60847706e458042d61e61bb92,348757a9443cda15d83247d724be6149f03b04185b8e84b343948dc9b2b2601e,91d9c9f886445b3c211029b2b026144c5ee3dba4c191e633aedb112996c56295,16.15181422,cpu,151507,,
151507,BANKSY,1,0.24463751,0.5525612229,4226,7,ac36b7aaef8efd66336a066adcbaa1cb537b00c60847706e458042d61e61bb92,348757a9443cda15d83247d724be6149f03b04185b8e84b343948dc9b2b2601e,d91d62d48ba63cc43b05a02d33d67f4a29d7a8405221510ce40d3323620baff9,7.426613808,cpu,151507,,
151507,BANKSY,2,0.2826629233,0.4885528731,4226,7,ac36b7aaef8efd66336a066adcbaa1cb537b00c60847706e458042d61e61bb92,348757a9443cda15d83247d724be6149f03b04185b8e84b343948dc9b2b2601e,d91d62d48ba63cc43b05a02d33d67f4a29d7a8405221510ce40d3323620baff9,0.3242771626,cpu,151507,,
151507,BANKSY,3,0.209606543,0.4032240699,4226,7,ac36b7aaef8efd66336a066adcbaa1cb537b00c60847706e458042d61e61bb92,348757a9443cda15d83247d724be6149f03b04185b8e84b343948dc9b2b2601e,d91d62d48ba63cc43b05a02d33d67f4a29d7a8405221510ce40d3323620baff9,0.4089958668,cpu,151507,,
151507,BANKSY,4,0.2451209175,0.4760407249,4226,7,ac36b7aaef8efd66336a066adcbaa1cb537b00c60847706e458042d61e61bb92,348757a9443cda15d83247d724be6149f03b04185b8e84b343948dc9b2b2601e,d91d62d48ba63cc43b05a02d33d67f4a29d7a8405221510ce40d3323620baff9,0.2909064293,cpu,151507,,
151507,BANKSY,5,0.2460558298,0.4764666733,4226,7,ac36b7aaef8efd66336a066adcbaa1cb537b00c60847706e458042d61e61bb92,348757a9443cda15d83247d724be6149f03b04185b8e84b343948dc9b2b2601e,d91d62d48ba63cc43b05a02d33d67f4a29d7a8405221510ce40d3323620baff9,0.3312606812,cpu,151507,,
151507,BANKSY,6,0.2077447576,0.4017896927,4226,7,ac36b7aaef8efd66336a066adcbaa1cb537b00c60847706e458042d61e61bb92,348757a9443cda15d83247d724be6149f03b04185b8e84b343948dc9b2b2601e,d91d62d48ba63cc43b05a02d33d67f4a29d7a8405221510ce40d3323620baff9,0.3254287243,cpu,151507,,
151507,BANKSY,7,0.2457833257,0.4763432718,4226,7,ac36b7aaef8efd66336a066adcbaa1cb537b00c60847706e458042d61e61bb92,348757a9443cda15d83247d724be6149f03b04185b8e84b343948dc9b2b2601e,d91d62d48ba63cc43b05a02d33d67f4a29d7a8405221510ce40d3323620baff9,0.2670869827,cpu,151507,,
151507,BANKSY,8,0.2455151314,0.4762212327,4226,7,ac36b7aaef8efd66336a066adcbaa1cb537b00c60847706e458042d61e61bb92,348757a9443cda15d83247d724be6149f03b04185b8e84b343948dc9b2b2601e,d91d62d48ba63cc43b05a02d33d67f4a29d7a8405221510ce40d3323620baff9,0.2639882565,cpu,151507,,
151507,BANKSY,9,0.2445578385,0.5437293588,4226,7,ac36b7aaef8efd66336a066adcbaa1cb537b00c60847706e458042d61e61bb92,348757a9443cda15d83247d724be6149f03b04185b8e84b343948dc9b2b2601e,d91d62d48ba63cc43b05a02d33d67f4a29d7a8405221510ce40d3323620baff9,0.4005775452,cpu,151507,,
151507,BANKSY,10,0.2078154474,0.4108524189,4226,7,ac36b7aaef8efd66336a066adcbaa1cb537b00c60847706e458042d61e61bb92,348757a9443cda15d83247d724be6149f03b04185b8e84b343948dc9b2b2601e,d91d62d48ba63cc43b05a02d33d67f4a29d7a8405221510ce40d3323620baff9,0.2529673576,cpu,151507,,
151507,BANKSY,11,0.2445196607,0.4756123075,4226,7,ac36b7aaef8efd66336a066adcbaa1cb537b00c60847706e458042d61e61bb92,348757a9443cda15d83247d724be6149f03b04185b8e84b343948dc9b2b2601e,d91d62d48ba63cc43b05a02d33d67f4a29d7a8405221510ce40d3323620baff9,0.2649827003,cpu,151507,,
151507,BANKSY,12,0.3070017507,0.490687927,4226,7,ac36b7aaef8efd66336a066adcbaa1cb537b00c60847706e458042d61e61bb92,348757a9443cda15d83247d724be6149f03b04185b8e84b343948dc9b2b2601e,d91d62d48ba63cc43b05a02d33d67f4a29d7a8405221510ce40d3323620baff9,0.2745673656,cpu,151507,,
151507,BANKSY,13,0.3076839187,0.4917093284,4226,7,ac36b7aaef8efd66336a066adcbaa1cb537b00c60847706e458042d61e61bb92,348757a9443cda15d83247d724be6149f03b04185b8e84b343948dc9b2b2601e,d91d62d48ba63cc43b05a02d33d67f4a29d7a8405221510ce40d3323620baff9,0.2509794235,cpu,151507,,
151507,BANKSY,14,0.2457833257,0.4763432718,4226,7,ac36b7aaef8efd66336a066adcbaa1cb537b00c60847706e458042d61e61bb92,348757a9443cda15d83247d724be6149f03b04185b8e84b343948dc9b2b2601e,d91d62d48ba63cc43b05a02d33d67f4a29d7a8405221510ce40d3323620baff9,0.266712904,cpu,151507,,
151507,BANKSY,15,0.3322585124,0.5313996022,4226,7,ac36b7aaef8efd66336a066adcbaa1cb537b00c60847706e458042d61e61bb92,348757a9443cda15d83247d724be6149f03b04185b8e84b343948dc9b2b2601e,d91d62d48ba63cc43b05a02d33d67f4a29d7a8405221510ce40d3323620baff9,0.281832695,cpu,151507,,
151507,BANKSY,16,0.2078154474,0.4108524189,4226,7,ac36b7aaef8efd66336a066adcbaa1cb537b00c60847706e458042d61e61bb92,348757a9443cda15d83247d724be6149f03b04185b8e84b343948dc9b2b2601e,d91d62d48ba63cc43b05a02d33d67f4a29d7a8405221510ce40d3323620baff9,0.2601201534,cpu,151507,,
151507,BANKSY,17,0.2460558298,0.4764666733,4226,7,ac36b7aaef8efd66336a066adcbaa1cb537b00c60847706e458042d61e61bb92,348757a9443cda15d83247d724be6149f03b04185b8e84b343948dc9b2b2601e,d91d62d48ba63cc43b05a02d33d67f4a29d7a8405221510ce40d3323620baff9,0.2916584015,cpu,151507,,
151507,BANKSY,18,0.2445196607,0.4756123075,4226,7,ac36b7aaef8efd66336a066adcbaa1cb537b00c60847706e458042d61e61bb92,348757a9443cda15d83247d724be6149f03b04185b8e84b343948dc9b2b2601e,d91d62d48ba63cc43b05a02d33d67f4a29d7a8405221510ce40d3323620baff9,0.265969038,cpu,151507,,
151507,BANKSY,19,0.326154738,0.5410687424,4226,7,ac36b7aaef8efd66336a066adcbaa1cb537b00c60847706e458042d61e61bb92,348757a9443cda15d83247d724be6149f03b04185b8e84b343948dc9b2b2601e,d91d62d48ba63cc43b05a02d33d67f4a29d7a8405221510ce40d3323620baff9,0.3287079334,cpu,151507,,
151507,BANKSY,20,0.3076839187,0.4917093284,4226,7,ac36b7aaef8efd66336a066adcbaa1cb537b00c60847706e458042d61e61bb92,348757a9443cda15d83247d724be6149f03b04185b8e84b343948dc9b2b2601e,d91d62d48ba63cc43b05a02d33d67f4a29d7a8405221510ce40d3323620baff9,0.2499814034,cpu,151507,,
151507,SEDR,1,0.53564157840899995,0.68896816098799996,4226,7,,,,,,151507,4226,18430
151507,SEDR,2,0.51273482568100004,0.68188687185300001,4226,7,,,,,,151507,4226,18430
151507,SEDR,3,0.48416151585799999,0.63537298684999999,4226,7,,,,,,151507,4226,18430
151507,SEDR,4,0.54707542403599996,0.68652808512499996,4226,7,,,,,,151507,4226,18430
151507,SEDR,5,0.53005193814100005,0.68947032512700002,4226,7,,,,,,151507,4226,18430
151507,SEDR,6,0.57519566319299997,0.69511072808300001,4226,7,,,,,,151507,4226,18430
151507,SEDR,7,0.54844774429300003,0.69812833877799996,4226,7,,,,,,151507,4226,18430
151507,SEDR,8,0.54036979841300004,0.69713656450399997,4226,7,,,,,,151507,4226,18430
151507,SEDR,9,0.545958780004,0.70542914369300003,4226,7,,,,,,151507,4226,18430
151507,SEDR,10,0.50136357145699995,0.66450318295599997,4226,7,,,,,,151507,4226,18430
151507,SEDR,11,0.57468146965099998,0.70523996419199997,4226,7,,,,,,151507,4226,18430
151507,SEDR,12,0.54013549408600003,0.68315442864599996,4226,7,,,,,,151507,4226,18430
151507,SEDR,13,0.52432447847499997,0.65193968421699999,4226,7,,,,,,151507,4226,18430
151507,SEDR,14,0.52892331573100004,0.67278707819299999,4226,7,,,,,,151507,4226,18430
151507,SEDR,15,0.51532555060399998,0.67033679949299996,4226,7,,,,,,151507,4226,18430
151507,SEDR,16,0.51258007220699997,0.66490040923600002,4226,7,,,,,,151507,4226,18430
151507,SEDR,17,0.49925145111800001,0.652259924135,4226,7,,,,,,151507,4226,18430
151507,SEDR,18,0.52427440020600002,0.68162295224000002,4226,7,,,,,,151507,4226,18430
151507,SEDR,19,0.51260061390300005,0.66935444582799997,4226,7,,,,,,151507,4226,18430
151507,SEDR,20,0.43391648706699998,0.64181142294000004,4226,7,,,,,,151507,4226,18430
151508,GraphST,1,0.2911936195,0.4192146932,4384,7,cdeb1a4c2f00eaab89571233294f8ac603dbca6394cd7d2d430644a706994e8d,4a1d5e19853cd87a95baaa22b209e1b50482160055c5c225b359b3cca84daf10,4be1424e1baa8fc84862b07e2cb1939339832f1858e5f0d218c47b2cda6872b5,33.17301679,cuda:0,151508,,
151508,GraphST,2,0.2790949192,0.3938707367,4384,7,cdeb1a4c2f00eaab89571233294f8ac603dbca6394cd7d2d430644a706994e8d,4a1d5e19853cd87a95baaa22b209e1b50482160055c5c225b359b3cca84daf10,4be1424e1baa8fc84862b07e2cb1939339832f1858e5f0d218c47b2cda6872b5,32.75230217,cuda:0,151508,,
151508,GraphST,3,0.2252024206,0.3616111673,4384,7,cdeb1a4c2f00eaab89571233294f8ac603dbca6394cd7d2d430644a706994e8d,4a1d5e19853cd87a95baaa22b209e1b50482160055c5c225b359b3cca84daf10,4be1424e1baa8fc84862b07e2cb1939339832f1858e5f0d218c47b2cda6872b5,35.463516,cuda:0,151508,,
151508,GraphST,4,0.2507815971,0.3856360404,4384,7,cdeb1a4c2f00eaab89571233294f8ac603dbca6394cd7d2d430644a706994e8d,4a1d5e19853cd87a95baaa22b209e1b50482160055c5c225b359b3cca84daf10,4be1424e1baa8fc84862b07e2cb1939339832f1858e5f0d218c47b2cda6872b5,35.81458902,cuda:0,151508,,
151508,GraphST,5,0.2149562632,0.3618527841,4384,7,cdeb1a4c2f00eaab89571233294f8ac603dbca6394cd7d2d430644a706994e8d,4a1d5e19853cd87a95baaa22b209e1b50482160055c5c225b359b3cca84daf10,4be1424e1baa8fc84862b07e2cb1939339832f1858e5f0d218c47b2cda6872b5,29.97443724,cuda:0,151508,,
151508,GraphST,6,0.2881862041,0.4006649737,4384,7,cdeb1a4c2f00eaab89571233294f8ac603dbca6394cd7d2d430644a706994e8d,4a1d5e19853cd87a95baaa22b209e1b50482160055c5c225b359b3cca84daf10,4be1424e1baa8fc84862b07e2cb1939339832f1858e5f0d218c47b2cda6872b5,30.21557093,cuda:0,151508,,
151508,GraphST,7,0.2401343341,0.368695793,4384,7,cdeb1a4c2f00eaab89571233294f8ac603dbca6394cd7d2d430644a706994e8d,4a1d5e19853cd87a95baaa22b209e1b50482160055c5c225b359b3cca84daf10,4be1424e1baa8fc84862b07e2cb1939339832f1858e5f0d218c47b2cda6872b5,30.97290397,cuda:0,151508,,
151508,GraphST,8,0.263413608,0.3895359386,4384,7,cdeb1a4c2f00eaab89571233294f8ac603dbca6394cd7d2d430644a706994e8d,4a1d5e19853cd87a95baaa22b209e1b50482160055c5c225b359b3cca84daf10,4be1424e1baa8fc84862b07e2cb1939339832f1858e5f0d218c47b2cda6872b5,31.13376236,cuda:0,151508,,
151508,GraphST,9,0.2291519523,0.3648603551,4384,7,cdeb1a4c2f00eaab89571233294f8ac603dbca6394cd7d2d430644a706994e8d,4a1d5e19853cd87a95baaa22b209e1b50482160055c5c225b359b3cca84daf10,4be1424e1baa8fc84862b07e2cb1939339832f1858e5f0d218c47b2cda6872b5,27.18800735,cuda:0,151508,,
151508,GraphST,10,0.2849632402,0.403614169,4384,7,cdeb1a4c2f00eaab89571233294f8ac603dbca6394cd7d2d430644a706994e8d,4a1d5e19853cd87a95baaa22b209e1b50482160055c5c225b359b3cca84daf10,4be1424e1baa8fc84862b07e2cb1939339832f1858e5f0d218c47b2cda6872b5,27.25620103,cuda:0,151508,,
151508,GraphST,11,0.3070816781,0.4057164814,4384,7,cdeb1a4c2f00eaab89571233294f8ac603dbca6394cd7d2d430644a706994e8d,4a1d5e19853cd87a95baaa22b209e1b50482160055c5c225b359b3cca84daf10,4be1424e1baa8fc84862b07e2cb1939339832f1858e5f0d218c47b2cda6872b5,31.30767941,cuda:0,151508,,
151508,GraphST,12,0.2952258136,0.4018366216,4384,7,cdeb1a4c2f00eaab89571233294f8ac603dbca6394cd7d2d430644a706994e8d,4a1d5e19853cd87a95baaa22b209e1b50482160055c5c225b359b3cca84daf10,4be1424e1baa8fc84862b07e2cb1939339832f1858e5f0d218c47b2cda6872b5,31.18941879,cuda:0,151508,,
151508,GraphST,13,0.2287761428,0.3754533544,4384,7,cdeb1a4c2f00eaab89571233294f8ac603dbca6394cd7d2d430644a706994e8d,4a1d5e19853cd87a95baaa22b209e1b50482160055c5c225b359b3cca84daf10,4be1424e1baa8fc84862b07e2cb1939339832f1858e5f0d218c47b2cda6872b5,30.89772296,cuda:0,151508,,
151508,GraphST,14,0.3154080547,0.435623694,4384,7,cdeb1a4c2f00eaab89571233294f8ac603dbca6394cd7d2d430644a706994e8d,4a1d5e19853cd87a95baaa22b209e1b50482160055c5c225b359b3cca84daf10,4be1424e1baa8fc84862b07e2cb1939339832f1858e5f0d218c47b2cda6872b5,31.03168821,cuda:0,151508,,
151508,GraphST,15,0.2953946884,0.4035455071,4384,7,cdeb1a4c2f00eaab89571233294f8ac603dbca6394cd7d2d430644a706994e8d,4a1d5e19853cd87a95baaa22b209e1b50482160055c5c225b359b3cca84daf10,4be1424e1baa8fc84862b07e2cb1939339832f1858e5f0d218c47b2cda6872b5,34.07033205,cuda:0,151508,,
151508,GraphST,16,0.2629150801,0.3846088519,4384,7,cdeb1a4c2f00eaab89571233294f8ac603dbca6394cd7d2d430644a706994e8d,4a1d5e19853cd87a95baaa22b209e1b50482160055c5c225b359b3cca84daf10,4be1424e1baa8fc84862b07e2cb1939339832f1858e5f0d218c47b2cda6872b5,34.00036144,cuda:0,151508,,
151508,GraphST,17,0.2009406192,0.3981262105,4384,7,cdeb1a4c2f00eaab89571233294f8ac603dbca6394cd7d2d430644a706994e8d,4a1d5e19853cd87a95baaa22b209e1b50482160055c5c225b359b3cca84daf10,4be1424e1baa8fc84862b07e2cb1939339832f1858e5f0d218c47b2cda6872b5,32.28043151,cuda:0,151508,,
151508,GraphST,18,0.2712461153,0.3959695946,4384,7,cdeb1a4c2f00eaab89571233294f8ac603dbca6394cd7d2d430644a706994e8d,4a1d5e19853cd87a95baaa22b209e1b50482160055c5c225b359b3cca84daf10,4be1424e1baa8fc84862b07e2cb1939339832f1858e5f0d218c47b2cda6872b5,31.80122876,cuda:0,151508,,
151508,GraphST,19,0.3238860157,0.4190883573,4384,7,cdeb1a4c2f00eaab89571233294f8ac603dbca6394cd7d2d430644a706994e8d,4a1d5e19853cd87a95baaa22b209e1b50482160055c5c225b359b3cca84daf10,4be1424e1baa8fc84862b07e2cb1939339832f1858e5f0d218c47b2cda6872b5,29.51315618,cuda:0,151508,,
151508,GraphST,20,0.2319177699,0.368954739,4384,7,cdeb1a4c2f00eaab89571233294f8ac603dbca6394cd7d2d430644a706994e8d,4a1d5e19853cd87a95baaa22b209e1b50482160055c5c225b359b3cca84daf10,4be1424e1baa8fc84862b07e2cb1939339832f1858e5f0d218c47b2cda6872b5,29.45372367,cuda:0,151508,,
151508,STAGATE,1,0.2061796873,0.4057709416,4384,7,cdeb1a4c2f00eaab89571233294f8ac603dbca6394cd7d2d430644a706994e8d,4a1d5e19853cd87a95baaa22b209e1b50482160055c5c225b359b3cca84daf10,63ed74310877d3d976bbbd0dc4350da535e4373f2320809e2c754c51ccc5a5f6,245.2045467,cpu,151508,,
151508,STAGATE,2,0.4107281587,0.5301332824,4384,7,cdeb1a4c2f00eaab89571233294f8ac603dbca6394cd7d2d430644a706994e8d,4a1d5e19853cd87a95baaa22b209e1b50482160055c5c225b359b3cca84daf10,63ed74310877d3d976bbbd0dc4350da535e4373f2320809e2c754c51ccc5a5f6,242.9643514,cpu,151508,,
151508,STAGATE,3,0.2080242141,0.407197607,4384,7,cdeb1a4c2f00eaab89571233294f8ac603dbca6394cd7d2d430644a706994e8d,4a1d5e19853cd87a95baaa22b209e1b50482160055c5c225b359b3cca84daf10,63ed74310877d3d976bbbd0dc4350da535e4373f2320809e2c754c51ccc5a5f6,242.8750637,cpu,151508,,
151508,STAGATE,4,0.2848153437,0.4594687042,4384,7,cdeb1a4c2f00eaab89571233294f8ac603dbca6394cd7d2d430644a706994e8d,4a1d5e19853cd87a95baaa22b209e1b50482160055c5c225b359b3cca84daf10,63ed74310877d3d976bbbd0dc4350da535e4373f2320809e2c754c51ccc5a5f6,243.9639628,cpu,151508,,
151508,STAGATE,5,0.2530199545,0.4969868583,4384,7,cdeb1a4c2f00eaab89571233294f8ac603dbca6394cd7d2d430644a706994e8d,4a1d5e19853cd87a95baaa22b209e1b50482160055c5c225b359b3cca84daf10,63ed74310877d3d976bbbd0dc4350da535e4373f2320809e2c754c51ccc5a5f6,246.1396165,cpu,151508,,
151508,STAGATE,6,0.2740016391,0.4778256119,4384,7,cdeb1a4c2f00eaab89571233294f8ac603dbca6394cd7d2d430644a706994e8d,4a1d5e19853cd87a95baaa22b209e1b50482160055c5c225b359b3cca84daf10,63ed74310877d3d976bbbd0dc4350da535e4373f2320809e2c754c51ccc5a5f6,254.8778803,cpu,151508,,
151508,STAGATE,7,0.2084034595,0.4010680763,4384,7,cdeb1a4c2f00eaab89571233294f8ac603dbca6394cd7d2d430644a706994e8d,4a1d5e19853cd87a95baaa22b209e1b50482160055c5c225b359b3cca84daf10,63ed74310877d3d976bbbd0dc4350da535e4373f2320809e2c754c51ccc5a5f6,255.0137899,cpu,151508,,
151508,STAGATE,8,0.2020511904,0.4091969581,4384,7,cdeb1a4c2f00eaab89571233294f8ac603dbca6394cd7d2d430644a706994e8d,4a1d5e19853cd87a95baaa22b209e1b50482160055c5c225b359b3cca84daf10,63ed74310877d3d976bbbd0dc4350da535e4373f2320809e2c754c51ccc5a5f6,254.6612325,cpu,151508,,
151508,STAGATE,9,0.295229936,0.488603718,4384,7,cdeb1a4c2f00eaab89571233294f8ac603dbca6394cd7d2d430644a706994e8d,4a1d5e19853cd87a95baaa22b209e1b50482160055c5c225b359b3cca84daf10,63ed74310877d3d976bbbd0dc4350da535e4373f2320809e2c754c51ccc5a5f6,254.7809477,cpu,151508,,
151508,STAGATE,10,0.3313631644,0.4677192957,4384,7,cdeb1a4c2f00eaab89571233294f8ac603dbca6394cd7d2d430644a706994e8d,4a1d5e19853cd87a95baaa22b209e1b50482160055c5c225b359b3cca84daf10,63ed74310877d3d976bbbd0dc4350da535e4373f2320809e2c754c51ccc5a5f6,256.8994207,cpu,151508,,
151508,STAGATE,11,0.3304517983,0.4867935609,4384,7,cdeb1a4c2f00eaab89571233294f8ac603dbca6394cd7d2d430644a706994e8d,4a1d5e19853cd87a95baaa22b209e1b50482160055c5c225b359b3cca84daf10,63ed74310877d3d976bbbd0dc4350da535e4373f2320809e2c754c51ccc5a5f6,272.2923152,cpu,151508,,
151508,STAGATE,12,0.2815948711,0.4502435893,4384,7,cdeb1a4c2f00eaab89571233294f8ac603dbca6394cd7d2d430644a706994e8d,4a1d5e19853cd87a95baaa22b209e1b50482160055c5c225b359b3cca84daf10,63ed74310877d3d976bbbd0dc4350da535e4373f2320809e2c754c51ccc5a5f6,273.0321283,cpu,151508,,
151508,STAGATE,13,0.2129530104,0.4060404719,4384,7,cdeb1a4c2f00eaab89571233294f8ac603dbca6394cd7d2d430644a706994e8d,4a1d5e19853cd87a95baaa22b209e1b50482160055c5c225b359b3cca84daf10,63ed74310877d3d976bbbd0dc4350da535e4373f2320809e2c754c51ccc5a5f6,273.9581728,cpu,151508,,
151508,STAGATE,14,0.2015480986,0.4033865886,4384,7,cdeb1a4c2f00eaab89571233294f8ac603dbca6394cd7d2d430644a706994e8d,4a1d5e19853cd87a95baaa22b209e1b50482160055c5c225b359b3cca84daf10,63ed74310877d3d976bbbd0dc4350da535e4373f2320809e2c754c51ccc5a5f6,273.359503,cpu,151508,,
151508,STAGATE,15,0.2823466292,0.4582041329,4384,7,cdeb1a4c2f00eaab89571233294f8ac603dbca6394cd7d2d430644a706994e8d,4a1d5e19853cd87a95baaa22b209e1b50482160055c5c225b359b3cca84daf10,63ed74310877d3d976bbbd0dc4350da535e4373f2320809e2c754c51ccc5a5f6,273.9095643,cpu,151508,,
151508,STAGATE,16,0.281239365,0.4771021214,4384,7,cdeb1a4c2f00eaab89571233294f8ac603dbca6394cd7d2d430644a706994e8d,4a1d5e19853cd87a95baaa22b209e1b50482160055c5c225b359b3cca84daf10,63ed74310877d3d976bbbd0dc4350da535e4373f2320809e2c754c51ccc5a5f6,293.1434157,cpu,151508,,
151508,STAGATE,17,0.2817678412,0.4811004676,4384,7,cdeb1a4c2f00eaab89571233294f8ac603dbca6394cd7d2d430644a706994e8d,4a1d5e19853cd87a95baaa22b209e1b50482160055c5c225b359b3cca84daf10,63ed74310877d3d976bbbd0dc4350da535e4373f2320809e2c754c51ccc5a5f6,299.7224576,cpu,151508,,
151508,STAGATE,18,0.2098988613,0.4106521189,4384,7,cdeb1a4c2f00eaab89571233294f8ac603dbca6394cd7d2d430644a706994e8d,4a1d5e19853cd87a95baaa22b209e1b50482160055c5c225b359b3cca84daf10,63ed74310877d3d976bbbd0dc4350da535e4373f2320809e2c754c51ccc5a5f6,299.6742928,cpu,151508,,
151508,STAGATE,19,0.3250999853,0.4607146713,4384,7,cdeb1a4c2f00eaab89571233294f8ac603dbca6394cd7d2d430644a706994e8d,4a1d5e19853cd87a95baaa22b209e1b50482160055c5c225b359b3cca84daf10,63ed74310877d3d976bbbd0dc4350da535e4373f2320809e2c754c51ccc5a5f6,301.3018584,cpu,151508,,
151508,STAGATE,20,0.285688158,0.468107691,4384,7,cdeb1a4c2f00eaab89571233294f8ac603dbca6394cd7d2d430644a706994e8d,4a1d5e19853cd87a95baaa22b209e1b50482160055c5c225b359b3cca84daf10,63ed74310877d3d976bbbd0dc4350da535e4373f2320809e2c754c51ccc5a5f6,298.1808403,cpu,151508,,
151508,SpaGCN,1,0.3032506767,0.4171099518,4384,7,cdeb1a4c2f00eaab89571233294f8ac603dbca6394cd7d2d430644a706994e8d,4a1d5e19853cd87a95baaa22b209e1b50482160055c5c225b359b3cca84daf10,88535a243a292c35858b7f925c06338f18e1b4de2e9851794682e5005f6f0e46,9.88383317,cpu,151508,,
151508,SpaGCN,2,0.2759445827,0.4129931358,4384,7,cdeb1a4c2f00eaab89571233294f8ac603dbca6394cd7d2d430644a706994e8d,4a1d5e19853cd87a95baaa22b209e1b50482160055c5c225b359b3cca84daf10,88535a243a292c35858b7f925c06338f18e1b4de2e9851794682e5005f6f0e46,15.42518044,cpu,151508,,
151508,SpaGCN,3,0.3382476956,0.4072507441,4384,7,cdeb1a4c2f00eaab89571233294f8ac603dbca6394cd7d2d430644a706994e8d,4a1d5e19853cd87a95baaa22b209e1b50482160055c5c225b359b3cca84daf10,88535a243a292c35858b7f925c06338f18e1b4de2e9851794682e5005f6f0e46,15.57032084,cpu,151508,,
151508,SpaGCN,4,0.2671792064,0.3863964086,4384,7,cdeb1a4c2f00eaab89571233294f8ac603dbca6394cd7d2d430644a706994e8d,4a1d5e19853cd87a95baaa22b209e1b50482160055c5c225b359b3cca84daf10,88535a243a292c35858b7f925c06338f18e1b4de2e9851794682e5005f6f0e46,15.39188242,cpu,151508,,
151508,SpaGCN,5,0.3430059952,0.4261993659,4384,7,cdeb1a4c2f00eaab89571233294f8ac603dbca6394cd7d2d430644a706994e8d,4a1d5e19853cd87a95baaa22b209e1b50482160055c5c225b359b3cca84daf10,88535a243a292c35858b7f925c06338f18e1b4de2e9851794682e5005f6f0e46,15.4015069,cpu,151508,,
151508,SpaGCN,6,0.2623602714,0.4003586424,4384,7,cdeb1a4c2f00eaab89571233294f8ac603dbca6394cd7d2d430644a706994e8d,4a1d5e19853cd87a95baaa22b209e1b50482160055c5c225b359b3cca84daf10,88535a243a292c35858b7f925c06338f18e1b4de2e9851794682e5005f6f0e46,15.13649559,cpu,151508,,
151508,SpaGCN,7,0.3238421801,0.4399933491,4384,7,cdeb1a4c2f00eaab89571233294f8ac603dbca6394cd7d2d430644a706994e8d,4a1d5e19853cd87a95baaa22b209e1b50482160055c5c225b359b3cca84daf10,88535a243a292c35858b7f925c06338f18e1b4de2e9851794682e5005f6f0e46,15.69935489,cpu,151508,,
151508,SpaGCN,8,0.2849218243,0.3993103196,4384,7,cdeb1a4c2f00eaab89571233294f8ac603dbca6394cd7d2d430644a706994e8d,4a1d5e19853cd87a95baaa22b209e1b50482160055c5c225b359b3cca84daf10,88535a243a292c35858b7f925c06338f18e1b4de2e9851794682e5005f6f0e46,15.61040521,cpu,151508,,
151508,SpaGCN,9,0.2897414999,0.3797884402,4384,7,cdeb1a4c2f00eaab89571233294f8ac603dbca6394cd7d2d430644a706994e8d,4a1d5e19853cd87a95baaa22b209e1b50482160055c5c225b359b3cca84daf10,88535a243a292c35858b7f925c06338f18e1b4de2e9851794682e5005f6f0e46,15.59113669,cpu,151508,,
151508,SpaGCN,10,0.2581071835,0.3853566917,4384,7,cdeb1a4c2f00eaab89571233294f8ac603dbca6394cd7d2d430644a706994e8d,4a1d5e19853cd87a95baaa22b209e1b50482160055c5c225b359b3cca84daf10,88535a243a292c35858b7f925c06338f18e1b4de2e9851794682e5005f6f0e46,15.22210979,cpu,151508,,
151508,SpaGCN,11,0.2608731151,0.3999418624,4384,7,cdeb1a4c2f00eaab89571233294f8ac603dbca6394cd7d2d430644a706994e8d,4a1d5e19853cd87a95baaa22b209e1b50482160055c5c225b359b3cca84daf10,88535a243a292c35858b7f925c06338f18e1b4de2e9851794682e5005f6f0e46,15.71396303,cpu,151508,,
151508,SpaGCN,12,0.2203792071,0.3647650745,4384,7,cdeb1a4c2f00eaab89571233294f8ac603dbca6394cd7d2d430644a706994e8d,4a1d5e19853cd87a95baaa22b209e1b50482160055c5c225b359b3cca84daf10,88535a243a292c35858b7f925c06338f18e1b4de2e9851794682e5005f6f0e46,15.49180412,cpu,151508,,
151508,SpaGCN,13,0.2704867846,0.3855623534,4384,7,cdeb1a4c2f00eaab89571233294f8ac603dbca6394cd7d2d430644a706994e8d,4a1d5e19853cd87a95baaa22b209e1b50482160055c5c225b359b3cca84daf10,88535a243a292c35858b7f925c06338f18e1b4de2e9851794682e5005f6f0e46,15.25917029,cpu,151508,,
151508,SpaGCN,14,0.3010691044,0.4343428024,4384,7,cdeb1a4c2f00eaab89571233294f8ac603dbca6394cd7d2d430644a706994e8d,4a1d5e19853cd87a95baaa22b209e1b50482160055c5c225b359b3cca84daf10,88535a243a292c35858b7f925c06338f18e1b4de2e9851794682e5005f6f0e46,15.14298272,cpu,151508,,
151508,SpaGCN,15,0.3540000287,0.4445897723,4384,7,cdeb1a4c2f00eaab89571233294f8ac603dbca6394cd7d2d430644a706994e8d,4a1d5e19853cd87a95baaa22b209e1b50482160055c5c225b359b3cca84daf10,88535a243a292c35858b7f925c06338f18e1b4de2e9851794682e5005f6f0e46,15.38425756,cpu,151508,,
151508,SpaGCN,16,0.3604845814,0.4724635734,4384,7,cdeb1a4c2f00eaab89571233294f8ac603dbca6394cd7d2d430644a706994e8d,4a1d5e19853cd87a95baaa22b209e1b50482160055c5c225b359b3cca84daf10,88535a243a292c35858b7f925c06338f18e1b4de2e9851794682e5005f6f0e46,15.18927813,cpu,151508,,
151508,SpaGCN,17,0.2826134161,0.4025330187,4384,7,cdeb1a4c2f00eaab89571233294f8ac603dbca6394cd7d2d430644a706994e8d,4a1d5e19853cd87a95baaa22b209e1b50482160055c5c225b359b3cca84daf10,88535a243a292c35858b7f925c06338f18e1b4de2e9851794682e5005f6f0e46,15.33630204,cpu,151508,,
151508,SpaGCN,18,0.312070773,0.4352892536,4384,7,cdeb1a4c2f00eaab89571233294f8ac603dbca6394cd7d2d430644a706994e8d,4a1d5e19853cd87a95baaa22b209e1b50482160055c5c225b359b3cca84daf10,88535a243a292c35858b7f925c06338f18e1b4de2e9851794682e5005f6f0e46,15.05404615,cpu,151508,,
151508,SpaGCN,19,0.2533595669,0.3562247687,4384,7,cdeb1a4c2f00eaab89571233294f8ac603dbca6394cd7d2d430644a706994e8d,4a1d5e19853cd87a95baaa22b209e1b50482160055c5c225b359b3cca84daf10,88535a243a292c35858b7f925c06338f18e1b4de2e9851794682e5005f6f0e46,15.50558162,cpu,151508,,
151508,SpaGCN,20,0.2862520008,0.3815917409,4384,7,cdeb1a4c2f00eaab89571233294f8ac603dbca6394cd7d2d430644a706994e8d,4a1d5e19853cd87a95baaa22b209e1b50482160055c5c225b359b3cca84daf10,88535a243a292c35858b7f925c06338f18e1b4de2e9851794682e5005f6f0e46,15.3750484,cpu,151508,,
151508,BANKSY,1,0.198384651,0.4064224804,4384,7,cdeb1a4c2f00eaab89571233294f8ac603dbca6394cd7d2d430644a706994e8d,4a1d5e19853cd87a95baaa22b209e1b50482160055c5c225b359b3cca84daf10,69a50a3ebff18a1c43c8a14ff55240e483468cbbdd1a2393f9223c8764c2d1bf,7.228718042,cpu,151508,,
151508,BANKSY,2,0.2667049185,0.5128383621,4384,7,cdeb1a4c2f00eaab89571233294f8ac603dbca6394cd7d2d430644a706994e8d,4a1d5e19853cd87a95baaa22b209e1b50482160055c5c225b359b3cca84daf10,69a50a3ebff18a1c43c8a14ff55240e483468cbbdd1a2393f9223c8764c2d1bf,0.6500382423,cpu,151508,,
151508,BANKSY,3,0.3635581517,0.538875399,4384,7,cdeb1a4c2f00eaab89571233294f8ac603dbca6394cd7d2d430644a706994e8d,4a1d5e19853cd87a95baaa22b209e1b50482160055c5c225b359b3cca84daf10,69a50a3ebff18a1c43c8a14ff55240e483468cbbdd1a2393f9223c8764c2d1bf,0.553986311,cpu,151508,,
151508,BANKSY,4,0.1914122047,0.3933337529,4384,7,cdeb1a4c2f00eaab89571233294f8ac603dbca6394cd7d2d430644a706994e8d,4a1d5e19853cd87a95baaa22b209e1b50482160055c5c225b359b3cca84daf10,69a50a3ebff18a1c43c8a14ff55240e483468cbbdd1a2393f9223c8764c2d1bf,0.5994772911,cpu,151508,,
151508,BANKSY,5,0.2019494285,0.4087562946,4384,7,cdeb1a4c2f00eaab89571233294f8ac603dbca6394cd7d2d430644a706994e8d,4a1d5e19853cd87a95baaa22b209e1b50482160055c5c225b359b3cca84daf10,69a50a3ebff18a1c43c8a14ff55240e483468cbbdd1a2393f9223c8764c2d1bf,0.4158864021,cpu,151508,,
151508,BANKSY,6,0.3708336262,0.5387124079,4384,7,cdeb1a4c2f00eaab89571233294f8ac603dbca6394cd7d2d430644a706994e8d,4a1d5e19853cd87a95baaa22b209e1b50482160055c5c225b359b3cca84daf10,69a50a3ebff18a1c43c8a14ff55240e483468cbbdd1a2393f9223c8764c2d1bf,0.7715716362,cpu,151508,,
151508,BANKSY,7,0.3035007604,0.4682801439,4384,7,cdeb1a4c2f00eaab89571233294f8ac603dbca6394cd7d2d430644a706994e8d,4a1d5e19853cd87a95baaa22b209e1b50482160055c5c225b359b3cca84daf10,69a50a3ebff18a1c43c8a14ff55240e483468cbbdd1a2393f9223c8764c2d1bf,0.4988930225,cpu,151508,,
151508,BANKSY,8,0.3011665422,0.5122341688,4384,7,cdeb1a4c2f00eaab89571233294f8ac603dbca6394cd7d2d430644a706994e8d,4a1d5e19853cd87a95baaa22b209e1b50482160055c5c225b359b3cca84daf10,69a50a3ebff18a1c43c8a14ff55240e483468cbbdd1a2393f9223c8764c2d1bf,0.6004309654,cpu,151508,,
151508,BANKSY,9,0.1921731064,0.3848393569,4384,7,cdeb1a4c2f00eaab89571233294f8ac603dbca6394cd7d2d430644a706994e8d,4a1d5e19853cd87a95baaa22b209e1b50482160055c5c225b359b3cca84daf10,69a50a3ebff18a1c43c8a14ff55240e483468cbbdd1a2393f9223c8764c2d1bf,0.676784277,cpu,151508,,
151508,BANKSY,10,0.2426443554,0.4283597641,4384,7,cdeb1a4c2f00eaab89571233294f8ac603dbca6394cd7d2d430644a706994e8d,4a1d5e19853cd87a95baaa22b209e1b50482160055c5c225b359b3cca84daf10,69a50a3ebff18a1c43c8a14ff55240e483468cbbdd1a2393f9223c8764c2d1bf,0.8704078197,cpu,151508,,
151508,BANKSY,11,0.2719636723,0.389727241,4384,7,cdeb1a4c2f00eaab89571233294f8ac603dbca6394cd7d2d430644a706994e8d,4a1d5e19853cd87a95baaa22b209e1b50482160055c5c225b359b3cca84daf10,69a50a3ebff18a1c43c8a14ff55240e483468cbbdd1a2393f9223c8764c2d1bf,0.6116960049,cpu,151508,,
151508,BANKSY,12,0.1898970008,0.3926580041,4384,7,cdeb1a4c2f00eaab89571233294f8ac603dbca6394cd7d2d430644a706994e8d,4a1d5e19853cd87a95baaa22b209e1b50482160055c5c225b359b3cca84daf10,69a50a3ebff18a1c43c8a14ff55240e483468cbbdd1a2393f9223c8764c2d1bf,0.7564284801,cpu,151508,,
151508,BANKSY,13,0.3664011011,0.5335102568,4384,7,cdeb1a4c2f00eaab89571233294f8ac603dbca6394cd7d2d430644a706994e8d,4a1d5e19853cd87a95baaa22b209e1b50482160055c5c225b359b3cca84daf10,69a50a3ebff18a1c43c8a14ff55240e483468cbbdd1a2393f9223c8764c2d1bf,0.7447128296,cpu,151508,,
151508,BANKSY,14,0.2096542267,0.4150793712,4384,7,cdeb1a4c2f00eaab89571233294f8ac603dbca6394cd7d2d430644a706994e8d,4a1d5e19853cd87a95baaa22b209e1b50482160055c5c225b359b3cca84daf10,69a50a3ebff18a1c43c8a14ff55240e483468cbbdd1a2393f9223c8764c2d1bf,0.8147950172,cpu,151508,,
151508,BANKSY,15,0.2028802782,0.4094698455,4384,7,cdeb1a4c2f00eaab89571233294f8ac603dbca6394cd7d2d430644a706994e8d,4a1d5e19853cd87a95baaa22b209e1b50482160055c5c225b359b3cca84daf10,69a50a3ebff18a1c43c8a14ff55240e483468cbbdd1a2393f9223c8764c2d1bf,0.5913143158,cpu,151508,,
151508,BANKSY,16,0.2042482072,0.4111514349,4384,7,cdeb1a4c2f00eaab89571233294f8ac603dbca6394cd7d2d430644a706994e8d,4a1d5e19853cd87a95baaa22b209e1b50482160055c5c225b359b3cca84daf10,69a50a3ebff18a1c43c8a14ff55240e483468cbbdd1a2393f9223c8764c2d1bf,0.9572484493,cpu,151508,,
151508,BANKSY,17,0.2582256429,0.5054899546,4384,7,cdeb1a4c2f00eaab89571233294f8ac603dbca6394cd7d2d430644a706994e8d,4a1d5e19853cd87a95baaa22b209e1b50482160055c5c225b359b3cca84daf10,69a50a3ebff18a1c43c8a14ff55240e483468cbbdd1a2393f9223c8764c2d1bf,0.6304452419,cpu,151508,,
151508,BANKSY,18,0.3020337457,0.4666178504,4384,7,cdeb1a4c2f00eaab89571233294f8ac603dbca6394cd7d2d430644a706994e8d,4a1d5e19853cd87a95baaa22b209e1b50482160055c5c225b359b3cca84daf10,69a50a3ebff18a1c43c8a14ff55240e483468cbbdd1a2393f9223c8764c2d1bf,0.3933060169,cpu,151508,,
151508,BANKSY,19,0.2096542267,0.4150793712,4384,7,cdeb1a4c2f00eaab89571233294f8ac603dbca6394cd7d2d430644a706994e8d,4a1d5e19853cd87a95baaa22b209e1b50482160055c5c225b359b3cca84daf10,69a50a3ebff18a1c43c8a14ff55240e483468cbbdd1a2393f9223c8764c2d1bf,0.6135213375,cpu,151508,,
151508,BANKSY,20,0.2610261903,0.4119439626,4384,7,cdeb1a4c2f00eaab89571233294f8ac603dbca6394cd7d2d430644a706994e8d,4a1d5e19853cd87a95baaa22b209e1b50482160055c5c225b359b3cca84daf10,69a50a3ebff18a1c43c8a14ff55240e483468cbbdd1a2393f9223c8764c2d1bf,0.5995182991,cpu,151508,,
151508,SEDR,1,0.48283425723700002,0.64444617815799998,4384,7,,,,,,151508,4384,18067
151508,SEDR,2,0.51476988860100004,0.65754398506400002,4384,7,,,,,,151508,4384,18067
151508,SEDR,3,0.48537289149500001,0.64905718522400002,4384,7,,,,,,151508,4384,18067
151508,SEDR,4,0.52259459262700003,0.65758543258900004,4384,7,,,,,,151508,4384,18067
151508,SEDR,5,0.52205551940999995,0.65292949561199998,4384,7,,,,,,151508,4384,18067
151508,SEDR,6,0.52227356659199997,0.66222781428300004,4384,7,,,,,,151508,4384,18067
151508,SEDR,7,0.46621988847700002,0.62774730858799999,4384,7,,,,,,151508,4384,18067
151508,SEDR,8,0.514298942333,0.65438767218500005,4384,7,,,,,,151508,4384,18067
151508,SEDR,9,0.50925673351699996,0.66018172876400005,4384,7,,,,,,151508,4384,18067
151508,SEDR,10,0.52321430528900004,0.66392694003399999,4384,7,,,,,,151508,4384,18067
151508,SEDR,11,0.47853652538399999,0.63431241736900001,4384,7,,,,,,151508,4384,18067
151508,SEDR,12,0.48422308937800002,0.64696909460200003,4384,7,,,,,,151508,4384,18067
151508,SEDR,13,0.44572576735399999,0.63053913125299998,4384,7,,,,,,151508,4384,18067
151508,SEDR,14,0.51366374766599998,0.65131339813400002,4384,7,,,,,,151508,4384,18067
151508,SEDR,15,0.497232220339,0.63517278874299998,4384,7,,,,,,151508,4384,18067
151508,SEDR,16,0.50683492014999998,0.65280094648099996,4384,7,,,,,,151508,4384,18067
151508,SEDR,17,0.53210885144999998,0.66597985697200002,4384,7,,,,,,151508,4384,18067
151508,SEDR,18,0.49727876391300002,0.63399867500700002,4384,7,,,,,,151508,4384,18067
151508,SEDR,19,0.48277281955000001,0.61852167579399997,4384,7,,,,,,151508,4384,18067
151508,SEDR,20,0.51107081761100004,0.65601150086799997,4384,7,,,,,,151508,4384,18067
151509,GraphST,1,0.2907168635,0.4592628019,4789,7,3bc4e462fd76e14ee86389c821a9e145f6a2619c7d4b56397f7c20e0c1d9d345,9c4a6387e26c58952d5c5463f59d2919d0f36c20b5cab52d3b5c230adb88c122,042812ed0f06c40175d205d0d68ae4dfa2bd44b6cf0d6bb86f510930ea70edea,33.93542314,cuda:0,151509,,
151509,GraphST,2,0.3687092961,0.4862875105,4789,7,3bc4e462fd76e14ee86389c821a9e145f6a2619c7d4b56397f7c20e0c1d9d345,9c4a6387e26c58952d5c5463f59d2919d0f36c20b5cab52d3b5c230adb88c122,042812ed0f06c40175d205d0d68ae4dfa2bd44b6cf0d6bb86f510930ea70edea,33.41117024,cuda:0,151509,,
151509,GraphST,3,0.2783704387,0.4519105875,4789,7,3bc4e462fd76e14ee86389c821a9e145f6a2619c7d4b56397f7c20e0c1d9d345,9c4a6387e26c58952d5c5463f59d2919d0f36c20b5cab52d3b5c230adb88c122,042812ed0f06c40175d205d0d68ae4dfa2bd44b6cf0d6bb86f510930ea70edea,35.54856634,cuda:0,151509,,
151509,GraphST,4,0.3217261645,0.4760399502,4789,7,3bc4e462fd76e14ee86389c821a9e145f6a2619c7d4b56397f7c20e0c1d9d345,9c4a6387e26c58952d5c5463f59d2919d0f36c20b5cab52d3b5c230adb88c122,042812ed0f06c40175d205d0d68ae4dfa2bd44b6cf0d6bb86f510930ea70edea,35.9354403,cuda:0,151509,,
151509,GraphST,5,0.4251023277,0.5409905676,4789,7,3bc4e462fd76e14ee86389c821a9e145f6a2619c7d4b56397f7c20e0c1d9d345,9c4a6387e26c58952d5c5463f59d2919d0f36c20b5cab52d3b5c230adb88c122,042812ed0f06c40175d205d0d68ae4dfa2bd44b6cf0d6bb86f510930ea70edea,39.28018785,cuda:0,151509,,
151509,GraphST,6,0.3060963281,0.4732676477,4789,7,3bc4e462fd76e14ee86389c821a9e145f6a2619c7d4b56397f7c20e0c1d9d345,9c4a6387e26c58952d5c5463f59d2919d0f36c20b5cab52d3b5c230adb88c122,042812ed0f06c40175d205d0d68ae4dfa2bd44b6cf0d6bb86f510930ea70edea,37.60573697,cuda:0,151509,,
151509,GraphST,7,0.3684402545,0.4887269926,4789,7,3bc4e462fd76e14ee86389c821a9e145f6a2619c7d4b56397f7c20e0c1d9d345,9c4a6387e26c58952d5c5463f59d2919d0f36c20b5cab52d3b5c230adb88c122,042812ed0f06c40175d205d0d68ae4dfa2bd44b6cf0d6bb86f510930ea70edea,38.95080233,cuda:0,151509,,
151509,GraphST,8,0.3186327014,0.4694029109,4789,7,3bc4e462fd76e14ee86389c821a9e145f6a2619c7d4b56397f7c20e0c1d9d345,9c4a6387e26c58952d5c5463f59d2919d0f36c20b5cab52d3b5c230adb88c122,042812ed0f06c40175d205d0d68ae4dfa2bd44b6cf0d6bb86f510930ea70edea,38.68530083,cuda:0,151509,,
151509,GraphST,9,0.2942831962,0.4713858441,4789,7,3bc4e462fd76e14ee86389c821a9e145f6a2619c7d4b56397f7c20e0c1d9d345,9c4a6387e26c58952d5c5463f59d2919d0f36c20b5cab52d3b5c230adb88c122,042812ed0f06c40175d205d0d68ae4dfa2bd44b6cf0d6bb86f510930ea70edea,31.79607773,cuda:0,151509,,
151509,GraphST,10,0.3811446534,0.4995628096,4789,7,3bc4e462fd76e14ee86389c821a9e145f6a2619c7d4b56397f7c20e0c1d9d345,9c4a6387e26c58952d5c5463f59d2919d0f36c20b5cab52d3b5c230adb88c122,042812ed0f06c40175d205d0d68ae4dfa2bd44b6cf0d6bb86f510930ea70edea,31.06577516,cuda:0,151509,,
151509,GraphST,11,0.3245414104,0.4766799695,4789,7,3bc4e462fd76e14ee86389c821a9e145f6a2619c7d4b56397f7c20e0c1d9d345,9c4a6387e26c58952d5c5463f59d2919d0f36c20b5cab52d3b5c230adb88c122,042812ed0f06c40175d205d0d68ae4dfa2bd44b6cf0d6bb86f510930ea70edea,41.50507379,cuda:0,151509,,
151509,GraphST,12,0.3085922284,0.4744846761,4789,7,3bc4e462fd76e14ee86389c821a9e145f6a2619c7d4b56397f7c20e0c1d9d345,9c4a6387e26c58952d5c5463f59d2919d0f36c20b5cab52d3b5c230adb88c122,042812ed0f06c40175d205d0d68ae4dfa2bd44b6cf0d6bb86f510930ea70edea,39.9856751,cuda:0,151509,,
151509,GraphST,13,0.2974109604,0.4604221477,4789,7,3bc4e462fd76e14ee86389c821a9e145f6a2619c7d4b56397f7c20e0c1d9d345,9c4a6387e26c58952d5c5463f59d2919d0f36c20b5cab52d3b5c230adb88c122,042812ed0f06c40175d205d0d68ae4dfa2bd44b6cf0d6bb86f510930ea70edea,40.19511771,cuda:0,151509,,
151509,GraphST,14,0.2669029118,0.4320076254,4789,7,3bc4e462fd76e14ee86389c821a9e145f6a2619c7d4b56397f7c20e0c1d9d345,9c4a6387e26c58952d5c5463f59d2919d0f36c20b5cab52d3b5c230adb88c122,042812ed0f06c40175d205d0d68ae4dfa2bd44b6cf0d6bb86f510930ea70edea,40.45496345,cuda:0,151509,,
151509,GraphST,15,0.3076068876,0.475394828,4789,7,3bc4e462fd76e14ee86389c821a9e145f6a2619c7d4b56397f7c20e0c1d9d345,9c4a6387e26c58952d5c5463f59d2919d0f36c20b5cab52d3b5c230adb88c122,042812ed0f06c40175d205d0d68ae4dfa2bd44b6cf0d6bb86f510930ea70edea,38.63914371,cuda:0,151509,,
151509,GraphST,16,0.4072410815,0.5252560793,4789,7,3bc4e462fd76e14ee86389c821a9e145f6a2619c7d4b56397f7c20e0c1d9d345,9c4a6387e26c58952d5c5463f59d2919d0f36c20b5cab52d3b5c230adb88c122,042812ed0f06c40175d205d0d68ae4dfa2bd44b6cf0d6bb86f510930ea70edea,39.32240796,cuda:0,151509,,
151509,GraphST,17,0.2953378993,0.4340215803,4789,7,3bc4e462fd76e14ee86389c821a9e145f6a2619c7d4b56397f7c20e0c1d9d345,9c4a6387e26c58952d5c5463f59d2919d0f36c20b5cab52d3b5c230adb88c122,042812ed0f06c40175d205d0d68ae4dfa2bd44b6cf0d6bb86f510930ea70edea,37.26154232,cuda:0,151509,,
151509,GraphST,18,0.273373528,0.4378616031,4789,7,3bc4e462fd76e14ee86389c821a9e145f6a2619c7d4b56397f7c20e0c1d9d345,9c4a6387e26c58952d5c5463f59d2919d0f36c20b5cab52d3b5c230adb88c122,042812ed0f06c40175d205d0d68ae4dfa2bd44b6cf0d6bb86f510930ea70edea,37.02465487,cuda:0,151509,,
151509,GraphST,19,0.2661394937,0.4471189953,4789,7,3bc4e462fd76e14ee86389c821a9e145f6a2619c7d4b56397f7c20e0c1d9d345,9c4a6387e26c58952d5c5463f59d2919d0f36c20b5cab52d3b5c230adb88c122,042812ed0f06c40175d205d0d68ae4dfa2bd44b6cf0d6bb86f510930ea70edea,35.40544271,cuda:0,151509,,
151509,GraphST,20,0.2857396088,0.4479116786,4789,7,3bc4e462fd76e14ee86389c821a9e145f6a2619c7d4b56397f7c20e0c1d9d345,9c4a6387e26c58952d5c5463f59d2919d0f36c20b5cab52d3b5c230adb88c122,042812ed0f06c40175d205d0d68ae4dfa2bd44b6cf0d6bb86f510930ea70edea,35.39334393,cuda:0,151509,,
151509,STAGATE,1,0.4208934989,0.5497948165,4789,7,3bc4e462fd76e14ee86389c821a9e145f6a2619c7d4b56397f7c20e0c1d9d345,9c4a6387e26c58952d5c5463f59d2919d0f36c20b5cab52d3b5c230adb88c122,bdeeef631bd88a2826bd2f340bde00c3b70446f07ce3605c92eea2d76ad27060,260.2061348,cpu,151509,,
151509,STAGATE,2,0.4064519366,0.536873693,4789,7,3bc4e462fd76e14ee86389c821a9e145f6a2619c7d4b56397f7c20e0c1d9d345,9c4a6387e26c58952d5c5463f59d2919d0f36c20b5cab52d3b5c230adb88c122,bdeeef631bd88a2826bd2f340bde00c3b70446f07ce3605c92eea2d76ad27060,266.1060014,cpu,151509,,
151509,STAGATE,3,0.3872012264,0.5404504974,4789,7,3bc4e462fd76e14ee86389c821a9e145f6a2619c7d4b56397f7c20e0c1d9d345,9c4a6387e26c58952d5c5463f59d2919d0f36c20b5cab52d3b5c230adb88c122,bdeeef631bd88a2826bd2f340bde00c3b70446f07ce3605c92eea2d76ad27060,264.0680139,cpu,151509,,
151509,STAGATE,4,0.4164218101,0.5546766383,4789,7,3bc4e462fd76e14ee86389c821a9e145f6a2619c7d4b56397f7c20e0c1d9d345,9c4a6387e26c58952d5c5463f59d2919d0f36c20b5cab52d3b5c230adb88c122,bdeeef631bd88a2826bd2f340bde00c3b70446f07ce3605c92eea2d76ad27060,264.8153098,cpu,151509,,
151509,STAGATE,5,0.3614756561,0.5336216604,4789,7,3bc4e462fd76e14ee86389c821a9e145f6a2619c7d4b56397f7c20e0c1d9d345,9c4a6387e26c58952d5c5463f59d2919d0f36c20b5cab52d3b5c230adb88c122,bdeeef631bd88a2826bd2f340bde00c3b70446f07ce3605c92eea2d76ad27060,262.6153662,cpu,151509,,
151509,STAGATE,6,0.4214458633,0.5509993165,4789,7,3bc4e462fd76e14ee86389c821a9e145f6a2619c7d4b56397f7c20e0c1d9d345,9c4a6387e26c58952d5c5463f59d2919d0f36c20b5cab52d3b5c230adb88c122,bdeeef631bd88a2826bd2f340bde00c3b70446f07ce3605c92eea2d76ad27060,225.4195752,cpu,151509,,
151509,STAGATE,7,0.4141135991,0.5411370179,4789,7,3bc4e462fd76e14ee86389c821a9e145f6a2619c7d4b56397f7c20e0c1d9d345,9c4a6387e26c58952d5c5463f59d2919d0f36c20b5cab52d3b5c230adb88c122,bdeeef631bd88a2826bd2f340bde00c3b70446f07ce3605c92eea2d76ad27060,228.8671372,cpu,151509,,
151509,STAGATE,8,0.4152677798,0.538058952,4789,7,3bc4e462fd76e14ee86389c821a9e145f6a2619c7d4b56397f7c20e0c1d9d345,9c4a6387e26c58952d5c5463f59d2919d0f36c20b5cab52d3b5c230adb88c122,bdeeef631bd88a2826bd2f340bde00c3b70446f07ce3605c92eea2d76ad27060,229.9483991,cpu,151509,,
151509,STAGATE,9,0.4923665193,0.6023327397,4789,7,3bc4e462fd76e14ee86389c821a9e145f6a2619c7d4b56397f7c20e0c1d9d345,9c4a6387e26c58952d5c5463f59d2919d0f36c20b5cab52d3b5c230adb88c122,bdeeef631bd88a2826bd2f340bde00c3b70446f07ce3605c92eea2d76ad27060,227.3083417,cpu,151509,,
151509,STAGATE,10,0.4124366011,0.5354314774,4789,7,3bc4e462fd76e14ee86389c821a9e145f6a2619c7d4b56397f7c20e0c1d9d345,9c4a6387e26c58952d5c5463f59d2919d0f36c20b5cab52d3b5c230adb88c122,bdeeef631bd88a2826bd2f340bde00c3b70446f07ce3605c92eea2d76ad27060,228.9065976,cpu,151509,,
151509,STAGATE,11,0.414128475,0.5409793162,4789,7,3bc4e462fd76e14ee86389c821a9e145f6a2619c7d4b56397f7c20e0c1d9d345,9c4a6387e26c58952d5c5463f59d2919d0f36c20b5cab52d3b5c230adb88c122,bdeeef631bd88a2826bd2f340bde00c3b70446f07ce3605c92eea2d76ad27060,222.2338369,cpu,151509,,
151509,STAGATE,12,0.3953555366,0.5409756354,4789,7,3bc4e462fd76e14ee86389c821a9e145f6a2619c7d4b56397f7c20e0c1d9d345,9c4a6387e26c58952d5c5463f59d2919d0f36c20b5cab52d3b5c230adb88c122,bdeeef631bd88a2826bd2f340bde00c3b70446f07ce3605c92eea2d76ad27060,228.0446906,cpu,151509,,
151509,STAGATE,13,0.499627496,0.5858996033,4789,7,3bc4e462fd76e14ee86389c821a9e145f6a2619c7d4b56397f7c20e0c1d9d345,9c4a6387e26c58952d5c5463f59d2919d0f36c20b5cab52d3b5c230adb88c122,bdeeef631bd88a2826bd2f340bde00c3b70446f07ce3605c92eea2d76ad27060,228.0280178,cpu,151509,,
151509,STAGATE,14,0.4924059165,0.6090593755,4789,7,3bc4e462fd76e14ee86389c821a9e145f6a2619c7d4b56397f7c20e0c1d9d345,9c4a6387e26c58952d5c5463f59d2919d0f36c20b5cab52d3b5c230adb88c122,bdeeef631bd88a2826bd2f340bde00c3b70446f07ce3605c92eea2d76ad27060,221.9529672,cpu,151509,,
151509,STAGATE,15,0.4011195855,0.5357634849,4789,7,3bc4e462fd76e14ee86389c821a9e145f6a2619c7d4b56397f7c20e0c1d9d345,9c4a6387e26c58952d5c5463f59d2919d0f36c20b5cab52d3b5c230adb88c122,bdeeef631bd88a2826bd2f340bde00c3b70446f07ce3605c92eea2d76ad27060,224.2072885,cpu,151509,,
151509,STAGATE,16,0.4136745566,0.5507378291,4789,7,3bc4e462fd76e14ee86389c821a9e145f6a2619c7d4b56397f7c20e0c1d9d345,9c4a6387e26c58952d5c5463f59d2919d0f36c20b5cab52d3b5c230adb88c122,bdeeef631bd88a2826bd2f340bde00c3b70446f07ce3605c92eea2d76ad27060,210.2896121,cpu,151509,,
151509,STAGATE,17,0.3216535539,0.4963003069,4789,7,3bc4e462fd76e14ee86389c821a9e145f6a2619c7d4b56397f7c20e0c1d9d345,9c4a6387e26c58952d5c5463f59d2919d0f36c20b5cab52d3b5c230adb88c122,bdeeef631bd88a2826bd2f340bde00c3b70446f07ce3605c92eea2d76ad27060,223.6819122,cpu,151509,,
151509,STAGATE,18,0.3998924868,0.5380707205,4789,7,3bc4e462fd76e14ee86389c821a9e145f6a2619c7d4b56397f7c20e0c1d9d345,9c4a6387e26c58952d5c5463f59d2919d0f36c20b5cab52d3b5c230adb88c122,bdeeef631bd88a2826bd2f340bde00c3b70446f07ce3605c92eea2d76ad27060,227.0650237,cpu,151509,,
151509,STAGATE,19,0.4114006138,0.5395991392,4789,7,3bc4e462fd76e14ee86389c821a9e145f6a2619c7d4b56397f7c20e0c1d9d345,9c4a6387e26c58952d5c5463f59d2919d0f36c20b5cab52d3b5c230adb88c122,bdeeef631bd88a2826bd2f340bde00c3b70446f07ce3605c92eea2d76ad27060,226.3276989,cpu,151509,,
151509,STAGATE,20,0.4251571698,0.5551002444,4789,7,3bc4e462fd76e14ee86389c821a9e145f6a2619c7d4b56397f7c20e0c1d9d345,9c4a6387e26c58952d5c5463f59d2919d0f36c20b5cab52d3b5c230adb88c122,bdeeef631bd88a2826bd2f340bde00c3b70446f07ce3605c92eea2d76ad27060,222.5656512,cpu,151509,,
151509,SpaGCN,1,0.3783027507,0.5027812026,4789,7,3bc4e462fd76e14ee86389c821a9e145f6a2619c7d4b56397f7c20e0c1d9d345,9c4a6387e26c58952d5c5463f59d2919d0f36c20b5cab52d3b5c230adb88c122,ca68ea4cab5c91f5ce7c6caddddf4b7dbf999507c47d8969487f887addf2719e,25.23777223,cpu,151509,,
151509,SpaGCN,2,0.3607210452,0.4905014409,4789,7,3bc4e462fd76e14ee86389c821a9e145f6a2619c7d4b56397f7c20e0c1d9d345,9c4a6387e26c58952d5c5463f59d2919d0f36c20b5cab52d3b5c230adb88c122,ca68ea4cab5c91f5ce7c6caddddf4b7dbf999507c47d8969487f887addf2719e,16.15339613,cpu,151509,,
151509,SpaGCN,3,0.3443572258,0.507366364,4789,7,3bc4e462fd76e14ee86389c821a9e145f6a2619c7d4b56397f7c20e0c1d9d345,9c4a6387e26c58952d5c5463f59d2919d0f36c20b5cab52d3b5c230adb88c122,ca68ea4cab5c91f5ce7c6caddddf4b7dbf999507c47d8969487f887addf2719e,16.13624382,cpu,151509,,
151509,SpaGCN,4,0.3672029493,0.5129504508,4789,7,3bc4e462fd76e14ee86389c821a9e145f6a2619c7d4b56397f7c20e0c1d9d345,9c4a6387e26c58952d5c5463f59d2919d0f36c20b5cab52d3b5c230adb88c122,ca68ea4cab5c91f5ce7c6caddddf4b7dbf999507c47d8969487f887addf2719e,17.62864113,cpu,151509,,
151509,SpaGCN,5,0.3109981118,0.4671549824,4789,7,3bc4e462fd76e14ee86389c821a9e145f6a2619c7d4b56397f7c20e0c1d9d345,9c4a6387e26c58952d5c5463f59d2919d0f36c20b5cab52d3b5c230adb88c122,ca68ea4cab5c91f5ce7c6caddddf4b7dbf999507c47d8969487f887addf2719e,17.70111537,cpu,151509,,
151509,SpaGCN,6,0.2042837475,0.3404200118,4789,7,3bc4e462fd76e14ee86389c821a9e145f6a2619c7d4b56397f7c20e0c1d9d345,9c4a6387e26c58952d5c5463f59d2919d0f36c20b5cab52d3b5c230adb88c122,ca68ea4cab5c91f5ce7c6caddddf4b7dbf999507c47d8969487f887addf2719e,18.20520949,cpu,151509,,
151509,SpaGCN,7,0.3668415622,0.5432472291,4789,7,3bc4e462fd76e14ee86389c821a9e145f6a2619c7d4b56397f7c20e0c1d9d345,9c4a6387e26c58952d5c5463f59d2919d0f36c20b5cab52d3b5c230adb88c122,ca68ea4cab5c91f5ce7c6caddddf4b7dbf999507c47d8969487f887addf2719e,19.11556149,cpu,151509,,
151509,SpaGCN,8,0.331257637,0.4951298146,4789,7,3bc4e462fd76e14ee86389c821a9e145f6a2619c7d4b56397f7c20e0c1d9d345,9c4a6387e26c58952d5c5463f59d2919d0f36c20b5cab52d3b5c230adb88c122,ca68ea4cab5c91f5ce7c6caddddf4b7dbf999507c47d8969487f887addf2719e,20.89810991,cpu,151509,,
151509,SpaGCN,9,0.298886284,0.4544419984,4789,7,3bc4e462fd76e14ee86389c821a9e145f6a2619c7d4b56397f7c20e0c1d9d345,9c4a6387e26c58952d5c5463f59d2919d0f36c20b5cab52d3b5c230adb88c122,ca68ea4cab5c91f5ce7c6caddddf4b7dbf999507c47d8969487f887addf2719e,23.30688286,cpu,151509,,
151509,SpaGCN,10,0.3311459387,0.4971852309,4789,7,3bc4e462fd76e14ee86389c821a9e145f6a2619c7d4b56397f7c20e0c1d9d345,9c4a6387e26c58952d5c5463f59d2919d0f36c20b5cab52d3b5c230adb88c122,ca68ea4cab5c91f5ce7c6caddddf4b7dbf999507c47d8969487f887addf2719e,24.67298126,cpu,151509,,
151509,SpaGCN,11,0.3442650965,0.4968006759,4789,7,3bc4e462fd76e14ee86389c821a9e145f6a2619c7d4b56397f7c20e0c1d9d345,9c4a6387e26c58952d5c5463f59d2919d0f36c20b5cab52d3b5c230adb88c122,ca68ea4cab5c91f5ce7c6caddddf4b7dbf999507c47d8969487f887addf2719e,20.25938463,cpu,151509,,
151509,SpaGCN,12,0.3650768274,0.5016003156,4789,7,3bc4e462fd76e14ee86389c821a9e145f6a2619c7d4b56397f7c20e0c1d9d345,9c4a6387e26c58952d5c5463f59d2919d0f36c20b5cab52d3b5c230adb88c122,ca68ea4cab5c91f5ce7c6caddddf4b7dbf999507c47d8969487f887addf2719e,19.98193908,cpu,151509,,
151509,SpaGCN,13,0.3180594915,0.4775647986,4789,7,3bc4e462fd76e14ee86389c821a9e145f6a2619c7d4b56397f7c20e0c1d9d345,9c4a6387e26c58952d5c5463f59d2919d0f36c20b5cab52d3b5c230adb88c122,ca68ea4cab5c91f5ce7c6caddddf4b7dbf999507c47d8969487f887addf2719e,29.55361938,cpu,151509,,
151509,SpaGCN,14,0.3183967915,0.4780447782,4789,7,3bc4e462fd76e14ee86389c821a9e145f6a2619c7d4b56397f7c20e0c1d9d345,9c4a6387e26c58952d5c5463f59d2919d0f36c20b5cab52d3b5c230adb88c122,ca68ea4cab5c91f5ce7c6caddddf4b7dbf999507c47d8969487f887addf2719e,31.63909268,cpu,151509,,
151509,SpaGCN,15,0.3266732131,0.4870423276,4789,7,3bc4e462fd76e14ee86389c821a9e145f6a2619c7d4b56397f7c20e0c1d9d345,9c4a6387e26c58952d5c5463f59d2919d0f36c20b5cab52d3b5c230adb88c122,ca68ea4cab5c91f5ce7c6caddddf4b7dbf999507c47d8969487f887addf2719e,40.40072274,cpu,151509,,
151509,SpaGCN,16,0.379367343,0.5387611521,4789,7,3bc4e462fd76e14ee86389c821a9e145f6a2619c7d4b56397f7c20e0c1d9d345,9c4a6387e26c58952d5c5463f59d2919d0f36c20b5cab52d3b5c230adb88c122,ca68ea4cab5c91f5ce7c6caddddf4b7dbf999507c47d8969487f887addf2719e,39.07250285,cpu,151509,,
151509,SpaGCN,17,0.3099919382,0.454410353,4789,7,3bc4e462fd76e14ee86389c821a9e145f6a2619c7d4b56397f7c20e0c1d9d345,9c4a6387e26c58952d5c5463f59d2919d0f36c20b5cab52d3b5c230adb88c122,ca68ea4cab5c91f5ce7c6caddddf4b7dbf999507c47d8969487f887addf2719e,23.13695407,cpu,151509,,
151509,SpaGCN,18,0.3410039808,0.506186106,4789,7,3bc4e462fd76e14ee86389c821a9e145f6a2619c7d4b56397f7c20e0c1d9d345,9c4a6387e26c58952d5c5463f59d2919d0f36c20b5cab52d3b5c230adb88c122,ca68ea4cab5c91f5ce7c6caddddf4b7dbf999507c47d8969487f887addf2719e,38.30056906,cpu,151509,,
151509,SpaGCN,19,0.3263787378,0.4867141439,4789,7,3bc4e462fd76e14ee86389c821a9e145f6a2619c7d4b56397f7c20e0c1d9d345,9c4a6387e26c58952d5c5463f59d2919d0f36c20b5cab52d3b5c230adb88c122,ca68ea4cab5c91f5ce7c6caddddf4b7dbf999507c47d8969487f887addf2719e,44.53347874,cpu,151509,,
151509,SpaGCN,20,0.3469975594,0.4810384049,4789,7,3bc4e462fd76e14ee86389c821a9e145f6a2619c7d4b56397f7c20e0c1d9d345,9c4a6387e26c58952d5c5463f59d2919d0f36c20b5cab52d3b5c230adb88c122,ca68ea4cab5c91f5ce7c6caddddf4b7dbf999507c47d8969487f887addf2719e,26.85223031,cpu,151509,,
151509,BANKSY,1,0.4811860441,0.5930011561,4789,7,3bc4e462fd76e14ee86389c821a9e145f6a2619c7d4b56397f7c20e0c1d9d345,9c4a6387e26c58952d5c5463f59d2919d0f36c20b5cab52d3b5c230adb88c122,5193446742b875a865f248d810d59b889b8672f8aedf2048c5b50064f3bbf8fb,11.00063038,cpu,151509,,
151509,BANKSY,2,0.4204109744,0.5544314995,4789,7,3bc4e462fd76e14ee86389c821a9e145f6a2619c7d4b56397f7c20e0c1d9d345,9c4a6387e26c58952d5c5463f59d2919d0f36c20b5cab52d3b5c230adb88c122,5193446742b875a865f248d810d59b889b8672f8aedf2048c5b50064f3bbf8fb,1.454605579,cpu,151509,,
151509,BANKSY,3,0.35677052,0.569622972,4789,7,3bc4e462fd76e14ee86389c821a9e145f6a2619c7d4b56397f7c20e0c1d9d345,9c4a6387e26c58952d5c5463f59d2919d0f36c20b5cab52d3b5c230adb88c122,5193446742b875a865f248d810d59b889b8672f8aedf2048c5b50064f3bbf8fb,1.965862989,cpu,151509,,
151509,BANKSY,4,0.3878120711,0.5655302601,4789,7,3bc4e462fd76e14ee86389c821a9e145f6a2619c7d4b56397f7c20e0c1d9d345,9c4a6387e26c58952d5c5463f59d2919d0f36c20b5cab52d3b5c230adb88c122,5193446742b875a865f248d810d59b889b8672f8aedf2048c5b50064f3bbf8fb,1.574561596,cpu,151509,,
151509,BANKSY,5,0.3874844159,0.5639700583,4789,7,3bc4e462fd76e14ee86389c821a9e145f6a2619c7d4b56397f7c20e0c1d9d345,9c4a6387e26c58952d5c5463f59d2919d0f36c20b5cab52d3b5c230adb88c122,5193446742b875a865f248d810d59b889b8672f8aedf2048c5b50064f3bbf8fb,1.521582603,cpu,151509,,
151509,BANKSY,6,0.3643048808,0.5724789803,4789,7,3bc4e462fd76e14ee86389c821a9e145f6a2619c7d4b56397f7c20e0c1d9d345,9c4a6387e26c58952d5c5463f59d2919d0f36c20b5cab52d3b5c230adb88c122,5193446742b875a865f248d810d59b889b8672f8aedf2048c5b50064f3bbf8fb,1.893677235,cpu,151509,,
151509,BANKSY,7,0.3643048808,0.5724789803,4789,7,3bc4e462fd76e14ee86389c821a9e145f6a2619c7d4b56397f7c20e0c1d9d345,9c4a6387e26c58952d5c5463f59d2919d0f36c20b5cab52d3b5c230adb88c122,5193446742b875a865f248d810d59b889b8672f8aedf2048c5b50064f3bbf8fb,1.68156004,cpu,151509,,
151509,BANKSY,8,0.3581386577,0.5699291836,4789,7,3bc4e462fd76e14ee86389c821a9e145f6a2619c7d4b56397f7c20e0c1d9d345,9c4a6387e26c58952d5c5463f59d2919d0f36c20b5cab52d3b5c230adb88c122,5193446742b875a865f248d810d59b889b8672f8aedf2048c5b50064f3bbf8fb,1.787459373,cpu,151509,,
151509,BANKSY,9,0.3875077688,0.564865324,4789,7,3bc4e462fd76e14ee86389c821a9e145f6a2619c7d4b56397f7c20e0c1d9d345,9c4a6387e26c58952d5c5463f59d2919d0f36c20b5cab52d3b5c230adb88c122,5193446742b875a865f248d810d59b889b8672f8aedf2048c5b50064f3bbf8fb,1.169229031,cpu,151509,,
151509,BANKSY,10,0.3576786524,0.5692102316,4789,7,3bc4e462fd76e14ee86389c821a9e145f6a2619c7d4b56397f7c20e0c1d9d345,9c4a6387e26c58952d5c5463f59d2919d0f36c20b5cab52d3b5c230adb88c122,5193446742b875a865f248d810d59b889b8672f8aedf2048c5b50064f3bbf8fb,1.144291878,cpu,151509,,
151509,BANKSY,11,0.2846992309,0.4706647079,4789,7,3bc4e462fd76e14ee86389c821a9e145f6a2619c7d4b56397f7c20e0c1d9d345,9c4a6387e26c58952d5c5463f59d2919d0f36c20b5cab52d3b5c230adb88c122,5193446742b875a865f248d810d59b889b8672f8aedf2048c5b50064f3bbf8fb,1.092237711,cpu,151509,,
151509,BANKSY,12,0.3576726826,0.5695664388,4789,7,3bc4e462fd76e14ee86389c821a9e145f6a2619c7d4b56397f7c20e0c1d9d345,9c4a6387e26c58952d5c5463f59d2919d0f36c20b5cab52d3b5c230adb88c122,5193446742b875a865f248d810d59b889b8672f8aedf2048c5b50064f3bbf8fb,1.295484781,cpu,151509,,
151509,BANKSY,13,0.2882351706,0.4813394812,4789,7,3bc4e462fd76e14ee86389c821a9e145f6a2619c7d4b56397f7c20e0c1d9d345,9c4a6387e26c58952d5c5463f59d2919d0f36c20b5cab52d3b5c230adb88c122,5193446742b875a865f248d810d59b889b8672f8aedf2048c5b50064f3bbf8fb,1.168639421,cpu,151509,,
151509,BANKSY,14,0.3564045062,0.5697892024,4789,7,3bc4e462fd76e14ee86389c821a9e145f6a2619c7d4b56397f7c20e0c1d9d345,9c4a6387e26c58952d5c5463f59d2919d0f36c20b5cab52d3b5c230adb88c122,5193446742b875a865f248d810d59b889b8672f8aedf2048c5b50064f3bbf8fb,1.023825407,cpu,151509,,
151509,BANKSY,15,0.4204109744,0.5544314995,4789,7,3bc4e462fd76e14ee86389c821a9e145f6a2619c7d4b56397f7c20e0c1d9d345,9c4a6387e26c58952d5c5463f59d2919d0f36c20b5cab52d3b5c230adb88c122,5193446742b875a865f248d810d59b889b8672f8aedf2048c5b50064f3bbf8fb,1.130566835,cpu,151509,,
151509,BANKSY,16,0.2591342597,0.4582145334,4789,7,3bc4e462fd76e14ee86389c821a9e145f6a2619c7d4b56397f7c20e0c1d9d345,9c4a6387e26c58952d5c5463f59d2919d0f36c20b5cab52d3b5c230adb88c122,5193446742b875a865f248d810d59b889b8672f8aedf2048c5b50064f3bbf8fb,0.6782827377,cpu,151509,,
151509,BANKSY,17,0.3558026763,0.5672374397,4789,7,3bc4e462fd76e14ee86389c821a9e145f6a2619c7d4b56397f7c20e0c1d9d345,9c4a6387e26c58952d5c5463f59d2919d0f36c20b5cab52d3b5c230adb88c122,5193446742b875a865f248d810d59b889b8672f8aedf2048c5b50064f3bbf8fb,0.8988032341,cpu,151509,,
151509,BANKSY,18,0.3404548319,0.5609897733,4789,7,3bc4e462fd76e14ee86389c821a9e145f6a2619c7d4b56397f7c20e0c1d9d345,9c4a6387e26c58952d5c5463f59d2919d0f36c20b5cab52d3b5c230adb88c122,5193446742b875a865f248d810d59b889b8672f8aedf2048c5b50064f3bbf8fb,1.070867062,cpu,151509,,
151509,BANKSY,19,0.2882351706,0.4813394812,4789,7,3bc4e462fd76e14ee86389c821a9e145f6a2619c7d4b56397f7c20e0c1d9d345,9c4a6387e26c58952d5c5463f59d2919d0f36c20b5cab52d3b5c230adb88c122,5193446742b875a865f248d810d59b889b8672f8aedf2048c5b50064f3bbf8fb,1.393431187,cpu,151509,,
151509,BANKSY,20,0.4204109744,0.5544314995,4789,7,3bc4e462fd76e14ee86389c821a9e145f6a2619c7d4b56397f7c20e0c1d9d345,9c4a6387e26c58952d5c5463f59d2919d0f36c20b5cab52d3b5c230adb88c122,5193446742b875a865f248d810d59b889b8672f8aedf2048c5b50064f3bbf8fb,0.8481910229,cpu,151509,,
151509,SEDR,1,0.54965583559999998,0.68918184253100001,4789,7,,,,,,151509,4789,18688
151509,SEDR,2,0.53003779741500001,0.67625712462499998,4789,7,,,,,,151509,4789,18688
151509,SEDR,3,0.37799666250699998,0.592718791483,4789,7,,,,,,151509,4789,18688
151509,SEDR,4,0.45127839232099998,0.650743199858,4789,7,,,,,,151509,4789,18688
151509,SEDR,5,0.51614746892600005,0.66755779650000002,4789,7,,,,,,151509,4789,18688
151509,SEDR,6,0.43620623175500001,0.62419795241300002,4789,7,,,,,,151509,4789,18688
151509,SEDR,7,0.38131807700600001,0.57185785925400001,4789,7,,,,,,151509,4789,18688
151509,SEDR,8,0.50668408129200004,0.64653394582099999,4789,7,,,,,,151509,4789,18688
151509,SEDR,9,0.56241246011400003,0.700985627477,4789,7,,,,,,151509,4789,18688
151509,SEDR,10,0.52869114115399996,0.66981618547999999,4789,7,,,,,,151509,4789,18688
151509,SEDR,11,0.47509477814099998,0.63813882545699996,4789,7,,,,,,151509,4789,18688
151509,SEDR,12,0.50959949496099999,0.65720186776699996,4789,7,,,,,,151509,4789,18688
151509,SEDR,13,0.65967015062300005,0.71263285663800002,4789,7,,,,,,151509,4789,18688
151509,SEDR,14,0.46419040747200002,0.63759328825299999,4789,7,,,,,,151509,4789,18688
151509,SEDR,15,0.75587680043100003,0.74770593067500002,4789,7,,,,,,151509,4789,18688
151509,SEDR,16,0.51138910257100001,0.66045092153499996,4789,7,,,,,,151509,4789,18688
151509,SEDR,17,0.458332181058,0.64174179693400002,4789,7,,,,,,151509,4789,18688
151509,SEDR,18,0.54505219053700005,0.68094511931900004,4789,7,,,,,,151509,4789,18688
151509,SEDR,19,0.43182176396499999,0.63862744500500002,4789,7,,,,,,151509,4789,18688
151509,SEDR,20,0.43527276418999999,0.62257160635800002,4789,7,,,,,,151509,4789,18688
151510,GraphST,1,0.23400616,0.4176575117,4634,7,9c84eef4f57f4985f3713f0b236a098858489faf520159729d719465562ac071,b56b5d3f53e19598798178ecba83e0eb081fb3c9397b4a9ec5378f97cb8dd98c,789cf509cf17ed7be57d80e39e9668e6d0a07bbbc8f5fdb4706178fc03e8b7b9,34.36724591,cuda:0,151510,,
151510,GraphST,2,0.3124064584,0.4766977976,4634,7,9c84eef4f57f4985f3713f0b236a098858489faf520159729d719465562ac071,b56b5d3f53e19598798178ecba83e0eb081fb3c9397b4a9ec5378f97cb8dd98c,789cf509cf17ed7be57d80e39e9668e6d0a07bbbc8f5fdb4706178fc03e8b7b9,34.73999619,cuda:0,151510,,
151510,GraphST,3,0.3308363284,0.4690188093,4634,7,9c84eef4f57f4985f3713f0b236a098858489faf520159729d719465562ac071,b56b5d3f53e19598798178ecba83e0eb081fb3c9397b4a9ec5378f97cb8dd98c,789cf509cf17ed7be57d80e39e9668e6d0a07bbbc8f5fdb4706178fc03e8b7b9,34.50921345,cuda:0,151510,,
151510,GraphST,4,0.2651782385,0.4326364661,4634,7,9c84eef4f57f4985f3713f0b236a098858489faf520159729d719465562ac071,b56b5d3f53e19598798178ecba83e0eb081fb3c9397b4a9ec5378f97cb8dd98c,789cf509cf17ed7be57d80e39e9668e6d0a07bbbc8f5fdb4706178fc03e8b7b9,33.2353754,cuda:0,151510,,
151510,GraphST,5,0.3125111959,0.4595867721,4634,7,9c84eef4f57f4985f3713f0b236a098858489faf520159729d719465562ac071,b56b5d3f53e19598798178ecba83e0eb081fb3c9397b4a9ec5378f97cb8dd98c,789cf509cf17ed7be57d80e39e9668e6d0a07bbbc8f5fdb4706178fc03e8b7b9,31.65803027,cuda:0,151510,,
151510,GraphST,6,0.2653034669,0.4194907313,4634,7,9c84eef4f57f4985f3713f0b236a098858489faf520159729d719465562ac071,b56b5d3f53e19598798178ecba83e0eb081fb3c9397b4a9ec5378f97cb8dd98c,789cf509cf17ed7be57d80e39e9668e6d0a07bbbc8f5fdb4706178fc03e8b7b9,31.17681313,cuda:0,151510,,
151510,GraphST,7,0.2873601092,0.4453821572,4634,7,9c84eef4f57f4985f3713f0b236a098858489faf520159729d719465562ac071,b56b5d3f53e19598798178ecba83e0eb081fb3c9397b4a9ec5378f97cb8dd98c,789cf509cf17ed7be57d80e39e9668e6d0a07bbbc8f5fdb4706178fc03e8b7b9,31.61018538,cuda:0,151510,,
151510,GraphST,8,0.2672788555,0.4499853877,4634,7,9c84eef4f57f4985f3713f0b236a098858489faf520159729d719465562ac071,b56b5d3f53e19598798178ecba83e0eb081fb3c9397b4a9ec5378f97cb8dd98c,789cf509cf17ed7be57d80e39e9668e6d0a07bbbc8f5fdb4706178fc03e8b7b9,30.98974466,cuda:0,151510,,
151510,GraphST,9,0.2963642989,0.443967536,4634,7,9c84eef4f57f4985f3713f0b236a098858489faf520159729d719465562ac071,b56b5d3f53e19598798178ecba83e0eb081fb3c9397b4a9ec5378f97cb8dd98c,789cf509cf17ed7be57d80e39e9668e6d0a07bbbc8f5fdb4706178fc03e8b7b9,29.64027262,cuda:0,151510,,
151510,GraphST,10,0.3034970768,0.4665751132,4634,7,9c84eef4f57f4985f3713f0b236a098858489faf520159729d719465562ac071,b56b5d3f53e19598798178ecba83e0eb081fb3c9397b4a9ec5378f97cb8dd98c,789cf509cf17ed7be57d80e39e9668e6d0a07bbbc8f5fdb4706178fc03e8b7b9,29.22975183,cuda:0,151510,,
151510,GraphST,11,0.2896645335,0.442553979,4634,7,9c84eef4f57f4985f3713f0b236a098858489faf520159729d719465562ac071,b56b5d3f53e19598798178ecba83e0eb081fb3c9397b4a9ec5378f97cb8dd98c,789cf509cf17ed7be57d80e39e9668e6d0a07bbbc8f5fdb4706178fc03e8b7b9,31.63818502,cuda:0,151510,,
151510,GraphST,12,0.2032774566,0.399860753,4634,7,9c84eef4f57f4985f3713f0b236a098858489faf520159729d719465562ac071,b56b5d3f53e19598798178ecba83e0eb081fb3c9397b4a9ec5378f97cb8dd98c,789cf509cf17ed7be57d80e39e9668e6d0a07bbbc8f5fdb4706178fc03e8b7b9,32.38632488,cuda:0,151510,,
151510,GraphST,13,0.3541822656,0.4631831757,4634,7,9c84eef4f57f4985f3713f0b236a098858489faf520159729d719465562ac071,b56b5d3f53e19598798178ecba83e0eb081fb3c9397b4a9ec5378f97cb8dd98c,789cf509cf17ed7be57d80e39e9668e6d0a07bbbc8f5fdb4706178fc03e8b7b9,31.71553755,cuda:0,151510,,
151510,GraphST,14,0.3577202511,0.4666022179,4634,7,9c84eef4f57f4985f3713f0b236a098858489faf520159729d719465562ac071,b56b5d3f53e19598798178ecba83e0eb081fb3c9397b4a9ec5378f97cb8dd98c,789cf509cf17ed7be57d80e39e9668e6d0a07bbbc8f5fdb4706178fc03e8b7b9,32.0731194,cuda:0,151510,,
151510,GraphST,15,0.3269796718,0.4899929763,4634,7,9c84eef4f57f4985f3713f0b236a098858489faf520159729d719465562ac071,b56b5d3f53e19598798178ecba83e0eb081fb3c9397b4a9ec5378f97cb8dd98c,789cf509cf17ed7be57d80e39e9668e6d0a07bbbc8f5fdb4706178fc03e8b7b9,30.65903854,cuda:0,151510,,
151510,GraphST,16,0.3288600076,0.4634575693,4634,7,9c84eef4f57f4985f3713f0b236a098858489faf520159729d719465562ac071,b56b5d3f53e19598798178ecba83e0eb081fb3c9397b4a9ec5378f97cb8dd98c,789cf509cf17ed7be57d80e39e9668e6d0a07bbbc8f5fdb4706178fc03e8b7b9,30.95748329,cuda:0,151510,,
151510,GraphST,17,0.3358528019,0.4802087846,4634,7,9c84eef4f57f4985f3713f0b236a098858489faf520159729d719465562ac071,b56b5d3f53e19598798178ecba83e0eb081fb3c9397b4a9ec5378f97cb8dd98c,789cf509cf17ed7be57d80e39e9668e6d0a07bbbc8f5fdb4706178fc03e8b7b9,31.11531043,cuda:0,151510,,
151510,GraphST,18,0.3296778417,0.4797287442,4634,7,9c84eef4f57f4985f3713f0b236a098858489faf520159729d719465562ac071,b56b5d3f53e19598798178ecba83e0eb081fb3c9397b4a9ec5378f97cb8dd98c,789cf509cf17ed7be57d80e39e9668e6d0a07bbbc8f5fdb4706178fc03e8b7b9,31.18028045,cuda:0,151510,,
151510,GraphST,19,0.3128359553,0.4559552863,4634,7,9c84eef4f57f4985f3713f0b236a098858489faf520159729d719465562ac071,b56b5d3f53e19598798178ecba83e0eb081fb3c9397b4a9ec5378f97cb8dd98c,789cf509cf17ed7be57d80e39e9668e6d0a07bbbc8f5fdb4706178fc03e8b7b9,23.33106637,cuda:0,151510,,
151510,GraphST,20,0.3331079958,0.4700016538,4634,7,9c84eef4f57f4985f3713f0b236a098858489faf520159729d719465562ac071,b56b5d3f53e19598798178ecba83e0eb081fb3c9397b4a9ec5378f97cb8dd98c,789cf509cf17ed7be57d80e39e9668e6d0a07bbbc8f5fdb4706178fc03e8b7b9,23.26497555,cuda:0,151510,,
151510,STAGATE,1,0.2358034927,0.4379143464,4634,7,9c84eef4f57f4985f3713f0b236a098858489faf520159729d719465562ac071,b56b5d3f53e19598798178ecba83e0eb081fb3c9397b4a9ec5378f97cb8dd98c,47b213dd009eb83940dd10356627e76c3a354b2662f90f4666380f060c5a11db,205.3439825,cpu,151510,,
151510,STAGATE,2,0.3013266499,0.444416613,4634,7,9c84eef4f57f4985f3713f0b236a098858489faf520159729d719465562ac071,b56b5d3f53e19598798178ecba83e0eb081fb3c9397b4a9ec5378f97cb8dd98c,47b213dd009eb83940dd10356627e76c3a354b2662f90f4666380f060c5a11db,212.741034,cpu,151510,,
151510,STAGATE,3,0.2757352526,0.4796216777,4634,7,9c84eef4f57f4985f3713f0b236a098858489faf520159729d719465562ac071,b56b5d3f53e19598798178ecba83e0eb081fb3c9397b4a9ec5378f97cb8dd98c,47b213dd009eb83940dd10356627e76c3a354b2662f90f4666380f060c5a11db,215.4306433,cpu,151510,,
151510,STAGATE,4,0.3222270705,0.5305378374,4634,7,9c84eef4f57f4985f3713f0b236a098858489faf520159729d719465562ac071,b56b5d3f53e19598798178ecba83e0eb081fb3c9397b4a9ec5378f97cb8dd98c,47b213dd009eb83940dd10356627e76c3a354b2662f90f4666380f060c5a11db,216.6838851,cpu,151510,,
151510,STAGATE,5,0.3158579804,0.4534690246,4634,7,9c84eef4f57f4985f3713f0b236a098858489faf520159729d719465562ac071,b56b5d3f53e19598798178ecba83e0eb081fb3c9397b4a9ec5378f97cb8dd98c,47b213dd009eb83940dd10356627e76c3a354b2662f90f4666380f060c5a11db,216.1176763,cpu,151510,,
151510,STAGATE,6,0.2627160865,0.470785823,4634,7,9c84eef4f57f4985f3713f0b236a098858489faf520159729d719465562ac071,b56b5d3f53e19598798178ecba83e0eb081fb3c9397b4a9ec5378f97cb8dd98c,47b213dd009eb83940dd10356627e76c3a354b2662f90f4666380f060c5a11db,146.8461628,cpu,151510,,
151510,STAGATE,7,0.2726592398,0.4745680162,4634,7,9c84eef4f57f4985f3713f0b236a098858489faf520159729d719465562ac071,b56b5d3f53e19598798178ecba83e0eb081fb3c9397b4a9ec5378f97cb8dd98c,47b213dd009eb83940dd10356627e76c3a354b2662f90f4666380f060c5a11db,116.771167,cpu,151510,,
151510,STAGATE,8,0.3537497159,0.5232674896,4634,7,9c84eef4f57f4985f3713f0b236a098858489faf520159729d719465562ac071,b56b5d3f53e19598798178ecba83e0eb081fb3c9397b4a9ec5378f97cb8dd98c,47b213dd009eb83940dd10356627e76c3a354b2662f90f4666380f060c5a11db,87.96128917,cpu,151510,,
151510,STAGATE,9,0.290141545,0.4880513989,4634,7,9c84eef4f57f4985f3713f0b236a098858489faf520159729d719465562ac071,b56b5d3f53e19598798178ecba83e0eb081fb3c9397b4a9ec5378f97cb8dd98c,47b213dd009eb83940dd10356627e76c3a354b2662f90f4666380f060c5a11db,87.42884016,cpu,151510,,
151510,STAGATE,10,0.3319247251,0.4842799238,4634,7,9c84eef4f57f4985f3713f0b236a098858489faf520159729d719465562ac071,b56b5d3f53e19598798178ecba83e0eb081fb3c9397b4a9ec5378f97cb8dd98c,47b213dd009eb83940dd10356627e76c3a354b2662f90f4666380f060c5a11db,88.30124235,cpu,151510,,
151510,STAGATE,11,0.2916028556,0.4872092625,4634,7,9c84eef4f57f4985f3713f0b236a098858489faf520159729d719465562ac071,b56b5d3f53e19598798178ecba83e0eb081fb3c9397b4a9ec5378f97cb8dd98c,47b213dd009eb83940dd10356627e76c3a354b2662f90f4666380f060c5a11db,87.23680067,cpu,151510,,
151510,STAGATE,12,0.3649225498,0.5352688476,4634,7,9c84eef4f57f4985f3713f0b236a098858489faf520159729d719465562ac071,b56b5d3f53e19598798178ecba83e0eb081fb3c9397b4a9ec5378f97cb8dd98c,47b213dd009eb83940dd10356627e76c3a354b2662f90f4666380f060c5a11db,88.95162535,cpu,151510,,
151510,STAGATE,13,0.2769777826,0.4835514652,4634,7,9c84eef4f57f4985f3713f0b236a098858489faf520159729d719465562ac071,b56b5d3f53e19598798178ecba83e0eb081fb3c9397b4a9ec5378f97cb8dd98c,47b213dd009eb83940dd10356627e76c3a354b2662f90f4666380f060c5a11db,88.31521702,cpu,151510,,
151510,STAGATE,14,0.3627221255,0.5428239925,4634,7,9c84eef4f57f4985f3713f0b236a098858489faf520159729d719465562ac071,b56b5d3f53e19598798178ecba83e0eb081fb3c9397b4a9ec5378f97cb8dd98c,47b213dd009eb83940dd10356627e76c3a354b2662f90f4666380f060c5a11db,91.13585138,cpu,151510,,
151510,STAGATE,15,0.2431391611,0.4297691312,4634,7,9c84eef4f57f4985f3713f0b236a098858489faf520159729d719465562ac071,b56b5d3f53e19598798178ecba83e0eb081fb3c9397b4a9ec5378f97cb8dd98c,47b213dd009eb83940dd10356627e76c3a354b2662f90f4666380f060c5a11db,88.04648685,cpu,151510,,
151510,STAGATE,16,0.350923735,0.5135993625,4634,7,9c84eef4f57f4985f3713f0b236a098858489faf520159729d719465562ac071,b56b5d3f53e19598798178ecba83e0eb081fb3c9397b4a9ec5378f97cb8dd98c,47b213dd009eb83940dd10356627e76c3a354b2662f90f4666380f060c5a11db,90.03750229,cpu,151510,,
151510,STAGATE,17,0.2836121597,0.477684708,4634,7,9c84eef4f57f4985f3713f0b236a098858489faf520159729d719465562ac071,b56b5d3f53e19598798178ecba83e0eb081fb3c9397b4a9ec5378f97cb8dd98c,47b213dd009eb83940dd10356627e76c3a354b2662f90f4666380f060c5a11db,86.4979322,cpu,151510,,
151510,STAGATE,18,0.2900157927,0.45120772,4634,7,9c84eef4f57f4985f3713f0b236a098858489faf520159729d719465562ac071,b56b5d3f53e19598798178ecba83e0eb081fb3c9397b4a9ec5378f97cb8dd98c,47b213dd009eb83940dd10356627e76c3a354b2662f90f4666380f060c5a11db,107.9396005,cpu,151510,,
151510,STAGATE,19,0.3791734792,0.5229602056,4634,7,9c84eef4f57f4985f3713f0b236a098858489faf520159729d719465562ac071,b56b5d3f53e19598798178ecba83e0eb081fb3c9397b4a9ec5378f97cb8dd98c,47b213dd009eb83940dd10356627e76c3a354b2662f90f4666380f060c5a11db,129.7210212,cpu,151510,,
151510,STAGATE,20,0.3692198162,0.566536677,4634,7,9c84eef4f57f4985f3713f0b236a098858489faf520159729d719465562ac071,b56b5d3f53e19598798178ecba83e0eb081fb3c9397b4a9ec5378f97cb8dd98c,47b213dd009eb83940dd10356627e76c3a354b2662f90f4666380f060c5a11db,83.8354454,cpu,151510,,
151510,SpaGCN,1,0.2716354559,0.4043407545,4634,7,9c84eef4f57f4985f3713f0b236a098858489faf520159729d719465562ac071,b56b5d3f53e19598798178ecba83e0eb081fb3c9397b4a9ec5378f97cb8dd98c,b26039e9558bbd38e5b92147a7e685b335d64c2def0c32bff8dc8340f88dbc20,34.84026718,cpu,151510,,
151510,SpaGCN,2,0.2901299763,0.4517290111,4634,7,9c84eef4f57f4985f3713f0b236a098858489faf520159729d719465562ac071,b56b5d3f53e19598798178ecba83e0eb081fb3c9397b4a9ec5378f97cb8dd98c,b26039e9558bbd38e5b92147a7e685b335d64c2def0c32bff8dc8340f88dbc20,39.41657066,cpu,151510,,
151510,SpaGCN,3,0.319675234,0.4696200787,4634,7,9c84eef4f57f4985f3713f0b236a098858489faf520159729d719465562ac071,b56b5d3f53e19598798178ecba83e0eb081fb3c9397b4a9ec5378f97cb8dd98c,b26039e9558bbd38e5b92147a7e685b335d64c2def0c32bff8dc8340f88dbc20,26.67962742,cpu,151510,,
151510,SpaGCN,4,0.3206199204,0.4801713325,4634,7,9c84eef4f57f4985f3713f0b236a098858489faf520159729d719465562ac071,b56b5d3f53e19598798178ecba83e0eb081fb3c9397b4a9ec5378f97cb8dd98c,b26039e9558bbd38e5b92147a7e685b335d64c2def0c32bff8dc8340f88dbc20,30.01172805,cpu,151510,,
151510,SpaGCN,5,0.3240248192,0.4711230584,4634,7,9c84eef4f57f4985f3713f0b236a098858489faf520159729d719465562ac071,b56b5d3f53e19598798178ecba83e0eb081fb3c9397b4a9ec5378f97cb8dd98c,b26039e9558bbd38e5b92147a7e685b335d64c2def0c32bff8dc8340f88dbc20,42.59535241,cpu,151510,,
151510,SpaGCN,6,0.1705624332,0.3329785442,4634,7,9c84eef4f57f4985f3713f0b236a098858489faf520159729d719465562ac071,b56b5d3f53e19598798178ecba83e0eb081fb3c9397b4a9ec5378f97cb8dd98c,b26039e9558bbd38e5b92147a7e685b335d64c2def0c32bff8dc8340f88dbc20,31.13780713,cpu,151510,,
151510,SpaGCN,7,0.3376609575,0.4738308449,4634,7,9c84eef4f57f4985f3713f0b236a098858489faf520159729d719465562ac071,b56b5d3f53e19598798178ecba83e0eb081fb3c9397b4a9ec5378f97cb8dd98c,b26039e9558bbd38e5b92147a7e685b335d64c2def0c32bff8dc8340f88dbc20,21.9886086,cpu,151510,,
151510,SpaGCN,8,0.3521853403,0.4952003607,4634,7,9c84eef4f57f4985f3713f0b236a098858489faf520159729d719465562ac071,b56b5d3f53e19598798178ecba83e0eb081fb3c9397b4a9ec5378f97cb8dd98c,b26039e9558bbd38e5b92147a7e685b335d64c2def0c32bff8dc8340f88dbc20,37.2102406,cpu,151510,,
151510,SpaGCN,9,0.2631950565,0.4079423795,4634,7,9c84eef4f57f4985f3713f0b236a098858489faf520159729d719465562ac071,b56b5d3f53e19598798178ecba83e0eb081fb3c9397b4a9ec5378f97cb8dd98c,b26039e9558bbd38e5b92147a7e685b335d64c2def0c32bff8dc8340f88dbc20,36.57412028,cpu,151510,,
151510,SpaGCN,10,0.210051097,0.3827937484,4634,7,9c84eef4f57f4985f3713f0b236a098858489faf520159729d719465562ac071,b56b5d3f53e19598798178ecba83e0eb081fb3c9397b4a9ec5378f97cb8dd98c,b26039e9558bbd38e5b92147a7e685b335d64c2def0c32bff8dc8340f88dbc20,21.81246614,cpu,151510,,
151510,SpaGCN,11,0.3659755379,0.4962088013,4634,7,9c84eef4f57f4985f3713f0b236a098858489faf520159729d719465562ac071,b56b5d3f53e19598798178ecba83e0eb081fb3c9397b4a9ec5378f97cb8dd98c,b26039e9558bbd38e5b92147a7e685b335d64c2def0c32bff8dc8340f88dbc20,19.68745518,cpu,151510,,
151510,SpaGCN,12,0.3053932259,0.4198672666,4634,7,9c84eef4f57f4985f3713f0b236a098858489faf520159729d719465562ac071,b56b5d3f53e19598798178ecba83e0eb081fb3c9397b4a9ec5378f97cb8dd98c,b26039e9558bbd38e5b92147a7e685b335d64c2def0c32bff8dc8340f88dbc20,23.51055956,cpu,151510,,
151510,SpaGCN,13,0.2567843705,0.3730726411,4634,7,9c84eef4f57f4985f3713f0b236a098858489faf520159729d719465562ac071,b56b5d3f53e19598798178ecba83e0eb081fb3c9397b4a9ec5378f97cb8dd98c,b26039e9558bbd38e5b92147a7e685b335d64c2def0c32bff8dc8340f88dbc20,23.35294294,cpu,151510,,
151510,SpaGCN,14,0.3147600201,0.4676380129,4634,7,9c84eef4f57f4985f3713f0b236a098858489faf520159729d719465562ac071,b56b5d3f53e19598798178ecba83e0eb081fb3c9397b4a9ec5378f97cb8dd98c,b26039e9558bbd38e5b92147a7e685b335d64c2def0c32bff8dc8340f88dbc20,26.78856301,cpu,151510,,
151510,SpaGCN,15,0.3067006363,0.4722294901,4634,7,9c84eef4f57f4985f3713f0b236a098858489faf520159729d719465562ac071,b56b5d3f53e19598798178ecba83e0eb081fb3c9397b4a9ec5378f97cb8dd98c,b26039e9558bbd38e5b92147a7e685b335d64c2def0c32bff8dc8340f88dbc20,27.58855677,cpu,151510,,
151510,SpaGCN,16,0.2955091387,0.4396063704,4634,7,9c84eef4f57f4985f3713f0b236a098858489faf520159729d719465562ac071,b56b5d3f53e19598798178ecba83e0eb081fb3c9397b4a9ec5378f97cb8dd98c,b26039e9558bbd38e5b92147a7e685b335d64c2def0c32bff8dc8340f88dbc20,24.2001183,cpu,151510,,
151510,SpaGCN,17,0.2988647038,0.4513353113,4634,7,9c84eef4f57f4985f3713f0b236a098858489faf520159729d719465562ac071,b56b5d3f53e19598798178ecba83e0eb081fb3c9397b4a9ec5378f97cb8dd98c,b26039e9558bbd38e5b92147a7e685b335d64c2def0c32bff8dc8340f88dbc20,19.31203413,cpu,151510,,
151510,SpaGCN,18,0.2796785519,0.4108028365,4634,7,9c84eef4f57f4985f3713f0b236a098858489faf520159729d719465562ac071,b56b5d3f53e19598798178ecba83e0eb081fb3c9397b4a9ec5378f97cb8dd98c,b26039e9558bbd38e5b92147a7e685b335d64c2def0c32bff8dc8340f88dbc20,17.30969405,cpu,151510,,
151510,SpaGCN,19,0.31043148,0.4516233028,4634,7,9c84eef4f57f4985f3713f0b236a098858489faf520159729d719465562ac071,b56b5d3f53e19598798178ecba83e0eb081fb3c9397b4a9ec5378f97cb8dd98c,b26039e9558bbd38e5b92147a7e685b335d64c2def0c32bff8dc8340f88dbc20,16.76417351,cpu,151510,,
151510,SpaGCN,20,0.3018102686,0.4483758362,4634,7,9c84eef4f57f4985f3713f0b236a098858489faf520159729d719465562ac071,b56b5d3f53e19598798178ecba83e0eb081fb3c9397b4a9ec5378f97cb8dd98c,b26039e9558bbd38e5b92147a7e685b335d64c2def0c32bff8dc8340f88dbc20,16.80084586,cpu,151510,,
151510,BANKSY,1,0.3322127771,0.5290927188,4634,7,9c84eef4f57f4985f3713f0b236a098858489faf520159729d719465562ac071,b56b5d3f53e19598798178ecba83e0eb081fb3c9397b4a9ec5378f97cb8dd98c,09cf3303582a6d2a7917f3906915cd5827db41f1b681e4dfc66023afd4a45567,8.588945866,cpu,151510,,
151510,BANKSY,2,0.3590352142,0.5214672229,4634,7,9c84eef4f57f4985f3713f0b236a098858489faf520159729d719465562ac071,b56b5d3f53e19598798178ecba83e0eb081fb3c9397b4a9ec5378f97cb8dd98c,09cf3303582a6d2a7917f3906915cd5827db41f1b681e4dfc66023afd4a45567,0.6447963715,cpu,151510,,
151510,BANKSY,3,0.2877209571,0.4548055696,4634,7,9c84eef4f57f4985f3713f0b236a098858489faf520159729d719465562ac071,b56b5d3f53e19598798178ecba83e0eb081fb3c9397b4a9ec5378f97cb8dd98c,09cf3303582a6d2a7917f3906915cd5827db41f1b681e4dfc66023afd4a45567,0.7033648491,cpu,151510,,
151510,BANKSY,4,0.3377977259,0.5365329055,4634,7,9c84eef4f57f4985f3713f0b236a098858489faf520159729d719465562ac071,b56b5d3f53e19598798178ecba83e0eb081fb3c9397b4a9ec5378f97cb8dd98c,09cf3303582a6d2a7917f3906915cd5827db41f1b681e4dfc66023afd4a45567,0.7008957863,cpu,151510,,
151510,BANKSY,5,0.2808582479,0.4475420122,4634,7,9c84eef4f57f4985f3713f0b236a098858489faf520159729d719465562ac071,b56b5d3f53e19598798178ecba83e0eb081fb3c9397b4a9ec5378f97cb8dd98c,09cf3303582a6d2a7917f3906915cd5827db41f1b681e4dfc66023afd4a45567,0.7763803005,cpu,151510,,
151510,BANKSY,6,0.352156316,0.513591643,4634,7,9c84eef4f57f4985f3713f0b236a098858489faf520159729d719465562ac071,b56b5d3f53e19598798178ecba83e0eb081fb3c9397b4a9ec5378f97cb8dd98c,09cf3303582a6d2a7917f3906915cd5827db41f1b681e4dfc66023afd4a45567,0.7490391731,cpu,151510,,
151510,BANKSY,7,0.3314254077,0.5404804626,4634,7,9c84eef4f57f4985f3713f0b236a098858489faf520159729d719465562ac071,b56b5d3f53e19598798178ecba83e0eb081fb3c9397b4a9ec5378f97cb8dd98c,09cf3303582a6d2a7917f3906915cd5827db41f1b681e4dfc66023afd4a45567,0.5822072029,cpu,151510,,
151510,BANKSY,8,0.3587193865,0.5199759806,4634,7,9c84eef4f57f4985f3713f0b236a098858489faf520159729d719465562ac071,b56b5d3f53e19598798178ecba83e0eb081fb3c9397b4a9ec5378f97cb8dd98c,09cf3303582a6d2a7917f3906915cd5827db41f1b681e4dfc66023afd4a45567,0.6834270954,cpu,151510,,
151510,BANKSY,9,0.3528541493,0.4709448946,4634,7,9c84eef4f57f4985f3713f0b236a098858489faf520159729d719465562ac071,b56b5d3f53e19598798178ecba83e0eb081fb3c9397b4a9ec5378f97cb8dd98c,09cf3303582a6d2a7917f3906915cd5827db41f1b681e4dfc66023afd4a45567,0.5550999641,cpu,151510,,
151510,BANKSY,10,0.2775809357,0.4434446775,4634,7,9c84eef4f57f4985f3713f0b236a098858489faf520159729d719465562ac071,b56b5d3f53e19598798178ecba83e0eb081fb3c9397b4a9ec5378f97cb8dd98c,09cf3303582a6d2a7917f3906915cd5827db41f1b681e4dfc66023afd4a45567,0.5261294842,cpu,151510,,
151510,BANKSY,11,0.3541876352,0.4787293106,4634,7,9c84eef4f57f4985f3713f0b236a098858489faf520159729d719465562ac071,b56b5d3f53e19598798178ecba83e0eb081fb3c9397b4a9ec5378f97cb8dd98c,09cf3303582a6d2a7917f3906915cd5827db41f1b681e4dfc66023afd4a45567,0.6798496246,cpu,151510,,
151510,BANKSY,12,0.338373363,0.5366321918,4634,7,9c84eef4f57f4985f3713f0b236a098858489faf520159729d719465562ac071,b56b5d3f53e19598798178ecba83e0eb081fb3c9397b4a9ec5378f97cb8dd98c,09cf3303582a6d2a7917f3906915cd5827db41f1b681e4dfc66023afd4a45567,0.5780200958,cpu,151510,,
151510,BANKSY,13,0.3168228791,0.533527536,4634,7,9c84eef4f57f4985f3713f0b236a098858489faf520159729d719465562ac071,b56b5d3f53e19598798178ecba83e0eb081fb3c9397b4a9ec5378f97cb8dd98c,09cf3303582a6d2a7917f3906915cd5827db41f1b681e4dfc66023afd4a45567,1.145483971,cpu,151510,,
151510,BANKSY,14,0.3158026567,0.5323488392,4634,7,9c84eef4f57f4985f3713f0b236a098858489faf520159729d719465562ac071,b56b5d3f53e19598798178ecba83e0eb081fb3c9397b4a9ec5378f97cb8dd98c,09cf3303582a6d2a7917f3906915cd5827db41f1b681e4dfc66023afd4a45567,0.6858608723,cpu,151510,,
151510,BANKSY,15,0.3611453984,0.5380861757,4634,7,9c84eef4f57f4985f3713f0b236a098858489faf520159729d719465562ac071,b56b5d3f53e19598798178ecba83e0eb081fb3c9397b4a9ec5378f97cb8dd98c,09cf3303582a6d2a7917f3906915cd5827db41f1b681e4dfc66023afd4a45567,0.8117423058,cpu,151510,,
151510,BANKSY,16,0.3379498735,0.5365743317,4634,7,9c84eef4f57f4985f3713f0b236a098858489faf520159729d719465562ac071,b56b5d3f53e19598798178ecba83e0eb081fb3c9397b4a9ec5378f97cb8dd98c,09cf3303582a6d2a7917f3906915cd5827db41f1b681e4dfc66023afd4a45567,1.076302767,cpu,151510,,
151510,BANKSY,17,0.3726699119,0.5232098522,4634,7,9c84eef4f57f4985f3713f0b236a098858489faf520159729d719465562ac071,b56b5d3f53e19598798178ecba83e0eb081fb3c9397b4a9ec5378f97cb8dd98c,09cf3303582a6d2a7917f3906915cd5827db41f1b681e4dfc66023afd4a45567,1.08184576,cpu,151510,,
151510,BANKSY,18,0.2781503643,0.4226601805,4634,7,9c84eef4f57f4985f3713f0b236a098858489faf520159729d719465562ac071,b56b5d3f53e19598798178ecba83e0eb081fb3c9397b4a9ec5378f97cb8dd98c,09cf3303582a6d2a7917f3906915cd5827db41f1b681e4dfc66023afd4a45567,0.6296463013,cpu,151510,,
151510,BANKSY,19,0.3370538328,0.5483483213,4634,7,9c84eef4f57f4985f3713f0b236a098858489faf520159729d719465562ac071,b56b5d3f53e19598798178ecba83e0eb081fb3c9397b4a9ec5378f97cb8dd98c,09cf3303582a6d2a7917f3906915cd5827db41f1b681e4dfc66023afd4a45567,0.7624788284,cpu,151510,,
151510,BANKSY,20,0.3370795222,0.5283036616,4634,7,9c84eef4f57f4985f3713f0b236a098858489faf520159729d719465562ac071,b56b5d3f53e19598798178ecba83e0eb081fb3c9397b4a9ec5378f97cb8dd98c,09cf3303582a6d2a7917f3906915cd5827db41f1b681e4dfc66023afd4a45567,0.7442476749,cpu,151510,,
151510,SEDR,1,0.43648679394399997,0.61612851917699996,4634,7,,,,,,151510,4634,18466
151510,SEDR,2,0.45370368476599998,0.61953654032399996,4634,7,,,,,,151510,4634,18466
151510,SEDR,3,0.53906163807899998,0.64821938494999998,4634,7,,,,,,151510,4634,18466
151510,SEDR,4,0.42665153424199997,0.63764382468699998,4634,7,,,,,,151510,4634,18466
151510,SEDR,5,0.50612189632299998,0.65220634775099995,4634,7,,,,,,151510,4634,18466
151510,SEDR,6,0.43726707490099997,0.60139802661399999,4634,7,,,,,,151510,4634,18466
151510,SEDR,7,0.48908363633899998,0.65093077280699996,4634,7,,,,,,151510,4634,18466
151510,SEDR,8,0.46570039199500002,0.62412964435600005,4634,7,,,,,,151510,4634,18466
151510,SEDR,9,0.46896042814099997,0.631643367934,4634,7,,,,,,151510,4634,18466
151510,SEDR,10,0.42067167641100001,0.58875294536800005,4634,7,,,,,,151510,4634,18466
151510,SEDR,11,0.47549904534199999,0.64778737234100003,4634,7,,,,,,151510,4634,18466
151510,SEDR,12,0.45168823171799999,0.63771091141000003,4634,7,,,,,,151510,4634,18466
151510,SEDR,13,0.51141751405900004,0.636027755054,4634,7,,,,,,151510,4634,18466
151510,SEDR,14,0.40172674404600001,0.60981299996399996,4634,7,,,,,,151510,4634,18466
151510,SEDR,15,0.51766876521000005,0.66005542335099998,4634,7,,,,,,151510,4634,18466
151510,SEDR,16,0.39380100076000002,0.59487126483399999,4634,7,,,,,,151510,4634,18466
151510,SEDR,17,0.51298868020699995,0.65352295050700004,4634,7,,,,,,151510,4634,18466
151510,SEDR,18,0.50322513797799995,0.64936399049299998,4634,7,,,,,,151510,4634,18466
151510,SEDR,19,0.52656351020900005,0.64706522522599996,4634,7,,,,,,151510,4634,18466
151510,SEDR,20,0.43065661662400001,0.59691093340000001,4634,7,,,,,,151510,4634,18466
151669,GraphST,1,0.2798841753,0.3476735568,3661,7,7323d5eb2638f7d972ffe927d44c0ea39b9e8e7dce10eb039fcf9377143f534e,ed1907fd75aa869ad418283c0c2223d1e0b9316875ef825d1d3ecefc19a2dd42,4440cb353fd47156110dba8d722761c3a51564ce8d38b3580855509bd60a2dbc,22.70624828,cuda:0,151669,,
151669,GraphST,2,0.1850320678,0.3308241829,3661,7,7323d5eb2638f7d972ffe927d44c0ea39b9e8e7dce10eb039fcf9377143f534e,ed1907fd75aa869ad418283c0c2223d1e0b9316875ef825d1d3ecefc19a2dd42,4440cb353fd47156110dba8d722761c3a51564ce8d38b3580855509bd60a2dbc,22.38529158,cuda:0,151669,,
151669,GraphST,3,0.1735567707,0.3234439698,3661,7,7323d5eb2638f7d972ffe927d44c0ea39b9e8e7dce10eb039fcf9377143f534e,ed1907fd75aa869ad418283c0c2223d1e0b9316875ef825d1d3ecefc19a2dd42,4440cb353fd47156110dba8d722761c3a51564ce8d38b3580855509bd60a2dbc,23.28658891,cuda:0,151669,,
151669,GraphST,4,0.2377659387,0.3523999722,3661,7,7323d5eb2638f7d972ffe927d44c0ea39b9e8e7dce10eb039fcf9377143f534e,ed1907fd75aa869ad418283c0c2223d1e0b9316875ef825d1d3ecefc19a2dd42,4440cb353fd47156110dba8d722761c3a51564ce8d38b3580855509bd60a2dbc,23.6826098,cuda:0,151669,,
151669,GraphST,5,0.139318103,0.3304205678,3661,7,7323d5eb2638f7d972ffe927d44c0ea39b9e8e7dce10eb039fcf9377143f534e,ed1907fd75aa869ad418283c0c2223d1e0b9316875ef825d1d3ecefc19a2dd42,4440cb353fd47156110dba8d722761c3a51564ce8d38b3580855509bd60a2dbc,23.32650065,cuda:0,151669,,
151669,GraphST,6,0.2256797719,0.3742464159,3661,7,7323d5eb2638f7d972ffe927d44c0ea39b9e8e7dce10eb039fcf9377143f534e,ed1907fd75aa869ad418283c0c2223d1e0b9316875ef825d1d3ecefc19a2dd42,4440cb353fd47156110dba8d722761c3a51564ce8d38b3580855509bd60a2dbc,23.19101572,cuda:0,151669,,
151669,GraphST,7,0.1738749821,0.3280974475,3661,7,7323d5eb2638f7d972ffe927d44c0ea39b9e8e7dce10eb039fcf9377143f534e,ed1907fd75aa869ad418283c0c2223d1e0b9316875ef825d1d3ecefc19a2dd42,4440cb353fd47156110dba8d722761c3a51564ce8d38b3580855509bd60a2dbc,23.67120838,cuda:0,151669,,
151669,GraphST,8,0.2780065035,0.3527255437,3661,7,7323d5eb2638f7d972ffe927d44c0ea39b9e8e7dce10eb039fcf9377143f534e,ed1907fd75aa869ad418283c0c2223d1e0b9316875ef825d1d3ecefc19a2dd42,4440cb353fd47156110dba8d722761c3a51564ce8d38b3580855509bd60a2dbc,23.5257268,cuda:0,151669,,
151669,GraphST,9,0.2667890836,0.3595106245,3661,7,7323d5eb2638f7d972ffe927d44c0ea39b9e8e7dce10eb039fcf9377143f534e,ed1907fd75aa869ad418283c0c2223d1e0b9316875ef825d1d3ecefc19a2dd42,4440cb353fd47156110dba8d722761c3a51564ce8d38b3580855509bd60a2dbc,23.91282606,cuda:0,151669,,
151669,GraphST,10,0.3005136928,0.3619402365,3661,7,7323d5eb2638f7d972ffe927d44c0ea39b9e8e7dce10eb039fcf9377143f534e,ed1907fd75aa869ad418283c0c2223d1e0b9316875ef825d1d3ecefc19a2dd42,4440cb353fd47156110dba8d722761c3a51564ce8d38b3580855509bd60a2dbc,23.75441957,cuda:0,151669,,
151669,GraphST,11,0.2765459846,0.3765584586,3661,7,7323d5eb2638f7d972ffe927d44c0ea39b9e8e7dce10eb039fcf9377143f534e,ed1907fd75aa869ad418283c0c2223d1e0b9316875ef825d1d3ecefc19a2dd42,4440cb353fd47156110dba8d722761c3a51564ce8d38b3580855509bd60a2dbc,20.91014242,cuda:0,151669,,
151669,GraphST,12,0.2338469688,0.3592600017,3661,7,7323d5eb2638f7d972ffe927d44c0ea39b9e8e7dce10eb039fcf9377143f534e,ed1907fd75aa869ad418283c0c2223d1e0b9316875ef825d1d3ecefc19a2dd42,4440cb353fd47156110dba8d722761c3a51564ce8d38b3580855509bd60a2dbc,21.04534769,cuda:0,151669,,
151669,GraphST,13,0.1607801953,0.3243639914,3661,7,7323d5eb2638f7d972ffe927d44c0ea39b9e8e7dce10eb039fcf9377143f534e,ed1907fd75aa869ad418283c0c2223d1e0b9316875ef825d1d3ecefc19a2dd42,4440cb353fd47156110dba8d722761c3a51564ce8d38b3580855509bd60a2dbc,24.80840683,cuda:0,151669,,
151669,GraphST,14,0.2631899258,0.3710219511,3661,7,7323d5eb2638f7d972ffe927d44c0ea39b9e8e7dce10eb039fcf9377143f534e,ed1907fd75aa869ad418283c0c2223d1e0b9316875ef825d1d3ecefc19a2dd42,4440cb353fd47156110dba8d722761c3a51564ce8d38b3580855509bd60a2dbc,24.78419423,cuda:0,151669,,
151669,GraphST,15,0.2212652619,0.3761770992,3661,7,7323d5eb2638f7d972ffe927d44c0ea39b9e8e7dce10eb039fcf9377143f534e,ed1907fd75aa869ad418283c0c2223d1e0b9316875ef825d1d3ecefc19a2dd42,4440cb353fd47156110dba8d722761c3a51564ce8d38b3580855509bd60a2dbc,22.6679225,cuda:0,151669,,
151669,GraphST,16,0.2273600492,0.3679786622,3661,7,7323d5eb2638f7d972ffe927d44c0ea39b9e8e7dce10eb039fcf9377143f534e,ed1907fd75aa869ad418283c0c2223d1e0b9316875ef825d1d3ecefc19a2dd42,4440cb353fd47156110dba8d722761c3a51564ce8d38b3580855509bd60a2dbc,22.35501432,cuda:0,151669,,
151669,GraphST,17,0.1610595591,0.3302357373,3661,7,7323d5eb2638f7d972ffe927d44c0ea39b9e8e7dce10eb039fcf9377143f534e,ed1907fd75aa869ad418283c0c2223d1e0b9316875ef825d1d3ecefc19a2dd42,4440cb353fd47156110dba8d722761c3a51564ce8d38b3580855509bd60a2dbc,22.62461185,cuda:0,151669,,
151669,GraphST,18,0.267489048,0.3778893007,3661,7,7323d5eb2638f7d972ffe927d44c0ea39b9e8e7dce10eb039fcf9377143f534e,ed1907fd75aa869ad418283c0c2223d1e0b9316875ef825d1d3ecefc19a2dd42,4440cb353fd47156110dba8d722761c3a51564ce8d38b3580855509bd60a2dbc,22.99301052,cuda:0,151669,,
151669,GraphST,19,0.2545007443,0.3433407225,3661,7,7323d5eb2638f7d972ffe927d44c0ea39b9e8e7dce10eb039fcf9377143f534e,ed1907fd75aa869ad418283c0c2223d1e0b9316875ef825d1d3ecefc19a2dd42,4440cb353fd47156110dba8d722761c3a51564ce8d38b3580855509bd60a2dbc,22.83640528,cuda:0,151669,,
151669,GraphST,20,0.2446927792,0.3522796186,3661,7,7323d5eb2638f7d972ffe927d44c0ea39b9e8e7dce10eb039fcf9377143f534e,ed1907fd75aa869ad418283c0c2223d1e0b9316875ef825d1d3ecefc19a2dd42,4440cb353fd47156110dba8d722761c3a51564ce8d38b3580855509bd60a2dbc,22.71599531,cuda:0,151669,,
151669,STAGATE,1,0.2718653654,0.466257338,3661,7,7323d5eb2638f7d972ffe927d44c0ea39b9e8e7dce10eb039fcf9377143f534e,ed1907fd75aa869ad418283c0c2223d1e0b9316875ef825d1d3ecefc19a2dd42,2bf6ee79595ac3446eae5fa2998c9f0ab10990a5c8f7c0449fb18e21a1806652,67.59189773,cpu,151669,,
151669,STAGATE,2,0.2957617334,0.4789179438,3661,7,7323d5eb2638f7d972ffe927d44c0ea39b9e8e7dce10eb039fcf9377143f534e,ed1907fd75aa869ad418283c0c2223d1e0b9316875ef825d1d3ecefc19a2dd42,2bf6ee79595ac3446eae5fa2998c9f0ab10990a5c8f7c0449fb18e21a1806652,65.18802595,cpu,151669,,
151669,STAGATE,3,0.2666152725,0.4597492228,3661,7,7323d5eb2638f7d972ffe927d44c0ea39b9e8e7dce10eb039fcf9377143f534e,ed1907fd75aa869ad418283c0c2223d1e0b9316875ef825d1d3ecefc19a2dd42,2bf6ee79595ac3446eae5fa2998c9f0ab10990a5c8f7c0449fb18e21a1806652,64.8396318,cpu,151669,,
151669,STAGATE,4,0.260117496,0.4888170992,3661,7,7323d5eb2638f7d972ffe927d44c0ea39b9e8e7dce10eb039fcf9377143f534e,ed1907fd75aa869ad418283c0c2223d1e0b9316875ef825d1d3ecefc19a2dd42,2bf6ee79595ac3446eae5fa2998c9f0ab10990a5c8f7c0449fb18e21a1806652,64.65287447,cpu,151669,,
151669,STAGATE,5,0.241837072,0.4473488032,3661,7,7323d5eb2638f7d972ffe927d44c0ea39b9e8e7dce10eb039fcf9377143f534e,ed1907fd75aa869ad418283c0c2223d1e0b9316875ef825d1d3ecefc19a2dd42,2bf6ee79595ac3446eae5fa2998c9f0ab10990a5c8f7c0449fb18e21a1806652,6.759435892,cuda:0,151669,,
151669,STAGATE,6,0.2374760442,0.4738632319,3661,7,7323d5eb2638f7d972ffe927d44c0ea39b9e8e7dce10eb039fcf9377143f534e,ed1907fd75aa869ad418283c0c2223d1e0b9316875ef825d1d3ecefc19a2dd42,2bf6ee79595ac3446eae5fa2998c9f0ab10990a5c8f7c0449fb18e21a1806652,3.075963497,cuda:0,151669,,
151669,STAGATE,7,0.2565523673,0.4767386958,3661,7,7323d5eb2638f7d972ffe927d44c0ea39b9e8e7dce10eb039fcf9377143f534e,ed1907fd75aa869ad418283c0c2223d1e0b9316875ef825d1d3ecefc19a2dd42,2bf6ee79595ac3446eae5fa2998c9f0ab10990a5c8f7c0449fb18e21a1806652,3.152335405,cuda:0,151669,,
151669,STAGATE,8,0.2636520936,0.4854141848,3661,7,7323d5eb2638f7d972ffe927d44c0ea39b9e8e7dce10eb039fcf9377143f534e,ed1907fd75aa869ad418283c0c2223d1e0b9316875ef825d1d3ecefc19a2dd42,2bf6ee79595ac3446eae5fa2998c9f0ab10990a5c8f7c0449fb18e21a1806652,3.113363266,cuda:0,151669,,
151669,STAGATE,9,0.2523012554,0.4797021498,3661,7,7323d5eb2638f7d972ffe927d44c0ea39b9e8e7dce10eb039fcf9377143f534e,ed1907fd75aa869ad418283c0c2223d1e0b9316875ef825d1d3ecefc19a2dd42,2bf6ee79595ac3446eae5fa2998c9f0ab10990a5c8f7c0449fb18e21a1806652,3.05564189,cuda:0,151669,,
151669,STAGATE,10,0.2472190475,0.4401806996,3661,7,7323d5eb2638f7d972ffe927d44c0ea39b9e8e7dce10eb039fcf9377143f534e,ed1907fd75aa869ad418283c0c2223d1e0b9316875ef825d1d3ecefc19a2dd42,2bf6ee79595ac3446eae5fa2998c9f0ab10990a5c8f7c0449fb18e21a1806652,3.281315804,cuda:0,151669,,
151669,STAGATE,11,0.2496211416,0.4603979421,3661,7,7323d5eb2638f7d972ffe927d44c0ea39b9e8e7dce10eb039fcf9377143f534e,ed1907fd75aa869ad418283c0c2223d1e0b9316875ef825d1d3ecefc19a2dd42,2bf6ee79595ac3446eae5fa2998c9f0ab10990a5c8f7c0449fb18e21a1806652,3.513957739,cuda:0,151669,,
151669,STAGATE,12,0.2365132488,0.4538665572,3661,7,7323d5eb2638f7d972ffe927d44c0ea39b9e8e7dce10eb039fcf9377143f534e,ed1907fd75aa869ad418283c0c2223d1e0b9316875ef825d1d3ecefc19a2dd42,2bf6ee79595ac3446eae5fa2998c9f0ab10990a5c8f7c0449fb18e21a1806652,3.658003092,cuda:0,151669,,
151669,STAGATE,13,0.2434361097,0.4559233098,3661,7,7323d5eb2638f7d972ffe927d44c0ea39b9e8e7dce10eb039fcf9377143f534e,ed1907fd75aa869ad418283c0c2223d1e0b9316875ef825d1d3ecefc19a2dd42,2bf6ee79595ac3446eae5fa2998c9f0ab10990a5c8f7c0449fb18e21a1806652,3.143939018,cuda:0,151669,,
151669,STAGATE,14,0.2187226719,0.4404405166,3661,7,7323d5eb2638f7d972ffe927d44c0ea39b9e8e7dce10eb039fcf9377143f534e,ed1907fd75aa869ad418283c0c2223d1e0b9316875ef825d1d3ecefc19a2dd42,2bf6ee79595ac3446eae5fa2998c9f0ab10990a5c8f7c0449fb18e21a1806652,3.278544188,cuda:0,151669,,
151669,STAGATE,15,0.2456800433,0.4652290741,3661,7,7323d5eb2638f7d972ffe927d44c0ea39b9e8e7dce10eb039fcf9377143f534e,ed1907fd75aa869ad418283c0c2223d1e0b9316875ef825d1d3ecefc19a2dd42,2bf6ee79595ac3446eae5fa2998c9f0ab10990a5c8f7c0449fb18e21a1806652,3.198306322,cuda:0,151669,,
151669,STAGATE,16,0.2465032659,0.4646532365,3661,7,7323d5eb2638f7d972ffe927d44c0ea39b9e8e7dce10eb039fcf9377143f534e,ed1907fd75aa869ad418283c0c2223d1e0b9316875ef825d1d3ecefc19a2dd42,2bf6ee79595ac3446eae5fa2998c9f0ab10990a5c8f7c0449fb18e21a1806652,3.360702038,cuda:0,151669,,
151669,STAGATE,17,0.2400656106,0.446586514,3661,7,7323d5eb2638f7d972ffe927d44c0ea39b9e8e7dce10eb039fcf9377143f534e,ed1907fd75aa869ad418283c0c2223d1e0b9316875ef825d1d3ecefc19a2dd42,2bf6ee79595ac3446eae5fa2998c9f0ab10990a5c8f7c0449fb18e21a1806652,3.24586153,cuda:0,151669,,
151669,STAGATE,18,0.2442967439,0.4680023123,3661,7,7323d5eb2638f7d972ffe927d44c0ea39b9e8e7dce10eb039fcf9377143f534e,ed1907fd75aa869ad418283c0c2223d1e0b9316875ef825d1d3ecefc19a2dd42,2bf6ee79595ac3446eae5fa2998c9f0ab10990a5c8f7c0449fb18e21a1806652,3.272915363,cuda:0,151669,,
151669,STAGATE,19,0.2554003988,0.4578800312,3661,7,7323d5eb2638f7d972ffe927d44c0ea39b9e8e7dce10eb039fcf9377143f534e,ed1907fd75aa869ad418283c0c2223d1e0b9316875ef825d1d3ecefc19a2dd42,2bf6ee79595ac3446eae5fa2998c9f0ab10990a5c8f7c0449fb18e21a1806652,3.297988892,cuda:0,151669,,
151669,STAGATE,20,0.2560481583,0.4555735773,3661,7,7323d5eb2638f7d972ffe927d44c0ea39b9e8e7dce10eb039fcf9377143f534e,ed1907fd75aa869ad418283c0c2223d1e0b9316875ef825d1d3ecefc19a2dd42,2bf6ee79595ac3446eae5fa2998c9f0ab10990a5c8f7c0449fb18e21a1806652,3.218404293,cuda:0,151669,,
151669,SpaGCN,1,0.2050286039,0.4203936332,3661,7,7323d5eb2638f7d972ffe927d44c0ea39b9e8e7dce10eb039fcf9377143f534e,ed1907fd75aa869ad418283c0c2223d1e0b9316875ef825d1d3ecefc19a2dd42,e235b329c5f17ffcc95f4d393accc4e92bd48f9f9fe19a143bb0f17204c6619b,13.94422841,cpu,151669,,
151669,SpaGCN,2,0.1824219827,0.3765019009,3661,7,7323d5eb2638f7d972ffe927d44c0ea39b9e8e7dce10eb039fcf9377143f534e,ed1907fd75aa869ad418283c0c2223d1e0b9316875ef825d1d3ecefc19a2dd42,e235b329c5f17ffcc95f4d393accc4e92bd48f9f9fe19a143bb0f17204c6619b,10.47799635,cpu,151669,,
151669,SpaGCN,3,0.1226986544,0.2889880137,3661,7,7323d5eb2638f7d972ffe927d44c0ea39b9e8e7dce10eb039fcf9377143f534e,ed1907fd75aa869ad418283c0c2223d1e0b9316875ef825d1d3ecefc19a2dd42,e235b329c5f17ffcc95f4d393accc4e92bd48f9f9fe19a143bb0f17204c6619b,10.5757823,cpu,151669,,
151669,SpaGCN,4,0.2004535151,0.3450635406,3661,7,7323d5eb2638f7d972ffe927d44c0ea39b9e8e7dce10eb039fcf9377143f534e,ed1907fd75aa869ad418283c0c2223d1e0b9316875ef825d1d3ecefc19a2dd42,e235b329c5f17ffcc95f4d393accc4e92bd48f9f9fe19a143bb0f17204c6619b,9.627122641,cpu,151669,,
151669,SpaGCN,5,0.1522442083,0.3403123742,3661,7,7323d5eb2638f7d972ffe927d44c0ea39b9e8e7dce10eb039fcf9377143f534e,ed1907fd75aa869ad418283c0c2223d1e0b9316875ef825d1d3ecefc19a2dd42,e235b329c5f17ffcc95f4d393accc4e92bd48f9f9fe19a143bb0f17204c6619b,11.18383193,cpu,151669,,
151669,SpaGCN,6,0.2139027467,0.4077135822,3661,7,7323d5eb2638f7d972ffe927d44c0ea39b9e8e7dce10eb039fcf9377143f534e,ed1907fd75aa869ad418283c0c2223d1e0b9316875ef825d1d3ecefc19a2dd42,e235b329c5f17ffcc95f4d393accc4e92bd48f9f9fe19a143bb0f17204c6619b,10.55373573,cpu,151669,,
151669,SpaGCN,7,0.1891031872,0.4131798412,3661,7,7323d5eb2638f7d972ffe927d44c0ea39b9e8e7dce10eb039fcf9377143f534e,ed1907fd75aa869ad418283c0c2223d1e0b9316875ef825d1d3ecefc19a2dd42,e235b329c5f17ffcc95f4d393accc4e92bd48f9f9fe19a143bb0f17204c6619b,10.65675211,cpu,151669,,
151669,SpaGCN,8,0.2230755673,0.4426152984,3661,7,7323d5eb2638f7d972ffe927d44c0ea39b9e8e7dce10eb039fcf9377143f534e,ed1907fd75aa869ad418283c0c2223d1e0b9316875ef825d1d3ecefc19a2dd42,e235b329c5f17ffcc95f4d393accc4e92bd48f9f9fe19a143bb0f17204c6619b,10.66507721,cpu,151669,,
151669,SpaGCN,9,0.2279551285,0.4395470623,3661,7,7323d5eb2638f7d972ffe927d44c0ea39b9e8e7dce10eb039fcf9377143f534e,ed1907fd75aa869ad418283c0c2223d1e0b9316875ef825d1d3ecefc19a2dd42,e235b329c5f17ffcc95f4d393accc4e92bd48f9f9fe19a143bb0f17204c6619b,11.7414391,cpu,151669,,
151669,SpaGCN,10,0.1655954856,0.3125549133,3661,7,7323d5eb2638f7d972ffe927d44c0ea39b9e8e7dce10eb039fcf9377143f534e,ed1907fd75aa869ad418283c0c2223d1e0b9316875ef825d1d3ecefc19a2dd42,e235b329c5f17ffcc95f4d393accc4e92bd48f9f9fe19a143bb0f17204c6619b,12.57112741,cpu,151669,,
151669,SpaGCN,11,0.2056481065,0.4175816778,3661,7,7323d5eb2638f7d972ffe927d44c0ea39b9e8e7dce10eb039fcf9377143f534e,ed1907fd75aa869ad418283c0c2223d1e0b9316875ef825d1d3ecefc19a2dd42,e235b329c5f17ffcc95f4d393accc4e92bd48f9f9fe19a143bb0f17204c6619b,13.04918623,cpu,151669,,
151669,SpaGCN,12,0.2405296267,0.4661828216,3661,7,7323d5eb2638f7d972ffe927d44c0ea39b9e8e7dce10eb039fcf9377143f534e,ed1907fd75aa869ad418283c0c2223d1e0b9316875ef825d1d3ecefc19a2dd42,e235b329c5f17ffcc95f4d393accc4e92bd48f9f9fe19a143bb0f17204c6619b,13.27159142,cpu,151669,,
151669,SpaGCN,13,0.1339803123,0.303855396,3661,7,7323d5eb2638f7d972ffe927d44c0ea39b9e8e7dce10eb039fcf9377143f534e,ed1907fd75aa869ad418283c0c2223d1e0b9316875ef825d1d3ecefc19a2dd42,e235b329c5f17ffcc95f4d393accc4e92bd48f9f9fe19a143bb0f17204c6619b,14.26563597,cpu,151669,,
151669,SpaGCN,14,0.1989989866,0.3773628916,3661,7,7323d5eb2638f7d972ffe927d44c0ea39b9e8e7dce10eb039fcf9377143f534e,ed1907fd75aa869ad418283c0c2223d1e0b9316875ef825d1d3ecefc19a2dd42,e235b329c5f17ffcc95f4d393accc4e92bd48f9f9fe19a143bb0f17204c6619b,14.90072799,cpu,151669,,
151669,SpaGCN,15,0.1698160683,0.3840697183,3661,7,7323d5eb2638f7d972ffe927d44c0ea39b9e8e7dce10eb039fcf9377143f534e,ed1907fd75aa869ad418283c0c2223d1e0b9316875ef825d1d3ecefc19a2dd42,e235b329c5f17ffcc95f4d393accc4e92bd48f9f9fe19a143bb0f17204c6619b,11.49181032,cpu,151669,,
151669,SpaGCN,16,0.217041253,0.3807486886,3661,7,7323d5eb2638f7d972ffe927d44c0ea39b9e8e7dce10eb039fcf9377143f534e,ed1907fd75aa869ad418283c0c2223d1e0b9316875ef825d1d3ecefc19a2dd42,e235b329c5f17ffcc95f4d393accc4e92bd48f9f9fe19a143bb0f17204c6619b,13.33547306,cpu,151669,,
151669,SpaGCN,17,0.1821146879,0.3571373327,3661,7,7323d5eb2638f7d972ffe927d44c0ea39b9e8e7dce10eb039fcf9377143f534e,ed1907fd75aa869ad418283c0c2223d1e0b9316875ef825d1d3ecefc19a2dd42,e235b329c5f17ffcc95f4d393accc4e92bd48f9f9fe19a143bb0f17204c6619b,10.48559642,cpu,151669,,
151669,SpaGCN,18,0.2387635193,0.4656791766,3661,7,7323d5eb2638f7d972ffe927d44c0ea39b9e8e7dce10eb039fcf9377143f534e,ed1907fd75aa869ad418283c0c2223d1e0b9316875ef825d1d3ecefc19a2dd42,e235b329c5f17ffcc95f4d393accc4e92bd48f9f9fe19a143bb0f17204c6619b,9.513144493,cpu,151669,,
151669,SpaGCN,19,0.2060249151,0.3811220636,3661,7,7323d5eb2638f7d972ffe927d44c0ea39b9e8e7dce10eb039fcf9377143f534e,ed1907fd75aa869ad418283c0c2223d1e0b9316875ef825d1d3ecefc19a2dd42,e235b329c5f17ffcc95f4d393accc4e92bd48f9f9fe19a143bb0f17204c6619b,9.632335424,cpu,151669,,
151669,SpaGCN,20,0.1806268824,0.3864559894,3661,7,7323d5eb2638f7d972ffe927d44c0ea39b9e8e7dce10eb039fcf9377143f534e,ed1907fd75aa869ad418283c0c2223d1e0b9316875ef825d1d3ecefc19a2dd42,e235b329c5f17ffcc95f4d393accc4e92bd48f9f9fe19a143bb0f17204c6619b,9.63918066,cpu,151669,,
151669,BANKSY,1,0.2556902742,0.4770447304,3661,7,7323d5eb2638f7d972ffe927d44c0ea39b9e8e7dce10eb039fcf9377143f534e,ed1907fd75aa869ad418283c0c2223d1e0b9316875ef825d1d3ecefc19a2dd42,78e3a3ad123c70d64810aa575077625ea9b040938434bf6faa136d5f0dba8965,6.268997192,cpu,151669,,
151669,BANKSY,2,0.2969505386,0.5246649868,3661,7,7323d5eb2638f7d972ffe927d44c0ea39b9e8e7dce10eb039fcf9377143f534e,ed1907fd75aa869ad418283c0c2223d1e0b9316875ef825d1d3ecefc19a2dd42,78e3a3ad123c70d64810aa575077625ea9b040938434bf6faa136d5f0dba8965,0.3818860054,cpu,151669,,
151669,BANKSY,3,0.2969505386,0.5246649868,3661,7,7323d5eb2638f7d972ffe927d44c0ea39b9e8e7dce10eb039fcf9377143f534e,ed1907fd75aa869ad418283c0c2223d1e0b9316875ef825d1d3ecefc19a2dd42,78e3a3ad123c70d64810aa575077625ea9b040938434bf6faa136d5f0dba8965,0.4210879803,cpu,151669,,
151669,BANKSY,4,0.2926891873,0.5210349004,3661,7,7323d5eb2638f7d972ffe927d44c0ea39b9e8e7dce10eb039fcf9377143f534e,ed1907fd75aa869ad418283c0c2223d1e0b9316875ef825d1d3ecefc19a2dd42,78e3a3ad123c70d64810aa575077625ea9b040938434bf6faa136d5f0dba8965,0.2804293633,cpu,151669,,
151669,BANKSY,5,0.2996185448,0.5299262723,3661,7,7323d5eb2638f7d972ffe927d44c0ea39b9e8e7dce10eb039fcf9377143f534e,ed1907fd75aa869ad418283c0c2223d1e0b9316875ef825d1d3ecefc19a2dd42,78e3a3ad123c70d64810aa575077625ea9b040938434bf6faa136d5f0dba8965,0.3719744682,cpu,151669,,
151669,BANKSY,6,0.2914341811,0.5199563327,3661,7,7323d5eb2638f7d972ffe927d44c0ea39b9e8e7dce10eb039fcf9377143f534e,ed1907fd75aa869ad418283c0c2223d1e0b9316875ef825d1d3ecefc19a2dd42,78e3a3ad123c70d64810aa575077625ea9b040938434bf6faa136d5f0dba8965,0.2513656616,cpu,151669,,
151669,BANKSY,7,0.3076992866,0.5282765054,3661,7,7323d5eb2638f7d972ffe927d44c0ea39b9e8e7dce10eb039fcf9377143f534e,ed1907fd75aa869ad418283c0c2223d1e0b9316875ef825d1d3ecefc19a2dd42,78e3a3ad123c70d64810aa575077625ea9b040938434bf6faa136d5f0dba8965,0.4843592644,cpu,151669,,
151669,BANKSY,8,0.2914527304,0.5197094828,3661,7,7323d5eb2638f7d972ffe927d44c0ea39b9e8e7dce10eb039fcf9377143f534e,ed1907fd75aa869ad418283c0c2223d1e0b9316875ef825d1d3ecefc19a2dd42,78e3a3ad123c70d64810aa575077625ea9b040938434bf6faa136d5f0dba8965,0.2219355106,cpu,151669,,
151669,BANKSY,9,0.2918394024,0.5206757502,3661,7,7323d5eb2638f7d972ffe927d44c0ea39b9e8e7dce10eb039fcf9377143f534e,ed1907fd75aa869ad418283c0c2223d1e0b9316875ef825d1d3ecefc19a2dd42,78e3a3ad123c70d64810aa575077625ea9b040938434bf6faa136d5f0dba8965,0.2549967766,cpu,151669,,
151669,BANKSY,10,0.2914687168,0.5200144394,3661,7,7323d5eb2638f7d972ffe927d44c0ea39b9e8e7dce10eb039fcf9377143f534e,ed1907fd75aa869ad418283c0c2223d1e0b9316875ef825d1d3ecefc19a2dd42,78e3a3ad123c70d64810aa575077625ea9b040938434bf6faa136d5f0dba8965,0.2772762775,cpu,151669,,
151669,BANKSY,11,0.2914341811,0.5199563327,3661,7,7323d5eb2638f7d972ffe927d44c0ea39b9e8e7dce10eb039fcf9377143f534e,ed1907fd75aa869ad418283c0c2223d1e0b9316875ef825d1d3ecefc19a2dd42,78e3a3ad123c70d64810aa575077625ea9b040938434bf6faa136d5f0dba8965,0.3784956932,cpu,151669,,
151669,BANKSY,12,0.2918394024,0.5206757502,3661,7,7323d5eb2638f7d972ffe927d44c0ea39b9e8e7dce10eb039fcf9377143f534e,ed1907fd75aa869ad418283c0c2223d1e0b9316875ef825d1d3ecefc19a2dd42,78e3a3ad123c70d64810aa575077625ea9b040938434bf6faa136d5f0dba8965,0.3452205658,cpu,151669,,
151669,BANKSY,13,0.2920828548,0.5200800279,3661,7,7323d5eb2638f7d972ffe927d44c0ea39b9e8e7dce10eb039fcf9377143f534e,ed1907fd75aa869ad418283c0c2223d1e0b9316875ef825d1d3ecefc19a2dd42,78e3a3ad123c70d64810aa575077625ea9b040938434bf6faa136d5f0dba8965,0.3838574886,cpu,151669,,
151669,BANKSY,14,0.2914341811,0.5199563327,3661,7,7323d5eb2638f7d972ffe927d44c0ea39b9e8e7dce10eb039fcf9377143f534e,ed1907fd75aa869ad418283c0c2223d1e0b9316875ef825d1d3ecefc19a2dd42,78e3a3ad123c70d64810aa575077625ea9b040938434bf6faa136d5f0dba8965,0.2951588631,cpu,151669,,
151669,BANKSY,15,0.2914341811,0.5199563327,3661,7,7323d5eb2638f7d972ffe927d44c0ea39b9e8e7dce10eb039fcf9377143f534e,ed1907fd75aa869ad418283c0c2223d1e0b9316875ef825d1d3ecefc19a2dd42,78e3a3ad123c70d64810aa575077625ea9b040938434bf6faa136d5f0dba8965,0.3280034065,cpu,151669,,
151669,BANKSY,16,0.2966254526,0.5249584296,3661,7,7323d5eb2638f7d972ffe927d44c0ea39b9e8e7dce10eb039fcf9377143f534e,ed1907fd75aa869ad418283c0c2223d1e0b9316875ef825d1d3ecefc19a2dd42,78e3a3ad123c70d64810aa575077625ea9b040938434bf6faa136d5f0dba8965,0.3982057571,cpu,151669,,
151669,BANKSY,17,0.2916396507,0.5199977577,3661,7,7323d5eb2638f7d972ffe927d44c0ea39b9e8e7dce10eb039fcf9377143f534e,ed1907fd75aa869ad418283c0c2223d1e0b9316875ef825d1d3ecefc19a2dd42,78e3a3ad123c70d64810aa575077625ea9b040938434bf6faa136d5f0dba8965,0.3117053509,cpu,151669,,
151669,BANKSY,18,0.2912673819,0.5197792449,3661,7,7323d5eb2638f7d972ffe927d44c0ea39b9e8e7dce10eb039fcf9377143f534e,ed1907fd75aa869ad418283c0c2223d1e0b9316875ef825d1d3ecefc19a2dd42,78e3a3ad123c70d64810aa575077625ea9b040938434bf6faa136d5f0dba8965,0.3702297211,cpu,151669,,
151669,BANKSY,19,0.2918394024,0.5206757502,3661,7,7323d5eb2638f7d972ffe927d44c0ea39b9e8e7dce10eb039fcf9377143f534e,ed1907fd75aa869ad418283c0c2223d1e0b9316875ef825d1d3ecefc19a2dd42,78e3a3ad123c70d64810aa575077625ea9b040938434bf6faa136d5f0dba8965,0.3631958961,cpu,151669,,
151669,BANKSY,20,0.2918394024,0.5206757502,3661,7,7323d5eb2638f7d972ffe927d44c0ea39b9e8e7dce10eb039fcf9377143f534e,ed1907fd75aa869ad418283c0c2223d1e0b9316875ef825d1d3ecefc19a2dd42,78e3a3ad123c70d64810aa575077625ea9b040938434bf6faa136d5f0dba8965,0.330796957,cpu,151669,,
151669,SEDR,1,0.504504521717,0.63019667685699998,3661,7,,,,,,151669,3661,18583
151669,SEDR,2,0.31465596296999998,0.57306756661500002,3661,7,,,,,,151669,3661,18583
151669,SEDR,3,0.30535869618299999,0.56828216285400002,3661,7,,,,,,151669,3661,18583
151669,SEDR,4,0.36179245921800002,0.57947534478700002,3661,7,,,,,,151669,3661,18583
151669,SEDR,5,0.61929490534499998,0.67237562806200002,3661,7,,,,,,151669,3661,18583
151669,SEDR,6,0.36854210415400002,0.58374250388000004,3661,7,,,,,,151669,3661,18583
151669,SEDR,7,0.36112035900099998,0.60830797839499995,3661,7,,,,,,151669,3661,18583
151669,SEDR,8,0.44162781437999998,0.64208560714600005,3661,7,,,,,,151669,3661,18583
151669,SEDR,9,0.36639535538399998,0.59489584119299999,3661,7,,,,,,151669,3661,18583
151669,SEDR,10,0.36205430777800002,0.58740298505900002,3661,7,,,,,,151669,3661,18583
151669,SEDR,11,0.36789489676800002,0.57599386670300001,3661,7,,,,,,151669,3661,18583
151669,SEDR,12,0.42391829264600001,0.63904472017699998,3661,7,,,,,,151669,3661,18583
151669,SEDR,13,0.41809468314600001,0.62654313180300003,3661,7,,,,,,151669,3661,18583
151669,SEDR,14,0.38926900610199999,0.59366255918199995,3661,7,,,,,,151669,3661,18583
151669,SEDR,15,0.40099813731400002,0.59362170166399997,3661,7,,,,,,151669,3661,18583
151669,SEDR,16,0.39836129179300001,0.61460085011599996,3661,7,,,,,,151669,3661,18583
151669,SEDR,17,0.412028310442,0.62290778924599999,3661,7,,,,,,151669,3661,18583
151669,SEDR,18,0.40270079200600001,0.62691636136999995,3661,7,,,,,,151669,3661,18583
151669,SEDR,19,0.36595055868800003,0.59091728760700002,3661,7,,,,,,151669,3661,18583
151669,SEDR,20,0.39635985320700001,0.60555982856299995,3661,7,,,,,,151669,3661,18583
151670,GraphST,1,0.2029149576,0.3718118906,3498,7,d149bf807d40bcce2d24cf3d64a39e70ea4bd5f3fc3710c9ab78ef177aaf8d57,083bb4fa0e5e0c1aed8f8acad0017688ade82c004d310a2cc8ed65f926380f4c,bc51e0bca16876138ec78eb0751923cb20d63d809cad0204289c24bef5982e15,19.03142881,cuda:0,151670,,
151670,GraphST,2,0.1904695354,0.3402299715,3498,7,d149bf807d40bcce2d24cf3d64a39e70ea4bd5f3fc3710c9ab78ef177aaf8d57,083bb4fa0e5e0c1aed8f8acad0017688ade82c004d310a2cc8ed65f926380f4c,bc51e0bca16876138ec78eb0751923cb20d63d809cad0204289c24bef5982e15,18.96823812,cuda:0,151670,,
151670,GraphST,3,0.2540149054,0.3285143762,3498,7,d149bf807d40bcce2d24cf3d64a39e70ea4bd5f3fc3710c9ab78ef177aaf8d57,083bb4fa0e5e0c1aed8f8acad0017688ade82c004d310a2cc8ed65f926380f4c,bc51e0bca16876138ec78eb0751923cb20d63d809cad0204289c24bef5982e15,20.70605016,cuda:0,151670,,
151670,GraphST,4,0.2563461465,0.354607171,3498,7,d149bf807d40bcce2d24cf3d64a39e70ea4bd5f3fc3710c9ab78ef177aaf8d57,083bb4fa0e5e0c1aed8f8acad0017688ade82c004d310a2cc8ed65f926380f4c,bc51e0bca16876138ec78eb0751923cb20d63d809cad0204289c24bef5982e15,20.64267683,cuda:0,151670,,
151670,GraphST,5,0.2184385101,0.3318637676,3498,7,d149bf807d40bcce2d24cf3d64a39e70ea4bd5f3fc3710c9ab78ef177aaf8d57,083bb4fa0e5e0c1aed8f8acad0017688ade82c004d310a2cc8ed65f926380f4c,bc51e0bca16876138ec78eb0751923cb20d63d809cad0204289c24bef5982e15,21.04492188,cuda:0,151670,,
151670,GraphST,6,0.2640783683,0.3680472532,3498,7,d149bf807d40bcce2d24cf3d64a39e70ea4bd5f3fc3710c9ab78ef177aaf8d57,083bb4fa0e5e0c1aed8f8acad0017688ade82c004d310a2cc8ed65f926380f4c,bc51e0bca16876138ec78eb0751923cb20d63d809cad0204289c24bef5982e15,21.2713294,cuda:0,151670,,
151670,GraphST,7,0.2477195592,0.3757702579,3498,7,d149bf807d40bcce2d24cf3d64a39e70ea4bd5f3fc3710c9ab78ef177aaf8d57,083bb4fa0e5e0c1aed8f8acad0017688ade82c004d310a2cc8ed65f926380f4c,bc51e0bca16876138ec78eb0751923cb20d63d809cad0204289c24bef5982e15,21.05092168,cuda:0,151670,,
151670,GraphST,8,0.2126563278,0.3332072924,3498,7,d149bf807d40bcce2d24cf3d64a39e70ea4bd5f3fc3710c9ab78ef177aaf8d57,083bb4fa0e5e0c1aed8f8acad0017688ade82c004d310a2cc8ed65f926380f4c,bc51e0bca16876138ec78eb0751923cb20d63d809cad0204289c24bef5982e15,21.01902723,cuda:0,151670,,
151670,GraphST,9,0.2059347605,0.3100513328,3498,7,d149bf807d40bcce2d24cf3d64a39e70ea4bd5f3fc3710c9ab78ef177aaf8d57,083bb4fa0e5e0c1aed8f8acad0017688ade82c004d310a2cc8ed65f926380f4c,bc51e0bca16876138ec78eb0751923cb20d63d809cad0204289c24bef5982e15,20.85830903,cuda:0,151670,,
151670,GraphST,10,0.1658064771,0.3458576997,3498,7,d149bf807d40bcce2d24cf3d64a39e70ea4bd5f3fc3710c9ab78ef177aaf8d57,083bb4fa0e5e0c1aed8f8acad0017688ade82c004d310a2cc8ed65f926380f4c,bc51e0bca16876138ec78eb0751923cb20d63d809cad0204289c24bef5982e15,21.17174363,cuda:0,151670,,
151670,GraphST,11,0.2706940766,0.3317137951,3498,7,d149bf807d40bcce2d24cf3d64a39e70ea4bd5f3fc3710c9ab78ef177aaf8d57,083bb4fa0e5e0c1aed8f8acad0017688ade82c004d310a2cc8ed65f926380f4c,bc51e0bca16876138ec78eb0751923cb20d63d809cad0204289c24bef5982e15,21.66423655,cuda:0,151670,,
151670,GraphST,12,0.21841206,0.3350714768,3498,7,d149bf807d40bcce2d24cf3d64a39e70ea4bd5f3fc3710c9ab78ef177aaf8d57,083bb4fa0e5e0c1aed8f8acad0017688ade82c004d310a2cc8ed65f926380f4c,bc51e0bca16876138ec78eb0751923cb20d63d809cad0204289c24bef5982e15,21.89228129,cuda:0,151670,,
151670,GraphST,13,0.2194699243,0.3349844313,3498,7,d149bf807d40bcce2d24cf3d64a39e70ea4bd5f3fc3710c9ab78ef177aaf8d57,083bb4fa0e5e0c1aed8f8acad0017688ade82c004d310a2cc8ed65f926380f4c,bc51e0bca16876138ec78eb0751923cb20d63d809cad0204289c24bef5982e15,19.36268568,cuda:0,151670,,
151670,GraphST,14,0.2219840096,0.3536878705,3498,7,d149bf807d40bcce2d24cf3d64a39e70ea4bd5f3fc3710c9ab78ef177aaf8d57,083bb4fa0e5e0c1aed8f8acad0017688ade82c004d310a2cc8ed65f926380f4c,bc51e0bca16876138ec78eb0751923cb20d63d809cad0204289c24bef5982e15,19.3250854,cuda:0,151670,,
151670,GraphST,15,0.2379221239,0.3601647583,3498,7,d149bf807d40bcce2d24cf3d64a39e70ea4bd5f3fc3710c9ab78ef177aaf8d57,083bb4fa0e5e0c1aed8f8acad0017688ade82c004d310a2cc8ed65f926380f4c,bc51e0bca16876138ec78eb0751923cb20d63d809cad0204289c24bef5982e15,21.76697206,cuda:0,151670,,
151670,GraphST,16,0.2814442894,0.3518918382,3498,7,d149bf807d40bcce2d24cf3d64a39e70ea4bd5f3fc3710c9ab78ef177aaf8d57,083bb4fa0e5e0c1aed8f8acad0017688ade82c004d310a2cc8ed65f926380f4c,bc51e0bca16876138ec78eb0751923cb20d63d809cad0204289c24bef5982e15,21.89699745,cuda:0,151670,,
151670,GraphST,17,0.3745605584,0.3678493935,3498,7,d149bf807d40bcce2d24cf3d64a39e70ea4bd5f3fc3710c9ab78ef177aaf8d57,083bb4fa0e5e0c1aed8f8acad0017688ade82c004d310a2cc8ed65f926380f4c,bc51e0bca16876138ec78eb0751923cb20d63d809cad0204289c24bef5982e15,22.07218027,cuda:0,151670,,
151670,GraphST,18,0.2092871685,0.351013976,3498,7,d149bf807d40bcce2d24cf3d64a39e70ea4bd5f3fc3710c9ab78ef177aaf8d57,083bb4fa0e5e0c1aed8f8acad0017688ade82c004d310a2cc8ed65f926380f4c,bc51e0bca16876138ec78eb0751923cb20d63d809cad0204289c24bef5982e15,21.7012043,cuda:0,151670,,
151670,GraphST,19,0.2694718581,0.343154958,3498,7,d149bf807d40bcce2d24cf3d64a39e70ea4bd5f3fc3710c9ab78ef177aaf8d57,083bb4fa0e5e0c1aed8f8acad0017688ade82c004d310a2cc8ed65f926380f4c,bc51e0bca16876138ec78eb0751923cb20d63d809cad0204289c24bef5982e15,23.49284077,cuda:0,151670,,
151670,GraphST,20,0.2012019499,0.3155603229,3498,7,d149bf807d40bcce2d24cf3d64a39e70ea4bd5f3fc3710c9ab78ef177aaf8d57,083bb4fa0e5e0c1aed8f8acad0017688ade82c004d310a2cc8ed65f926380f4c,bc51e0bca16876138ec78eb0751923cb20d63d809cad0204289c24bef5982e15,23.03700137,cuda:0,151670,,
151670,STAGATE,1,0.2296994443,0.445381147,3498,7,d149bf807d40bcce2d24cf3d64a39e70ea4bd5f3fc3710c9ab78ef177aaf8d57,083bb4fa0e5e0c1aed8f8acad0017688ade82c004d310a2cc8ed65f926380f4c,ec60455de6f31c8b0192352495dd2ab4254e3792461c1ae7664763cd304e0178,7.078286648,cuda:0,151670,,
151670,STAGATE,2,0.115353701,0.3834681083,3498,7,d149bf807d40bcce2d24cf3d64a39e70ea4bd5f3fc3710c9ab78ef177aaf8d57,083bb4fa0e5e0c1aed8f8acad0017688ade82c004d310a2cc8ed65f926380f4c,ec60455de6f31c8b0192352495dd2ab4254e3792461c1ae7664763cd304e0178,3.148015499,cuda:0,151670,,
151670,STAGATE,3,0.352359398,0.4674695869,3498,7,d149bf807d40bcce2d24cf3d64a39e70ea4bd5f3fc3710c9ab78ef177aaf8d57,083bb4fa0e5e0c1aed8f8acad0017688ade82c004d310a2cc8ed65f926380f4c,ec60455de6f31c8b0192352495dd2ab4254e3792461c1ae7664763cd304e0178,3.470184326,cuda:0,151670,,
151670,STAGATE,4,0.210022594,0.4209324818,3498,7,d149bf807d40bcce2d24cf3d64a39e70ea4bd5f3fc3710c9ab78ef177aaf8d57,083bb4fa0e5e0c1aed8f8acad0017688ade82c004d310a2cc8ed65f926380f4c,ec60455de6f31c8b0192352495dd2ab4254e3792461c1ae7664763cd304e0178,3.530817032,cuda:0,151670,,
151670,STAGATE,5,0.2654101018,0.4415065254,3498,7,d149bf807d40bcce2d24cf3d64a39e70ea4bd5f3fc3710c9ab78ef177aaf8d57,083bb4fa0e5e0c1aed8f8acad0017688ade82c004d310a2cc8ed65f926380f4c,ec60455de6f31c8b0192352495dd2ab4254e3792461c1ae7664763cd304e0178,3.438762426,cuda:0,151670,,
151670,STAGATE,6,0.2068387864,0.4407401842,3498,7,d149bf807d40bcce2d24cf3d64a39e70ea4bd5f3fc3710c9ab78ef177aaf8d57,083bb4fa0e5e0c1aed8f8acad0017688ade82c004d310a2cc8ed65f926380f4c,ec60455de6f31c8b0192352495dd2ab4254e3792461c1ae7664763cd304e0178,3.323587656,cuda:0,151670,,
151670,STAGATE,7,0.1982552476,0.407040439,3498,7,d149bf807d40bcce2d24cf3d64a39e70ea4bd5f3fc3710c9ab78ef177aaf8d57,083bb4fa0e5e0c1aed8f8acad0017688ade82c004d310a2cc8ed65f926380f4c,ec60455de6f31c8b0192352495dd2ab4254e3792461c1ae7664763cd304e0178,3.668081284,cuda:0,151670,,
151670,STAGATE,8,0.3288369724,0.4452282621,3498,7,d149bf807d40bcce2d24cf3d64a39e70ea4bd5f3fc3710c9ab78ef177aaf8d57,083bb4fa0e5e0c1aed8f8acad0017688ade82c004d310a2cc8ed65f926380f4c,ec60455de6f31c8b0192352495dd2ab4254e3792461c1ae7664763cd304e0178,3.743341446,cuda:0,151670,,
151670,STAGATE,9,0.1412053517,0.4092158281,3498,7,d149bf807d40bcce2d24cf3d64a39e70ea4bd5f3fc3710c9ab78ef177aaf8d57,083bb4fa0e5e0c1aed8f8acad0017688ade82c004d310a2cc8ed65f926380f4c,ec60455de6f31c8b0192352495dd2ab4254e3792461c1ae7664763cd304e0178,4.220339537,cuda:0,151670,,
151670,STAGATE,10,0.2071920382,0.4292023934,3498,7,d149bf807d40bcce2d24cf3d64a39e70ea4bd5f3fc3710c9ab78ef177aaf8d57,083bb4fa0e5e0c1aed8f8acad0017688ade82c004d310a2cc8ed65f926380f4c,ec60455de6f31c8b0192352495dd2ab4254e3792461c1ae7664763cd304e0178,3.601909637,cuda:0,151670,,
151670,STAGATE,11,0.1682222972,0.4256562018,3498,7,d149bf807d40bcce2d24cf3d64a39e70ea4bd5f3fc3710c9ab78ef177aaf8d57,083bb4fa0e5e0c1aed8f8acad0017688ade82c004d310a2cc8ed65f926380f4c,ec60455de6f31c8b0192352495dd2ab4254e3792461c1ae7664763cd304e0178,3.356429577,cuda:0,151670,,
151670,STAGATE,12,0.3181191553,0.4610700541,3498,7,d149bf807d40bcce2d24cf3d64a39e70ea4bd5f3fc3710c9ab78ef177aaf8d57,083bb4fa0e5e0c1aed8f8acad0017688ade82c004d310a2cc8ed65f926380f4c,ec60455de6f31c8b0192352495dd2ab4254e3792461c1ae7664763cd304e0178,3.905359745,cuda:0,151670,,
151670,STAGATE,13,0.265032224,0.4530164562,3498,7,d149bf807d40bcce2d24cf3d64a39e70ea4bd5f3fc3710c9ab78ef177aaf8d57,083bb4fa0e5e0c1aed8f8acad0017688ade82c004d310a2cc8ed65f926380f4c,ec60455de6f31c8b0192352495dd2ab4254e3792461c1ae7664763cd304e0178,3.129915237,cuda:0,151670,,
151670,STAGATE,14,0.1567882371,0.4204479108,3498,7,d149bf807d40bcce2d24cf3d64a39e70ea4bd5f3fc3710c9ab78ef177aaf8d57,083bb4fa0e5e0c1aed8f8acad0017688ade82c004d310a2cc8ed65f926380f4c,ec60455de6f31c8b0192352495dd2ab4254e3792461c1ae7664763cd304e0178,3.125340462,cuda:0,151670,,
151670,STAGATE,15,0.2454660025,0.4350346889,3498,7,d149bf807d40bcce2d24cf3d64a39e70ea4bd5f3fc3710c9ab78ef177aaf8d57,083bb4fa0e5e0c1aed8f8acad0017688ade82c004d310a2cc8ed65f926380f4c,ec60455de6f31c8b0192352495dd2ab4254e3792461c1ae7664763cd304e0178,5.030661345,cuda:0,151670,,
151670,STAGATE,16,0.1940727345,0.4147594908,3498,7,d149bf807d40bcce2d24cf3d64a39e70ea4bd5f3fc3710c9ab78ef177aaf8d57,083bb4fa0e5e0c1aed8f8acad0017688ade82c004d310a2cc8ed65f926380f4c,ec60455de6f31c8b0192352495dd2ab4254e3792461c1ae7664763cd304e0178,3.714632988,cuda:0,151670,,
151670,STAGATE,17,0.1920958127,0.436279242,3498,7,d149bf807d40bcce2d24cf3d64a39e70ea4bd5f3fc3710c9ab78ef177aaf8d57,083bb4fa0e5e0c1aed8f8acad0017688ade82c004d310a2cc8ed65f926380f4c,ec60455de6f31c8b0192352495dd2ab4254e3792461c1ae7664763cd304e0178,3.802179575,cuda:0,151670,,
151670,STAGATE,18,0.1347349131,0.4006967171,3498,7,d149bf807d40bcce2d24cf3d64a39e70ea4bd5f3fc3710c9ab78ef177aaf8d57,083bb4fa0e5e0c1aed8f8acad0017688ade82c004d310a2cc8ed65f926380f4c,ec60455de6f31c8b0192352495dd2ab4254e3792461c1ae7664763cd304e0178,3.848915339,cuda:0,151670,,
151670,STAGATE,19,0.2401505094,0.4499475346,3498,7,d149bf807d40bcce2d24cf3d64a39e70ea4bd5f3fc3710c9ab78ef177aaf8d57,083bb4fa0e5e0c1aed8f8acad0017688ade82c004d310a2cc8ed65f926380f4c,ec60455de6f31c8b0192352495dd2ab4254e3792461c1ae7664763cd304e0178,3.765239,cuda:0,151670,,
151670,STAGATE,20,0.1654381146,0.4335377433,3498,7,d149bf807d40bcce2d24cf3d64a39e70ea4bd5f3fc3710c9ab78ef177aaf8d57,083bb4fa0e5e0c1aed8f8acad0017688ade82c004d310a2cc8ed65f926380f4c,ec60455de6f31c8b0192352495dd2ab4254e3792461c1ae7664763cd304e0178,3.00480628,cuda:0,151670,,
151670,SpaGCN,1,0.1351996014,0.2832629541,3498,7,d149bf807d40bcce2d24cf3d64a39e70ea4bd5f3fc3710c9ab78ef177aaf8d57,083bb4fa0e5e0c1aed8f8acad0017688ade82c004d310a2cc8ed65f926380f4c,df4ccc675a710182d0e08088dc5c2143d8c4a1b79564ae2b80d5f5273ebb08f1,14.2989223,cpu,151670,,
151670,SpaGCN,2,0.2365262758,0.4073721941,3498,7,d149bf807d40bcce2d24cf3d64a39e70ea4bd5f3fc3710c9ab78ef177aaf8d57,083bb4fa0e5e0c1aed8f8acad0017688ade82c004d310a2cc8ed65f926380f4c,df4ccc675a710182d0e08088dc5c2143d8c4a1b79564ae2b80d5f5273ebb08f1,8.918980598,cpu,151670,,
151670,SpaGCN,3,0.1903246572,0.3332954653,3498,6,d149bf807d40bcce2d24cf3d64a39e70ea4bd5f3fc3710c9ab78ef177aaf8d57,083bb4fa0e5e0c1aed8f8acad0017688ade82c004d310a2cc8ed65f926380f4c,df4ccc675a710182d0e08088dc5c2143d8c4a1b79564ae2b80d5f5273ebb08f1,9.36282897,cpu,151670,,
151670,SpaGCN,4,0.1272609528,0.2546870812,3498,7,d149bf807d40bcce2d24cf3d64a39e70ea4bd5f3fc3710c9ab78ef177aaf8d57,083bb4fa0e5e0c1aed8f8acad0017688ade82c004d310a2cc8ed65f926380f4c,df4ccc675a710182d0e08088dc5c2143d8c4a1b79564ae2b80d5f5273ebb08f1,9.096243143,cpu,151670,,
151670,SpaGCN,5,0.2085841335,0.3445118057,3498,7,d149bf807d40bcce2d24cf3d64a39e70ea4bd5f3fc3710c9ab78ef177aaf8d57,083bb4fa0e5e0c1aed8f8acad0017688ade82c004d310a2cc8ed65f926380f4c,df4ccc675a710182d0e08088dc5c2143d8c4a1b79564ae2b80d5f5273ebb08f1,9.140794039,cpu,151670,,
151670,SpaGCN,6,0.1682911118,0.332895391,3498,7,d149bf807d40bcce2d24cf3d64a39e70ea4bd5f3fc3710c9ab78ef177aaf8d57,083bb4fa0e5e0c1aed8f8acad0017688ade82c004d310a2cc8ed65f926380f4c,df4ccc675a710182d0e08088dc5c2143d8c4a1b79564ae2b80d5f5273ebb08f1,9.225748539,cpu,151670,,
151670,SpaGCN,7,0.1456609556,0.3310988726,3498,7,d149bf807d40bcce2d24cf3d64a39e70ea4bd5f3fc3710c9ab78ef177aaf8d57,083bb4fa0e5e0c1aed8f8acad0017688ade82c004d310a2cc8ed65f926380f4c,df4ccc675a710182d0e08088dc5c2143d8c4a1b79564ae2b80d5f5273ebb08f1,9.471597195,cpu,151670,,
151670,SpaGCN,8,0.1399692663,0.2915299222,3498,7,d149bf807d40bcce2d24cf3d64a39e70ea4bd5f3fc3710c9ab78ef177aaf8d57,083bb4fa0e5e0c1aed8f8acad0017688ade82c004d310a2cc8ed65f926380f4c,df4ccc675a710182d0e08088dc5c2143d8c4a1b79564ae2b80d5f5273ebb08f1,9.195489168,cpu,151670,,
151670,SpaGCN,9,0.1295560505,0.267342597,3498,7,d149bf807d40bcce2d24cf3d64a39e70ea4bd5f3fc3710c9ab78ef177aaf8d57,083bb4fa0e5e0c1aed8f8acad0017688ade82c004d310a2cc8ed65f926380f4c,df4ccc675a710182d0e08088dc5c2143d8c4a1b79564ae2b80d5f5273ebb08f1,9.437666178,cpu,151670,,
151670,SpaGCN,10,0.1581107006,0.2994194984,3498,7,d149bf807d40bcce2d24cf3d64a39e70ea4bd5f3fc3710c9ab78ef177aaf8d57,083bb4fa0e5e0c1aed8f8acad0017688ade82c004d310a2cc8ed65f926380f4c,df4ccc675a710182d0e08088dc5c2143d8c4a1b79564ae2b80d5f5273ebb08f1,9.332468987,cpu,151670,,
151670,SpaGCN,11,0.2058100158,0.4028204073,3498,7,d149bf807d40bcce2d24cf3d64a39e70ea4bd5f3fc3710c9ab78ef177aaf8d57,083bb4fa0e5e0c1aed8f8acad0017688ade82c004d310a2cc8ed65f926380f4c,df4ccc675a710182d0e08088dc5c2143d8c4a1b79564ae2b80d5f5273ebb08f1,9.272839785,cpu,151670,,
151670,SpaGCN,12,0.1691705208,0.3713911118,3498,7,d149bf807d40bcce2d24cf3d64a39e70ea4bd5f3fc3710c9ab78ef177aaf8d57,083bb4fa0e5e0c1aed8f8acad0017688ade82c004d310a2cc8ed65f926380f4c,df4ccc675a710182d0e08088dc5c2143d8c4a1b79564ae2b80d5f5273ebb08f1,9.191416025,cpu,151670,,
151670,SpaGCN,13,0.1534882837,0.3198200315,3498,7,d149bf807d40bcce2d24cf3d64a39e70ea4bd5f3fc3710c9ab78ef177aaf8d57,083bb4fa0e5e0c1aed8f8acad0017688ade82c004d310a2cc8ed65f926380f4c,df4ccc675a710182d0e08088dc5c2143d8c4a1b79564ae2b80d5f5273ebb08f1,9.297546625,cpu,151670,,
151670,SpaGCN,14,0.1827316942,0.3427180365,3498,7,d149bf807d40bcce2d24cf3d64a39e70ea4bd5f3fc3710c9ab78ef177aaf8d57,083bb4fa0e5e0c1aed8f8acad0017688ade82c004d310a2cc8ed65f926380f4c,df4ccc675a710182d0e08088dc5c2143d8c4a1b79564ae2b80d5f5273ebb08f1,9.44788456,cpu,151670,,
151670,SpaGCN,15,0.1525075903,0.3497714938,3498,7,d149bf807d40bcce2d24cf3d64a39e70ea4bd5f3fc3710c9ab78ef177aaf8d57,083bb4fa0e5e0c1aed8f8acad0017688ade82c004d310a2cc8ed65f926380f4c,df4ccc675a710182d0e08088dc5c2143d8c4a1b79564ae2b80d5f5273ebb08f1,9.418923616,cpu,151670,,
151670,SpaGCN,16,0.1660828781,0.3443712636,3498,7,d149bf807d40bcce2d24cf3d64a39e70ea4bd5f3fc3710c9ab78ef177aaf8d57,083bb4fa0e5e0c1aed8f8acad0017688ade82c004d310a2cc8ed65f926380f4c,df4ccc675a710182d0e08088dc5c2143d8c4a1b79564ae2b80d5f5273ebb08f1,9.168575525,cpu,151670,,
151670,SpaGCN,17,0.1581381835,0.3102883426,3498,7,d149bf807d40bcce2d24cf3d64a39e70ea4bd5f3fc3710c9ab78ef177aaf8d57,083bb4fa0e5e0c1aed8f8acad0017688ade82c004d310a2cc8ed65f926380f4c,df4ccc675a710182d0e08088dc5c2143d8c4a1b79564ae2b80d5f5273ebb08f1,9.421094179,cpu,151670,,
151670,SpaGCN,18,0.1383654867,0.3730566113,3498,7,d149bf807d40bcce2d24cf3d64a39e70ea4bd5f3fc3710c9ab78ef177aaf8d57,083bb4fa0e5e0c1aed8f8acad0017688ade82c004d310a2cc8ed65f926380f4c,df4ccc675a710182d0e08088dc5c2143d8c4a1b79564ae2b80d5f5273ebb08f1,9.564388275,cpu,151670,,
151670,SpaGCN,19,0.1752689493,0.3635892946,3498,7,d149bf807d40bcce2d24cf3d64a39e70ea4bd5f3fc3710c9ab78ef177aaf8d57,083bb4fa0e5e0c1aed8f8acad0017688ade82c004d310a2cc8ed65f926380f4c,df4ccc675a710182d0e08088dc5c2143d8c4a1b79564ae2b80d5f5273ebb08f1,9.309349298,cpu,151670,,
151670,SpaGCN,20,0.1617861789,0.3142455255,3498,7,d149bf807d40bcce2d24cf3d64a39e70ea4bd5f3fc3710c9ab78ef177aaf8d57,083bb4fa0e5e0c1aed8f8acad0017688ade82c004d310a2cc8ed65f926380f4c,df4ccc675a710182d0e08088dc5c2143d8c4a1b79564ae2b80d5f5273ebb08f1,9.836363316,cpu,151670,,
151670,BANKSY,1,0.2093976762,0.4395195596,3498,7,d149bf807d40bcce2d24cf3d64a39e70ea4bd5f3fc3710c9ab78ef177aaf8d57,083bb4fa0e5e0c1aed8f8acad0017688ade82c004d310a2cc8ed65f926380f4c,513758a9f97c59c579ac4f96a13388c4a063683dbfed01355a16147c3f1464ed,9.961828709,cpu,151670,,
151670,BANKSY,2,0.6745597221,0.612690155,3498,7,d149bf807d40bcce2d24cf3d64a39e70ea4bd5f3fc3710c9ab78ef177aaf8d57,083bb4fa0e5e0c1aed8f8acad0017688ade82c004d310a2cc8ed65f926380f4c,513758a9f97c59c579ac4f96a13388c4a063683dbfed01355a16147c3f1464ed,0.8671793938,cpu,151670,,
151670,BANKSY,3,0.6527199873,0.6013569356,3498,7,d149bf807d40bcce2d24cf3d64a39e70ea4bd5f3fc3710c9ab78ef177aaf8d57,083bb4fa0e5e0c1aed8f8acad0017688ade82c004d310a2cc8ed65f926380f4c,513758a9f97c59c579ac4f96a13388c4a063683dbfed01355a16147c3f1464ed,0.6377868652,cpu,151670,,
151670,BANKSY,4,0.2533441967,0.4779781285,3498,7,d149bf807d40bcce2d24cf3d64a39e70ea4bd5f3fc3710c9ab78ef177aaf8d57,083bb4fa0e5e0c1aed8f8acad0017688ade82c004d310a2cc8ed65f926380f4c,513758a9f97c59c579ac4f96a13388c4a063683dbfed01355a16147c3f1464ed,0.4520659447,cpu,151670,,
151670,BANKSY,5,0.4154807082,0.5643629005,3498,7,d149bf807d40bcce2d24cf3d64a39e70ea4bd5f3fc3710c9ab78ef177aaf8d57,083bb4fa0e5e0c1aed8f8acad0017688ade82c004d310a2cc8ed65f926380f4c,513758a9f97c59c579ac4f96a13388c4a063683dbfed01355a16147c3f1464ed,0.6333241463,cpu,151670,,
151670,BANKSY,6,0.4350262525,0.5509308873,3498,7,d149bf807d40bcce2d24cf3d64a39e70ea4bd5f3fc3710c9ab78ef177aaf8d57,083bb4fa0e5e0c1aed8f8acad0017688ade82c004d310a2cc8ed65f926380f4c,513758a9f97c59c579ac4f96a13388c4a063683dbfed01355a16147c3f1464ed,0.6062383652,cpu,151670,,
151670,BANKSY,7,0.4206150955,0.4695082881,3498,7,d149bf807d40bcce2d24cf3d64a39e70ea4bd5f3fc3710c9ab78ef177aaf8d57,083bb4fa0e5e0c1aed8f8acad0017688ade82c004d310a2cc8ed65f926380f4c,513758a9f97c59c579ac4f96a13388c4a063683dbfed01355a16147c3f1464ed,0.5337531567,cpu,151670,,
151670,BANKSY,8,0.3085043587,0.4908311362,3498,7,d149bf807d40bcce2d24cf3d64a39e70ea4bd5f3fc3710c9ab78ef177aaf8d57,083bb4fa0e5e0c1aed8f8acad0017688ade82c004d310a2cc8ed65f926380f4c,513758a9f97c59c579ac4f96a13388c4a063683dbfed01355a16147c3f1464ed,0.4795558453,cpu,151670,,
151670,BANKSY,9,0.4881398776,0.5492774891,3498,7,d149bf807d40bcce2d24cf3d64a39e70ea4bd5f3fc3710c9ab78ef177aaf8d57,083bb4fa0e5e0c1aed8f8acad0017688ade82c004d310a2cc8ed65f926380f4c,513758a9f97c59c579ac4f96a13388c4a063683dbfed01355a16147c3f1464ed,0.5182135105,cpu,151670,,
151670,BANKSY,10,0.2484749177,0.470529669,3498,7,d149bf807d40bcce2d24cf3d64a39e70ea4bd5f3fc3710c9ab78ef177aaf8d57,083bb4fa0e5e0c1aed8f8acad0017688ade82c004d310a2cc8ed65f926380f4c,513758a9f97c59c579ac4f96a13388c4a063683dbfed01355a16147c3f1464ed,0.7019536495,cpu,151670,,
151670,BANKSY,11,0.3823882923,0.5497756873,3498,7,d149bf807d40bcce2d24cf3d64a39e70ea4bd5f3fc3710c9ab78ef177aaf8d57,083bb4fa0e5e0c1aed8f8acad0017688ade82c004d310a2cc8ed65f926380f4c,513758a9f97c59c579ac4f96a13388c4a063683dbfed01355a16147c3f1464ed,0.5481784344,cpu,151670,,
151670,BANKSY,12,0.4342302983,0.5489826308,3498,7,d149bf807d40bcce2d24cf3d64a39e70ea4bd5f3fc3710c9ab78ef177aaf8d57,083bb4fa0e5e0c1aed8f8acad0017688ade82c004d310a2cc8ed65f926380f4c,513758a9f97c59c579ac4f96a13388c4a063683dbfed01355a16147c3f1464ed,0.5723667145,cpu,151670,,
151670,BANKSY,13,0.2803535263,0.4811384439,3498,7,d149bf807d40bcce2d24cf3d64a39e70ea4bd5f3fc3710c9ab78ef177aaf8d57,083bb4fa0e5e0c1aed8f8acad0017688ade82c004d310a2cc8ed65f926380f4c,513758a9f97c59c579ac4f96a13388c4a063683dbfed01355a16147c3f1464ed,0.5800509453,cpu,151670,,
151670,BANKSY,14,0.2489353725,0.4762144429,3498,7,d149bf807d40bcce2d24cf3d64a39e70ea4bd5f3fc3710c9ab78ef177aaf8d57,083bb4fa0e5e0c1aed8f8acad0017688ade82c004d310a2cc8ed65f926380f4c,513758a9f97c59c579ac4f96a13388c4a063683dbfed01355a16147c3f1464ed,0.5216991901,cpu,151670,,
151670,BANKSY,15,0.2226896022,0.4473099536,3498,7,d149bf807d40bcce2d24cf3d64a39e70ea4bd5f3fc3710c9ab78ef177aaf8d57,083bb4fa0e5e0c1aed8f8acad0017688ade82c004d310a2cc8ed65f926380f4c,513758a9f97c59c579ac4f96a13388c4a063683dbfed01355a16147c3f1464ed,0.5764431953,cpu,151670,,
151670,BANKSY,16,0.2487059887,0.4756118395,3498,7,d149bf807d40bcce2d24cf3d64a39e70ea4bd5f3fc3710c9ab78ef177aaf8d57,083bb4fa0e5e0c1aed8f8acad0017688ade82c004d310a2cc8ed65f926380f4c,513758a9f97c59c579ac4f96a13388c4a063683dbfed01355a16147c3f1464ed,0.6857383251,cpu,151670,,
151670,BANKSY,17,0.4378239336,0.5514497191,3498,7,d149bf807d40bcce2d24cf3d64a39e70ea4bd5f3fc3710c9ab78ef177aaf8d57,083bb4fa0e5e0c1aed8f8acad0017688ade82c004d310a2cc8ed65f926380f4c,513758a9f97c59c579ac4f96a13388c4a063683dbfed01355a16147c3f1464ed,0.7539949417,cpu,151670,,
151670,BANKSY,18,0.3823882923,0.5497756873,3498,7,d149bf807d40bcce2d24cf3d64a39e70ea4bd5f3fc3710c9ab78ef177aaf8d57,083bb4fa0e5e0c1aed8f8acad0017688ade82c004d310a2cc8ed65f926380f4c,513758a9f97c59c579ac4f96a13388c4a063683dbfed01355a16147c3f1464ed,0.5841822624,cpu,151670,,
151670,BANKSY,19,0.2822658872,0.4794678262,3498,7,d149bf807d40bcce2d24cf3d64a39e70ea4bd5f3fc3710c9ab78ef177aaf8d57,083bb4fa0e5e0c1aed8f8acad0017688ade82c004d310a2cc8ed65f926380f4c,513758a9f97c59c579ac4f96a13388c4a063683dbfed01355a16147c3f1464ed,0.6101024151,cpu,151670,,
151670,BANKSY,20,0.3150337354,0.4792732819,3498,7,d149bf807d40bcce2d24cf3d64a39e70ea4bd5f3fc3710c9ab78ef177aaf8d57,083bb4fa0e5e0c1aed8f8acad0017688ade82c004d310a2cc8ed65f926380f4c,513758a9f97c59c579ac4f96a13388c4a063683dbfed01355a16147c3f1464ed,0.5055036545,cpu,151670,,
151670,SEDR,1,0.32543619338300001,0.54010974565699998,3498,7,,,,,,151670,3498,18332
151670,SEDR,2,0.25642157954400002,0.49830830293299999,3498,7,,,,,,151670,3498,18332
151670,SEDR,3,0.348360683497,0.52428653359599997,3498,7,,,,,,151670,3498,18332
151670,SEDR,4,0.24197654496500001,0.46454927725599998,3498,7,,,,,,151670,3498,18332
151670,SEDR,5,0.31836813644099998,0.50447170761299998,3498,7,,,,,,151670,3498,18332
151670,SEDR,6,0.38894493162600002,0.54807553579299995,3498,7,,,,,,151670,3498,18332
151670,SEDR,7,0.25845426468900001,0.49141541248499998,3498,7,,,,,,151670,3498,18332
151670,SEDR,8,0.31986100040799997,0.52791517321400006,3498,7,,,,,,151670,3498,18332
151670,SEDR,9,0.31601100829399997,0.51100428438099998,3498,7,,,,,,151670,3498,18332
151670,SEDR,10,0.28821291281700001,0.52116257717500003,3498,7,,,,,,151670,3498,18332
151670,SEDR,11,0.28044060874499999,0.47985236104000001,3498,7,,,,,,151670,3498,18332
151670,SEDR,12,0.32973601093600002,0.50073039519700002,3498,7,,,,,,151670,3498,18332
151670,SEDR,13,0.29818475347399997,0.50856932913700004,3498,7,,,,,,151670,3498,18332
151670,SEDR,14,0.31354338910000001,0.52139516997299995,3498,7,,,,,,151670,3498,18332
151670,SEDR,15,0.27340438300999997,0.50920319062099995,3498,7,,,,,,151670,3498,18332
151670,SEDR,16,0.38430872978199998,0.579659660764,3498,7,,,,,,151670,3498,18332
151670,SEDR,17,0.321435295806,0.552357647166,3498,7,,,,,,151670,3498,18332
151670,SEDR,18,0.401382442369,0.57259246218399995,3498,7,,,,,,151670,3498,18332
151670,SEDR,19,0.31274396758200002,0.50606800496299997,3498,7,,,,,,151670,3498,18332
151670,SEDR,20,0.24976793036200001,0.49895104949800001,3498,7,,,,,,151670,3498,18332
151671,GraphST,1,0.2978206384,0.4079859928,4110,7,4a11f5315bf4fa4bff13d36f2485d48a00d85a987c47bea4167cf2a3fb911e5f,b55a68eb9d3ccbde6b8151c3c17a7533c9859167d51712d18629dc439943bad4,9dbc2155d34577defce73019396c5803a385738bb1f27fb4c9c8d054b6b4113c,16.98662329,cuda:0,151671,,
151671,GraphST,2,0.3061355225,0.4117776121,4110,7,4a11f5315bf4fa4bff13d36f2485d48a00d85a987c47bea4167cf2a3fb911e5f,b55a68eb9d3ccbde6b8151c3c17a7533c9859167d51712d18629dc439943bad4,9dbc2155d34577defce73019396c5803a385738bb1f27fb4c9c8d054b6b4113c,11.31078672,cuda:0,151671,,
151671,GraphST,3,0.3323913267,0.4029045319,4110,7,4a11f5315bf4fa4bff13d36f2485d48a00d85a987c47bea4167cf2a3fb911e5f,b55a68eb9d3ccbde6b8151c3c17a7533c9859167d51712d18629dc439943bad4,9dbc2155d34577defce73019396c5803a385738bb1f27fb4c9c8d054b6b4113c,11.87456894,cuda:0,151671,,
151671,GraphST,4,0.3061337433,0.4150465054,4110,7,4a11f5315bf4fa4bff13d36f2485d48a00d85a987c47bea4167cf2a3fb911e5f,b55a68eb9d3ccbde6b8151c3c17a7533c9859167d51712d18629dc439943bad4,9dbc2155d34577defce73019396c5803a385738bb1f27fb4c9c8d054b6b4113c,11.32418251,cuda:0,151671,,
151671,GraphST,5,0.3171926609,0.417038286,4110,7,4a11f5315bf4fa4bff13d36f2485d48a00d85a987c47bea4167cf2a3fb911e5f,b55a68eb9d3ccbde6b8151c3c17a7533c9859167d51712d18629dc439943bad4,9dbc2155d34577defce73019396c5803a385738bb1f27fb4c9c8d054b6b4113c,10.26988769,cuda:0,151671,,
151671,GraphST,6,0.3029430264,0.4155544653,4110,7,4a11f5315bf4fa4bff13d36f2485d48a00d85a987c47bea4167cf2a3fb911e5f,b55a68eb9d3ccbde6b8151c3c17a7533c9859167d51712d18629dc439943bad4,9dbc2155d34577defce73019396c5803a385738bb1f27fb4c9c8d054b6b4113c,10.23301458,cuda:0,151671,,
151671,GraphST,7,0.2907339964,0.409339298,4110,7,4a11f5315bf4fa4bff13d36f2485d48a00d85a987c47bea4167cf2a3fb911e5f,b55a68eb9d3ccbde6b8151c3c17a7533c9859167d51712d18629dc439943bad4,9dbc2155d34577defce73019396c5803a385738bb1f27fb4c9c8d054b6b4113c,9.530094147,cuda:0,151671,,
151671,GraphST,8,0.3244858153,0.4319552152,4110,7,4a11f5315bf4fa4bff13d36f2485d48a00d85a987c47bea4167cf2a3fb911e5f,b55a68eb9d3ccbde6b8151c3c17a7533c9859167d51712d18629dc439943bad4,9dbc2155d34577defce73019396c5803a385738bb1f27fb4c9c8d054b6b4113c,9.74672842,cuda:0,151671,,
151671,GraphST,9,0.3327844919,0.4030676663,4110,7,4a11f5315bf4fa4bff13d36f2485d48a00d85a987c47bea4167cf2a3fb911e5f,b55a68eb9d3ccbde6b8151c3c17a7533c9859167d51712d18629dc439943bad4,9dbc2155d34577defce73019396c5803a385738bb1f27fb4c9c8d054b6b4113c,10.29725742,cuda:0,151671,,
151671,GraphST,10,0.2812596264,0.4081469365,4110,7,4a11f5315bf4fa4bff13d36f2485d48a00d85a987c47bea4167cf2a3fb911e5f,b55a68eb9d3ccbde6b8151c3c17a7533c9859167d51712d18629dc439943bad4,9dbc2155d34577defce73019396c5803a385738bb1f27fb4c9c8d054b6b4113c,10.42280674,cuda:0,151671,,
151671,GraphST,11,0.2400221114,0.395524127,4110,7,4a11f5315bf4fa4bff13d36f2485d48a00d85a987c47bea4167cf2a3fb911e5f,b55a68eb9d3ccbde6b8151c3c17a7533c9859167d51712d18629dc439943bad4,9dbc2155d34577defce73019396c5803a385738bb1f27fb4c9c8d054b6b4113c,10.47759843,cuda:0,151671,,
151671,GraphST,12,0.302247797,0.4023734692,4110,7,4a11f5315bf4fa4bff13d36f2485d48a00d85a987c47bea4167cf2a3fb911e5f,b55a68eb9d3ccbde6b8151c3c17a7533c9859167d51712d18629dc439943bad4,9dbc2155d34577defce73019396c5803a385738bb1f27fb4c9c8d054b6b4113c,10.77205682,cuda:0,151671,,
151671,GraphST,13,0.2887952945,0.3977563571,4110,7,4a11f5315bf4fa4bff13d36f2485d48a00d85a987c47bea4167cf2a3fb911e5f,b55a68eb9d3ccbde6b8151c3c17a7533c9859167d51712d18629dc439943bad4,9dbc2155d34577defce73019396c5803a385738bb1f27fb4c9c8d054b6b4113c,11.59926987,cuda:0,151671,,
151671,GraphST,14,0.3221946893,0.4314324901,4110,7,4a11f5315bf4fa4bff13d36f2485d48a00d85a987c47bea4167cf2a3fb911e5f,b55a68eb9d3ccbde6b8151c3c17a7533c9859167d51712d18629dc439943bad4,9dbc2155d34577defce73019396c5803a385738bb1f27fb4c9c8d054b6b4113c,10.01480222,cuda:0,151671,,
151671,GraphST,15,0.3196055169,0.4147423967,4110,7,4a11f5315bf4fa4bff13d36f2485d48a00d85a987c47bea4167cf2a3fb911e5f,b55a68eb9d3ccbde6b8151c3c17a7533c9859167d51712d18629dc439943bad4,9dbc2155d34577defce73019396c5803a385738bb1f27fb4c9c8d054b6b4113c,9.252745867,cuda:0,151671,,
151671,GraphST,16,0.3257444363,0.4259627644,4110,7,4a11f5315bf4fa4bff13d36f2485d48a00d85a987c47bea4167cf2a3fb911e5f,b55a68eb9d3ccbde6b8151c3c17a7533c9859167d51712d18629dc439943bad4,9dbc2155d34577defce73019396c5803a385738bb1f27fb4c9c8d054b6b4113c,9.794895411,cuda:0,151671,,
151671,GraphST,17,0.2732651554,0.4113350177,4110,7,4a11f5315bf4fa4bff13d36f2485d48a00d85a987c47bea4167cf2a3fb911e5f,b55a68eb9d3ccbde6b8151c3c17a7533c9859167d51712d18629dc439943bad4,9dbc2155d34577defce73019396c5803a385738bb1f27fb4c9c8d054b6b4113c,10.63362861,cuda:0,151671,,
151671,GraphST,18,0.2495461161,0.4003215203,4110,7,4a11f5315bf4fa4bff13d36f2485d48a00d85a987c47bea4167cf2a3fb911e5f,b55a68eb9d3ccbde6b8151c3c17a7533c9859167d51712d18629dc439943bad4,9dbc2155d34577defce73019396c5803a385738bb1f27fb4c9c8d054b6b4113c,11.03583121,cuda:0,151671,,
151671,GraphST,19,0.2583964364,0.4048790152,4110,7,4a11f5315bf4fa4bff13d36f2485d48a00d85a987c47bea4167cf2a3fb911e5f,b55a68eb9d3ccbde6b8151c3c17a7533c9859167d51712d18629dc439943bad4,9dbc2155d34577defce73019396c5803a385738bb1f27fb4c9c8d054b6b4113c,11.20664382,cuda:0,151671,,
151671,GraphST,20,0.2473001927,0.4093293878,4110,7,4a11f5315bf4fa4bff13d36f2485d48a00d85a987c47bea4167cf2a3fb911e5f,b55a68eb9d3ccbde6b8151c3c17a7533c9859167d51712d18629dc439943bad4,9dbc2155d34577defce73019396c5803a385738bb1f27fb4c9c8d054b6b4113c,10.66693139,cuda:0,151671,,
151671,STAGATE,1,0.3794101238,0.5235766008,4110,7,4a11f5315bf4fa4bff13d36f2485d48a00d85a987c47bea4167cf2a3fb911e5f,b55a68eb9d3ccbde6b8151c3c17a7533c9859167d51712d18629dc439943bad4,da1dd2b3a6c0ba1e6f64cedc2f01075c76715f95d8654fa73129e9af7db288c3,7.623361588,cuda:0,151671,,
151671,STAGATE,2,0.3645939089,0.5074770002,4110,7,4a11f5315bf4fa4bff13d36f2485d48a00d85a987c47bea4167cf2a3fb911e5f,b55a68eb9d3ccbde6b8151c3c17a7533c9859167d51712d18629dc439943bad4,da1dd2b3a6c0ba1e6f64cedc2f01075c76715f95d8654fa73129e9af7db288c3,3.698894739,cuda:0,151671,,
151671,STAGATE,3,0.3884047868,0.4787544035,4110,7,4a11f5315bf4fa4bff13d36f2485d48a00d85a987c47bea4167cf2a3fb911e5f,b55a68eb9d3ccbde6b8151c3c17a7533c9859167d51712d18629dc439943bad4,da1dd2b3a6c0ba1e6f64cedc2f01075c76715f95d8654fa73129e9af7db288c3,3.999602079,cuda:0,151671,,
151671,STAGATE,4,0.368509307,0.5099384751,4110,7,4a11f5315bf4fa4bff13d36f2485d48a00d85a987c47bea4167cf2a3fb911e5f,b55a68eb9d3ccbde6b8151c3c17a7533c9859167d51712d18629dc439943bad4,da1dd2b3a6c0ba1e6f64cedc2f01075c76715f95d8654fa73129e9af7db288c3,3.701337814,cuda:0,151671,,
151671,STAGATE,5,0.3191360923,0.4964718481,4110,7,4a11f5315bf4fa4bff13d36f2485d48a00d85a987c47bea4167cf2a3fb911e5f,b55a68eb9d3ccbde6b8151c3c17a7533c9859167d51712d18629dc439943bad4,da1dd2b3a6c0ba1e6f64cedc2f01075c76715f95d8654fa73129e9af7db288c3,4.895734787,cuda:0,151671,,
151671,STAGATE,6,0.3091781998,0.4701242892,4110,7,4a11f5315bf4fa4bff13d36f2485d48a00d85a987c47bea4167cf2a3fb911e5f,b55a68eb9d3ccbde6b8151c3c17a7533c9859167d51712d18629dc439943bad4,da1dd2b3a6c0ba1e6f64cedc2f01075c76715f95d8654fa73129e9af7db288c3,3.856270075,cuda:0,151671,,
151671,STAGATE,7,0.342713322,0.5106080764,4110,7,4a11f5315bf4fa4bff13d36f2485d48a00d85a987c47bea4167cf2a3fb911e5f,b55a68eb9d3ccbde6b8151c3c17a7533c9859167d51712d18629dc439943bad4,da1dd2b3a6c0ba1e6f64cedc2f01075c76715f95d8654fa73129e9af7db288c3,4.299424171,cuda:0,151671,,
151671,STAGATE,8,0.3463643634,0.5020389457,4110,7,4a11f5315bf4fa4bff13d36f2485d48a00d85a987c47bea4167cf2a3fb911e5f,b55a68eb9d3ccbde6b8151c3c17a7533c9859167d51712d18629dc439943bad4,da1dd2b3a6c0ba1e6f64cedc2f01075c76715f95d8654fa73129e9af7db288c3,4.528877735,cuda:0,151671,,
151671,STAGATE,9,0.3059040527,0.4865049622,4110,7,4a11f5315bf4fa4bff13d36f2485d48a00d85a987c47bea4167cf2a3fb911e5f,b55a68eb9d3ccbde6b8151c3c17a7533c9859167d51712d18629dc439943bad4,da1dd2b3a6c0ba1e6f64cedc2f01075c76715f95d8654fa73129e9af7db288c3,4.481912136,cuda:0,151671,,
151671,STAGATE,10,0.3343167269,0.4904059013,4110,7,4a11f5315bf4fa4bff13d36f2485d48a00d85a987c47bea4167cf2a3fb911e5f,b55a68eb9d3ccbde6b8151c3c17a7533c9859167d51712d18629dc439943bad4,da1dd2b3a6c0ba1e6f64cedc2f01075c76715f95d8654fa73129e9af7db288c3,4.534497976,cuda:0,151671,,
151671,STAGATE,11,0.3530454605,0.4884658524,4110,7,4a11f5315bf4fa4bff13d36f2485d48a00d85a987c47bea4167cf2a3fb911e5f,b55a68eb9d3ccbde6b8151c3c17a7533c9859167d51712d18629dc439943bad4,da1dd2b3a6c0ba1e6f64cedc2f01075c76715f95d8654fa73129e9af7db288c3,3.680249453,cuda:0,151671,,
151671,STAGATE,12,0.3390690488,0.4991349971,4110,7,4a11f5315bf4fa4bff13d36f2485d48a00d85a987c47bea4167cf2a3fb911e5f,b55a68eb9d3ccbde6b8151c3c17a7533c9859167d51712d18629dc439943bad4,da1dd2b3a6c0ba1e6f64cedc2f01075c76715f95d8654fa73129e9af7db288c3,3.608618021,cuda:0,151671,,
151671,STAGATE,13,0.3563344578,0.5029965289,4110,7,4a11f5315bf4fa4bff13d36f2485d48a00d85a987c47bea4167cf2a3fb911e5f,b55a68eb9d3ccbde6b8151c3c17a7533c9859167d51712d18629dc439943bad4,da1dd2b3a6c0ba1e6f64cedc2f01075c76715f95d8654fa73129e9af7db288c3,3.641155481,cuda:0,151671,,
151671,STAGATE,14,0.3924300446,0.483507097,4110,7,4a11f5315bf4fa4bff13d36f2485d48a00d85a987c47bea4167cf2a3fb911e5f,b55a68eb9d3ccbde6b8151c3c17a7533c9859167d51712d18629dc439943bad4,da1dd2b3a6c0ba1e6f64cedc2f01075c76715f95d8654fa73129e9af7db288c3,3.798927307,cuda:0,151671,,
151671,STAGATE,15,0.3357082155,0.4938220987,4110,7,4a11f5315bf4fa4bff13d36f2485d48a00d85a987c47bea4167cf2a3fb911e5f,b55a68eb9d3ccbde6b8151c3c17a7533c9859167d51712d18629dc439943bad4,da1dd2b3a6c0ba1e6f64cedc2f01075c76715f95d8654fa73129e9af7db288c3,3.828083277,cuda:0,151671,,
151671,STAGATE,16,0.3236194737,0.4958450441,4110,7,4a11f5315bf4fa4bff13d36f2485d48a00d85a987c47bea4167cf2a3fb911e5f,b55a68eb9d3ccbde6b8151c3c17a7533c9859167d51712d18629dc439943bad4,da1dd2b3a6c0ba1e6f64cedc2f01075c76715f95d8654fa73129e9af7db288c3,3.805076122,cuda:0,151671,,
151671,STAGATE,17,0.3795342077,0.5113251042,4110,7,4a11f5315bf4fa4bff13d36f2485d48a00d85a987c47bea4167cf2a3fb911e5f,b55a68eb9d3ccbde6b8151c3c17a7533c9859167d51712d18629dc439943bad4,da1dd2b3a6c0ba1e6f64cedc2f01075c76715f95d8654fa73129e9af7db288c3,4.748511791,cuda:0,151671,,
151671,STAGATE,18,0.3335209093,0.4818115275,4110,7,4a11f5315bf4fa4bff13d36f2485d48a00d85a987c47bea4167cf2a3fb911e5f,b55a68eb9d3ccbde6b8151c3c17a7533c9859167d51712d18629dc439943bad4,da1dd2b3a6c0ba1e6f64cedc2f01075c76715f95d8654fa73129e9af7db288c3,5.079788685,cuda:0,151671,,
151671,STAGATE,19,0.3795290295,0.4785901135,4110,7,4a11f5315bf4fa4bff13d36f2485d48a00d85a987c47bea4167cf2a3fb911e5f,b55a68eb9d3ccbde6b8151c3c17a7533c9859167d51712d18629dc439943bad4,da1dd2b3a6c0ba1e6f64cedc2f01075c76715f95d8654fa73129e9af7db288c3,4.854118586,cuda:0,151671,,
151671,STAGATE,20,0.379529541,0.517955089,4110,7,4a11f5315bf4fa4bff13d36f2485d48a00d85a987c47bea4167cf2a3fb911e5f,b55a68eb9d3ccbde6b8151c3c17a7533c9859167d51712d18629dc439943bad4,da1dd2b3a6c0ba1e6f64cedc2f01075c76715f95d8654fa73129e9af7db288c3,4.863380671,cuda:0,151671,,
151671,SpaGCN,1,0.2411672804,0.3866826444,4110,7,4a11f5315bf4fa4bff13d36f2485d48a00d85a987c47bea4167cf2a3fb911e5f,b55a68eb9d3ccbde6b8151c3c17a7533c9859167d51712d18629dc439943bad4,c95b1f020f6719ef06de2890f3fc0f1c67b62280f5326a18bbf12e4293c59ac7,18.93452311,cpu,151671,,
151671,SpaGCN,2,0.2800024137,0.4228640673,4110,7,4a11f5315bf4fa4bff13d36f2485d48a00d85a987c47bea4167cf2a3fb911e5f,b55a68eb9d3ccbde6b8151c3c17a7533c9859167d51712d18629dc439943bad4,c95b1f020f6719ef06de2890f3fc0f1c67b62280f5326a18bbf12e4293c59ac7,13.12561655,cpu,151671,,
151671,SpaGCN,3,0.2399759945,0.3838829688,4110,7,4a11f5315bf4fa4bff13d36f2485d48a00d85a987c47bea4167cf2a3fb911e5f,b55a68eb9d3ccbde6b8151c3c17a7533c9859167d51712d18629dc439943bad4,c95b1f020f6719ef06de2890f3fc0f1c67b62280f5326a18bbf12e4293c59ac7,13.03164721,cpu,151671,,
151671,SpaGCN,4,0.2242617762,0.3441096177,4110,7,4a11f5315bf4fa4bff13d36f2485d48a00d85a987c47bea4167cf2a3fb911e5f,b55a68eb9d3ccbde6b8151c3c17a7533c9859167d51712d18629dc439943bad4,c95b1f020f6719ef06de2890f3fc0f1c67b62280f5326a18bbf12e4293c59ac7,13.34011936,cpu,151671,,
151671,SpaGCN,5,0.1900747368,0.3179810489,4110,7,4a11f5315bf4fa4bff13d36f2485d48a00d85a987c47bea4167cf2a3fb911e5f,b55a68eb9d3ccbde6b8151c3c17a7533c9859167d51712d18629dc439943bad4,c95b1f020f6719ef06de2890f3fc0f1c67b62280f5326a18bbf12e4293c59ac7,12.94358325,cpu,151671,,
151671,SpaGCN,6,0.2264171902,0.3566827714,4110,7,4a11f5315bf4fa4bff13d36f2485d48a00d85a987c47bea4167cf2a3fb911e5f,b55a68eb9d3ccbde6b8151c3c17a7533c9859167d51712d18629dc439943bad4,c95b1f020f6719ef06de2890f3fc0f1c67b62280f5326a18bbf12e4293c59ac7,12.8890276,cpu,151671,,
151671,SpaGCN,7,0.2516697519,0.3606682386,4110,7,4a11f5315bf4fa4bff13d36f2485d48a00d85a987c47bea4167cf2a3fb911e5f,b55a68eb9d3ccbde6b8151c3c17a7533c9859167d51712d18629dc439943bad4,c95b1f020f6719ef06de2890f3fc0f1c67b62280f5326a18bbf12e4293c59ac7,13.02384162,cpu,151671,,
151671,SpaGCN,8,0.2395075077,0.3742112868,4110,7,4a11f5315bf4fa4bff13d36f2485d48a00d85a987c47bea4167cf2a3fb911e5f,b55a68eb9d3ccbde6b8151c3c17a7533c9859167d51712d18629dc439943bad4,c95b1f020f6719ef06de2890f3fc0f1c67b62280f5326a18bbf12e4293c59ac7,12.98245764,cpu,151671,,
151671,SpaGCN,9,0.2318690665,0.3734630352,4110,7,4a11f5315bf4fa4bff13d36f2485d48a00d85a987c47bea4167cf2a3fb911e5f,b55a68eb9d3ccbde6b8151c3c17a7533c9859167d51712d18629dc439943bad4,c95b1f020f6719ef06de2890f3fc0f1c67b62280f5326a18bbf12e4293c59ac7,13.31704903,cpu,151671,,
151671,SpaGCN,10,0.2722245027,0.420979777,4110,7,4a11f5315bf4fa4bff13d36f2485d48a00d85a987c47bea4167cf2a3fb911e5f,b55a68eb9d3ccbde6b8151c3c17a7533c9859167d51712d18629dc439943bad4,c95b1f020f6719ef06de2890f3fc0f1c67b62280f5326a18bbf12e4293c59ac7,13.24183059,cpu,151671,,
151671,SpaGCN,11,0.242331449,0.3700032112,4110,7,4a11f5315bf4fa4bff13d36f2485d48a00d85a987c47bea4167cf2a3fb911e5f,b55a68eb9d3ccbde6b8151c3c17a7533c9859167d51712d18629dc439943bad4,c95b1f020f6719ef06de2890f3fc0f1c67b62280f5326a18bbf12e4293c59ac7,12.9639256,cpu,151671,,
151671,SpaGCN,12,0.3249746284,0.4639676795,4110,7,4a11f5315bf4fa4bff13d36f2485d48a00d85a987c47bea4167cf2a3fb911e5f,b55a68eb9d3ccbde6b8151c3c17a7533c9859167d51712d18629dc439943bad4,c95b1f020f6719ef06de2890f3fc0f1c67b62280f5326a18bbf12e4293c59ac7,13.30109668,cpu,151671,,
151671,SpaGCN,13,0.2553076351,0.3958936844,4110,7,4a11f5315bf4fa4bff13d36f2485d48a00d85a987c47bea4167cf2a3fb911e5f,b55a68eb9d3ccbde6b8151c3c17a7533c9859167d51712d18629dc439943bad4,c95b1f020f6719ef06de2890f3fc0f1c67b62280f5326a18bbf12e4293c59ac7,13.40851665,cpu,151671,,
151671,SpaGCN,14,0.2073623189,0.3396581695,4110,7,4a11f5315bf4fa4bff13d36f2485d48a00d85a987c47bea4167cf2a3fb911e5f,b55a68eb9d3ccbde6b8151c3c17a7533c9859167d51712d18629dc439943bad4,c95b1f020f6719ef06de2890f3fc0f1c67b62280f5326a18bbf12e4293c59ac7,12.62388158,cpu,151671,,
151671,SpaGCN,15,0.3307880704,0.4903526168,4110,7,4a11f5315bf4fa4bff13d36f2485d48a00d85a987c47bea4167cf2a3fb911e5f,b55a68eb9d3ccbde6b8151c3c17a7533c9859167d51712d18629dc439943bad4,c95b1f020f6719ef06de2890f3fc0f1c67b62280f5326a18bbf12e4293c59ac7,12.08663058,cpu,151671,,
151671,SpaGCN,16,0.2412317802,0.3826968691,4110,7,4a11f5315bf4fa4bff13d36f2485d48a00d85a987c47bea4167cf2a3fb911e5f,b55a68eb9d3ccbde6b8151c3c17a7533c9859167d51712d18629dc439943bad4,c95b1f020f6719ef06de2890f3fc0f1c67b62280f5326a18bbf12e4293c59ac7,11.98378849,cpu,151671,,
151671,SpaGCN,17,0.2825003683,0.4324832978,4110,7,4a11f5315bf4fa4bff13d36f2485d48a00d85a987c47bea4167cf2a3fb911e5f,b55a68eb9d3ccbde6b8151c3c17a7533c9859167d51712d18629dc439943bad4,c95b1f020f6719ef06de2890f3fc0f1c67b62280f5326a18bbf12e4293c59ac7,12.19923425,cpu,151671,,
151671,SpaGCN,18,0.2551521029,0.3893090786,4110,7,4a11f5315bf4fa4bff13d36f2485d48a00d85a987c47bea4167cf2a3fb911e5f,b55a68eb9d3ccbde6b8151c3c17a7533c9859167d51712d18629dc439943bad4,c95b1f020f6719ef06de2890f3fc0f1c67b62280f5326a18bbf12e4293c59ac7,12.0720017,cpu,151671,,
151671,SpaGCN,19,0.2648898026,0.3975263177,4110,7,4a11f5315bf4fa4bff13d36f2485d48a00d85a987c47bea4167cf2a3fb911e5f,b55a68eb9d3ccbde6b8151c3c17a7533c9859167d51712d18629dc439943bad4,c95b1f020f6719ef06de2890f3fc0f1c67b62280f5326a18bbf12e4293c59ac7,12.02711439,cpu,151671,,
151671,SpaGCN,20,0.2373415052,0.3817496247,4110,7,4a11f5315bf4fa4bff13d36f2485d48a00d85a987c47bea4167cf2a3fb911e5f,b55a68eb9d3ccbde6b8151c3c17a7533c9859167d51712d18629dc439943bad4,c95b1f020f6719ef06de2890f3fc0f1c67b62280f5326a18bbf12e4293c59ac7,11.90178609,cpu,151671,,
151671,BANKSY,1,0.4196003078,0.5419111493,4110,7,4a11f5315bf4fa4bff13d36f2485d48a00d85a987c47bea4167cf2a3fb911e5f,b55a68eb9d3ccbde6b8151c3c17a7533c9859167d51712d18629dc439943bad4,f331c4653ac2c616a50976f191f6bbb7265750a99619d79083d2049f16eb2ee3,4.118982792,cpu,151671,,
151671,BANKSY,2,0.4184808978,0.5433873544,4110,7,4a11f5315bf4fa4bff13d36f2485d48a00d85a987c47bea4167cf2a3fb911e5f,b55a68eb9d3ccbde6b8151c3c17a7533c9859167d51712d18629dc439943bad4,f331c4653ac2c616a50976f191f6bbb7265750a99619d79083d2049f16eb2ee3,0.3444542885,cpu,151671,,
151671,BANKSY,3,0.4135282593,0.5394269215,4110,7,4a11f5315bf4fa4bff13d36f2485d48a00d85a987c47bea4167cf2a3fb911e5f,b55a68eb9d3ccbde6b8151c3c17a7533c9859167d51712d18629dc439943bad4,f331c4653ac2c616a50976f191f6bbb7265750a99619d79083d2049f16eb2ee3,0.3846321106,cpu,151671,,
151671,BANKSY,4,0.4260928007,0.541812514,4110,7,4a11f5315bf4fa4bff13d36f2485d48a00d85a987c47bea4167cf2a3fb911e5f,b55a68eb9d3ccbde6b8151c3c17a7533c9859167d51712d18629dc439943bad4,f331c4653ac2c616a50976f191f6bbb7265750a99619d79083d2049f16eb2ee3,0.2420403957,cpu,151671,,
151671,BANKSY,5,0.4239168415,0.5316245847,4110,7,4a11f5315bf4fa4bff13d36f2485d48a00d85a987c47bea4167cf2a3fb911e5f,b55a68eb9d3ccbde6b8151c3c17a7533c9859167d51712d18629dc439943bad4,f331c4653ac2c616a50976f191f6bbb7265750a99619d79083d2049f16eb2ee3,0.3619990349,cpu,151671,,
151671,BANKSY,6,0.4151930008,0.5411248445,4110,7,4a11f5315bf4fa4bff13d36f2485d48a00d85a987c47bea4167cf2a3fb911e5f,b55a68eb9d3ccbde6b8151c3c17a7533c9859167d51712d18629dc439943bad4,f331c4653ac2c616a50976f191f6bbb7265750a99619d79083d2049f16eb2ee3,0.2079782486,cpu,151671,,
151671,BANKSY,7,0.4120491809,0.5384339622,4110,7,4a11f5315bf4fa4bff13d36f2485d48a00d85a987c47bea4167cf2a3fb911e5f,b55a68eb9d3ccbde6b8151c3c17a7533c9859167d51712d18629dc439943bad4,f331c4653ac2c616a50976f191f6bbb7265750a99619d79083d2049f16eb2ee3,0.2769854069,cpu,151671,,
151671,BANKSY,8,0.4074872163,0.5307375665,4110,7,4a11f5315bf4fa4bff13d36f2485d48a00d85a987c47bea4167cf2a3fb911e5f,b55a68eb9d3ccbde6b8151c3c17a7533c9859167d51712d18629dc439943bad4,f331c4653ac2c616a50976f191f6bbb7265750a99619d79083d2049f16eb2ee3,0.2625722885,cpu,151671,,
151671,BANKSY,9,0.3578305201,0.5068970671,4110,7,4a11f5315bf4fa4bff13d36f2485d48a00d85a987c47bea4167cf2a3fb911e5f,b55a68eb9d3ccbde6b8151c3c17a7533c9859167d51712d18629dc439943bad4,f331c4653ac2c616a50976f191f6bbb7265750a99619d79083d2049f16eb2ee3,0.3265984058,cpu,151671,,
151671,BANKSY,10,0.400627486,0.5070058158,4110,7,4a11f5315bf4fa4bff13d36f2485d48a00d85a987c47bea4167cf2a3fb911e5f,b55a68eb9d3ccbde6b8151c3c17a7533c9859167d51712d18629dc439943bad4,f331c4653ac2c616a50976f191f6bbb7265750a99619d79083d2049f16eb2ee3,0.2882995605,cpu,151671,,
151671,BANKSY,11,0.4213298959,0.5294342068,4110,7,4a11f5315bf4fa4bff13d36f2485d48a00d85a987c47bea4167cf2a3fb911e5f,b55a68eb9d3ccbde6b8151c3c17a7533c9859167d51712d18629dc439943bad4,f331c4653ac2c616a50976f191f6bbb7265750a99619d79083d2049f16eb2ee3,0.3134205341,cpu,151671,,
151671,BANKSY,12,0.412984125,0.5387702928,4110,7,4a11f5315bf4fa4bff13d36f2485d48a00d85a987c47bea4167cf2a3fb911e5f,b55a68eb9d3ccbde6b8151c3c17a7533c9859167d51712d18629dc439943bad4,f331c4653ac2c616a50976f191f6bbb7265750a99619d79083d2049f16eb2ee3,0.2143638134,cpu,151671,,
151671,BANKSY,13,0.4192090418,0.5418802145,4110,7,4a11f5315bf4fa4bff13d36f2485d48a00d85a987c47bea4167cf2a3fb911e5f,b55a68eb9d3ccbde6b8151c3c17a7533c9859167d51712d18629dc439943bad4,f331c4653ac2c616a50976f191f6bbb7265750a99619d79083d2049f16eb2ee3,0.2096979618,cpu,151671,,
151671,BANKSY,14,0.4219680991,0.5299529272,4110,7,4a11f5315bf4fa4bff13d36f2485d48a00d85a987c47bea4167cf2a3fb911e5f,b55a68eb9d3ccbde6b8151c3c17a7533c9859167d51712d18629dc439943bad4,f331c4653ac2c616a50976f191f6bbb7265750a99619d79083d2049f16eb2ee3,0.2495315075,cpu,151671,,
151671,BANKSY,15,0.362088094,0.5245955429,4110,7,4a11f5315bf4fa4bff13d36f2485d48a00d85a987c47bea4167cf2a3fb911e5f,b55a68eb9d3ccbde6b8151c3c17a7533c9859167d51712d18629dc439943bad4,f331c4653ac2c616a50976f191f6bbb7265750a99619d79083d2049f16eb2ee3,0.4169902802,cpu,151671,,
151671,BANKSY,16,0.4156096529,0.5053666629,4110,7,4a11f5315bf4fa4bff13d36f2485d48a00d85a987c47bea4167cf2a3fb911e5f,b55a68eb9d3ccbde6b8151c3c17a7533c9859167d51712d18629dc439943bad4,f331c4653ac2c616a50976f191f6bbb7265750a99619d79083d2049f16eb2ee3,0.2224063873,cpu,151671,,
151671,BANKSY,17,0.4164362054,0.5378628775,4110,7,4a11f5315bf4fa4bff13d36f2485d48a00d85a987c47bea4167cf2a3fb911e5f,b55a68eb9d3ccbde6b8151c3c17a7533c9859167d51712d18629dc439943bad4,f331c4653ac2c616a50976f191f6bbb7265750a99619d79083d2049f16eb2ee3,0.3102953434,cpu,151671,,
151671,BANKSY,18,0.382431105,0.4943503493,4110,7,4a11f5315bf4fa4bff13d36f2485d48a00d85a987c47bea4167cf2a3fb911e5f,b55a68eb9d3ccbde6b8151c3c17a7533c9859167d51712d18629dc439943bad4,f331c4653ac2c616a50976f191f6bbb7265750a99619d79083d2049f16eb2ee3,0.3590579033,cpu,151671,,
151671,BANKSY,19,0.4203777707,0.5287258461,4110,7,4a11f5315bf4fa4bff13d36f2485d48a00d85a987c47bea4167cf2a3fb911e5f,b55a68eb9d3ccbde6b8151c3c17a7533c9859167d51712d18629dc439943bad4,f331c4653ac2c616a50976f191f6bbb7265750a99619d79083d2049f16eb2ee3,0.3289606571,cpu,151671,,
151671,BANKSY,20,0.4273852203,0.5354011977,4110,7,4a11f5315bf4fa4bff13d36f2485d48a00d85a987c47bea4167cf2a3fb911e5f,b55a68eb9d3ccbde6b8151c3c17a7533c9859167d51712d18629dc439943bad4,f331c4653ac2c616a50976f191f6bbb7265750a99619d79083d2049f16eb2ee3,0.3550431728,cpu,151671,,
151671,SEDR,1,0.58411461535999998,0.68949906132500005,4110,7,,,,,,151671,4110,19041
151671,SEDR,2,0.52628866557599996,0.66876154673300003,4110,7,,,,,,151671,4110,19041
151671,SEDR,3,0.52624981430499995,0.66974300338100001,4110,7,,,,,,151671,4110,19041
151671,SEDR,4,0.59034844237899997,0.69270885259799997,4110,7,,,,,,151671,4110,19041
151671,SEDR,5,0.57967106748599995,0.69396031593899998,4110,7,,,,,,151671,4110,19041
151671,SEDR,6,0.48890058557999999,0.64717316892700005,4110,7,,,,,,151671,4110,19041
151671,SEDR,7,0.448384354948,0.64617255373500004,4110,7,,,,,,151671,4110,19041
151671,SEDR,8,0.605693411219,0.67953858463700001,4110,7,,,,,,151671,4110,19041
151671,SEDR,9,0.583641763077,0.66837163057799998,4110,7,,,,,,151671,4110,19041
151671,SEDR,10,0.44663125684499999,0.65279699369499999,4110,7,,,,,,151671,4110,19041
151671,SEDR,11,0.45432493455799999,0.66368400063300004,4110,7,,,,,,151671,4110,19041
151671,SEDR,12,0.43051076843199998,0.59406994911900002,4110,7,,,,,,151671,4110,19041
151671,SEDR,13,0.45820590907800002,0.64706371152200004,4110,7,,,,,,151671,4110,19041
151671,SEDR,14,0.52661295873400005,0.66825270614800003,4110,7,,,,,,151671,4110,19041
151671,SEDR,15,0.46979442623399997,0.64690036477799995,4110,7,,,,,,151671,4110,19041
151671,SEDR,16,0.59725434397900001,0.66649737749600002,4110,7,,,,,,151671,4110,19041
151671,SEDR,17,0.47585748885000001,0.65990776633500003,4110,7,,,,,,151671,4110,19041
151671,SEDR,18,0.47446201962000001,0.65535193452399998,4110,7,,,,,,151671,4110,19041
151671,SEDR,19,0.43418439644099999,0.64121860638499995,4110,7,,,,,,151671,4110,19041
151671,SEDR,20,0.45800934271499999,0.64764051913999998,4110,7,,,,,,151671,4110,19041
151672,GraphST,1,0.3426393915,0.3806155382,4015,7,561fdb420c87a3fdd4478d52e0afe77164324007b87f1feaf33383e787b2eb30,d32e4f20995b30b6ff1a14c7ca450fd053d86d1cdeaf005fa169636fb27201ed,63ce3bb33d847b7afb5e7e74c70bced70e2265c0837f501c09b6dfa2b2829b10,12.03884959,cuda:0,151672,,
151672,GraphST,2,0.2664036149,0.3580175468,4015,7,561fdb420c87a3fdd4478d52e0afe77164324007b87f1feaf33383e787b2eb30,d32e4f20995b30b6ff1a14c7ca450fd053d86d1cdeaf005fa169636fb27201ed,63ce3bb33d847b7afb5e7e74c70bced70e2265c0837f501c09b6dfa2b2829b10,8.587245703,cuda:0,151672,,
151672,GraphST,3,0.3399078474,0.4121487277,4015,7,561fdb420c87a3fdd4478d52e0afe77164324007b87f1feaf33383e787b2eb30,d32e4f20995b30b6ff1a14c7ca450fd053d86d1cdeaf005fa169636fb27201ed,63ce3bb33d847b7afb5e7e74c70bced70e2265c0837f501c09b6dfa2b2829b10,9.02976799,cuda:0,151672,,
151672,GraphST,4,0.3363316962,0.3840103112,4015,7,561fdb420c87a3fdd4478d52e0afe77164324007b87f1feaf33383e787b2eb30,d32e4f20995b30b6ff1a14c7ca450fd053d86d1cdeaf005fa169636fb27201ed,63ce3bb33d847b7afb5e7e74c70bced70e2265c0837f501c09b6dfa2b2829b10,8.609452486,cuda:0,151672,,
151672,GraphST,5,0.2923222597,0.3582589134,4015,7,561fdb420c87a3fdd4478d52e0afe77164324007b87f1feaf33383e787b2eb30,d32e4f20995b30b6ff1a14c7ca450fd053d86d1cdeaf005fa169636fb27201ed,63ce3bb33d847b7afb5e7e74c70bced70e2265c0837f501c09b6dfa2b2829b10,8.691517115,cuda:0,151672,,
151672,GraphST,6,0.3195016537,0.3662091082,4015,7,561fdb420c87a3fdd4478d52e0afe77164324007b87f1feaf33383e787b2eb30,d32e4f20995b30b6ff1a14c7ca450fd053d86d1cdeaf005fa169636fb27201ed,63ce3bb33d847b7afb5e7e74c70bced70e2265c0837f501c09b6dfa2b2829b10,8.720488548,cuda:0,151672,,
151672,GraphST,7,0.3607505427,0.4078685572,4015,7,561fdb420c87a3fdd4478d52e0afe77164324007b87f1feaf33383e787b2eb30,d32e4f20995b30b6ff1a14c7ca450fd053d86d1cdeaf005fa169636fb27201ed,63ce3bb33d847b7afb5e7e74c70bced70e2265c0837f501c09b6dfa2b2829b10,8.725786448,cuda:0,151672,,
151672,GraphST,8,0.3202019189,0.3647225333,4015,7,561fdb420c87a3fdd4478d52e0afe77164324007b87f1feaf33383e787b2eb30,d32e4f20995b30b6ff1a14c7ca450fd053d86d1cdeaf005fa169636fb27201ed,63ce3bb33d847b7afb5e7e74c70bced70e2265c0837f501c09b6dfa2b2829b10,8.905982971,cuda:0,151672,,
151672,GraphST,9,0.3327408455,0.3665844902,4015,7,561fdb420c87a3fdd4478d52e0afe77164324007b87f1feaf33383e787b2eb30,d32e4f20995b30b6ff1a14c7ca450fd053d86d1cdeaf005fa169636fb27201ed,63ce3bb33d847b7afb5e7e74c70bced70e2265c0837f501c09b6dfa2b2829b10,8.646388054,cuda:0,151672,,
151672,GraphST,10,0.2944220819,0.3620455793,4015,7,561fdb420c87a3fdd4478d52e0afe77164324007b87f1feaf33383e787b2eb30,d32e4f20995b30b6ff1a14c7ca450fd053d86d1cdeaf005fa169636fb27201ed,63ce3bb33d847b7afb5e7e74c70bced70e2265c0837f501c09b6dfa2b2829b10,8.638166189,cuda:0,151672,,
151672,GraphST,11,0.299155775,0.3400303275,4015,7,561fdb420c87a3fdd4478d52e0afe77164324007b87f1feaf33383e787b2eb30,d32e4f20995b30b6ff1a14c7ca450fd053d86d1cdeaf005fa169636fb27201ed,63ce3bb33d847b7afb5e7e74c70bced70e2265c0837f501c09b6dfa2b2829b10,8.768520832,cuda:0,151672,,
151672,GraphST,12,0.3431451403,0.3936673336,4015,7,561fdb420c87a3fdd4478d52e0afe77164324007b87f1feaf33383e787b2eb30,d32e4f20995b30b6ff1a14c7ca450fd053d86d1cdeaf005fa169636fb27201ed,63ce3bb33d847b7afb5e7e74c70bced70e2265c0837f501c09b6dfa2b2829b10,8.862215281,cuda:0,151672,,
151672,GraphST,13,0.3434005039,0.376004164,4015,7,561fdb420c87a3fdd4478d52e0afe77164324007b87f1feaf33383e787b2eb30,d32e4f20995b30b6ff1a14c7ca450fd053d86d1cdeaf005fa169636fb27201ed,63ce3bb33d847b7afb5e7e74c70bced70e2265c0837f501c09b6dfa2b2829b10,8.628890038,cuda:0,151672,,
151672,GraphST,14,0.3021837405,0.3607831863,4015,7,561fdb420c87a3fdd4478d52e0afe77164324007b87f1feaf33383e787b2eb30,d32e4f20995b30b6ff1a14c7ca450fd053d86d1cdeaf005fa169636fb27201ed,63ce3bb33d847b7afb5e7e74c70bced70e2265c0837f501c09b6dfa2b2829b10,8.773967505,cuda:0,151672,,
151672,GraphST,15,0.3197547416,0.3711914164,4015,7,561fdb420c87a3fdd4478d52e0afe77164324007b87f1feaf33383e787b2eb30,d32e4f20995b30b6ff1a14c7ca450fd053d86d1cdeaf005fa169636fb27201ed,63ce3bb33d847b7afb5e7e74c70bced70e2265c0837f501c09b6dfa2b2829b10,8.896243334,cuda:0,151672,,
151672,GraphST,16,0.2049429524,0.343561718,4015,7,561fdb420c87a3fdd4478d52e0afe77164324007b87f1feaf33383e787b2eb30,d32e4f20995b30b6ff1a14c7ca450fd053d86d1cdeaf005fa169636fb27201ed,63ce3bb33d847b7afb5e7e74c70bced70e2265c0837f501c09b6dfa2b2829b10,8.784026384,cuda:0,151672,,
151672,GraphST,17,0.3204357609,0.3663407387,4015,7,561fdb420c87a3fdd4478d52e0afe77164324007b87f1feaf33383e787b2eb30,d32e4f20995b30b6ff1a14c7ca450fd053d86d1cdeaf005fa169636fb27201ed,63ce3bb33d847b7afb5e7e74c70bced70e2265c0837f501c09b6dfa2b2829b10,8.649953842,cuda:0,151672,,
151672,GraphST,18,0.3259699623,0.3788598048,4015,7,561fdb420c87a3fdd4478d52e0afe77164324007b87f1feaf33383e787b2eb30,d32e4f20995b30b6ff1a14c7ca450fd053d86d1cdeaf005fa169636fb27201ed,63ce3bb33d847b7afb5e7e74c70bced70e2265c0837f501c09b6dfa2b2829b10,8.56880641,cuda:0,151672,,
151672,GraphST,19,0.3302010979,0.381737794,4015,7,561fdb420c87a3fdd4478d52e0afe77164324007b87f1feaf33383e787b2eb30,d32e4f20995b30b6ff1a14c7ca450fd053d86d1cdeaf005fa169636fb27201ed,63ce3bb33d847b7afb5e7e74c70bced70e2265c0837f501c09b6dfa2b2829b10,8.703417301,cuda:0,151672,,
151672,GraphST,20,0.309510277,0.3490858598,4015,7,561fdb420c87a3fdd4478d52e0afe77164324007b87f1feaf33383e787b2eb30,d32e4f20995b30b6ff1a14c7ca450fd053d86d1cdeaf005fa169636fb27201ed,63ce3bb33d847b7afb5e7e74c70bced70e2265c0837f501c09b6dfa2b2829b10,8.830038786,cuda:0,151672,,
151672,STAGATE,1,0.3737746728,0.4743059673,4015,7,561fdb420c87a3fdd4478d52e0afe77164324007b87f1feaf33383e787b2eb30,d32e4f20995b30b6ff1a14c7ca450fd053d86d1cdeaf005fa169636fb27201ed,e5ed32f046678da38376e7f3ec5ec32c7320c3919bf0a8b39b72a6add213daf1,8.130943537,cuda:0,151672,,
151672,STAGATE,2,0.3967530189,0.4994531402,4015,7,561fdb420c87a3fdd4478d52e0afe77164324007b87f1feaf33383e787b2eb30,d32e4f20995b30b6ff1a14c7ca450fd053d86d1cdeaf005fa169636fb27201ed,e5ed32f046678da38376e7f3ec5ec32c7320c3919bf0a8b39b72a6add213daf1,4.760054588,cuda:0,151672,,
151672,STAGATE,3,0.4011905353,0.5047445373,4015,7,561fdb420c87a3fdd4478d52e0afe77164324007b87f1feaf33383e787b2eb30,d32e4f20995b30b6ff1a14c7ca450fd053d86d1cdeaf005fa169636fb27201ed,e5ed32f046678da38376e7f3ec5ec32c7320c3919bf0a8b39b72a6add213daf1,4.000397682,cuda:0,151672,,
151672,STAGATE,4,0.3522560457,0.4603083537,4015,7,561fdb420c87a3fdd4478d52e0afe77164324007b87f1feaf33383e787b2eb30,d32e4f20995b30b6ff1a14c7ca450fd053d86d1cdeaf005fa169636fb27201ed,e5ed32f046678da38376e7f3ec5ec32c7320c3919bf0a8b39b72a6add213daf1,6.452967167,cuda:0,151672,,
151672,STAGATE,5,0.4076821639,0.5125515011,4015,7,561fdb420c87a3fdd4478d52e0afe77164324007b87f1feaf33383e787b2eb30,d32e4f20995b30b6ff1a14c7ca450fd053d86d1cdeaf005fa169636fb27201ed,e5ed32f046678da38376e7f3ec5ec32c7320c3919bf0a8b39b72a6add213daf1,3.956113338,cuda:0,151672,,
151672,STAGATE,6,0.3739722964,0.4839752266,4015,7,561fdb420c87a3fdd4478d52e0afe77164324007b87f1feaf33383e787b2eb30,d32e4f20995b30b6ff1a14c7ca450fd053d86d1cdeaf005fa169636fb27201ed,e5ed32f046678da38376e7f3ec5ec32c7320c3919bf0a8b39b72a6add213daf1,5.377041578,cuda:0,151672,,
151672,STAGATE,7,0.3857709694,0.4947335984,4015,7,561fdb420c87a3fdd4478d52e0afe77164324007b87f1feaf33383e787b2eb30,d32e4f20995b30b6ff1a14c7ca450fd053d86d1cdeaf005fa169636fb27201ed,e5ed32f046678da38376e7f3ec5ec32c7320c3919bf0a8b39b72a6add213daf1,5.206356049,cuda:0,151672,,
151672,STAGATE,8,0.3693142088,0.4591026858,4015,7,561fdb420c87a3fdd4478d52e0afe77164324007b87f1feaf33383e787b2eb30,d32e4f20995b30b6ff1a14c7ca450fd053d86d1cdeaf005fa169636fb27201ed,e5ed32f046678da38376e7f3ec5ec32c7320c3919bf0a8b39b72a6add213daf1,5.208643913,cuda:0,151672,,
151672,STAGATE,9,0.4010628405,0.4785131652,4015,7,561fdb420c87a3fdd4478d52e0afe77164324007b87f1feaf33383e787b2eb30,d32e4f20995b30b6ff1a14c7ca450fd053d86d1cdeaf005fa169636fb27201ed,e5ed32f046678da38376e7f3ec5ec32c7320c3919bf0a8b39b72a6add213daf1,5.209879398,cuda:0,151672,,
151672,STAGATE,10,0.3944954882,0.4890517708,4015,7,561fdb420c87a3fdd4478d52e0afe77164324007b87f1feaf33383e787b2eb30,d32e4f20995b30b6ff1a14c7ca450fd053d86d1cdeaf005fa169636fb27201ed,e5ed32f046678da38376e7f3ec5ec32c7320c3919bf0a8b39b72a6add213daf1,4.625530005,cuda:0,151672,,
151672,STAGATE,11,0.3975527932,0.5056772253,4015,7,561fdb420c87a3fdd4478d52e0afe77164324007b87f1feaf33383e787b2eb30,d32e4f20995b30b6ff1a14c7ca450fd053d86d1cdeaf005fa169636fb27201ed,e5ed32f046678da38376e7f3ec5ec32c7320c3919bf0a8b39b72a6add213daf1,5.768948078,cuda:0,151672,,
151672,STAGATE,12,0.3651982532,0.4780964152,4015,7,561fdb420c87a3fdd4478d52e0afe77164324007b87f1feaf33383e787b2eb30,d32e4f20995b30b6ff1a14c7ca450fd053d86d1cdeaf005fa169636fb27201ed,e5ed32f046678da38376e7f3ec5ec32c7320c3919bf0a8b39b72a6add213daf1,5.416105747,cuda:0,151672,,
151672,STAGATE,13,0.3918212822,0.486092804,4015,7,561fdb420c87a3fdd4478d52e0afe77164324007b87f1feaf33383e787b2eb30,d32e4f20995b30b6ff1a14c7ca450fd053d86d1cdeaf005fa169636fb27201ed,e5ed32f046678da38376e7f3ec5ec32c7320c3919bf0a8b39b72a6add213daf1,4.929177761,cuda:0,151672,,
151672,STAGATE,14,0.3841471071,0.4628352053,4015,7,561fdb420c87a3fdd4478d52e0afe77164324007b87f1feaf33383e787b2eb30,d32e4f20995b30b6ff1a14c7ca450fd053d86d1cdeaf005fa169636fb27201ed,e5ed32f046678da38376e7f3ec5ec32c7320c3919bf0a8b39b72a6add213daf1,5.037508488,cuda:0,151672,,
151672,STAGATE,15,0.377644311,0.4840711458,4015,7,561fdb420c87a3fdd4478d52e0afe77164324007b87f1feaf33383e787b2eb30,d32e4f20995b30b6ff1a14c7ca450fd053d86d1cdeaf005fa169636fb27201ed,e5ed32f046678da38376e7f3ec5ec32c7320c3919bf0a8b39b72a6add213daf1,5.607680082,cuda:0,151672,,
151672,STAGATE,16,0.3803721808,0.4768539346,4015,7,561fdb420c87a3fdd4478d52e0afe77164324007b87f1feaf33383e787b2eb30,d32e4f20995b30b6ff1a14c7ca450fd053d86d1cdeaf005fa169636fb27201ed,e5ed32f046678da38376e7f3ec5ec32c7320c3919bf0a8b39b72a6add213daf1,4.835227489,cuda:0,151672,,
151672,STAGATE,17,0.3792202271,0.4745907334,4015,7,561fdb420c87a3fdd4478d52e0afe77164324007b87f1feaf33383e787b2eb30,d32e4f20995b30b6ff1a14c7ca450fd053d86d1cdeaf005fa169636fb27201ed,e5ed32f046678da38376e7f3ec5ec32c7320c3919bf0a8b39b72a6add213daf1,5.275354624,cuda:0,151672,,
151672,STAGATE,18,0.3788852247,0.4802079687,4015,7,561fdb420c87a3fdd4478d52e0afe77164324007b87f1feaf33383e787b2eb30,d32e4f20995b30b6ff1a14c7ca450fd053d86d1cdeaf005fa169636fb27201ed,e5ed32f046678da38376e7f3ec5ec32c7320c3919bf0a8b39b72a6add213daf1,5.444156408,cuda:0,151672,,
151672,STAGATE,19,0.4102767314,0.4926835122,4015,7,561fdb420c87a3fdd4478d52e0afe77164324007b87f1feaf33383e787b2eb30,d32e4f20995b30b6ff1a14c7ca450fd053d86d1cdeaf005fa169636fb27201ed,e5ed32f046678da38376e7f3ec5ec32c7320c3919bf0a8b39b72a6add213daf1,4.815785408,cuda:0,151672,,
151672,STAGATE,20,0.3832313122,0.5038503319,4015,7,561fdb420c87a3fdd4478d52e0afe77164324007b87f1feaf33383e787b2eb30,d32e4f20995b30b6ff1a14c7ca450fd053d86d1cdeaf005fa169636fb27201ed,e5ed32f046678da38376e7f3ec5ec32c7320c3919bf0a8b39b72a6add213daf1,5.597973108,cuda:0,151672,,
151672,SpaGCN,1,0.3115676312,0.4751516736,4015,7,561fdb420c87a3fdd4478d52e0afe77164324007b87f1feaf33383e787b2eb30,d32e4f20995b30b6ff1a14c7ca450fd053d86d1cdeaf005fa169636fb27201ed,138104c4f42abab2dc63569d696c34957dbc606600485eb0f60c761fce425eaf,16.02414203,cpu,151672,,
151672,SpaGCN,2,0.3053733775,0.455664887,4015,7,561fdb420c87a3fdd4478d52e0afe77164324007b87f1feaf33383e787b2eb30,d32e4f20995b30b6ff1a14c7ca450fd053d86d1cdeaf005fa169636fb27201ed,138104c4f42abab2dc63569d696c34957dbc606600485eb0f60c761fce425eaf,16.19556522,cpu,151672,,
151672,SpaGCN,3,0.2527371907,0.3958187612,4015,7,561fdb420c87a3fdd4478d52e0afe77164324007b87f1feaf33383e787b2eb30,d32e4f20995b30b6ff1a14c7ca450fd053d86d1cdeaf005fa169636fb27201ed,138104c4f42abab2dc63569d696c34957dbc606600485eb0f60c761fce425eaf,12.00688815,cpu,151672,,
151672,SpaGCN,4,0.2824558133,0.4190892293,4015,7,561fdb420c87a3fdd4478d52e0afe77164324007b87f1feaf33383e787b2eb30,d32e4f20995b30b6ff1a14c7ca450fd053d86d1cdeaf005fa169636fb27201ed,138104c4f42abab2dc63569d696c34957dbc606600485eb0f60c761fce425eaf,13.10954571,cpu,151672,,
151672,SpaGCN,5,0.306155597,0.4453409638,4015,7,561fdb420c87a3fdd4478d52e0afe77164324007b87f1feaf33383e787b2eb30,d32e4f20995b30b6ff1a14c7ca450fd053d86d1cdeaf005fa169636fb27201ed,138104c4f42abab2dc63569d696c34957dbc606600485eb0f60c761fce425eaf,12.72962666,cpu,151672,,
151672,SpaGCN,6,0.2845093847,0.43923638,4015,7,561fdb420c87a3fdd4478d52e0afe77164324007b87f1feaf33383e787b2eb30,d32e4f20995b30b6ff1a14c7ca450fd053d86d1cdeaf005fa169636fb27201ed,138104c4f42abab2dc63569d696c34957dbc606600485eb0f60c761fce425eaf,12.37309361,cpu,151672,,
151672,SpaGCN,7,0.2969668129,0.4501795543,4015,7,561fdb420c87a3fdd4478d52e0afe77164324007b87f1feaf33383e787b2eb30,d32e4f20995b30b6ff1a14c7ca450fd053d86d1cdeaf005fa169636fb27201ed,138104c4f42abab2dc63569d696c34957dbc606600485eb0f60c761fce425eaf,12.14807272,cpu,151672,,
151672,SpaGCN,8,0.2721249668,0.3892787658,4015,7,561fdb420c87a3fdd4478d52e0afe77164324007b87f1feaf33383e787b2eb30,d32e4f20995b30b6ff1a14c7ca450fd053d86d1cdeaf005fa169636fb27201ed,138104c4f42abab2dc63569d696c34957dbc606600485eb0f60c761fce425eaf,12.09450698,cpu,151672,,
151672,SpaGCN,9,0.3308710605,0.4597566262,4015,7,561fdb420c87a3fdd4478d52e0afe77164324007b87f1feaf33383e787b2eb30,d32e4f20995b30b6ff1a14c7ca450fd053d86d1cdeaf005fa169636fb27201ed,138104c4f42abab2dc63569d696c34957dbc606600485eb0f60c761fce425eaf,12.06581664,cpu,151672,,
151672,SpaGCN,10,0.2600669316,0.3909143839,4015,7,561fdb420c87a3fdd4478d52e0afe77164324007b87f1feaf33383e787b2eb30,d32e4f20995b30b6ff1a14c7ca450fd053d86d1cdeaf005fa169636fb27201ed,138104c4f42abab2dc63569d696c34957dbc606600485eb0f60c761fce425eaf,12.03549361,cpu,151672,,
151672,SpaGCN,11,0.3110106562,0.4640631723,4015,7,561fdb420c87a3fdd4478d52e0afe77164324007b87f1feaf33383e787b2eb30,d32e4f20995b30b6ff1a14c7ca450fd053d86d1cdeaf005fa169636fb27201ed,138104c4f42abab2dc63569d696c34957dbc606600485eb0f60c761fce425eaf,12.01314068,cpu,151672,,
151672,SpaGCN,12,0.3193221942,0.4732487046,4015,7,561fdb420c87a3fdd4478d52e0afe77164324007b87f1feaf33383e787b2eb30,d32e4f20995b30b6ff1a14c7ca450fd053d86d1cdeaf005fa169636fb27201ed,138104c4f42abab2dc63569d696c34957dbc606600485eb0f60c761fce425eaf,11.87265468,cpu,151672,,
151672,SpaGCN,13,0.2571288828,0.3641048665,4015,7,561fdb420c87a3fdd4478d52e0afe77164324007b87f1feaf33383e787b2eb30,d32e4f20995b30b6ff1a14c7ca450fd053d86d1cdeaf005fa169636fb27201ed,138104c4f42abab2dc63569d696c34957dbc606600485eb0f60c761fce425eaf,12.2596457,cpu,151672,,
151672,SpaGCN,14,0.3202886056,0.4465366115,4015,7,561fdb420c87a3fdd4478d52e0afe77164324007b87f1feaf33383e787b2eb30,d32e4f20995b30b6ff1a14c7ca450fd053d86d1cdeaf005fa169636fb27201ed,138104c4f42abab2dc63569d696c34957dbc606600485eb0f60c761fce425eaf,12.4386704,cpu,151672,,
151672,SpaGCN,15,0.2835615366,0.4172280374,4015,7,561fdb420c87a3fdd4478d52e0afe77164324007b87f1feaf33383e787b2eb30,d32e4f20995b30b6ff1a14c7ca450fd053d86d1cdeaf005fa169636fb27201ed,138104c4f42abab2dc63569d696c34957dbc606600485eb0f60c761fce425eaf,12.22967863,cpu,151672,,
151672,SpaGCN,16,0.2566688224,0.4015833065,4015,7,561fdb420c87a3fdd4478d52e0afe77164324007b87f1feaf33383e787b2eb30,d32e4f20995b30b6ff1a14c7ca450fd053d86d1cdeaf005fa169636fb27201ed,138104c4f42abab2dc63569d696c34957dbc606600485eb0f60c761fce425eaf,11.79254055,cpu,151672,,
151672,SpaGCN,17,0.3262165103,0.4252045291,4015,7,561fdb420c87a3fdd4478d52e0afe77164324007b87f1feaf33383e787b2eb30,d32e4f20995b30b6ff1a14c7ca450fd053d86d1cdeaf005fa169636fb27201ed,138104c4f42abab2dc63569d696c34957dbc606600485eb0f60c761fce425eaf,11.43430567,cpu,151672,,
151672,SpaGCN,18,0.297269127,0.4298856631,4015,7,561fdb420c87a3fdd4478d52e0afe77164324007b87f1feaf33383e787b2eb30,d32e4f20995b30b6ff1a14c7ca450fd053d86d1cdeaf005fa169636fb27201ed,138104c4f42abab2dc63569d696c34957dbc606600485eb0f60c761fce425eaf,11.21061492,cpu,151672,,
151672,SpaGCN,19,0.2866295246,0.4299743035,4015,7,561fdb420c87a3fdd4478d52e0afe77164324007b87f1feaf33383e787b2eb30,d32e4f20995b30b6ff1a14c7ca450fd053d86d1cdeaf005fa169636fb27201ed,138104c4f42abab2dc63569d696c34957dbc606600485eb0f60c761fce425eaf,11.18923044,cpu,151672,,
151672,SpaGCN,20,0.3273750915,0.4781689286,4015,7,561fdb420c87a3fdd4478d52e0afe77164324007b87f1feaf33383e787b2eb30,d32e4f20995b30b6ff1a14c7ca450fd053d86d1cdeaf005fa169636fb27201ed,138104c4f42abab2dc63569d696c34957dbc606600485eb0f60c761fce425eaf,11.28818822,cpu,151672,,
151672,BANKSY,1,0.4652672068,0.5875375317,4015,7,561fdb420c87a3fdd4478d52e0afe77164324007b87f1feaf33383e787b2eb30,d32e4f20995b30b6ff1a14c7ca450fd053d86d1cdeaf005fa169636fb27201ed,ba6c703ec851d92bd5e78c115f4ad89f8248fc714eb573d6be3cf667c6e9d701,7.111301422,cpu,151672,,
151672,BANKSY,2,0.5812613917,0.5807833557,4015,7,561fdb420c87a3fdd4478d52e0afe77164324007b87f1feaf33383e787b2eb30,d32e4f20995b30b6ff1a14c7ca450fd053d86d1cdeaf005fa169636fb27201ed,ba6c703ec851d92bd5e78c115f4ad89f8248fc714eb573d6be3cf667c6e9d701,0.6696567535,cpu,151672,,
151672,BANKSY,3,0.4595202907,0.5606574606,4015,7,561fdb420c87a3fdd4478d52e0afe77164324007b87f1feaf33383e787b2eb30,d32e4f20995b30b6ff1a14c7ca450fd053d86d1cdeaf005fa169636fb27201ed,ba6c703ec851d92bd5e78c115f4ad89f8248fc714eb573d6be3cf667c6e9d701,0.8771367073,cpu,151672,,
151672,BANKSY,4,0.7249702866,0.6851253855,4015,7,561fdb420c87a3fdd4478d52e0afe77164324007b87f1feaf33383e787b2eb30,d32e4f20995b30b6ff1a14c7ca450fd053d86d1cdeaf005fa169636fb27201ed,ba6c703ec851d92bd5e78c115f4ad89f8248fc714eb573d6be3cf667c6e9d701,0.8003797531,cpu,151672,,
151672,BANKSY,5,0.45279379,0.5635615045,4015,7,561fdb420c87a3fdd4478d52e0afe77164324007b87f1feaf33383e787b2eb30,d32e4f20995b30b6ff1a14c7ca450fd053d86d1cdeaf005fa169636fb27201ed,ba6c703ec851d92bd5e78c115f4ad89f8248fc714eb573d6be3cf667c6e9d701,0.8485686779,cpu,151672,,
151672,BANKSY,6,0.6542948662,0.6396379671,4015,7,561fdb420c87a3fdd4478d52e0afe77164324007b87f1feaf33383e787b2eb30,d32e4f20995b30b6ff1a14c7ca450fd053d86d1cdeaf005fa169636fb27201ed,ba6c703ec851d92bd5e78c115f4ad89f8248fc714eb573d6be3cf667c6e9d701,0.8384845257,cpu,151672,,
151672,BANKSY,7,0.4447348879,0.5581364742,4015,7,561fdb420c87a3fdd4478d52e0afe77164324007b87f1feaf33383e787b2eb30,d32e4f20995b30b6ff1a14c7ca450fd053d86d1cdeaf005fa169636fb27201ed,ba6c703ec851d92bd5e78c115f4ad89f8248fc714eb573d6be3cf667c6e9d701,0.7863097191,cpu,151672,,
151672,BANKSY,8,0.4482645105,0.5598411217,4015,7,561fdb420c87a3fdd4478d52e0afe77164324007b87f1feaf33383e787b2eb30,d32e4f20995b30b6ff1a14c7ca450fd053d86d1cdeaf005fa169636fb27201ed,ba6c703ec851d92bd5e78c115f4ad89f8248fc714eb573d6be3cf667c6e9d701,0.9990801811,cpu,151672,,
151672,BANKSY,9,0.3833218916,0.5024090868,4015,7,561fdb420c87a3fdd4478d52e0afe77164324007b87f1feaf33383e787b2eb30,d32e4f20995b30b6ff1a14c7ca450fd053d86d1cdeaf005fa169636fb27201ed,ba6c703ec851d92bd5e78c115f4ad89f8248fc714eb573d6be3cf667c6e9d701,1.167720318,cpu,151672,,
151672,BANKSY,10,0.4467911377,0.5574487712,4015,7,561fdb420c87a3fdd4478d52e0afe77164324007b87f1feaf33383e787b2eb30,d32e4f20995b30b6ff1a14c7ca450fd053d86d1cdeaf005fa169636fb27201ed,ba6c703ec851d92bd5e78c115f4ad89f8248fc714eb573d6be3cf667c6e9d701,0.7755255699,cpu,151672,,
151672,BANKSY,11,0.4416083406,0.5479280011,4015,7,561fdb420c87a3fdd4478d52e0afe77164324007b87f1feaf33383e787b2eb30,d32e4f20995b30b6ff1a14c7ca450fd053d86d1cdeaf005fa169636fb27201ed,ba6c703ec851d92bd5e78c115f4ad89f8248fc714eb573d6be3cf667c6e9d701,0.7310712337,cpu,151672,,
151672,BANKSY,12,0.6098789846,0.6166011921,4015,7,561fdb420c87a3fdd4478d52e0afe77164324007b87f1feaf33383e787b2eb30,d32e4f20995b30b6ff1a14c7ca450fd053d86d1cdeaf005fa169636fb27201ed,ba6c703ec851d92bd5e78c115f4ad89f8248fc714eb573d6be3cf667c6e9d701,0.7649099827,cpu,151672,,
151672,BANKSY,13,0.448367854,0.5594832387,4015,7,561fdb420c87a3fdd4478d52e0afe77164324007b87f1feaf33383e787b2eb30,d32e4f20995b30b6ff1a14c7ca450fd053d86d1cdeaf005fa169636fb27201ed,ba6c703ec851d92bd5e78c115f4ad89f8248fc714eb573d6be3cf667c6e9d701,1.027245283,cpu,151672,,
151672,BANKSY,14,0.4486820393,0.5605181963,4015,7,561fdb420c87a3fdd4478d52e0afe77164324007b87f1feaf33383e787b2eb30,d32e4f20995b30b6ff1a14c7ca450fd053d86d1cdeaf005fa169636fb27201ed,ba6c703ec851d92bd5e78c115f4ad89f8248fc714eb573d6be3cf667c6e9d701,0.7296862602,cpu,151672,,
151672,BANKSY,15,0.4407720964,0.5461011447,4015,7,561fdb420c87a3fdd4478d52e0afe77164324007b87f1feaf33383e787b2eb30,d32e4f20995b30b6ff1a14c7ca450fd053d86d1cdeaf005fa169636fb27201ed,ba6c703ec851d92bd5e78c115f4ad89f8248fc714eb573d6be3cf667c6e9d701,0.7830502987,cpu,151672,,
151672,BANKSY,16,0.627517542,0.646226409,4015,7,561fdb420c87a3fdd4478d52e0afe77164324007b87f1feaf33383e787b2eb30,d32e4f20995b30b6ff1a14c7ca450fd053d86d1cdeaf005fa169636fb27201ed,ba6c703ec851d92bd5e78c115f4ad89f8248fc714eb573d6be3cf667c6e9d701,0.680819273,cpu,151672,,
151672,BANKSY,17,0.4445093699,0.557509974,4015,7,561fdb420c87a3fdd4478d52e0afe77164324007b87f1feaf33383e787b2eb30,d32e4f20995b30b6ff1a14c7ca450fd053d86d1cdeaf005fa169636fb27201ed,ba6c703ec851d92bd5e78c115f4ad89f8248fc714eb573d6be3cf667c6e9d701,0.886235714,cpu,151672,,
151672,BANKSY,18,0.4451253342,0.5585039775,4015,7,561fdb420c87a3fdd4478d52e0afe77164324007b87f1feaf33383e787b2eb30,d32e4f20995b30b6ff1a14c7ca450fd053d86d1cdeaf005fa169636fb27201ed,ba6c703ec851d92bd5e78c115f4ad89f8248fc714eb573d6be3cf667c6e9d701,0.9983170033,cpu,151672,,
151672,BANKSY,19,0.4363531978,0.5401642056,4015,7,561fdb420c87a3fdd4478d52e0afe77164324007b87f1feaf33383e787b2eb30,d32e4f20995b30b6ff1a14c7ca450fd053d86d1cdeaf005fa169636fb27201ed,ba6c703ec851d92bd5e78c115f4ad89f8248fc714eb573d6be3cf667c6e9d701,0.6814773083,cpu,151672,,
151672,BANKSY,20,0.4390728132,0.5506034249,4015,7,561fdb420c87a3fdd4478d52e0afe77164324007b87f1feaf33383e787b2eb30,d32e4f20995b30b6ff1a14c7ca450fd053d86d1cdeaf005fa169636fb27201ed,ba6c703ec851d92bd5e78c115f4ad89f8248fc714eb573d6be3cf667c6e9d701,0.6997499466,cpu,151672,,
151672,SEDR,1,0.456556351365,0.629141658356,4015,7,,,,,,151672,4015,18730
151672,SEDR,2,0.44386437912799998,0.628125163436,4015,7,,,,,,151672,4015,18730
151672,SEDR,3,0.48041567181400002,0.63812488222499997,4015,7,,,,,,151672,4015,18730
151672,SEDR,4,0.49193629490700003,0.65548168665600004,4015,7,,,,,,151672,4015,18730
151672,SEDR,5,0.48094528054000002,0.64382069766399996,4015,7,,,,,,151672,4015,18730
151672,SEDR,6,0.48414384551900003,0.64959477108700003,4015,7,,,,,,151672,4015,18730
151672,SEDR,7,0.47649204611000001,0.64993504676199998,4015,7,,,,,,151672,4015,18730
151672,SEDR,8,0.49783915031100001,0.65156935225099999,4015,7,,,,,,151672,4015,18730
151672,SEDR,9,0.56831833328500003,0.68422850233900001,4015,7,,,,,,151672,4015,18730
151672,SEDR,10,0.53818240894000002,0.66967882142299995,4015,7,,,,,,151672,4015,18730
151672,SEDR,11,0.53119338483599998,0.65687147255900002,4015,7,,,,,,151672,4015,18730
151672,SEDR,12,0.52654051906400001,0.66634513124600003,4015,7,,,,,,151672,4015,18730
151672,SEDR,13,0.493390167622,0.66345092213099999,4015,7,,,,,,151672,4015,18730
151672,SEDR,14,0.44866196711200002,0.63287408617499996,4015,7,,,,,,151672,4015,18730
151672,SEDR,15,0.48245560870499998,0.64133694987599998,4015,7,,,,,,151672,4015,18730
151672,SEDR,16,0.49323535663500001,0.66054987902700002,4015,7,,,,,,151672,4015,18730
151672,SEDR,17,0.55501988466600005,0.68362722019,4015,7,,,,,,151672,4015,18730
151672,SEDR,18,0.47542482888999998,0.64794392070899998,4015,7,,,,,,151672,4015,18730
151672,SEDR,19,0.466989297177,0.64344569362000004,4015,7,,,,,,151672,4015,18730
151672,SEDR,20,0.52912251538999999,0.66718798165899995,4015,7,,,,,,151672,4015,18730
151673,GraphST,1,0.2107317149,0.4206958966,3639,7,bb081ab47b786c172fb62129bcff9f528a67cb5087e5367c6f4345b1f54c30d6,94646b5813d24e59e19a87288c468d26246831cbb0d4f404eef6139883b74393,c34d7385e2027523f70b26762aaf017738cc17ba9c57753ce7a0638f4281df72,10.78714013,cuda:0,151673,,
151673,GraphST,2,0.203887195,0.4046139643,3639,7,bb081ab47b786c172fb62129bcff9f528a67cb5087e5367c6f4345b1f54c30d6,94646b5813d24e59e19a87288c468d26246831cbb0d4f404eef6139883b74393,c34d7385e2027523f70b26762aaf017738cc17ba9c57753ce7a0638f4281df72,7.328141928,cuda:0,151673,,
151673,GraphST,3,0.1821890852,0.3538158579,3639,7,bb081ab47b786c172fb62129bcff9f528a67cb5087e5367c6f4345b1f54c30d6,94646b5813d24e59e19a87288c468d26246831cbb0d4f404eef6139883b74393,c34d7385e2027523f70b26762aaf017738cc17ba9c57753ce7a0638f4281df72,7.245304346,cuda:0,151673,,
151673,GraphST,4,0.1875390622,0.3868424431,3639,7,bb081ab47b786c172fb62129bcff9f528a67cb5087e5367c6f4345b1f54c30d6,94646b5813d24e59e19a87288c468d26246831cbb0d4f404eef6139883b74393,c34d7385e2027523f70b26762aaf017738cc17ba9c57753ce7a0638f4281df72,7.271941423,cuda:0,151673,,
151673,GraphST,5,0.1909428932,0.3660237893,3639,7,bb081ab47b786c172fb62129bcff9f528a67cb5087e5367c6f4345b1f54c30d6,94646b5813d24e59e19a87288c468d26246831cbb0d4f404eef6139883b74393,c34d7385e2027523f70b26762aaf017738cc17ba9c57753ce7a0638f4281df72,7.337445498,cuda:0,151673,,
151673,GraphST,6,0.2156982719,0.4180206426,3639,7,bb081ab47b786c172fb62129bcff9f528a67cb5087e5367c6f4345b1f54c30d6,94646b5813d24e59e19a87288c468d26246831cbb0d4f404eef6139883b74393,c34d7385e2027523f70b26762aaf017738cc17ba9c57753ce7a0638f4281df72,7.21333456,cuda:0,151673,,
151673,GraphST,7,0.2038502375,0.3958677074,3639,7,bb081ab47b786c172fb62129bcff9f528a67cb5087e5367c6f4345b1f54c30d6,94646b5813d24e59e19a87288c468d26246831cbb0d4f404eef6139883b74393,c34d7385e2027523f70b26762aaf017738cc17ba9c57753ce7a0638f4281df72,7.473233938,cuda:0,151673,,
151673,GraphST,8,0.1873279756,0.3662892134,3639,7,bb081ab47b786c172fb62129bcff9f528a67cb5087e5367c6f4345b1f54c30d6,94646b5813d24e59e19a87288c468d26246831cbb0d4f404eef6139883b74393,c34d7385e2027523f70b26762aaf017738cc17ba9c57753ce7a0638f4281df72,7.463634968,cuda:0,151673,,
151673,GraphST,9,0.2033034442,0.4018156857,3639,7,bb081ab47b786c172fb62129bcff9f528a67cb5087e5367c6f4345b1f54c30d6,94646b5813d24e59e19a87288c468d26246831cbb0d4f404eef6139883b74393,c34d7385e2027523f70b26762aaf017738cc17ba9c57753ce7a0638f4281df72,7.564502716,cuda:0,151673,,
151673,GraphST,10,0.1933185523,0.3722053642,3639,7,bb081ab47b786c172fb62129bcff9f528a67cb5087e5367c6f4345b1f54c30d6,94646b5813d24e59e19a87288c468d26246831cbb0d4f404eef6139883b74393,c34d7385e2027523f70b26762aaf017738cc17ba9c57753ce7a0638f4281df72,7.317522764,cuda:0,151673,,
151673,GraphST,11,0.2294850467,0.4313624932,3639,7,bb081ab47b786c172fb62129bcff9f528a67cb5087e5367c6f4345b1f54c30d6,94646b5813d24e59e19a87288c468d26246831cbb0d4f404eef6139883b74393,c34d7385e2027523f70b26762aaf017738cc17ba9c57753ce7a0638f4281df72,7.273017883,cuda:0,151673,,
151673,GraphST,12,0.1957998694,0.4108875545,3639,7,bb081ab47b786c172fb62129bcff9f528a67cb5087e5367c6f4345b1f54c30d6,94646b5813d24e59e19a87288c468d26246831cbb0d4f404eef6139883b74393,c34d7385e2027523f70b26762aaf017738cc17ba9c57753ce7a0638f4281df72,7.388080835,cuda:0,151673,,
151673,GraphST,13,0.1759093035,0.3431539142,3639,7,bb081ab47b786c172fb62129bcff9f528a67cb5087e5367c6f4345b1f54c30d6,94646b5813d24e59e19a87288c468d26246831cbb0d4f404eef6139883b74393,c34d7385e2027523f70b26762aaf017738cc17ba9c57753ce7a0638f4281df72,7.421947241,cuda:0,151673,,
151673,GraphST,14,0.1962893174,0.4015718733,3639,7,bb081ab47b786c172fb62129bcff9f528a67cb5087e5367c6f4345b1f54c30d6,94646b5813d24e59e19a87288c468d26246831cbb0d4f404eef6139883b74393,c34d7385e2027523f70b26762aaf017738cc17ba9c57753ce7a0638f4281df72,7.30142498,cuda:0,151673,,
151673,GraphST,15,0.2074128696,0.399913206,3639,7,bb081ab47b786c172fb62129bcff9f528a67cb5087e5367c6f4345b1f54c30d6,94646b5813d24e59e19a87288c468d26246831cbb0d4f404eef6139883b74393,c34d7385e2027523f70b26762aaf017738cc17ba9c57753ce7a0638f4281df72,7.446028709,cuda:0,151673,,
151673,GraphST,16,0.2101946023,0.4210803689,3639,7,bb081ab47b786c172fb62129bcff9f528a67cb5087e5367c6f4345b1f54c30d6,94646b5813d24e59e19a87288c468d26246831cbb0d4f404eef6139883b74393,c34d7385e2027523f70b26762aaf017738cc17ba9c57753ce7a0638f4281df72,7.346848726,cuda:0,151673,,
151673,GraphST,17,0.1974745033,0.4008687781,3639,7,bb081ab47b786c172fb62129bcff9f528a67cb5087e5367c6f4345b1f54c30d6,94646b5813d24e59e19a87288c468d26246831cbb0d4f404eef6139883b74393,c34d7385e2027523f70b26762aaf017738cc17ba9c57753ce7a0638f4281df72,7.23613596,cuda:0,151673,,
151673,GraphST,18,0.21373255,0.4113379873,3639,7,bb081ab47b786c172fb62129bcff9f528a67cb5087e5367c6f4345b1f54c30d6,94646b5813d24e59e19a87288c468d26246831cbb0d4f404eef6139883b74393,c34d7385e2027523f70b26762aaf017738cc17ba9c57753ce7a0638f4281df72,7.334584475,cuda:0,151673,,
151673,GraphST,19,0.2023020031,0.4018420777,3639,7,bb081ab47b786c172fb62129bcff9f528a67cb5087e5367c6f4345b1f54c30d6,94646b5813d24e59e19a87288c468d26246831cbb0d4f404eef6139883b74393,c34d7385e2027523f70b26762aaf017738cc17ba9c57753ce7a0638f4281df72,7.3134377,cuda:0,151673,,
151673,GraphST,20,0.1927667086,0.3711331373,3639,7,bb081ab47b786c172fb62129bcff9f528a67cb5087e5367c6f4345b1f54c30d6,94646b5813d24e59e19a87288c468d26246831cbb0d4f404eef6139883b74393,c34d7385e2027523f70b26762aaf017738cc17ba9c57753ce7a0638f4281df72,7.296214104,cuda:0,151673,,
151673,STAGATE,1,0.2364837343,0.4642282494,3639,7,bb081ab47b786c172fb62129bcff9f528a67cb5087e5367c6f4345b1f54c30d6,94646b5813d24e59e19a87288c468d26246831cbb0d4f404eef6139883b74393,be921a1841bc8646e05c64589c805176f2ec734a1eb76b75a74266d0cde73f4e,8.798180819,cuda:0,151673,,
151673,STAGATE,2,0.210043198,0.3963824807,3639,7,bb081ab47b786c172fb62129bcff9f528a67cb5087e5367c6f4345b1f54c30d6,94646b5813d24e59e19a87288c468d26246831cbb0d4f404eef6139883b74393,be921a1841bc8646e05c64589c805176f2ec734a1eb76b75a74266d0cde73f4e,3.698412418,cuda:0,151673,,
151673,STAGATE,3,0.1927759993,0.3827899084,3639,7,bb081ab47b786c172fb62129bcff9f528a67cb5087e5367c6f4345b1f54c30d6,94646b5813d24e59e19a87288c468d26246831cbb0d4f404eef6139883b74393,be921a1841bc8646e05c64589c805176f2ec734a1eb76b75a74266d0cde73f4e,4.06592679,cuda:0,151673,,
151673,STAGATE,4,0.1992543914,0.3900984938,3639,7,bb081ab47b786c172fb62129bcff9f528a67cb5087e5367c6f4345b1f54c30d6,94646b5813d24e59e19a87288c468d26246831cbb0d4f404eef6139883b74393,be921a1841bc8646e05c64589c805176f2ec734a1eb76b75a74266d0cde73f4e,3.746759653,cuda:0,151673,,
151673,STAGATE,5,0.2540036582,0.439490328,3639,7,bb081ab47b786c172fb62129bcff9f528a67cb5087e5367c6f4345b1f54c30d6,94646b5813d24e59e19a87288c468d26246831cbb0d4f404eef6139883b74393,be921a1841bc8646e05c64589c805176f2ec734a1eb76b75a74266d0cde73f4e,3.962464333,cuda:0,151673,,
151673,STAGATE,6,0.2545027366,0.4271106,3639,7,bb081ab47b786c172fb62129bcff9f528a67cb5087e5367c6f4345b1f54c30d6,94646b5813d24e59e19a87288c468d26246831cbb0d4f404eef6139883b74393,be921a1841bc8646e05c64589c805176f2ec734a1eb76b75a74266d0cde73f4e,4.778003931,cuda:0,151673,,
151673,STAGATE,7,0.2155618486,0.4070050997,3639,7,bb081ab47b786c172fb62129bcff9f528a67cb5087e5367c6f4345b1f54c30d6,94646b5813d24e59e19a87288c468d26246831cbb0d4f404eef6139883b74393,be921a1841bc8646e05c64589c805176f2ec734a1eb76b75a74266d0cde73f4e,4.682201385,cuda:0,151673,,
151673,STAGATE,8,0.2605273936,0.4498767871,3639,7,bb081ab47b786c172fb62129bcff9f528a67cb5087e5367c6f4345b1f54c30d6,94646b5813d24e59e19a87288c468d26246831cbb0d4f404eef6139883b74393,be921a1841bc8646e05c64589c805176f2ec734a1eb76b75a74266d0cde73f4e,5.602663755,cuda:0,151673,,
151673,STAGATE,9,0.2536408955,0.4311550144,3639,7,bb081ab47b786c172fb62129bcff9f528a67cb5087e5367c6f4345b1f54c30d6,94646b5813d24e59e19a87288c468d26246831cbb0d4f404eef6139883b74393,be921a1841bc8646e05c64589c805176f2ec734a1eb76b75a74266d0cde73f4e,4.73088789,cuda:0,151673,,
151673,STAGATE,10,0.2181689467,0.4084687207,3639,7,bb081ab47b786c172fb62129bcff9f528a67cb5087e5367c6f4345b1f54c30d6,94646b5813d24e59e19a87288c468d26246831cbb0d4f404eef6139883b74393,be921a1841bc8646e05c64589c805176f2ec734a1eb76b75a74266d0cde73f4e,5.225783348,cuda:0,151673,,
151673,STAGATE,11,0.2098416154,0.4010766115,3639,7,bb081ab47b786c172fb62129bcff9f528a67cb5087e5367c6f4345b1f54c30d6,94646b5813d24e59e19a87288c468d26246831cbb0d4f404eef6139883b74393,be921a1841bc8646e05c64589c805176f2ec734a1eb76b75a74266d0cde73f4e,5.233247519,cuda:0,151673,,
151673,STAGATE,12,0.2479476501,0.4238307976,3639,7,bb081ab47b786c172fb62129bcff9f528a67cb5087e5367c6f4345b1f54c30d6,94646b5813d24e59e19a87288c468d26246831cbb0d4f404eef6139883b74393,be921a1841bc8646e05c64589c805176f2ec734a1eb76b75a74266d0cde73f4e,4.507530212,cuda:0,151673,,
151673,STAGATE,13,0.2305080237,0.4071452218,3639,7,bb081ab47b786c172fb62129bcff9f528a67cb5087e5367c6f4345b1f54c30d6,94646b5813d24e59e19a87288c468d26246831cbb0d4f404eef6139883b74393,be921a1841bc8646e05c64589c805176f2ec734a1eb76b75a74266d0cde73f4e,4.417307377,cuda:0,151673,,
151673,STAGATE,14,0.2240020509,0.4128205917,3639,7,bb081ab47b786c172fb62129bcff9f528a67cb5087e5367c6f4345b1f54c30d6,94646b5813d24e59e19a87288c468d26246831cbb0d4f404eef6139883b74393,be921a1841bc8646e05c64589c805176f2ec734a1eb76b75a74266d0cde73f4e,4.302131414,cuda:0,151673,,
151673,STAGATE,15,0.2256693923,0.4178587975,3639,7,bb081ab47b786c172fb62129bcff9f528a67cb5087e5367c6f4345b1f54c30d6,94646b5813d24e59e19a87288c468d26246831cbb0d4f404eef6139883b74393,be921a1841bc8646e05c64589c805176f2ec734a1eb76b75a74266d0cde73f4e,5.049436092,cuda:0,151673,,
151673,STAGATE,16,0.2660158285,0.4301586185,3639,7,bb081ab47b786c172fb62129bcff9f528a67cb5087e5367c6f4345b1f54c30d6,94646b5813d24e59e19a87288c468d26246831cbb0d4f404eef6139883b74393,be921a1841bc8646e05c64589c805176f2ec734a1eb76b75a74266d0cde73f4e,4.552286386,cuda:0,151673,,
151673,STAGATE,17,0.1982295806,0.3867225625,3639,7,bb081ab47b786c172fb62129bcff9f528a67cb5087e5367c6f4345b1f54c30d6,94646b5813d24e59e19a87288c468d26246831cbb0d4f404eef6139883b74393,be921a1841bc8646e05c64589c805176f2ec734a1eb76b75a74266d0cde73f4e,4.734869957,cuda:0,151673,,
151673,STAGATE,18,0.1879368551,0.3715613993,3639,7,bb081ab47b786c172fb62129bcff9f528a67cb5087e5367c6f4345b1f54c30d6,94646b5813d24e59e19a87288c468d26246831cbb0d4f404eef6139883b74393,be921a1841bc8646e05c64589c805176f2ec734a1eb76b75a74266d0cde73f4e,5.136452436,cuda:0,151673,,
151673,STAGATE,19,0.2231642366,0.412236861,3639,7,bb081ab47b786c172fb62129bcff9f528a67cb5087e5367c6f4345b1f54c30d6,94646b5813d24e59e19a87288c468d26246831cbb0d4f404eef6139883b74393,be921a1841bc8646e05c64589c805176f2ec734a1eb76b75a74266d0cde73f4e,4.507496595,cuda:0,151673,,
151673,STAGATE,20,0.2429965503,0.4407706432,3639,7,bb081ab47b786c172fb62129bcff9f528a67cb5087e5367c6f4345b1f54c30d6,94646b5813d24e59e19a87288c468d26246831cbb0d4f404eef6139883b74393,be921a1841bc8646e05c64589c805176f2ec734a1eb76b75a74266d0cde73f4e,4.405354261,cuda:0,151673,,
151673,SpaGCN,1,0.3008912859,0.4465379981,3639,7,bb081ab47b786c172fb62129bcff9f528a67cb5087e5367c6f4345b1f54c30d6,94646b5813d24e59e19a87288c468d26246831cbb0d4f404eef6139883b74393,a79d24aac7178e652171a2e39edaa4c30b9af60f0eda0043a480af8022945631,13.42844605,cpu,151673,,
151673,SpaGCN,2,0.2133017795,0.3327061413,3639,7,bb081ab47b786c172fb62129bcff9f528a67cb5087e5367c6f4345b1f54c30d6,94646b5813d24e59e19a87288c468d26246831cbb0d4f404eef6139883b74393,a79d24aac7178e652171a2e39edaa4c30b9af60f0eda0043a480af8022945631,10.82295823,cpu,151673,,
151673,SpaGCN,3,0.2654624427,0.4069623173,3639,7,bb081ab47b786c172fb62129bcff9f528a67cb5087e5367c6f4345b1f54c30d6,94646b5813d24e59e19a87288c468d26246831cbb0d4f404eef6139883b74393,a79d24aac7178e652171a2e39edaa4c30b9af60f0eda0043a480af8022945631,10.43971729,cpu,151673,,
151673,SpaGCN,4,0.3289365562,0.4744490496,3639,7,bb081ab47b786c172fb62129bcff9f528a67cb5087e5367c6f4345b1f54c30d6,94646b5813d24e59e19a87288c468d26246831cbb0d4f404eef6139883b74393,a79d24aac7178e652171a2e39edaa4c30b9af60f0eda0043a480af8022945631,5.228279591,cpu,151673,,
151673,SpaGCN,5,0.2674882405,0.4129517234,3639,7,bb081ab47b786c172fb62129bcff9f528a67cb5087e5367c6f4345b1f54c30d6,94646b5813d24e59e19a87288c468d26246831cbb0d4f404eef6139883b74393,a79d24aac7178e652171a2e39edaa4c30b9af60f0eda0043a480af8022945631,9.804294825,cpu,151673,,
151673,SpaGCN,6,0.2873032124,0.4433564649,3639,7,bb081ab47b786c172fb62129bcff9f528a67cb5087e5367c6f4345b1f54c30d6,94646b5813d24e59e19a87288c468d26246831cbb0d4f404eef6139883b74393,a79d24aac7178e652171a2e39edaa4c30b9af60f0eda0043a480af8022945631,5.350729465,cpu,151673,,
151673,SpaGCN,7,0.2971823027,0.4634045736,3639,7,bb081ab47b786c172fb62129bcff9f528a67cb5087e5367c6f4345b1f54c30d6,94646b5813d24e59e19a87288c468d26246831cbb0d4f404eef6139883b74393,a79d24aac7178e652171a2e39edaa4c30b9af60f0eda0043a480af8022945631,5.164141893,cpu,151673,,
151673,SpaGCN,8,0.2847249001,0.4217535879,3639,7,bb081ab47b786c172fb62129bcff9f528a67cb5087e5367c6f4345b1f54c30d6,94646b5813d24e59e19a87288c468d26246831cbb0d4f404eef6139883b74393,a79d24aac7178e652171a2e39edaa4c30b9af60f0eda0043a480af8022945631,9.927044153,cpu,151673,,
151673,SpaGCN,9,0.2187976796,0.3479606962,3639,7,bb081ab47b786c172fb62129bcff9f528a67cb5087e5367c6f4345b1f54c30d6,94646b5813d24e59e19a87288c468d26246831cbb0d4f404eef6139883b74393,a79d24aac7178e652171a2e39edaa4c30b9af60f0eda0043a480af8022945631,5.842686176,cpu,151673,,
151673,SpaGCN,10,0.2899618102,0.4558906956,3639,7,bb081ab47b786c172fb62129bcff9f528a67cb5087e5367c6f4345b1f54c30d6,94646b5813d24e59e19a87288c468d26246831cbb0d4f404eef6139883b74393,a79d24aac7178e652171a2e39edaa4c30b9af60f0eda0043a480af8022945631,4.355177641,cpu,151673,,
151673,SpaGCN,11,0.2621405296,0.387158911,3639,7,bb081ab47b786c172fb62129bcff9f528a67cb5087e5367c6f4345b1f54c30d6,94646b5813d24e59e19a87288c468d26246831cbb0d4f404eef6139883b74393,a79d24aac7178e652171a2e39edaa4c30b9af60f0eda0043a480af8022945631,9.862641096,cpu,151673,,
151673,SpaGCN,12,0.27942371,0.4204143681,3639,7,bb081ab47b786c172fb62129bcff9f528a67cb5087e5367c6f4345b1f54c30d6,94646b5813d24e59e19a87288c468d26246831cbb0d4f404eef6139883b74393,a79d24aac7178e652171a2e39edaa4c30b9af60f0eda0043a480af8022945631,10.05863237,cpu,151673,,
151673,SpaGCN,13,0.2863286707,0.4158094293,3639,7,bb081ab47b786c172fb62129bcff9f528a67cb5087e5367c6f4345b1f54c30d6,94646b5813d24e59e19a87288c468d26246831cbb0d4f404eef6139883b74393,a79d24aac7178e652171a2e39edaa4c30b9af60f0eda0043a480af8022945631,4.378757477,cpu,151673,,
151673,SpaGCN,14,0.2761256155,0.4334516673,3639,7,bb081ab47b786c172fb62129bcff9f528a67cb5087e5367c6f4345b1f54c30d6,94646b5813d24e59e19a87288c468d26246831cbb0d4f404eef6139883b74393,a79d24aac7178e652171a2e39edaa4c30b9af60f0eda0043a480af8022945631,4.072120905,cpu,151673,,
151673,SpaGCN,15,0.2009350986,0.3218025786,3639,7,bb081ab47b786c172fb62129bcff9f528a67cb5087e5367c6f4345b1f54c30d6,94646b5813d24e59e19a87288c468d26246831cbb0d4f404eef6139883b74393,a79d24aac7178e652171a2e39edaa4c30b9af60f0eda0043a480af8022945631,9.898066521,cpu,151673,,
151673,SpaGCN,16,0.247141526,0.3672130714,3639,7,bb081ab47b786c172fb62129bcff9f528a67cb5087e5367c6f4345b1f54c30d6,94646b5813d24e59e19a87288c468d26246831cbb0d4f404eef6139883b74393,a79d24aac7178e652171a2e39edaa4c30b9af60f0eda0043a480af8022945631,10.02950335,cpu,151673,,
151673,SpaGCN,17,0.2342514292,0.3493503651,3639,7,bb081ab47b786c172fb62129bcff9f528a67cb5087e5367c6f4345b1f54c30d6,94646b5813d24e59e19a87288c468d26246831cbb0d4f404eef6139883b74393,a79d24aac7178e652171a2e39edaa4c30b9af60f0eda0043a480af8022945631,10.09457016,cpu,151673,,
151673,SpaGCN,18,0.2244125886,0.3471774244,3639,7,bb081ab47b786c172fb62129bcff9f528a67cb5087e5367c6f4345b1f54c30d6,94646b5813d24e59e19a87288c468d26246831cbb0d4f404eef6139883b74393,a79d24aac7178e652171a2e39edaa4c30b9af60f0eda0043a480af8022945631,10.08611965,cpu,151673,,
151673,SpaGCN,19,0.2838627096,0.4588547113,3639,7,bb081ab47b786c172fb62129bcff9f528a67cb5087e5367c6f4345b1f54c30d6,94646b5813d24e59e19a87288c468d26246831cbb0d4f404eef6139883b74393,a79d24aac7178e652171a2e39edaa4c30b9af60f0eda0043a480af8022945631,4.681375504,cpu,151673,,
151673,SpaGCN,20,0.2814533308,0.4061327345,3639,7,bb081ab47b786c172fb62129bcff9f528a67cb5087e5367c6f4345b1f54c30d6,94646b5813d24e59e19a87288c468d26246831cbb0d4f404eef6139883b74393,a79d24aac7178e652171a2e39edaa4c30b9af60f0eda0043a480af8022945631,9.871999979,cpu,151673,,
151673,BANKSY,1,0.324903826,0.544593026,3639,7,bb081ab47b786c172fb62129bcff9f528a67cb5087e5367c6f4345b1f54c30d6,94646b5813d24e59e19a87288c468d26246831cbb0d4f404eef6139883b74393,43fb4aa6b8746ffc1153b7850bc530c49f7b06a864c1adc121cf916c28d170e0,6.810616016,cpu,151673,,
151673,BANKSY,2,0.3283360431,0.50625171,3639,7,bb081ab47b786c172fb62129bcff9f528a67cb5087e5367c6f4345b1f54c30d6,94646b5813d24e59e19a87288c468d26246831cbb0d4f404eef6139883b74393,43fb4aa6b8746ffc1153b7850bc530c49f7b06a864c1adc121cf916c28d170e0,0.4256446362,cpu,151673,,
151673,BANKSY,3,0.3750827572,0.5860410459,3639,7,bb081ab47b786c172fb62129bcff9f528a67cb5087e5367c6f4345b1f54c30d6,94646b5813d24e59e19a87288c468d26246831cbb0d4f404eef6139883b74393,43fb4aa6b8746ffc1153b7850bc530c49f7b06a864c1adc121cf916c28d170e0,0.684397459,cpu,151673,,
151673,BANKSY,4,0.3199417319,0.4980559046,3639,7,bb081ab47b786c172fb62129bcff9f528a67cb5087e5367c6f4345b1f54c30d6,94646b5813d24e59e19a87288c468d26246831cbb0d4f404eef6139883b74393,43fb4aa6b8746ffc1153b7850bc530c49f7b06a864c1adc121cf916c28d170e0,0.4542908669,cpu,151673,,
151673,BANKSY,5,0.3754829268,0.5813160457,3639,7,bb081ab47b786c172fb62129bcff9f528a67cb5087e5367c6f4345b1f54c30d6,94646b5813d24e59e19a87288c468d26246831cbb0d4f404eef6139883b74393,43fb4aa6b8746ffc1153b7850bc530c49f7b06a864c1adc121cf916c28d170e0,0.6712639332,cpu,151673,,
151673,BANKSY,6,0.3754829268,0.5813160457,3639,7,bb081ab47b786c172fb62129bcff9f528a67cb5087e5367c6f4345b1f54c30d6,94646b5813d24e59e19a87288c468d26246831cbb0d4f404eef6139883b74393,43fb4aa6b8746ffc1153b7850bc530c49f7b06a864c1adc121cf916c28d170e0,0.7109148502,cpu,151673,,
151673,BANKSY,7,0.2018075327,0.3730973105,3639,7,bb081ab47b786c172fb62129bcff9f528a67cb5087e5367c6f4345b1f54c30d6,94646b5813d24e59e19a87288c468d26246831cbb0d4f404eef6139883b74393,43fb4aa6b8746ffc1153b7850bc530c49f7b06a864c1adc121cf916c28d170e0,0.6055715084,cpu,151673,,
151673,BANKSY,8,0.301873243,0.5315509641,3639,7,bb081ab47b786c172fb62129bcff9f528a67cb5087e5367c6f4345b1f54c30d6,94646b5813d24e59e19a87288c468d26246831cbb0d4f404eef6139883b74393,43fb4aa6b8746ffc1153b7850bc530c49f7b06a864c1adc121cf916c28d170e0,0.4301173687,cpu,151673,,
151673,BANKSY,9,0.3754829268,0.5813160457,3639,7,bb081ab47b786c172fb62129bcff9f528a67cb5087e5367c6f4345b1f54c30d6,94646b5813d24e59e19a87288c468d26246831cbb0d4f404eef6139883b74393,43fb4aa6b8746ffc1153b7850bc530c49f7b06a864c1adc121cf916c28d170e0,0.6857337952,cpu,151673,,
151673,BANKSY,10,0.3285443389,0.5063877971,3639,7,bb081ab47b786c172fb62129bcff9f528a67cb5087e5367c6f4345b1f54c30d6,94646b5813d24e59e19a87288c468d26246831cbb0d4f404eef6139883b74393,43fb4aa6b8746ffc1153b7850bc530c49f7b06a864c1adc121cf916c28d170e0,0.5896680355,cpu,151673,,
151673,BANKSY,11,0.3149463484,0.5400401958,3639,7,bb081ab47b786c172fb62129bcff9f528a67cb5087e5367c6f4345b1f54c30d6,94646b5813d24e59e19a87288c468d26246831cbb0d4f404eef6139883b74393,43fb4aa6b8746ffc1153b7850bc530c49f7b06a864c1adc121cf916c28d170e0,0.4843051434,cpu,151673,,
151673,BANKSY,12,0.3754829268,0.5813160457,3639,7,bb081ab47b786c172fb62129bcff9f528a67cb5087e5367c6f4345b1f54c30d6,94646b5813d24e59e19a87288c468d26246831cbb0d4f404eef6139883b74393,43fb4aa6b8746ffc1153b7850bc530c49f7b06a864c1adc121cf916c28d170e0,0.7294447422,cpu,151673,,
151673,BANKSY,13,0.3283360431,0.50625171,3639,7,bb081ab47b786c172fb62129bcff9f528a67cb5087e5367c6f4345b1f54c30d6,94646b5813d24e59e19a87288c468d26246831cbb0d4f404eef6139883b74393,43fb4aa6b8746ffc1153b7850bc530c49f7b06a864c1adc121cf916c28d170e0,0.5081021786,cpu,151673,,
151673,BANKSY,14,0.3555526312,0.5729506181,3639,7,bb081ab47b786c172fb62129bcff9f528a67cb5087e5367c6f4345b1f54c30d6,94646b5813d24e59e19a87288c468d26246831cbb0d4f404eef6139883b74393,43fb4aa6b8746ffc1153b7850bc530c49f7b06a864c1adc121cf916c28d170e0,0.7636449337,cpu,151673,,
151673,BANKSY,15,0.3133799546,0.5291666299,3639,7,bb081ab47b786c172fb62129bcff9f528a67cb5087e5367c6f4345b1f54c30d6,94646b5813d24e59e19a87288c468d26246831cbb0d4f404eef6139883b74393,43fb4aa6b8746ffc1153b7850bc530c49f7b06a864c1adc121cf916c28d170e0,0.8781688213,cpu,151673,,
151673,BANKSY,16,0.3144869638,0.530111986,3639,7,bb081ab47b786c172fb62129bcff9f528a67cb5087e5367c6f4345b1f54c30d6,94646b5813d24e59e19a87288c468d26246831cbb0d4f404eef6139883b74393,43fb4aa6b8746ffc1153b7850bc530c49f7b06a864c1adc121cf916c28d170e0,0.7053363323,cpu,151673,,
151673,BANKSY,17,0.3752231552,0.5810566381,3639,7,bb081ab47b786c172fb62129bcff9f528a67cb5087e5367c6f4345b1f54c30d6,94646b5813d24e59e19a87288c468d26246831cbb0d4f404eef6139883b74393,43fb4aa6b8746ffc1153b7850bc530c49f7b06a864c1adc121cf916c28d170e0,1.014643431,cpu,151673,,
151673,BANKSY,18,0.3285443389,0.5063877971,3639,7,bb081ab47b786c172fb62129bcff9f528a67cb5087e5367c6f4345b1f54c30d6,94646b5813d24e59e19a87288c468d26246831cbb0d4f404eef6139883b74393,43fb4aa6b8746ffc1153b7850bc530c49f7b06a864c1adc121cf916c28d170e0,0.5169672966,cpu,151673,,
151673,BANKSY,19,0.3207024795,0.5021753862,3639,7,bb081ab47b786c172fb62129bcff9f528a67cb5087e5367c6f4345b1f54c30d6,94646b5813d24e59e19a87288c468d26246831cbb0d4f404eef6139883b74393,43fb4aa6b8746ffc1153b7850bc530c49f7b06a864c1adc121cf916c28d170e0,0.5792870522,cpu,151673,,
151673,BANKSY,20,0.300618627,0.5303518169,3639,7,bb081ab47b786c172fb62129bcff9f528a67cb5087e5367c6f4345b1f54c30d6,94646b5813d24e59e19a87288c468d26246831cbb0d4f404eef6139883b74393,43fb4aa6b8746ffc1153b7850bc530c49f7b06a864c1adc121cf916c28d170e0,0.8084149361,cpu,151673,,
151673,SEDR,1,0.52879912157700004,0.66664702560599998,3639,7,,,,,,151673,3639,19151
151673,SEDR,2,0.59517397759299995,0.71081765625600002,3639,7,,,,,,151673,3639,19151
151673,SEDR,3,0.58091409647299996,0.708118751321,3639,7,,,,,,151673,3639,19151
151673,SEDR,4,0.54804528696400001,0.68093157682600003,3639,7,,,,,,151673,3639,19151
151673,SEDR,5,0.56542991159300005,0.70603681159599996,3639,7,,,,,,151673,3639,19151
151673,SEDR,6,0.55916412035999996,0.69795084048099998,3639,7,,,,,,151673,3639,19151
151673,SEDR,7,0.64704773651500003,0.685647347937,3639,7,,,,,,151673,3639,19151
151673,SEDR,8,0.57335879466999995,0.68616574090600002,3639,7,,,,,,151673,3639,19151
151673,SEDR,9,0.52238625418600004,0.65877937237299999,3639,7,,,,,,151673,3639,19151
151673,SEDR,10,0.61513454045899996,0.72153248318300001,3639,7,,,,,,151673,3639,19151
151673,SEDR,11,0.61116734285700003,0.73044534596900001,3639,7,,,,,,151673,3639,19151
151673,SEDR,12,0.52374248759599995,0.67227379281800004,3639,7,,,,,,151673,3639,19151
151673,SEDR,13,0.49304284190199998,0.64362359491200005,3639,7,,,,,,151673,3639,19151
151673,SEDR,14,0.60318832975500003,0.71220305824100005,3639,7,,,,,,151673,3639,19151
151673,SEDR,15,0.59322271118199998,0.71354376739100001,3639,7,,,,,,151673,3639,19151
151673,SEDR,16,0.53123658035700005,0.66966298702399996,3639,7,,,,,,151673,3639,19151
151673,SEDR,17,0.57430981979200002,0.68841988756100003,3639,7,,,,,,151673,3639,19151
151673,SEDR,18,0.61700842309500004,0.72062232824600003,3639,7,,,,,,151673,3639,19151
151673,SEDR,19,0.50968024891999997,0.67958056924400001,3639,7,,,,,,151673,3639,19151
151673,SEDR,20,0.53720996656200004,0.67009079247299996,3639,7,,,,,,151673,3639,19151
151674,GraphST,1,0.1686199038,0.350651151,3673,7,b31e6d4ec2a109ab8af3d8e6518ff1153b85ac0a2a5fa60bff871683d58dd909,c2fa87b4bf60f3d165ace62e5572d6b3370a276d3f7e7e27e9d333b3a882723b,ecfa14ed67711faf93d69f47f39653d2a5ccee460c0f7fe993a60bae32d48ef2,10.72455955,cuda:0,151674,,
151674,GraphST,2,0.1802139594,0.3863597076,3673,7,b31e6d4ec2a109ab8af3d8e6518ff1153b85ac0a2a5fa60bff871683d58dd909,c2fa87b4bf60f3d165ace62e5572d6b3370a276d3f7e7e27e9d333b3a882723b,ecfa14ed67711faf93d69f47f39653d2a5ccee460c0f7fe993a60bae32d48ef2,7.433364153,cuda:0,151674,,
151674,GraphST,3,0.1651480478,0.334729945,3673,7,b31e6d4ec2a109ab8af3d8e6518ff1153b85ac0a2a5fa60bff871683d58dd909,c2fa87b4bf60f3d165ace62e5572d6b3370a276d3f7e7e27e9d333b3a882723b,ecfa14ed67711faf93d69f47f39653d2a5ccee460c0f7fe993a60bae32d48ef2,7.439090729,cuda:0,151674,,
151674,GraphST,4,0.2099855293,0.369993113,3673,7,b31e6d4ec2a109ab8af3d8e6518ff1153b85ac0a2a5fa60bff871683d58dd909,c2fa87b4bf60f3d165ace62e5572d6b3370a276d3f7e7e27e9d333b3a882723b,ecfa14ed67711faf93d69f47f39653d2a5ccee460c0f7fe993a60bae32d48ef2,7.513279915,cuda:0,151674,,
151674,GraphST,5,0.1744841548,0.3509572964,3673,7,b31e6d4ec2a109ab8af3d8e6518ff1153b85ac0a2a5fa60bff871683d58dd909,c2fa87b4bf60f3d165ace62e5572d6b3370a276d3f7e7e27e9d333b3a882723b,ecfa14ed67711faf93d69f47f39653d2a5ccee460c0f7fe993a60bae32d48ef2,7.235672235,cuda:0,151674,,
151674,GraphST,6,0.1974532291,0.34397418,3673,7,b31e6d4ec2a109ab8af3d8e6518ff1153b85ac0a2a5fa60bff871683d58dd909,c2fa87b4bf60f3d165ace62e5572d6b3370a276d3f7e7e27e9d333b3a882723b,ecfa14ed67711faf93d69f47f39653d2a5ccee460c0f7fe993a60bae32d48ef2,7.51960516,cuda:0,151674,,
151674,GraphST,7,0.1501472613,0.3287766606,3673,7,b31e6d4ec2a109ab8af3d8e6518ff1153b85ac0a2a5fa60bff871683d58dd909,c2fa87b4bf60f3d165ace62e5572d6b3370a276d3f7e7e27e9d333b3a882723b,ecfa14ed67711faf93d69f47f39653d2a5ccee460c0f7fe993a60bae32d48ef2,7.590395451,cuda:0,151674,,
151674,GraphST,8,0.2113717819,0.3755892414,3673,7,b31e6d4ec2a109ab8af3d8e6518ff1153b85ac0a2a5fa60bff871683d58dd909,c2fa87b4bf60f3d165ace62e5572d6b3370a276d3f7e7e27e9d333b3a882723b,ecfa14ed67711faf93d69f47f39653d2a5ccee460c0f7fe993a60bae32d48ef2,7.423135519,cuda:0,151674,,
151674,GraphST,9,0.1863838119,0.3359515572,3673,7,b31e6d4ec2a109ab8af3d8e6518ff1153b85ac0a2a5fa60bff871683d58dd909,c2fa87b4bf60f3d165ace62e5572d6b3370a276d3f7e7e27e9d333b3a882723b,ecfa14ed67711faf93d69f47f39653d2a5ccee460c0f7fe993a60bae32d48ef2,7.577795029,cuda:0,151674,,
151674,GraphST,10,0.1980120318,0.3521034834,3673,7,b31e6d4ec2a109ab8af3d8e6518ff1153b85ac0a2a5fa60bff871683d58dd909,c2fa87b4bf60f3d165ace62e5572d6b3370a276d3f7e7e27e9d333b3a882723b,ecfa14ed67711faf93d69f47f39653d2a5ccee460c0f7fe993a60bae32d48ef2,7.480292559,cuda:0,151674,,
151674,GraphST,11,0.2359508844,0.3871580408,3673,7,b31e6d4ec2a109ab8af3d8e6518ff1153b85ac0a2a5fa60bff871683d58dd909,c2fa87b4bf60f3d165ace62e5572d6b3370a276d3f7e7e27e9d333b3a882723b,ecfa14ed67711faf93d69f47f39653d2a5ccee460c0f7fe993a60bae32d48ef2,7.364166975,cuda:0,151674,,
151674,GraphST,12,0.2074530721,0.3675998846,3673,7,b31e6d4ec2a109ab8af3d8e6518ff1153b85ac0a2a5fa60bff871683d58dd909,c2fa87b4bf60f3d165ace62e5572d6b3370a276d3f7e7e27e9d333b3a882723b,ecfa14ed67711faf93d69f47f39653d2a5ccee460c0f7fe993a60bae32d48ef2,7.547024012,cuda:0,151674,,
151674,GraphST,13,0.186190845,0.3600215443,3673,7,b31e6d4ec2a109ab8af3d8e6518ff1153b85ac0a2a5fa60bff871683d58dd909,c2fa87b4bf60f3d165ace62e5572d6b3370a276d3f7e7e27e9d333b3a882723b,ecfa14ed67711faf93d69f47f39653d2a5ccee460c0f7fe993a60bae32d48ef2,7.526019812,cuda:0,151674,,
151674,GraphST,14,0.2284912561,0.3931811478,3673,7,b31e6d4ec2a109ab8af3d8e6518ff1153b85ac0a2a5fa60bff871683d58dd909,c2fa87b4bf60f3d165ace62e5572d6b3370a276d3f7e7e27e9d333b3a882723b,ecfa14ed67711faf93d69f47f39653d2a5ccee460c0f7fe993a60bae32d48ef2,7.494134426,cuda:0,151674,,
151674,GraphST,15,0.1971459546,0.3676030076,3673,7,b31e6d4ec2a109ab8af3d8e6518ff1153b85ac0a2a5fa60bff871683d58dd909,c2fa87b4bf60f3d165ace62e5572d6b3370a276d3f7e7e27e9d333b3a882723b,ecfa14ed67711faf93d69f47f39653d2a5ccee460c0f7fe993a60bae32d48ef2,7.439022779,cuda:0,151674,,
151674,GraphST,16,0.2061742218,0.3555218764,3673,7,b31e6d4ec2a109ab8af3d8e6518ff1153b85ac0a2a5fa60bff871683d58dd909,c2fa87b4bf60f3d165ace62e5572d6b3370a276d3f7e7e27e9d333b3a882723b,ecfa14ed67711faf93d69f47f39653d2a5ccee460c0f7fe993a60bae32d48ef2,7.459165812,cuda:0,151674,,
151674,GraphST,17,0.2274187189,0.3780271345,3673,7,b31e6d4ec2a109ab8af3d8e6518ff1153b85ac0a2a5fa60bff871683d58dd909,c2fa87b4bf60f3d165ace62e5572d6b3370a276d3f7e7e27e9d333b3a882723b,ecfa14ed67711faf93d69f47f39653d2a5ccee460c0f7fe993a60bae32d48ef2,7.424931765,cuda:0,151674,,
151674,GraphST,18,0.1622857219,0.3351483887,3673,7,b31e6d4ec2a109ab8af3d8e6518ff1153b85ac0a2a5fa60bff871683d58dd909,c2fa87b4bf60f3d165ace62e5572d6b3370a276d3f7e7e27e9d333b3a882723b,ecfa14ed67711faf93d69f47f39653d2a5ccee460c0f7fe993a60bae32d48ef2,7.463797331,cuda:0,151674,,
151674,GraphST,19,0.1859637891,0.3424184897,3673,7,b31e6d4ec2a109ab8af3d8e6518ff1153b85ac0a2a5fa60bff871683d58dd909,c2fa87b4bf60f3d165ace62e5572d6b3370a276d3f7e7e27e9d333b3a882723b,ecfa14ed67711faf93d69f47f39653d2a5ccee460c0f7fe993a60bae32d48ef2,7.49756813,cuda:0,151674,,
151674,GraphST,20,0.2143696963,0.3802526641,3673,7,b31e6d4ec2a109ab8af3d8e6518ff1153b85ac0a2a5fa60bff871683d58dd909,c2fa87b4bf60f3d165ace62e5572d6b3370a276d3f7e7e27e9d333b3a882723b,ecfa14ed67711faf93d69f47f39653d2a5ccee460c0f7fe993a60bae32d48ef2,7.496253967,cuda:0,151674,,
151674,STAGATE,1,0.203542955,0.351169902,3673,7,b31e6d4ec2a109ab8af3d8e6518ff1153b85ac0a2a5fa60bff871683d58dd909,c2fa87b4bf60f3d165ace62e5572d6b3370a276d3f7e7e27e9d333b3a882723b,d2b1af47b88cd12254f47d4e03d4b6d4c366b8e62f9393cbaef5de39d7fa1a4d,9.417893887,cuda:0,151674,,
151674,STAGATE,2,0.2354745105,0.3686891172,3673,7,b31e6d4ec2a109ab8af3d8e6518ff1153b85ac0a2a5fa60bff871683d58dd909,c2fa87b4bf60f3d165ace62e5572d6b3370a276d3f7e7e27e9d333b3a882723b,d2b1af47b88cd12254f47d4e03d4b6d4c366b8e62f9393cbaef5de39d7fa1a4d,3.720394611,cuda:0,151674,,
151674,STAGATE,3,0.1869109582,0.366384137,3673,7,b31e6d4ec2a109ab8af3d8e6518ff1153b85ac0a2a5fa60bff871683d58dd909,c2fa87b4bf60f3d165ace62e5572d6b3370a276d3f7e7e27e9d333b3a882723b,d2b1af47b88cd12254f47d4e03d4b6d4c366b8e62f9393cbaef5de39d7fa1a4d,3.870895863,cuda:0,151674,,
151674,STAGATE,4,0.2189472045,0.3612688584,3673,7,b31e6d4ec2a109ab8af3d8e6518ff1153b85ac0a2a5fa60bff871683d58dd909,c2fa87b4bf60f3d165ace62e5572d6b3370a276d3f7e7e27e9d333b3a882723b,d2b1af47b88cd12254f47d4e03d4b6d4c366b8e62f9393cbaef5de39d7fa1a4d,3.691686153,cuda:0,151674,,
151674,STAGATE,5,0.2339261554,0.3948108644,3673,7,b31e6d4ec2a109ab8af3d8e6518ff1153b85ac0a2a5fa60bff871683d58dd909,c2fa87b4bf60f3d165ace62e5572d6b3370a276d3f7e7e27e9d333b3a882723b,d2b1af47b88cd12254f47d4e03d4b6d4c366b8e62f9393cbaef5de39d7fa1a4d,3.827220917,cuda:0,151674,,
151674,STAGATE,6,0.2020949527,0.3653312846,3673,7,b31e6d4ec2a109ab8af3d8e6518ff1153b85ac0a2a5fa60bff871683d58dd909,c2fa87b4bf60f3d165ace62e5572d6b3370a276d3f7e7e27e9d333b3a882723b,d2b1af47b88cd12254f47d4e03d4b6d4c366b8e62f9393cbaef5de39d7fa1a4d,6.52632618,cuda:0,151674,,
151674,STAGATE,7,0.1660756937,0.3364005708,3673,7,b31e6d4ec2a109ab8af3d8e6518ff1153b85ac0a2a5fa60bff871683d58dd909,c2fa87b4bf60f3d165ace62e5572d6b3370a276d3f7e7e27e9d333b3a882723b,d2b1af47b88cd12254f47d4e03d4b6d4c366b8e62f9393cbaef5de39d7fa1a4d,5.467852831,cuda:0,151674,,
151674,STAGATE,8,0.214631069,0.3488780927,3673,7,b31e6d4ec2a109ab8af3d8e6518ff1153b85ac0a2a5fa60bff871683d58dd909,c2fa87b4bf60f3d165ace62e5572d6b3370a276d3f7e7e27e9d333b3a882723b,d2b1af47b88cd12254f47d4e03d4b6d4c366b8e62f9393cbaef5de39d7fa1a4d,4.655983686,cuda:0,151674,,
151674,STAGATE,9,0.1716938378,0.3256192211,3673,7,b31e6d4ec2a109ab8af3d8e6518ff1153b85ac0a2a5fa60bff871683d58dd909,c2fa87b4bf60f3d165ace62e5572d6b3370a276d3f7e7e27e9d333b3a882723b,d2b1af47b88cd12254f47d4e03d4b6d4c366b8e62f9393cbaef5de39d7fa1a4d,4.980209112,cuda:0,151674,,
151674,STAGATE,10,0.1856210375,0.3700178206,3673,7,b31e6d4ec2a109ab8af3d8e6518ff1153b85ac0a2a5fa60bff871683d58dd909,c2fa87b4bf60f3d165ace62e5572d6b3370a276d3f7e7e27e9d333b3a882723b,d2b1af47b88cd12254f47d4e03d4b6d4c366b8e62f9393cbaef5de39d7fa1a4d,4.370859146,cuda:0,151674,,
151674,STAGATE,11,0.2324536139,0.3602380151,3673,7,b31e6d4ec2a109ab8af3d8e6518ff1153b85ac0a2a5fa60bff871683d58dd909,c2fa87b4bf60f3d165ace62e5572d6b3370a276d3f7e7e27e9d333b3a882723b,d2b1af47b88cd12254f47d4e03d4b6d4c366b8e62f9393cbaef5de39d7fa1a4d,4.98699522,cuda:0,151674,,
151674,STAGATE,12,0.2142660288,0.3648060439,3673,7,b31e6d4ec2a109ab8af3d8e6518ff1153b85ac0a2a5fa60bff871683d58dd909,c2fa87b4bf60f3d165ace62e5572d6b3370a276d3f7e7e27e9d333b3a882723b,d2b1af47b88cd12254f47d4e03d4b6d4c366b8e62f9393cbaef5de39d7fa1a4d,5.063181162,cuda:0,151674,,
151674,STAGATE,13,0.2324069573,0.3702768242,3673,7,b31e6d4ec2a109ab8af3d8e6518ff1153b85ac0a2a5fa60bff871683d58dd909,c2fa87b4bf60f3d165ace62e5572d6b3370a276d3f7e7e27e9d333b3a882723b,d2b1af47b88cd12254f47d4e03d4b6d4c366b8e62f9393cbaef5de39d7fa1a4d,4.742238045,cuda:0,151674,,
151674,STAGATE,14,0.2146455013,0.3558792106,3673,7,b31e6d4ec2a109ab8af3d8e6518ff1153b85ac0a2a5fa60bff871683d58dd909,c2fa87b4bf60f3d165ace62e5572d6b3370a276d3f7e7e27e9d333b3a882723b,d2b1af47b88cd12254f47d4e03d4b6d4c366b8e62f9393cbaef5de39d7fa1a4d,4.946618319,cuda:0,151674,,
151674,STAGATE,15,0.218025935,0.4101659933,3673,7,b31e6d4ec2a109ab8af3d8e6518ff1153b85ac0a2a5fa60bff871683d58dd909,c2fa87b4bf60f3d165ace62e5572d6b3370a276d3f7e7e27e9d333b3a882723b,d2b1af47b88cd12254f47d4e03d4b6d4c366b8e62f9393cbaef5de39d7fa1a4d,5.643929005,cuda:0,151674,,
151674,STAGATE,16,0.2216493099,0.3641837179,3673,7,b31e6d4ec2a109ab8af3d8e6518ff1153b85ac0a2a5fa60bff871683d58dd909,c2fa87b4bf60f3d165ace62e5572d6b3370a276d3f7e7e27e9d333b3a882723b,d2b1af47b88cd12254f47d4e03d4b6d4c366b8e62f9393cbaef5de39d7fa1a4d,4.820528984,cuda:0,151674,,
151674,STAGATE,17,0.202695257,0.3195576055,3673,7,b31e6d4ec2a109ab8af3d8e6518ff1153b85ac0a2a5fa60bff871683d58dd909,c2fa87b4bf60f3d165ace62e5572d6b3370a276d3f7e7e27e9d333b3a882723b,d2b1af47b88cd12254f47d4e03d4b6d4c366b8e62f9393cbaef5de39d7fa1a4d,4.502388954,cuda:0,151674,,
151674,STAGATE,18,0.1227576212,0.3234951083,3673,7,b31e6d4ec2a109ab8af3d8e6518ff1153b85ac0a2a5fa60bff871683d58dd909,c2fa87b4bf60f3d165ace62e5572d6b3370a276d3f7e7e27e9d333b3a882723b,d2b1af47b88cd12254f47d4e03d4b6d4c366b8e62f9393cbaef5de39d7fa1a4d,4.52473402,cuda:0,151674,,
151674,STAGATE,19,0.2055342887,0.3669581613,3673,7,b31e6d4ec2a109ab8af3d8e6518ff1153b85ac0a2a5fa60bff871683d58dd909,c2fa87b4bf60f3d165ace62e5572d6b3370a276d3f7e7e27e9d333b3a882723b,d2b1af47b88cd12254f47d4e03d4b6d4c366b8e62f9393cbaef5de39d7fa1a4d,5.261930943,cuda:0,151674,,
151674,STAGATE,20,0.2116575669,0.3668175792,3673,7,b31e6d4ec2a109ab8af3d8e6518ff1153b85ac0a2a5fa60bff871683d58dd909,c2fa87b4bf60f3d165ace62e5572d6b3370a276d3f7e7e27e9d333b3a882723b,d2b1af47b88cd12254f47d4e03d4b6d4c366b8e62f9393cbaef5de39d7fa1a4d,4.620942116,cuda:0,151674,,
151674,SpaGCN,1,0.2422400308,0.3937886943,3673,7,b31e6d4ec2a109ab8af3d8e6518ff1153b85ac0a2a5fa60bff871683d58dd909,c2fa87b4bf60f3d165ace62e5572d6b3370a276d3f7e7e27e9d333b3a882723b,1cebc9948baf0c8de9f5eb6c63fda336e28e7492e8495a5e86ed35810fb8170a,16.85887432,cpu,151674,,
151674,SpaGCN,2,0.2379229672,0.3845911146,3673,7,b31e6d4ec2a109ab8af3d8e6518ff1153b85ac0a2a5fa60bff871683d58dd909,c2fa87b4bf60f3d165ace62e5572d6b3370a276d3f7e7e27e9d333b3a882723b,1cebc9948baf0c8de9f5eb6c63fda336e28e7492e8495a5e86ed35810fb8170a,6.586244345,cpu,151674,,
151674,SpaGCN,3,0.2372941382,0.3787493082,3673,7,b31e6d4ec2a109ab8af3d8e6518ff1153b85ac0a2a5fa60bff871683d58dd909,c2fa87b4bf60f3d165ace62e5572d6b3370a276d3f7e7e27e9d333b3a882723b,1cebc9948baf0c8de9f5eb6c63fda336e28e7492e8495a5e86ed35810fb8170a,23.39598346,cpu,151674,,
151674,SpaGCN,4,0.2129460857,0.3628033272,3673,7,b31e6d4ec2a109ab8af3d8e6518ff1153b85ac0a2a5fa60bff871683d58dd909,c2fa87b4bf60f3d165ace62e5572d6b3370a276d3f7e7e27e9d333b3a882723b,1cebc9948baf0c8de9f5eb6c63fda336e28e7492e8495a5e86ed35810fb8170a,24.31721377,cpu,151674,,
151674,SpaGCN,5,0.2292186696,0.3756202051,3673,7,b31e6d4ec2a109ab8af3d8e6518ff1153b85ac0a2a5fa60bff871683d58dd909,c2fa87b4bf60f3d165ace62e5572d6b3370a276d3f7e7e27e9d333b3a882723b,1cebc9948baf0c8de9f5eb6c63fda336e28e7492e8495a5e86ed35810fb8170a,9.469729424,cpu,151674,,
151674,SpaGCN,6,0.2193429577,0.3588808005,3673,7,b31e6d4ec2a109ab8af3d8e6518ff1153b85ac0a2a5fa60bff871683d58dd909,c2fa87b4bf60f3d165ace62e5572d6b3370a276d3f7e7e27e9d333b3a882723b,1cebc9948baf0c8de9f5eb6c63fda336e28e7492e8495a5e86ed35810fb8170a,9.630791187,cpu,151674,,
151674,SpaGCN,7,0.223339478,0.3669650691,3673,7,b31e6d4ec2a109ab8af3d8e6518ff1153b85ac0a2a5fa60bff871683d58dd909,c2fa87b4bf60f3d165ace62e5572d6b3370a276d3f7e7e27e9d333b3a882723b,1cebc9948baf0c8de9f5eb6c63fda336e28e7492e8495a5e86ed35810fb8170a,26.23429179,cpu,151674,,
151674,SpaGCN,8,0.2232303629,0.3556117747,3673,7,b31e6d4ec2a109ab8af3d8e6518ff1153b85ac0a2a5fa60bff871683d58dd909,c2fa87b4bf60f3d165ace62e5572d6b3370a276d3f7e7e27e9d333b3a882723b,1cebc9948baf0c8de9f5eb6c63fda336e28e7492e8495a5e86ed35810fb8170a,6.810979843,cpu,151674,,
151674,SpaGCN,9,0.2822475735,0.4097704163,3673,7,b31e6d4ec2a109ab8af3d8e6518ff1153b85ac0a2a5fa60bff871683d58dd909,c2fa87b4bf60f3d165ace62e5572d6b3370a276d3f7e7e27e9d333b3a882723b,1cebc9948baf0c8de9f5eb6c63fda336e28e7492e8495a5e86ed35810fb8170a,4.951247454,cpu,151674,,
151674,SpaGCN,10,0.2278139954,0.3674087976,3673,7,b31e6d4ec2a109ab8af3d8e6518ff1153b85ac0a2a5fa60bff871683d58dd909,c2fa87b4bf60f3d165ace62e5572d6b3370a276d3f7e7e27e9d333b3a882723b,1cebc9948baf0c8de9f5eb6c63fda336e28e7492e8495a5e86ed35810fb8170a,5.948006153,cpu,151674,,
151674,SpaGCN,11,0.2183499467,0.346749615,3673,7,b31e6d4ec2a109ab8af3d8e6518ff1153b85ac0a2a5fa60bff871683d58dd909,c2fa87b4bf60f3d165ace62e5572d6b3370a276d3f7e7e27e9d333b3a882723b,1cebc9948baf0c8de9f5eb6c63fda336e28e7492e8495a5e86ed35810fb8170a,7.56051898,cpu,151674,,
151674,SpaGCN,12,0.2471924273,0.3840809082,3673,7,b31e6d4ec2a109ab8af3d8e6518ff1153b85ac0a2a5fa60bff871683d58dd909,c2fa87b4bf60f3d165ace62e5572d6b3370a276d3f7e7e27e9d333b3a882723b,1cebc9948baf0c8de9f5eb6c63fda336e28e7492e8495a5e86ed35810fb8170a,22.15054822,cpu,151674,,
151674,SpaGCN,13,0.2336880062,0.3750310721,3673,7,b31e6d4ec2a109ab8af3d8e6518ff1153b85ac0a2a5fa60bff871683d58dd909,c2fa87b4bf60f3d165ace62e5572d6b3370a276d3f7e7e27e9d333b3a882723b,1cebc9948baf0c8de9f5eb6c63fda336e28e7492e8495a5e86ed35810fb8170a,11.01964903,cpu,151674,,
151674,SpaGCN,14,0.2335930558,0.3806346263,3673,7,b31e6d4ec2a109ab8af3d8e6518ff1153b85ac0a2a5fa60bff871683d58dd909,c2fa87b4bf60f3d165ace62e5572d6b3370a276d3f7e7e27e9d333b3a882723b,1cebc9948baf0c8de9f5eb6c63fda336e28e7492e8495a5e86ed35810fb8170a,26.38952827,cpu,151674,,
151674,SpaGCN,15,0.2402492183,0.3792623141,3673,7,b31e6d4ec2a109ab8af3d8e6518ff1153b85ac0a2a5fa60bff871683d58dd909,c2fa87b4bf60f3d165ace62e5572d6b3370a276d3f7e7e27e9d333b3a882723b,1cebc9948baf0c8de9f5eb6c63fda336e28e7492e8495a5e86ed35810fb8170a,24.22395563,cpu,151674,,
151674,SpaGCN,16,0.2721798512,0.404353694,3673,7,b31e6d4ec2a109ab8af3d8e6518ff1153b85ac0a2a5fa60bff871683d58dd909,c2fa87b4bf60f3d165ace62e5572d6b3370a276d3f7e7e27e9d333b3a882723b,1cebc9948baf0c8de9f5eb6c63fda336e28e7492e8495a5e86ed35810fb8170a,7.636769533,cpu,151674,,
151674,SpaGCN,17,0.1967868088,0.32327173,3673,7,b31e6d4ec2a109ab8af3d8e6518ff1153b85ac0a2a5fa60bff871683d58dd909,c2fa87b4bf60f3d165ace62e5572d6b3370a276d3f7e7e27e9d333b3a882723b,1cebc9948baf0c8de9f5eb6c63fda336e28e7492e8495a5e86ed35810fb8170a,15.89956117,cpu,151674,,
151674,SpaGCN,18,0.2233108873,0.3663106061,3673,7,b31e6d4ec2a109ab8af3d8e6518ff1153b85ac0a2a5fa60bff871683d58dd909,c2fa87b4bf60f3d165ace62e5572d6b3370a276d3f7e7e27e9d333b3a882723b,1cebc9948baf0c8de9f5eb6c63fda336e28e7492e8495a5e86ed35810fb8170a,6.516192675,cpu,151674,,
151674,SpaGCN,19,0.217774118,0.3553367411,3673,7,b31e6d4ec2a109ab8af3d8e6518ff1153b85ac0a2a5fa60bff871683d58dd909,c2fa87b4bf60f3d165ace62e5572d6b3370a276d3f7e7e27e9d333b3a882723b,1cebc9948baf0c8de9f5eb6c63fda336e28e7492e8495a5e86ed35810fb8170a,12.35387087,cpu,151674,,
151674,SpaGCN,20,0.2243304577,0.3625665113,3673,7,b31e6d4ec2a109ab8af3d8e6518ff1153b85ac0a2a5fa60bff871683d58dd909,c2fa87b4bf60f3d165ace62e5572d6b3370a276d3f7e7e27e9d333b3a882723b,1cebc9948baf0c8de9f5eb6c63fda336e28e7492e8495a5e86ed35810fb8170a,9.887563705,cpu,151674,,
151674,BANKSY,1,0.2151570552,0.3922977536,3673,7,b31e6d4ec2a109ab8af3d8e6518ff1153b85ac0a2a5fa60bff871683d58dd909,c2fa87b4bf60f3d165ace62e5572d6b3370a276d3f7e7e27e9d333b3a882723b,32d2bef28480b5627b562379371a75fff22cc9aa7ddad5492c7c9f46356bd164,8.412770987,cpu,151674,,
151674,BANKSY,2,0.2150365203,0.3922676529,3673,7,b31e6d4ec2a109ab8af3d8e6518ff1153b85ac0a2a5fa60bff871683d58dd909,c2fa87b4bf60f3d165ace62e5572d6b3370a276d3f7e7e27e9d333b3a882723b,32d2bef28480b5627b562379371a75fff22cc9aa7ddad5492c7c9f46356bd164,0.4546380043,cpu,151674,,
151674,BANKSY,3,0.2151570552,0.3922977536,3673,7,b31e6d4ec2a109ab8af3d8e6518ff1153b85ac0a2a5fa60bff871683d58dd909,c2fa87b4bf60f3d165ace62e5572d6b3370a276d3f7e7e27e9d333b3a882723b,32d2bef28480b5627b562379371a75fff22cc9aa7ddad5492c7c9f46356bd164,0.486000061,cpu,151674,,
151674,BANKSY,4,0.2330916852,0.4182502842,3673,7,b31e6d4ec2a109ab8af3d8e6518ff1153b85ac0a2a5fa60bff871683d58dd909,c2fa87b4bf60f3d165ace62e5572d6b3370a276d3f7e7e27e9d333b3a882723b,32d2bef28480b5627b562379371a75fff22cc9aa7ddad5492c7c9f46356bd164,0.4726543427,cpu,151674,,
151674,BANKSY,5,0.2971982693,0.4241638599,3673,7,b31e6d4ec2a109ab8af3d8e6518ff1153b85ac0a2a5fa60bff871683d58dd909,c2fa87b4bf60f3d165ace62e5572d6b3370a276d3f7e7e27e9d333b3a882723b,32d2bef28480b5627b562379371a75fff22cc9aa7ddad5492c7c9f46356bd164,0.5564925671,cpu,151674,,
151674,BANKSY,6,0.2150365203,0.3922676529,3673,7,b31e6d4ec2a109ab8af3d8e6518ff1153b85ac0a2a5fa60bff871683d58dd909,c2fa87b4bf60f3d165ace62e5572d6b3370a276d3f7e7e27e9d333b3a882723b,32d2bef28480b5627b562379371a75fff22cc9aa7ddad5492c7c9f46356bd164,0.6137208939,cpu,151674,,
151674,BANKSY,7,0.2114659663,0.3911854406,3673,7,b31e6d4ec2a109ab8af3d8e6518ff1153b85ac0a2a5fa60bff871683d58dd909,c2fa87b4bf60f3d165ace62e5572d6b3370a276d3f7e7e27e9d333b3a882723b,32d2bef28480b5627b562379371a75fff22cc9aa7ddad5492c7c9f46356bd164,0.4686005116,cpu,151674,,
151674,BANKSY,8,0.3021818678,0.4290555546,3673,7,b31e6d4ec2a109ab8af3d8e6518ff1153b85ac0a2a5fa60bff871683d58dd909,c2fa87b4bf60f3d165ace62e5572d6b3370a276d3f7e7e27e9d333b3a882723b,32d2bef28480b5627b562379371a75fff22cc9aa7ddad5492c7c9f46356bd164,0.4516980648,cpu,151674,,
151674,BANKSY,9,0.1901303195,0.3327018873,3673,7,b31e6d4ec2a109ab8af3d8e6518ff1153b85ac0a2a5fa60bff871683d58dd909,c2fa87b4bf60f3d165ace62e5572d6b3370a276d3f7e7e27e9d333b3a882723b,32d2bef28480b5627b562379371a75fff22cc9aa7ddad5492c7c9f46356bd164,0.3457775116,cpu,151674,,
151674,BANKSY,10,0.1888750005,0.334821728,3673,7,b31e6d4ec2a109ab8af3d8e6518ff1153b85ac0a2a5fa60bff871683d58dd909,c2fa87b4bf60f3d165ace62e5572d6b3370a276d3f7e7e27e9d333b3a882723b,32d2bef28480b5627b562379371a75fff22cc9aa7ddad5492c7c9f46356bd164,0.457300663,cpu,151674,,
151674,BANKSY,11,0.2093550954,0.384718538,3673,7,b31e6d4ec2a109ab8af3d8e6518ff1153b85ac0a2a5fa60bff871683d58dd909,c2fa87b4bf60f3d165ace62e5572d6b3370a276d3f7e7e27e9d333b3a882723b,32d2bef28480b5627b562379371a75fff22cc9aa7ddad5492c7c9f46356bd164,0.6515440941,cpu,151674,,
151674,BANKSY,12,0.2151570552,0.3922977536,3673,7,b31e6d4ec2a109ab8af3d8e6518ff1153b85ac0a2a5fa60bff871683d58dd909,c2fa87b4bf60f3d165ace62e5572d6b3370a276d3f7e7e27e9d333b3a882723b,32d2bef28480b5627b562379371a75fff22cc9aa7ddad5492c7c9f46356bd164,0.5855128765,cpu,151674,,
151674,BANKSY,13,0.2161670667,0.3702895039,3673,7,b31e6d4ec2a109ab8af3d8e6518ff1153b85ac0a2a5fa60bff871683d58dd909,c2fa87b4bf60f3d165ace62e5572d6b3370a276d3f7e7e27e9d333b3a882723b,32d2bef28480b5627b562379371a75fff22cc9aa7ddad5492c7c9f46356bd164,0.6978523731,cpu,151674,,
151674,BANKSY,14,0.1902712817,0.3325621887,3673,7,b31e6d4ec2a109ab8af3d8e6518ff1153b85ac0a2a5fa60bff871683d58dd909,c2fa87b4bf60f3d165ace62e5572d6b3370a276d3f7e7e27e9d333b3a882723b,32d2bef28480b5627b562379371a75fff22cc9aa7ddad5492c7c9f46356bd164,0.4679665565,cpu,151674,,
151674,BANKSY,15,0.20900156,0.3846173349,3673,7,b31e6d4ec2a109ab8af3d8e6518ff1153b85ac0a2a5fa60bff871683d58dd909,c2fa87b4bf60f3d165ace62e5572d6b3370a276d3f7e7e27e9d333b3a882723b,32d2bef28480b5627b562379371a75fff22cc9aa7ddad5492c7c9f46356bd164,0.5975730419,cpu,151674,,
151674,BANKSY,16,0.2233420939,0.3709141436,3673,7,b31e6d4ec2a109ab8af3d8e6518ff1153b85ac0a2a5fa60bff871683d58dd909,c2fa87b4bf60f3d165ace62e5572d6b3370a276d3f7e7e27e9d333b3a882723b,32d2bef28480b5627b562379371a75fff22cc9aa7ddad5492c7c9f46356bd164,0.5992870331,cpu,151674,,
151674,BANKSY,17,0.2093550954,0.384718538,3673,7,b31e6d4ec2a109ab8af3d8e6518ff1153b85ac0a2a5fa60bff871683d58dd909,c2fa87b4bf60f3d165ace62e5572d6b3370a276d3f7e7e27e9d333b3a882723b,32d2bef28480b5627b562379371a75fff22cc9aa7ddad5492c7c9f46356bd164,0.5607221127,cpu,151674,,
151674,BANKSY,18,0.2726738105,0.4170383376,3673,7,b31e6d4ec2a109ab8af3d8e6518ff1153b85ac0a2a5fa60bff871683d58dd909,c2fa87b4bf60f3d165ace62e5572d6b3370a276d3f7e7e27e9d333b3a882723b,32d2bef28480b5627b562379371a75fff22cc9aa7ddad5492c7c9f46356bd164,0.7681295872,cpu,151674,,
151674,BANKSY,19,0.3025505225,0.4293647641,3673,7,b31e6d4ec2a109ab8af3d8e6518ff1153b85ac0a2a5fa60bff871683d58dd909,c2fa87b4bf60f3d165ace62e5572d6b3370a276d3f7e7e27e9d333b3a882723b,32d2bef28480b5627b562379371a75fff22cc9aa7ddad5492c7c9f46356bd164,0.6192681789,cpu,151674,,
151674,BANKSY,20,0.209166256,0.3847239259,3673,7,b31e6d4ec2a109ab8af3d8e6518ff1153b85ac0a2a5fa60bff871683d58dd909,c2fa87b4bf60f3d165ace62e5572d6b3370a276d3f7e7e27e9d333b3a882723b,32d2bef28480b5627b562379371a75fff22cc9aa7ddad5492c7c9f46356bd164,0.5856740475,cpu,151674,,
151674,SEDR,1,0.53788643151600002,0.67361353962000003,3673,7,,,,,,151674,3673,19878
151674,SEDR,2,0.52185012958999999,0.65683046864600003,3673,7,,,,,,151674,3673,19878
151674,SEDR,3,0.58340596068200001,0.68033132103100002,3673,7,,,,,,151674,3673,19878
151674,SEDR,4,0.61302112798899999,0.72032724540500004,3673,7,,,,,,151674,3673,19878
151674,SEDR,5,0.63792929559599998,0.74666133072499996,3673,7,,,,,,151674,3673,19878
151674,SEDR,6,0.58299628219599997,0.70668584464299999,3673,7,,,,,,151674,3673,19878
151674,SEDR,7,0.52949051479700004,0.67086604503500002,3673,7,,,,,,151674,3673,19878
151674,SEDR,8,0.43466956978900001,0.62068705914800004,3673,7,,,,,,151674,3673,19878
151674,SEDR,9,0.55761768003599999,0.69225691636099995,3673,7,,,,,,151674,3673,19878
151674,SEDR,10,0.55926789655800002,0.66187439678500004,3673,7,,,,,,151674,3673,19878
151674,SEDR,11,0.587905218605,0.700189952723,3673,7,,,,,,151674,3673,19878
151674,SEDR,12,0.61944342387200002,0.72789979909799996,3673,7,,,,,,151674,3673,19878
151674,SEDR,13,0.57746936304499996,0.69418247972699998,3673,7,,,,,,151674,3673,19878
151674,SEDR,14,0.61108667055900001,0.72279411699899998,3673,7,,,,,,151674,3673,19878
151674,SEDR,15,0.55028214617500004,0.68703017828099999,3673,7,,,,,,151674,3673,19878
151674,SEDR,16,0.60957836860299996,0.72557794321000002,3673,7,,,,,,151674,3673,19878
151674,SEDR,17,0.41853737272899999,0.58242138638600005,3673,7,,,,,,151674,3673,19878
151674,SEDR,18,0.63991785995100003,0.75178588165600002,3673,7,,,,,,151674,3673,19878
151674,SEDR,19,0.54870230344299997,0.67204358555800003,3673,7,,,,,,151674,3673,19878
151674,SEDR,20,0.57895511587600001,0.72080117372200003,3673,7,,,,,,151674,3673,19878
151675,GraphST,1,0.1305042668,0.332529389,3592,7,f93d1b21de429287ee8d0d83945a178aa30f0ded1a4b5bd478c5b077ab992641,c658298d275fc817c6ffae808042af3410e508fa268bbc38dbdc600540c79bb1,70e7b9860c3f42898ceffd6a1ba3941d45f5a2aad95d3e7335388c748dce0a8a,10.39770579,cuda:0,151675,,
151675,GraphST,2,0.1289900966,0.3533588375,3592,7,f93d1b21de429287ee8d0d83945a178aa30f0ded1a4b5bd478c5b077ab992641,c658298d275fc817c6ffae808042af3410e508fa268bbc38dbdc600540c79bb1,70e7b9860c3f42898ceffd6a1ba3941d45f5a2aad95d3e7335388c748dce0a8a,7.284438848,cuda:0,151675,,
151675,GraphST,3,0.1238142169,0.3075947514,3592,7,f93d1b21de429287ee8d0d83945a178aa30f0ded1a4b5bd478c5b077ab992641,c658298d275fc817c6ffae808042af3410e508fa268bbc38dbdc600540c79bb1,70e7b9860c3f42898ceffd6a1ba3941d45f5a2aad95d3e7335388c748dce0a8a,7.089899302,cuda:0,151675,,
151675,GraphST,4,0.1499083005,0.3619084777,3592,7,f93d1b21de429287ee8d0d83945a178aa30f0ded1a4b5bd478c5b077ab992641,c658298d275fc817c6ffae808042af3410e508fa268bbc38dbdc600540c79bb1,70e7b9860c3f42898ceffd6a1ba3941d45f5a2aad95d3e7335388c748dce0a8a,7.522583246,cuda:0,151675,,
151675,GraphST,5,0.1464852688,0.3392835964,3592,7,f93d1b21de429287ee8d0d83945a178aa30f0ded1a4b5bd478c5b077ab992641,c658298d275fc817c6ffae808042af3410e508fa268bbc38dbdc600540c79bb1,70e7b9860c3f42898ceffd6a1ba3941d45f5a2aad95d3e7335388c748dce0a8a,7.126849651,cuda:0,151675,,
151675,GraphST,6,0.14064671,0.3188888792,3592,7,f93d1b21de429287ee8d0d83945a178aa30f0ded1a4b5bd478c5b077ab992641,c658298d275fc817c6ffae808042af3410e508fa268bbc38dbdc600540c79bb1,70e7b9860c3f42898ceffd6a1ba3941d45f5a2aad95d3e7335388c748dce0a8a,6.988620043,cuda:0,151675,,
151675,GraphST,7,0.1583683624,0.4046695168,3592,7,f93d1b21de429287ee8d0d83945a178aa30f0ded1a4b5bd478c5b077ab992641,c658298d275fc817c6ffae808042af3410e508fa268bbc38dbdc600540c79bb1,70e7b9860c3f42898ceffd6a1ba3941d45f5a2aad95d3e7335388c748dce0a8a,7.299867153,cuda:0,151675,,
151675,GraphST,8,0.1462597214,0.3636319041,3592,7,f93d1b21de429287ee8d0d83945a178aa30f0ded1a4b5bd478c5b077ab992641,c658298d275fc817c6ffae808042af3410e508fa268bbc38dbdc600540c79bb1,70e7b9860c3f42898ceffd6a1ba3941d45f5a2aad95d3e7335388c748dce0a8a,7.464781761,cuda:0,151675,,
151675,GraphST,9,0.1614917608,0.3477414588,3592,7,f93d1b21de429287ee8d0d83945a178aa30f0ded1a4b5bd478c5b077ab992641,c658298d275fc817c6ffae808042af3410e508fa268bbc38dbdc600540c79bb1,70e7b9860c3f42898ceffd6a1ba3941d45f5a2aad95d3e7335388c748dce0a8a,7.066815138,cuda:0,151675,,
151675,GraphST,10,0.1372541022,0.3335419374,3592,7,f93d1b21de429287ee8d0d83945a178aa30f0ded1a4b5bd478c5b077ab992641,c658298d275fc817c6ffae808042af3410e508fa268bbc38dbdc600540c79bb1,70e7b9860c3f42898ceffd6a1ba3941d45f5a2aad95d3e7335388c748dce0a8a,7.111148834,cuda:0,151675,,
151675,GraphST,11,0.1560574677,0.4071179125,3592,7,f93d1b21de429287ee8d0d83945a178aa30f0ded1a4b5bd478c5b077ab992641,c658298d275fc817c6ffae808042af3410e508fa268bbc38dbdc600540c79bb1,70e7b9860c3f42898ceffd6a1ba3941d45f5a2aad95d3e7335388c748dce0a8a,7.051920176,cuda:0,151675,,
151675,GraphST,12,0.1720322507,0.3530902163,3592,7,f93d1b21de429287ee8d0d83945a178aa30f0ded1a4b5bd478c5b077ab992641,c658298d275fc817c6ffae808042af3410e508fa268bbc38dbdc600540c79bb1,70e7b9860c3f42898ceffd6a1ba3941d45f5a2aad95d3e7335388c748dce0a8a,7.113462687,cuda:0,151675,,
151675,GraphST,13,0.1333557765,0.3139753163,3592,7,f93d1b21de429287ee8d0d83945a178aa30f0ded1a4b5bd478c5b077ab992641,c658298d275fc817c6ffae808042af3410e508fa268bbc38dbdc600540c79bb1,70e7b9860c3f42898ceffd6a1ba3941d45f5a2aad95d3e7335388c748dce0a8a,7.245518208,cuda:0,151675,,
151675,GraphST,14,0.1592493918,0.3748792269,3592,7,f93d1b21de429287ee8d0d83945a178aa30f0ded1a4b5bd478c5b077ab992641,c658298d275fc817c6ffae808042af3410e508fa268bbc38dbdc600540c79bb1,70e7b9860c3f42898ceffd6a1ba3941d45f5a2aad95d3e7335388c748dce0a8a,7.04259944,cuda:0,151675,,
151675,GraphST,15,0.1289609744,0.3063661146,3592,7,f93d1b21de429287ee8d0d83945a178aa30f0ded1a4b5bd478c5b077ab992641,c658298d275fc817c6ffae808042af3410e508fa268bbc38dbdc600540c79bb1,70e7b9860c3f42898ceffd6a1ba3941d45f5a2aad95d3e7335388c748dce0a8a,7.084279299,cuda:0,151675,,
151675,GraphST,16,0.1459023812,0.3762676809,3592,7,f93d1b21de429287ee8d0d83945a178aa30f0ded1a4b5bd478c5b077ab992641,c658298d275fc817c6ffae808042af3410e508fa268bbc38dbdc600540c79bb1,70e7b9860c3f42898ceffd6a1ba3941d45f5a2aad95d3e7335388c748dce0a8a,7.243900776,cuda:0,151675,,
151675,GraphST,17,0.1468197551,0.3930738597,3592,7,f93d1b21de429287ee8d0d83945a178aa30f0ded1a4b5bd478c5b077ab992641,c658298d275fc817c6ffae808042af3410e508fa268bbc38dbdc600540c79bb1,70e7b9860c3f42898ceffd6a1ba3941d45f5a2aad95d3e7335388c748dce0a8a,7.177826166,cuda:0,151675,,
151675,GraphST,18,0.1271288261,0.3456010228,3592,7,f93d1b21de429287ee8d0d83945a178aa30f0ded1a4b5bd478c5b077ab992641,c658298d275fc817c6ffae808042af3410e508fa268bbc38dbdc600540c79bb1,70e7b9860c3f42898ceffd6a1ba3941d45f5a2aad95d3e7335388c748dce0a8a,7.288913727,cuda:0,151675,,
151675,GraphST,19,0.1968122062,0.3565388216,3592,7,f93d1b21de429287ee8d0d83945a178aa30f0ded1a4b5bd478c5b077ab992641,c658298d275fc817c6ffae808042af3410e508fa268bbc38dbdc600540c79bb1,70e7b9860c3f42898ceffd6a1ba3941d45f5a2aad95d3e7335388c748dce0a8a,6.913796186,cuda:0,151675,,
151675,GraphST,20,0.1606151606,0.3862320653,3592,7,f93d1b21de429287ee8d0d83945a178aa30f0ded1a4b5bd478c5b077ab992641,c658298d275fc817c6ffae808042af3410e508fa268bbc38dbdc600540c79bb1,70e7b9860c3f42898ceffd6a1ba3941d45f5a2aad95d3e7335388c748dce0a8a,7.104141474,cuda:0,151675,,
151675,STAGATE,1,0.1596539691,0.3751492755,3592,7,f93d1b21de429287ee8d0d83945a178aa30f0ded1a4b5bd478c5b077ab992641,c658298d275fc817c6ffae808042af3410e508fa268bbc38dbdc600540c79bb1,92bbb453eb0d9d7f508b8f35dd66d0b313fa677a3f3d1403b890cb7b1bc396d0,8.060680628,cuda:0,151675,,
151675,STAGATE,2,0.2162104216,0.4143821823,3592,7,f93d1b21de429287ee8d0d83945a178aa30f0ded1a4b5bd478c5b077ab992641,c658298d275fc817c6ffae808042af3410e508fa268bbc38dbdc600540c79bb1,92bbb453eb0d9d7f508b8f35dd66d0b313fa677a3f3d1403b890cb7b1bc396d0,3.581130743,cuda:0,151675,,
151675,STAGATE,3,0.2053370133,0.3805594571,3592,7,f93d1b21de429287ee8d0d83945a178aa30f0ded1a4b5bd478c5b077ab992641,c658298d275fc817c6ffae808042af3410e508fa268bbc38dbdc600540c79bb1,92bbb453eb0d9d7f508b8f35dd66d0b313fa677a3f3d1403b890cb7b1bc396d0,4.014081001,cuda:0,151675,,
151675,STAGATE,4,0.1798929876,0.3606960713,3592,7,f93d1b21de429287ee8d0d83945a178aa30f0ded1a4b5bd478c5b077ab992641,c658298d275fc817c6ffae808042af3410e508fa268bbc38dbdc600540c79bb1,92bbb453eb0d9d7f508b8f35dd66d0b313fa677a3f3d1403b890cb7b1bc396d0,3.894220591,cuda:0,151675,,
151675,STAGATE,5,0.190612256,0.3681889214,3592,7,f93d1b21de429287ee8d0d83945a178aa30f0ded1a4b5bd478c5b077ab992641,c658298d275fc817c6ffae808042af3410e508fa268bbc38dbdc600540c79bb1,92bbb453eb0d9d7f508b8f35dd66d0b313fa677a3f3d1403b890cb7b1bc396d0,3.833833933,cuda:0,151675,,
151675,STAGATE,6,0.1984382291,0.3712577679,3592,7,f93d1b21de429287ee8d0d83945a178aa30f0ded1a4b5bd478c5b077ab992641,c658298d275fc817c6ffae808042af3410e508fa268bbc38dbdc600540c79bb1,92bbb453eb0d9d7f508b8f35dd66d0b313fa677a3f3d1403b890cb7b1bc396d0,4.771409035,cuda:0,151675,,
151675,STAGATE,7,0.191515806,0.3728647648,3592,7,f93d1b21de429287ee8d0d83945a178aa30f0ded1a4b5bd478c5b077ab992641,c658298d275fc817c6ffae808042af3410e508fa268bbc38dbdc600540c79bb1,92bbb453eb0d9d7f508b8f35dd66d0b313fa677a3f3d1403b890cb7b1bc396d0,4.700009108,cuda:0,151675,,
151675,STAGATE,8,0.2012699902,0.393552875,3592,7,f93d1b21de429287ee8d0d83945a178aa30f0ded1a4b5bd478c5b077ab992641,c658298d275fc817c6ffae808042af3410e508fa268bbc38dbdc600540c79bb1,92bbb453eb0d9d7f508b8f35dd66d0b313fa677a3f3d1403b890cb7b1bc396d0,5.144559383,cuda:0,151675,,
151675,STAGATE,9,0.1694411322,0.3316019221,3592,7,f93d1b21de429287ee8d0d83945a178aa30f0ded1a4b5bd478c5b077ab992641,c658298d275fc817c6ffae808042af3410e508fa268bbc38dbdc600540c79bb1,92bbb453eb0d9d7f508b8f35dd66d0b313fa677a3f3d1403b890cb7b1bc396d0,4.207010269,cuda:0,151675,,
151675,STAGATE,10,0.1602370567,0.3351328087,3592,7,f93d1b21de429287ee8d0d83945a178aa30f0ded1a4b5bd478c5b077ab992641,c658298d275fc817c6ffae808042af3410e508fa268bbc38dbdc600540c79bb1,92bbb453eb0d9d7f508b8f35dd66d0b313fa677a3f3d1403b890cb7b1bc396d0,4.700795174,cuda:0,151675,,
151675,STAGATE,11,0.1446481605,0.3308890912,3592,7,f93d1b21de429287ee8d0d83945a178aa30f0ded1a4b5bd478c5b077ab992641,c658298d275fc817c6ffae808042af3410e508fa268bbc38dbdc600540c79bb1,92bbb453eb0d9d7f508b8f35dd66d0b313fa677a3f3d1403b890cb7b1bc396d0,5.047233582,cuda:0,151675,,
151675,STAGATE,12,0.2185403548,0.3989806787,3592,7,f93d1b21de429287ee8d0d83945a178aa30f0ded1a4b5bd478c5b077ab992641,c658298d275fc817c6ffae808042af3410e508fa268bbc38dbdc600540c79bb1,92bbb453eb0d9d7f508b8f35dd66d0b313fa677a3f3d1403b890cb7b1bc396d0,4.382679462,cuda:0,151675,,
151675,STAGATE,13,0.1668612864,0.3622933603,3592,7,f93d1b21de429287ee8d0d83945a178aa30f0ded1a4b5bd478c5b077ab992641,c658298d275fc817c6ffae808042af3410e508fa268bbc38dbdc600540c79bb1,92bbb453eb0d9d7f508b8f35dd66d0b313fa677a3f3d1403b890cb7b1bc396d0,5.171692848,cuda:0,151675,,
151675,STAGATE,14,0.1695361887,0.3364474009,3592,7,f93d1b21de429287ee8d0d83945a178aa30f0ded1a4b5bd478c5b077ab992641,c658298d275fc817c6ffae808042af3410e508fa268bbc38dbdc600540c79bb1,92bbb453eb0d9d7f508b8f35dd66d0b313fa677a3f3d1403b890cb7b1bc396d0,4.526603937,cuda:0,151675,,
151675,STAGATE,15,0.1622451071,0.3279618961,3592,7,f93d1b21de429287ee8d0d83945a178aa30f0ded1a4b5bd478c5b077ab992641,c658298d275fc817c6ffae808042af3410e508fa268bbc38dbdc600540c79bb1,92bbb453eb0d9d7f508b8f35dd66d0b313fa677a3f3d1403b890cb7b1bc396d0,3.882645845,cuda:0,151675,,
151675,STAGATE,16,0.1422908927,0.3192729747,3592,7,f93d1b21de429287ee8d0d83945a178aa30f0ded1a4b5bd478c5b077ab992641,c658298d275fc817c6ffae808042af3410e508fa268bbc38dbdc600540c79bb1,92bbb453eb0d9d7f508b8f35dd66d0b313fa677a3f3d1403b890cb7b1bc396d0,4.242022276,cuda:0,151675,,
151675,STAGATE,17,0.1985497764,0.3643541199,3592,7,f93d1b21de429287ee8d0d83945a178aa30f0ded1a4b5bd478c5b077ab992641,c658298d275fc817c6ffae808042af3410e508fa268bbc38dbdc600540c79bb1,92bbb453eb0d9d7f508b8f35dd66d0b313fa677a3f3d1403b890cb7b1bc396d0,5.126136065,cuda:0,151675,,
151675,STAGATE,18,0.2161067968,0.4036118238,3592,7,f93d1b21de429287ee8d0d83945a178aa30f0ded1a4b5bd478c5b077ab992641,c658298d275fc817c6ffae808042af3410e508fa268bbc38dbdc600540c79bb1,92bbb453eb0d9d7f508b8f35dd66d0b313fa677a3f3d1403b890cb7b1bc396d0,4.880135775,cuda:0,151675,,
151675,STAGATE,19,0.2087332814,0.3866854572,3592,7,f93d1b21de429287ee8d0d83945a178aa30f0ded1a4b5bd478c5b077ab992641,c658298d275fc817c6ffae808042af3410e508fa268bbc38dbdc600540c79bb1,92bbb453eb0d9d7f508b8f35dd66d0b313fa677a3f3d1403b890cb7b1bc396d0,4.312159538,cuda:0,151675,,
151675,STAGATE,20,0.1841765132,0.3646769347,3592,7,f93d1b21de429287ee8d0d83945a178aa30f0ded1a4b5bd478c5b077ab992641,c658298d275fc817c6ffae808042af3410e508fa268bbc38dbdc600540c79bb1,92bbb453eb0d9d7f508b8f35dd66d0b313fa677a3f3d1403b890cb7b1bc396d0,4.415004015,cuda:0,151675,,
151675,SpaGCN,1,0.2327974704,0.3783056224,3592,7,f93d1b21de429287ee8d0d83945a178aa30f0ded1a4b5bd478c5b077ab992641,c658298d275fc817c6ffae808042af3410e508fa268bbc38dbdc600540c79bb1,9764a61d98ae3c1fac6c81fbc1e600ff9de323977bfcb699bd65b067a2fed1a4,28.81687546,cpu,151675,,
151675,SpaGCN,2,0.2169087638,0.3504559756,3592,7,f93d1b21de429287ee8d0d83945a178aa30f0ded1a4b5bd478c5b077ab992641,c658298d275fc817c6ffae808042af3410e508fa268bbc38dbdc600540c79bb1,9764a61d98ae3c1fac6c81fbc1e600ff9de323977bfcb699bd65b067a2fed1a4,20.20137429,cpu,151675,,
151675,SpaGCN,3,0.240276207,0.3919246437,3592,7,f93d1b21de429287ee8d0d83945a178aa30f0ded1a4b5bd478c5b077ab992641,c658298d275fc817c6ffae808042af3410e508fa268bbc38dbdc600540c79bb1,9764a61d98ae3c1fac6c81fbc1e600ff9de323977bfcb699bd65b067a2fed1a4,7.283126354,cpu,151675,,
151675,SpaGCN,4,0.2543717361,0.3904454956,3592,7,f93d1b21de429287ee8d0d83945a178aa30f0ded1a4b5bd478c5b077ab992641,c658298d275fc817c6ffae808042af3410e508fa268bbc38dbdc600540c79bb1,9764a61d98ae3c1fac6c81fbc1e600ff9de323977bfcb699bd65b067a2fed1a4,11.97707582,cpu,151675,,
151675,SpaGCN,5,0.2618405877,0.4160489109,3592,7,f93d1b21de429287ee8d0d83945a178aa30f0ded1a4b5bd478c5b077ab992641,c658298d275fc817c6ffae808042af3410e508fa268bbc38dbdc600540c79bb1,9764a61d98ae3c1fac6c81fbc1e600ff9de323977bfcb699bd65b067a2fed1a4,5.478174686,cpu,151675,,
151675,SpaGCN,6,0.2166781241,0.354090026,3592,7,f93d1b21de429287ee8d0d83945a178aa30f0ded1a4b5bd478c5b077ab992641,c658298d275fc817c6ffae808042af3410e508fa268bbc38dbdc600540c79bb1,9764a61d98ae3c1fac6c81fbc1e600ff9de323977bfcb699bd65b067a2fed1a4,15.35840678,cpu,151675,,
151675,SpaGCN,7,0.2268479984,0.3720496942,3592,7,f93d1b21de429287ee8d0d83945a178aa30f0ded1a4b5bd478c5b077ab992641,c658298d275fc817c6ffae808042af3410e508fa268bbc38dbdc600540c79bb1,9764a61d98ae3c1fac6c81fbc1e600ff9de323977bfcb699bd65b067a2fed1a4,24.69694877,cpu,151675,,
151675,SpaGCN,8,0.2399979227,0.3798543713,3592,7,f93d1b21de429287ee8d0d83945a178aa30f0ded1a4b5bd478c5b077ab992641,c658298d275fc817c6ffae808042af3410e508fa268bbc38dbdc600540c79bb1,9764a61d98ae3c1fac6c81fbc1e600ff9de323977bfcb699bd65b067a2fed1a4,24.04574037,cpu,151675,,
151675,SpaGCN,9,0.2676341451,0.3924984766,3592,7,f93d1b21de429287ee8d0d83945a178aa30f0ded1a4b5bd478c5b077ab992641,c658298d275fc817c6ffae808042af3410e508fa268bbc38dbdc600540c79bb1,9764a61d98ae3c1fac6c81fbc1e600ff9de323977bfcb699bd65b067a2fed1a4,23.80912685,cpu,151675,,
151675,SpaGCN,10,0.2132208246,0.354506037,3592,7,f93d1b21de429287ee8d0d83945a178aa30f0ded1a4b5bd478c5b077ab992641,c658298d275fc817c6ffae808042af3410e508fa268bbc38dbdc600540c79bb1,9764a61d98ae3c1fac6c81fbc1e600ff9de323977bfcb699bd65b067a2fed1a4,10.99753642,cpu,151675,,
151675,SpaGCN,11,0.2439646327,0.3809402332,3592,7,f93d1b21de429287ee8d0d83945a178aa30f0ded1a4b5bd478c5b077ab992641,c658298d275fc817c6ffae808042af3410e508fa268bbc38dbdc600540c79bb1,9764a61d98ae3c1fac6c81fbc1e600ff9de323977bfcb699bd65b067a2fed1a4,12.12516975,cpu,151675,,
151675,SpaGCN,12,0.2293132822,0.3740705988,3592,7,f93d1b21de429287ee8d0d83945a178aa30f0ded1a4b5bd478c5b077ab992641,c658298d275fc817c6ffae808042af3410e508fa268bbc38dbdc600540c79bb1,9764a61d98ae3c1fac6c81fbc1e600ff9de323977bfcb699bd65b067a2fed1a4,7.060379267,cpu,151675,,
151675,SpaGCN,13,0.2457494912,0.3959218396,3592,7,f93d1b21de429287ee8d0d83945a178aa30f0ded1a4b5bd478c5b077ab992641,c658298d275fc817c6ffae808042af3410e508fa268bbc38dbdc600540c79bb1,9764a61d98ae3c1fac6c81fbc1e600ff9de323977bfcb699bd65b067a2fed1a4,7.384715319,cpu,151675,,
151675,SpaGCN,14,0.2324373023,0.3793660571,3592,7,f93d1b21de429287ee8d0d83945a178aa30f0ded1a4b5bd478c5b077ab992641,c658298d275fc817c6ffae808042af3410e508fa268bbc38dbdc600540c79bb1,9764a61d98ae3c1fac6c81fbc1e600ff9de323977bfcb699bd65b067a2fed1a4,8.584025383,cpu,151675,,
151675,SpaGCN,15,0.2746691396,0.4362469408,3592,7,f93d1b21de429287ee8d0d83945a178aa30f0ded1a4b5bd478c5b077ab992641,c658298d275fc817c6ffae808042af3410e508fa268bbc38dbdc600540c79bb1,9764a61d98ae3c1fac6c81fbc1e600ff9de323977bfcb699bd65b067a2fed1a4,22.66864824,cpu,151675,,
151675,SpaGCN,16,0.2353022242,0.3908836145,3592,7,f93d1b21de429287ee8d0d83945a178aa30f0ded1a4b5bd478c5b077ab992641,c658298d275fc817c6ffae808042af3410e508fa268bbc38dbdc600540c79bb1,9764a61d98ae3c1fac6c81fbc1e600ff9de323977bfcb699bd65b067a2fed1a4,8.286745548,cpu,151675,,
151675,SpaGCN,17,0.2828374005,0.4209144338,3592,7,f93d1b21de429287ee8d0d83945a178aa30f0ded1a4b5bd478c5b077ab992641,c658298d275fc817c6ffae808042af3410e508fa268bbc38dbdc600540c79bb1,9764a61d98ae3c1fac6c81fbc1e600ff9de323977bfcb699bd65b067a2fed1a4,21.59106541,cpu,151675,,
151675,SpaGCN,18,0.223654418,0.3524656709,3592,7,f93d1b21de429287ee8d0d83945a178aa30f0ded1a4b5bd478c5b077ab992641,c658298d275fc817c6ffae808042af3410e508fa268bbc38dbdc600540c79bb1,9764a61d98ae3c1fac6c81fbc1e600ff9de323977bfcb699bd65b067a2fed1a4,15.43849111,cpu,151675,,
151675,SpaGCN,19,0.2298620765,0.3871821839,3592,7,f93d1b21de429287ee8d0d83945a178aa30f0ded1a4b5bd478c5b077ab992641,c658298d275fc817c6ffae808042af3410e508fa268bbc38dbdc600540c79bb1,9764a61d98ae3c1fac6c81fbc1e600ff9de323977bfcb699bd65b067a2fed1a4,11.60090351,cpu,151675,,
151675,SpaGCN,20,0.2555668901,0.3887031333,3592,7,f93d1b21de429287ee8d0d83945a178aa30f0ded1a4b5bd478c5b077ab992641,c658298d275fc817c6ffae808042af3410e508fa268bbc38dbdc600540c79bb1,9764a61d98ae3c1fac6c81fbc1e600ff9de323977bfcb699bd65b067a2fed1a4,11.24719834,cpu,151675,,
151675,BANKSY,1,0.2745394346,0.4730942342,3592,7,f93d1b21de429287ee8d0d83945a178aa30f0ded1a4b5bd478c5b077ab992641,c658298d275fc817c6ffae808042af3410e508fa268bbc38dbdc600540c79bb1,2fa2d0f252200b0ae5f357b818f3c26f3b0f34677058ff3f56037d9e7d90949f,7.900127649,cpu,151675,,
151675,BANKSY,2,0.1469224502,0.3608016296,3592,7,f93d1b21de429287ee8d0d83945a178aa30f0ded1a4b5bd478c5b077ab992641,c658298d275fc817c6ffae808042af3410e508fa268bbc38dbdc600540c79bb1,2fa2d0f252200b0ae5f357b818f3c26f3b0f34677058ff3f56037d9e7d90949f,0.6480534077,cpu,151675,,
151675,BANKSY,3,0.2740794118,0.4225789379,3592,7,f93d1b21de429287ee8d0d83945a178aa30f0ded1a4b5bd478c5b077ab992641,c658298d275fc817c6ffae808042af3410e508fa268bbc38dbdc600540c79bb1,2fa2d0f252200b0ae5f357b818f3c26f3b0f34677058ff3f56037d9e7d90949f,0.8116943836,cpu,151675,,
151675,BANKSY,4,0.2284256662,0.4139132878,3592,7,f93d1b21de429287ee8d0d83945a178aa30f0ded1a4b5bd478c5b077ab992641,c658298d275fc817c6ffae808042af3410e508fa268bbc38dbdc600540c79bb1,2fa2d0f252200b0ae5f357b818f3c26f3b0f34677058ff3f56037d9e7d90949f,0.6058394909,cpu,151675,,
151675,BANKSY,5,0.1868322533,0.3943331778,3592,7,f93d1b21de429287ee8d0d83945a178aa30f0ded1a4b5bd478c5b077ab992641,c658298d275fc817c6ffae808042af3410e508fa268bbc38dbdc600540c79bb1,2fa2d0f252200b0ae5f357b818f3c26f3b0f34677058ff3f56037d9e7d90949f,0.6773319244,cpu,151675,,
151675,BANKSY,6,0.1230743018,0.3446603491,3592,7,f93d1b21de429287ee8d0d83945a178aa30f0ded1a4b5bd478c5b077ab992641,c658298d275fc817c6ffae808042af3410e508fa268bbc38dbdc600540c79bb1,2fa2d0f252200b0ae5f357b818f3c26f3b0f34677058ff3f56037d9e7d90949f,0.5270028114,cpu,151675,,
151675,BANKSY,7,0.2899301439,0.4975967289,3592,7,f93d1b21de429287ee8d0d83945a178aa30f0ded1a4b5bd478c5b077ab992641,c658298d275fc817c6ffae808042af3410e508fa268bbc38dbdc600540c79bb1,2fa2d0f252200b0ae5f357b818f3c26f3b0f34677058ff3f56037d9e7d90949f,0.7432918549,cpu,151675,,
151675,BANKSY,8,0.2843978456,0.4987061472,3592,7,f93d1b21de429287ee8d0d83945a178aa30f0ded1a4b5bd478c5b077ab992641,c658298d275fc817c6ffae808042af3410e508fa268bbc38dbdc600540c79bb1,2fa2d0f252200b0ae5f357b818f3c26f3b0f34677058ff3f56037d9e7d90949f,0.968449831,cpu,151675,,
151675,BANKSY,9,0.2540751421,0.4503598834,3592,7,f93d1b21de429287ee8d0d83945a178aa30f0ded1a4b5bd478c5b077ab992641,c658298d275fc817c6ffae808042af3410e508fa268bbc38dbdc600540c79bb1,2fa2d0f252200b0ae5f357b818f3c26f3b0f34677058ff3f56037d9e7d90949f,0.6580548286,cpu,151675,,
151675,BANKSY,10,0.1771516848,0.3556096005,3592,7,f93d1b21de429287ee8d0d83945a178aa30f0ded1a4b5bd478c5b077ab992641,c658298d275fc817c6ffae808042af3410e508fa268bbc38dbdc600540c79bb1,2fa2d0f252200b0ae5f357b818f3c26f3b0f34677058ff3f56037d9e7d90949f,0.5259821415,cpu,151675,,
151675,BANKSY,11,0.1568142521,0.3388876521,3592,7,f93d1b21de429287ee8d0d83945a178aa30f0ded1a4b5bd478c5b077ab992641,c658298d275fc817c6ffae808042af3410e508fa268bbc38dbdc600540c79bb1,2fa2d0f252200b0ae5f357b818f3c26f3b0f34677058ff3f56037d9e7d90949f,0.5111398697,cpu,151675,,
151675,BANKSY,12,0.2400385995,0.4295339822,3592,7,f93d1b21de429287ee8d0d83945a178aa30f0ded1a4b5bd478c5b077ab992641,c658298d275fc817c6ffae808042af3410e508fa268bbc38dbdc600540c79bb1,2fa2d0f252200b0ae5f357b818f3c26f3b0f34677058ff3f56037d9e7d90949f,0.6173429489,cpu,151675,,
151675,BANKSY,13,0.2907376085,0.4985656046,3592,7,f93d1b21de429287ee8d0d83945a178aa30f0ded1a4b5bd478c5b077ab992641,c658298d275fc817c6ffae808042af3410e508fa268bbc38dbdc600540c79bb1,2fa2d0f252200b0ae5f357b818f3c26f3b0f34677058ff3f56037d9e7d90949f,0.5969514847,cpu,151675,,
151675,BANKSY,14,0.1988244997,0.3963046065,3592,7,f93d1b21de429287ee8d0d83945a178aa30f0ded1a4b5bd478c5b077ab992641,c658298d275fc817c6ffae808042af3410e508fa268bbc38dbdc600540c79bb1,2fa2d0f252200b0ae5f357b818f3c26f3b0f34677058ff3f56037d9e7d90949f,0.4788000584,cpu,151675,,
151675,BANKSY,15,0.2898086019,0.4975396622,3592,7,f93d1b21de429287ee8d0d83945a178aa30f0ded1a4b5bd478c5b077ab992641,c658298d275fc817c6ffae808042af3410e508fa268bbc38dbdc600540c79bb1,2fa2d0f252200b0ae5f357b818f3c26f3b0f34677058ff3f56037d9e7d90949f,0.6389939785,cpu,151675,,
151675,BANKSY,16,0.2902957197,0.4979749755,3592,7,f93d1b21de429287ee8d0d83945a178aa30f0ded1a4b5bd478c5b077ab992641,c658298d275fc817c6ffae808042af3410e508fa268bbc38dbdc600540c79bb1,2fa2d0f252200b0ae5f357b818f3c26f3b0f34677058ff3f56037d9e7d90949f,0.7357242107,cpu,151675,,
151675,BANKSY,17,0.2908344232,0.4985905454,3592,7,f93d1b21de429287ee8d0d83945a178aa30f0ded1a4b5bd478c5b077ab992641,c658298d275fc817c6ffae808042af3410e508fa268bbc38dbdc600540c79bb1,2fa2d0f252200b0ae5f357b818f3c26f3b0f34677058ff3f56037d9e7d90949f,0.3777186871,cpu,151675,,
151675,BANKSY,18,0.1786479717,0.3534191808,3592,7,f93d1b21de429287ee8d0d83945a178aa30f0ded1a4b5bd478c5b077ab992641,c658298d275fc817c6ffae808042af3410e508fa268bbc38dbdc600540c79bb1,2fa2d0f252200b0ae5f357b818f3c26f3b0f34677058ff3f56037d9e7d90949f,0.4451022148,cpu,151675,,
151675,BANKSY,19,0.3262488181,0.5176449942,3592,7,f93d1b21de429287ee8d0d83945a178aa30f0ded1a4b5bd478c5b077ab992641,c658298d275fc817c6ffae808042af3410e508fa268bbc38dbdc600540c79bb1,2fa2d0f252200b0ae5f357b818f3c26f3b0f34677058ff3f56037d9e7d90949f,0.4424850941,cpu,151675,,
151675,BANKSY,20,0.2376444978,0.4459807703,3592,7,f93d1b21de429287ee8d0d83945a178aa30f0ded1a4b5bd478c5b077ab992641,c658298d275fc817c6ffae808042af3410e508fa268bbc38dbdc600540c79bb1,2fa2d0f252200b0ae5f357b818f3c26f3b0f34677058ff3f56037d9e7d90949f,0.4413301945,cpu,151675,,
151675,SEDR,1,0.52623985958999997,0.66369910720199998,3592,7,,,,,,151675,3592,18658
151675,SEDR,2,0.48113567805000002,0.63821864888900004,3592,7,,,,,,151675,3592,18658
151675,SEDR,3,0.53558730947199995,0.69712395645199998,3592,7,,,,,,151675,3592,18658
151675,SEDR,4,0.59393611148600001,0.68732937611199996,3592,7,,,,,,151675,3592,18658
151675,SEDR,5,0.499859613057,0.64895627280599999,3592,7,,,,,,151675,3592,18658
151675,SEDR,6,0.51292359684300004,0.65890237566800003,3592,7,,,,,,151675,3592,18658
151675,SEDR,7,0.543097890546,0.67116962517099998,3592,7,,,,,,151675,3592,18658
151675,SEDR,8,0.52897713599499996,0.66697080612199999,3592,7,,,,,,151675,3592,18658
151675,SEDR,9,0.557550439156,0.67461451021399998,3592,7,,,,,,151675,3592,18658
151675,SEDR,10,0.52212934404199995,0.66913982325700005,3592,7,,,,,,151675,3592,18658
151675,SEDR,11,0.567993688981,0.70981787142200004,3592,7,,,,,,151675,3592,18658
151675,SEDR,12,0.57884661090900003,0.70662081483200001,3592,7,,,,,,151675,3592,18658
151675,SEDR,13,0.55114096319200001,0.69728636897499996,3592,7,,,,,,151675,3592,18658
151675,SEDR,14,0.56788113971599996,0.69738970546000001,3592,7,,,,,,151675,3592,18658
151675,SEDR,15,0.50127039602599999,0.65806095456799996,3592,7,,,,,,151675,3592,18658
151675,SEDR,16,0.50224774137299999,0.65061692044399999,3592,7,,,,,,151675,3592,18658
151675,SEDR,17,0.49387953545899999,0.63627934131599995,3592,7,,,,,,151675,3592,18658
151675,SEDR,18,0.54201956470500001,0.681609895317,3592,7,,,,,,151675,3592,18658
151675,SEDR,19,0.60177879483399999,0.71196433195700004,3592,7,,,,,,151675,3592,18658
151675,SEDR,20,0.53719788400599999,0.66969183720199998,3592,7,,,,,,151675,3592,18658
151676,GraphST,1,0.1599567402,0.3626793491,3460,7,2940f25093d0190213415a8789c673050c7abf8e6e50ca41d1b998d378e3bfe3,4f256640874c5ae71d2856cd919b3461cae740b08a201eb9b9ae7240a6c4b78a,9b0df131dc494de55862190c2cb66a39a58b12899a0c55c5f52b356629ae9e2a,10.39568591,cuda:0,151676,,
151676,GraphST,2,0.1538027148,0.3514162839,3460,7,2940f25093d0190213415a8789c673050c7abf8e6e50ca41d1b998d378e3bfe3,4f256640874c5ae71d2856cd919b3461cae740b08a201eb9b9ae7240a6c4b78a,9b0df131dc494de55862190c2cb66a39a58b12899a0c55c5f52b356629ae9e2a,6.85803628,cuda:0,151676,,
151676,GraphST,3,0.1568776079,0.3577727334,3460,7,2940f25093d0190213415a8789c673050c7abf8e6e50ca41d1b998d378e3bfe3,4f256640874c5ae71d2856cd919b3461cae740b08a201eb9b9ae7240a6c4b78a,9b0df131dc494de55862190c2cb66a39a58b12899a0c55c5f52b356629ae9e2a,6.800449848,cuda:0,151676,,
151676,GraphST,4,0.1608038727,0.3528873069,3460,7,2940f25093d0190213415a8789c673050c7abf8e6e50ca41d1b998d378e3bfe3,4f256640874c5ae71d2856cd919b3461cae740b08a201eb9b9ae7240a6c4b78a,9b0df131dc494de55862190c2cb66a39a58b12899a0c55c5f52b356629ae9e2a,6.875451803,cuda:0,151676,,
151676,GraphST,5,0.1645929072,0.365158746,3460,7,2940f25093d0190213415a8789c673050c7abf8e6e50ca41d1b998d378e3bfe3,4f256640874c5ae71d2856cd919b3461cae740b08a201eb9b9ae7240a6c4b78a,9b0df131dc494de55862190c2cb66a39a58b12899a0c55c5f52b356629ae9e2a,6.895880222,cuda:0,151676,,
151676,GraphST,6,0.1613220935,0.3613391175,3460,7,2940f25093d0190213415a8789c673050c7abf8e6e50ca41d1b998d378e3bfe3,4f256640874c5ae71d2856cd919b3461cae740b08a201eb9b9ae7240a6c4b78a,9b0df131dc494de55862190c2cb66a39a58b12899a0c55c5f52b356629ae9e2a,6.912879229,cuda:0,151676,,
151676,GraphST,7,0.1514703135,0.357717049,3460,7,2940f25093d0190213415a8789c673050c7abf8e6e50ca41d1b998d378e3bfe3,4f256640874c5ae71d2856cd919b3461cae740b08a201eb9b9ae7240a6c4b78a,9b0df131dc494de55862190c2cb66a39a58b12899a0c55c5f52b356629ae9e2a,7.136126041,cuda:0,151676,,
151676,GraphST,8,0.160196126,0.360357491,3460,7,2940f25093d0190213415a8789c673050c7abf8e6e50ca41d1b998d378e3bfe3,4f256640874c5ae71d2856cd919b3461cae740b08a201eb9b9ae7240a6c4b78a,9b0df131dc494de55862190c2cb66a39a58b12899a0c55c5f52b356629ae9e2a,6.750601053,cuda:0,151676,,
151676,GraphST,9,0.1564823505,0.3499378924,3460,7,2940f25093d0190213415a8789c673050c7abf8e6e50ca41d1b998d378e3bfe3,4f256640874c5ae71d2856cd919b3461cae740b08a201eb9b9ae7240a6c4b78a,9b0df131dc494de55862190c2cb66a39a58b12899a0c55c5f52b356629ae9e2a,6.79244113,cuda:0,151676,,
151676,GraphST,10,0.1756216877,0.3798278675,3460,7,2940f25093d0190213415a8789c673050c7abf8e6e50ca41d1b998d378e3bfe3,4f256640874c5ae71d2856cd919b3461cae740b08a201eb9b9ae7240a6c4b78a,9b0df131dc494de55862190c2cb66a39a58b12899a0c55c5f52b356629ae9e2a,6.84957695,cuda:0,151676,,
151676,GraphST,11,0.1685187016,0.3556695393,3460,7,2940f25093d0190213415a8789c673050c7abf8e6e50ca41d1b998d378e3bfe3,4f256640874c5ae71d2856cd919b3461cae740b08a201eb9b9ae7240a6c4b78a,9b0df131dc494de55862190c2cb66a39a58b12899a0c55c5f52b356629ae9e2a,6.983630896,cuda:0,151676,,
151676,GraphST,12,0.1612530744,0.3656527131,3460,7,2940f25093d0190213415a8789c673050c7abf8e6e50ca41d1b998d378e3bfe3,4f256640874c5ae71d2856cd919b3461cae740b08a201eb9b9ae7240a6c4b78a,9b0df131dc494de55862190c2cb66a39a58b12899a0c55c5f52b356629ae9e2a,6.988171339,cuda:0,151676,,
151676,GraphST,13,0.1705886643,0.3712268757,3460,7,2940f25093d0190213415a8789c673050c7abf8e6e50ca41d1b998d378e3bfe3,4f256640874c5ae71d2856cd919b3461cae740b08a201eb9b9ae7240a6c4b78a,9b0df131dc494de55862190c2cb66a39a58b12899a0c55c5f52b356629ae9e2a,6.821368217,cuda:0,151676,,
151676,GraphST,14,0.1545436747,0.3577691874,3460,7,2940f25093d0190213415a8789c673050c7abf8e6e50ca41d1b998d378e3bfe3,4f256640874c5ae71d2856cd919b3461cae740b08a201eb9b9ae7240a6c4b78a,9b0df131dc494de55862190c2cb66a39a58b12899a0c55c5f52b356629ae9e2a,6.849918604,cuda:0,151676,,
151676,GraphST,15,0.1754103718,0.3716572247,3460,7,2940f25093d0190213415a8789c673050c7abf8e6e50ca41d1b998d378e3bfe3,4f256640874c5ae71d2856cd919b3461cae740b08a201eb9b9ae7240a6c4b78a,9b0df131dc494de55862190c2cb66a39a58b12899a0c55c5f52b356629ae9e2a,6.945608854,cuda:0,151676,,
151676,GraphST,16,0.161949752,0.3599078876,3460,7,2940f25093d0190213415a8789c673050c7abf8e6e50ca41d1b998d378e3bfe3,4f256640874c5ae71d2856cd919b3461cae740b08a201eb9b9ae7240a6c4b78a,9b0df131dc494de55862190c2cb66a39a58b12899a0c55c5f52b356629ae9e2a,6.800266981,cuda:0,151676,,
151676,GraphST,17,0.1772428871,0.3703064112,3460,7,2940f25093d0190213415a8789c673050c7abf8e6e50ca41d1b998d378e3bfe3,4f256640874c5ae71d2856cd919b3461cae740b08a201eb9b9ae7240a6c4b78a,9b0df131dc494de55862190c2cb66a39a58b12899a0c55c5f52b356629ae9e2a,6.79128027,cuda:0,151676,,
151676,GraphST,18,0.1261628588,0.3054552671,3460,7,2940f25093d0190213415a8789c673050c7abf8e6e50ca41d1b998d378e3bfe3,4f256640874c5ae71d2856cd919b3461cae740b08a201eb9b9ae7240a6c4b78a,9b0df131dc494de55862190c2cb66a39a58b12899a0c55c5f52b356629ae9e2a,6.974812984,cuda:0,151676,,
151676,GraphST,19,0.1670420641,0.3546421612,3460,7,2940f25093d0190213415a8789c673050c7abf8e6e50ca41d1b998d378e3bfe3,4f256640874c5ae71d2856cd919b3461cae740b08a201eb9b9ae7240a6c4b78a,9b0df131dc494de55862190c2cb66a39a58b12899a0c55c5f52b356629ae9e2a,6.850620747,cuda:0,151676,,
151676,GraphST,20,0.1545443647,0.351383561,3460,7,2940f25093d0190213415a8789c673050c7abf8e6e50ca41d1b998d378e3bfe3,4f256640874c5ae71d2856cd919b3461cae740b08a201eb9b9ae7240a6c4b78a,9b0df131dc494de55862190c2cb66a39a58b12899a0c55c5f52b356629ae9e2a,6.964260101,cuda:0,151676,,
151676,STAGATE,1,0.1687571777,0.3531532247,3460,7,2940f25093d0190213415a8789c673050c7abf8e6e50ca41d1b998d378e3bfe3,4f256640874c5ae71d2856cd919b3461cae740b08a201eb9b9ae7240a6c4b78a,15757db2346cc74313266582523f406379af3ef6bb3d71c31c4b14aab7e18594,8.832836628,cuda:0,151676,,
151676,STAGATE,2,0.1693948551,0.3901412852,3460,7,2940f25093d0190213415a8789c673050c7abf8e6e50ca41d1b998d378e3bfe3,4f256640874c5ae71d2856cd919b3461cae740b08a201eb9b9ae7240a6c4b78a,15757db2346cc74313266582523f406379af3ef6bb3d71c31c4b14aab7e18594,3.688626289,cuda:0,151676,,
151676,STAGATE,3,0.1803476804,0.3600749982,3460,7,2940f25093d0190213415a8789c673050c7abf8e6e50ca41d1b998d378e3bfe3,4f256640874c5ae71d2856cd919b3461cae740b08a201eb9b9ae7240a6c4b78a,15757db2346cc74313266582523f406379af3ef6bb3d71c31c4b14aab7e18594,3.779008389,cuda:0,151676,,
151676,STAGATE,4,0.175398405,0.3537507324,3460,7,2940f25093d0190213415a8789c673050c7abf8e6e50ca41d1b998d378e3bfe3,4f256640874c5ae71d2856cd919b3461cae740b08a201eb9b9ae7240a6c4b78a,15757db2346cc74313266582523f406379af3ef6bb3d71c31c4b14aab7e18594,3.878272772,cuda:0,151676,,
151676,STAGATE,5,0.1521197169,0.3232558393,3460,7,2940f25093d0190213415a8789c673050c7abf8e6e50ca41d1b998d378e3bfe3,4f256640874c5ae71d2856cd919b3461cae740b08a201eb9b9ae7240a6c4b78a,15757db2346cc74313266582523f406379af3ef6bb3d71c31c4b14aab7e18594,4.608947277,cuda:0,151676,,
151676,STAGATE,6,0.2027708594,0.390164955,3460,7,2940f25093d0190213415a8789c673050c7abf8e6e50ca41d1b998d378e3bfe3,4f256640874c5ae71d2856cd919b3461cae740b08a201eb9b9ae7240a6c4b78a,15757db2346cc74313266582523f406379af3ef6bb3d71c31c4b14aab7e18594,4.026148558,cuda:0,151676,,
151676,STAGATE,7,0.1835828199,0.3661056613,3460,7,2940f25093d0190213415a8789c673050c7abf8e6e50ca41d1b998d378e3bfe3,4f256640874c5ae71d2856cd919b3461cae740b08a201eb9b9ae7240a6c4b78a,15757db2346cc74313266582523f406379af3ef6bb3d71c31c4b14aab7e18594,5.544451714,cuda:0,151676,,
151676,STAGATE,8,0.1568909195,0.3755503875,3460,7,2940f25093d0190213415a8789c673050c7abf8e6e50ca41d1b998d378e3bfe3,4f256640874c5ae71d2856cd919b3461cae740b08a201eb9b9ae7240a6c4b78a,15757db2346cc74313266582523f406379af3ef6bb3d71c31c4b14aab7e18594,5.620253801,cuda:0,151676,,
151676,STAGATE,9,0.207139419,0.3744362653,3460,7,2940f25093d0190213415a8789c673050c7abf8e6e50ca41d1b998d378e3bfe3,4f256640874c5ae71d2856cd919b3461cae740b08a201eb9b9ae7240a6c4b78a,15757db2346cc74313266582523f406379af3ef6bb3d71c31c4b14aab7e18594,4.814043522,cuda:0,151676,,
151676,STAGATE,10,0.1809270964,0.3623011385,3460,7,2940f25093d0190213415a8789c673050c7abf8e6e50ca41d1b998d378e3bfe3,4f256640874c5ae71d2856cd919b3461cae740b08a201eb9b9ae7240a6c4b78a,15757db2346cc74313266582523f406379af3ef6bb3d71c31c4b14aab7e18594,4.29106617,cuda:0,151676,,
151676,STAGATE,11,0.192370922,0.3672374099,3460,7,2940f25093d0190213415a8789c673050c7abf8e6e50ca41d1b998d378e3bfe3,4f256640874c5ae71d2856cd919b3461cae740b08a201eb9b9ae7240a6c4b78a,15757db2346cc74313266582523f406379af3ef6bb3d71c31c4b14aab7e18594,4.805566311,cuda:0,151676,,
151676,STAGATE,12,0.1819803552,0.3606931885,3460,7,2940f25093d0190213415a8789c673050c7abf8e6e50ca41d1b998d378e3bfe3,4f256640874c5ae71d2856cd919b3461cae740b08a201eb9b9ae7240a6c4b78a,15757db2346cc74313266582523f406379af3ef6bb3d71c31c4b14aab7e18594,4.402765274,cuda:0,151676,,
151676,STAGATE,13,0.1740726827,0.3482224402,3460,7,2940f25093d0190213415a8789c673050c7abf8e6e50ca41d1b998d378e3bfe3,4f256640874c5ae71d2856cd919b3461cae740b08a201eb9b9ae7240a6c4b78a,15757db2346cc74313266582523f406379af3ef6bb3d71c31c4b14aab7e18594,4.197103024,cuda:0,151676,,
151676,STAGATE,14,0.1683305938,0.3616751007,3460,7,2940f25093d0190213415a8789c673050c7abf8e6e50ca41d1b998d378e3bfe3,4f256640874c5ae71d2856cd919b3461cae740b08a201eb9b9ae7240a6c4b78a,15757db2346cc74313266582523f406379af3ef6bb3d71c31c4b14aab7e18594,4.399276495,cuda:0,151676,,
151676,STAGATE,15,0.2004379975,0.3713120923,3460,7,2940f25093d0190213415a8789c673050c7abf8e6e50ca41d1b998d378e3bfe3,4f256640874c5ae71d2856cd919b3461cae740b08a201eb9b9ae7240a6c4b78a,15757db2346cc74313266582523f406379af3ef6bb3d71c31c4b14aab7e18594,4.196612358,cuda:0,151676,,
151676,STAGATE,16,0.174002066,0.3516297047,3460,7,2940f25093d0190213415a8789c673050c7abf8e6e50ca41d1b998d378e3bfe3,4f256640874c5ae71d2856cd919b3461cae740b08a201eb9b9ae7240a6c4b78a,15757db2346cc74313266582523f406379af3ef6bb3d71c31c4b14aab7e18594,4.490649462,cuda:0,151676,,
151676,STAGATE,17,0.1645199558,0.347325623,3460,7,2940f25093d0190213415a8789c673050c7abf8e6e50ca41d1b998d378e3bfe3,4f256640874c5ae71d2856cd919b3461cae740b08a201eb9b9ae7240a6c4b78a,15757db2346cc74313266582523f406379af3ef6bb3d71c31c4b14aab7e18594,4.508124352,cuda:0,151676,,
151676,STAGATE,18,0.2118890594,0.3652970154,3460,7,2940f25093d0190213415a8789c673050c7abf8e6e50ca41d1b998d378e3bfe3,4f256640874c5ae71d2856cd919b3461cae740b08a201eb9b9ae7240a6c4b78a,15757db2346cc74313266582523f406379af3ef6bb3d71c31c4b14aab7e18594,4.401210785,cuda:0,151676,,
151676,STAGATE,19,0.1705433875,0.355351221,3460,7,2940f25093d0190213415a8789c673050c7abf8e6e50ca41d1b998d378e3bfe3,4f256640874c5ae71d2856cd919b3461cae740b08a201eb9b9ae7240a6c4b78a,15757db2346cc74313266582523f406379af3ef6bb3d71c31c4b14aab7e18594,4.134464979,cuda:0,151676,,
151676,STAGATE,20,0.1559469725,0.3773689776,3460,7,2940f25093d0190213415a8789c673050c7abf8e6e50ca41d1b998d378e3bfe3,4f256640874c5ae71d2856cd919b3461cae740b08a201eb9b9ae7240a6c4b78a,15757db2346cc74313266582523f406379af3ef6bb3d71c31c4b14aab7e18594,5.077512264,cuda:0,151676,,
151676,SpaGCN,1,0.2568151675,0.3918947148,3460,7,2940f25093d0190213415a8789c673050c7abf8e6e50ca41d1b998d378e3bfe3,4f256640874c5ae71d2856cd919b3461cae740b08a201eb9b9ae7240a6c4b78a,c72871f7332476b2db1eafba4a2ddfe8dffa2bc2023daf40704b1f4a841cf7ab,17.02713394,cpu,151676,,
151676,SpaGCN,2,0.2194843261,0.3461703364,3460,7,2940f25093d0190213415a8789c673050c7abf8e6e50ca41d1b998d378e3bfe3,4f256640874c5ae71d2856cd919b3461cae740b08a201eb9b9ae7240a6c4b78a,c72871f7332476b2db1eafba4a2ddfe8dffa2bc2023daf40704b1f4a841cf7ab,11.44515443,cpu,151676,,
151676,SpaGCN,3,0.220430222,0.3586581836,3460,7,2940f25093d0190213415a8789c673050c7abf8e6e50ca41d1b998d378e3bfe3,4f256640874c5ae71d2856cd919b3461cae740b08a201eb9b9ae7240a6c4b78a,c72871f7332476b2db1eafba4a2ddfe8dffa2bc2023daf40704b1f4a841cf7ab,5.004389048,cpu,151676,,
151676,SpaGCN,4,0.2045525552,0.3274078941,3460,7,2940f25093d0190213415a8789c673050c7abf8e6e50ca41d1b998d378e3bfe3,4f256640874c5ae71d2856cd919b3461cae740b08a201eb9b9ae7240a6c4b78a,c72871f7332476b2db1eafba4a2ddfe8dffa2bc2023daf40704b1f4a841cf7ab,13.62949014,cpu,151676,,
151676,SpaGCN,5,0.207255291,0.3462724208,3460,7,2940f25093d0190213415a8789c673050c7abf8e6e50ca41d1b998d378e3bfe3,4f256640874c5ae71d2856cd919b3461cae740b08a201eb9b9ae7240a6c4b78a,c72871f7332476b2db1eafba4a2ddfe8dffa2bc2023daf40704b1f4a841cf7ab,14.16841173,cpu,151676,,
151676,SpaGCN,6,0.2267384799,0.3564907181,3460,7,2940f25093d0190213415a8789c673050c7abf8e6e50ca41d1b998d378e3bfe3,4f256640874c5ae71d2856cd919b3461cae740b08a201eb9b9ae7240a6c4b78a,c72871f7332476b2db1eafba4a2ddfe8dffa2bc2023daf40704b1f4a841cf7ab,14.83700275,cpu,151676,,
151676,SpaGCN,7,0.2344063666,0.3685097055,3460,7,2940f25093d0190213415a8789c673050c7abf8e6e50ca41d1b998d378e3bfe3,4f256640874c5ae71d2856cd919b3461cae740b08a201eb9b9ae7240a6c4b78a,c72871f7332476b2db1eafba4a2ddfe8dffa2bc2023daf40704b1f4a841cf7ab,15.51969266,cpu,151676,,
151676,SpaGCN,8,0.2108320081,0.3411549072,3460,7,2940f25093d0190213415a8789c673050c7abf8e6e50ca41d1b998d378e3bfe3,4f256640874c5ae71d2856cd919b3461cae740b08a201eb9b9ae7240a6c4b78a,c72871f7332476b2db1eafba4a2ddfe8dffa2bc2023daf40704b1f4a841cf7ab,14.69046712,cpu,151676,,
151676,SpaGCN,9,0.2256582755,0.3530949203,3460,7,2940f25093d0190213415a8789c673050c7abf8e6e50ca41d1b998d378e3bfe3,4f256640874c5ae71d2856cd919b3461cae740b08a201eb9b9ae7240a6c4b78a,c72871f7332476b2db1eafba4a2ddfe8dffa2bc2023daf40704b1f4a841cf7ab,14.69595408,cpu,151676,,
151676,SpaGCN,10,0.2253444221,0.3540681116,3460,7,2940f25093d0190213415a8789c673050c7abf8e6e50ca41d1b998d378e3bfe3,4f256640874c5ae71d2856cd919b3461cae740b08a201eb9b9ae7240a6c4b78a,c72871f7332476b2db1eafba4a2ddfe8dffa2bc2023daf40704b1f4a841cf7ab,12.50927901,cpu,151676,,
151676,SpaGCN,11,0.2295732658,0.3731671723,3460,7,2940f25093d0190213415a8789c673050c7abf8e6e50ca41d1b998d378e3bfe3,4f256640874c5ae71d2856cd919b3461cae740b08a201eb9b9ae7240a6c4b78a,c72871f7332476b2db1eafba4a2ddfe8dffa2bc2023daf40704b1f4a841cf7ab,9.45386219,cpu,151676,,
151676,SpaGCN,12,0.2260010708,0.3585977535,3460,7,2940f25093d0190213415a8789c673050c7abf8e6e50ca41d1b998d378e3bfe3,4f256640874c5ae71d2856cd919b3461cae740b08a201eb9b9ae7240a6c4b78a,c72871f7332476b2db1eafba4a2ddfe8dffa2bc2023daf40704b1f4a841cf7ab,4.466917276,cpu,151676,,
151676,SpaGCN,13,0.2409765471,0.3776495074,3460,7,2940f25093d0190213415a8789c673050c7abf8e6e50ca41d1b998d378e3bfe3,4f256640874c5ae71d2856cd919b3461cae740b08a201eb9b9ae7240a6c4b78a,c72871f7332476b2db1eafba4a2ddfe8dffa2bc2023daf40704b1f4a841cf7ab,8.485551119,cpu,151676,,
151676,SpaGCN,14,0.2172091363,0.3505609479,3460,7,2940f25093d0190213415a8789c673050c7abf8e6e50ca41d1b998d378e3bfe3,4f256640874c5ae71d2856cd919b3461cae740b08a201eb9b9ae7240a6c4b78a,c72871f7332476b2db1eafba4a2ddfe8dffa2bc2023daf40704b1f4a841cf7ab,8.677938461,cpu,151676,,
151676,SpaGCN,15,0.2286960877,0.357864275,3460,7,2940f25093d0190213415a8789c673050c7abf8e6e50ca41d1b998d378e3bfe3,4f256640874c5ae71d2856cd919b3461cae740b08a201eb9b9ae7240a6c4b78a,c72871f7332476b2db1eafba4a2ddfe8dffa2bc2023daf40704b1f4a841cf7ab,8.569505692,cpu,151676,,
151676,SpaGCN,16,0.2217009304,0.363458879,3460,7,2940f25093d0190213415a8789c673050c7abf8e6e50ca41d1b998d378e3bfe3,4f256640874c5ae71d2856cd919b3461cae740b08a201eb9b9ae7240a6c4b78a,c72871f7332476b2db1eafba4a2ddfe8dffa2bc2023daf40704b1f4a841cf7ab,3.574496508,cpu,151676,,
151676,SpaGCN,17,0.202791972,0.3373973635,3460,7,2940f25093d0190213415a8789c673050c7abf8e6e50ca41d1b998d378e3bfe3,4f256640874c5ae71d2856cd919b3461cae740b08a201eb9b9ae7240a6c4b78a,c72871f7332476b2db1eafba4a2ddfe8dffa2bc2023daf40704b1f4a841cf7ab,4.690965891,cpu,151676,,
151676,SpaGCN,18,0.1943867043,0.3221766421,3460,7,2940f25093d0190213415a8789c673050c7abf8e6e50ca41d1b998d378e3bfe3,4f256640874c5ae71d2856cd919b3461cae740b08a201eb9b9ae7240a6c4b78a,c72871f7332476b2db1eafba4a2ddfe8dffa2bc2023daf40704b1f4a841cf7ab,8.768822193,cpu,151676,,
151676,SpaGCN,19,0.243775156,0.3876476928,3460,7,2940f25093d0190213415a8789c673050c7abf8e6e50ca41d1b998d378e3bfe3,4f256640874c5ae71d2856cd919b3461cae740b08a201eb9b9ae7240a6c4b78a,c72871f7332476b2db1eafba4a2ddfe8dffa2bc2023daf40704b1f4a841cf7ab,8.363931894,cpu,151676,,
151676,SpaGCN,20,0.2316197002,0.3604471563,3460,7,2940f25093d0190213415a8789c673050c7abf8e6e50ca41d1b998d378e3bfe3,4f256640874c5ae71d2856cd919b3461cae740b08a201eb9b9ae7240a6c4b78a,c72871f7332476b2db1eafba4a2ddfe8dffa2bc2023daf40704b1f4a841cf7ab,7.995858192,cpu,151676,,
151676,BANKSY,1,0.2406080426,0.4303504124,3460,7,2940f25093d0190213415a8789c673050c7abf8e6e50ca41d1b998d378e3bfe3,4f256640874c5ae71d2856cd919b3461cae740b08a201eb9b9ae7240a6c4b78a,2861c49a7ff0517d351662beb03f83964a18ec2fef9ae9cf20346802ef26cfbc,9.115472555,cpu,151676,,
151676,BANKSY,2,0.281441295,0.4826764668,3460,7,2940f25093d0190213415a8789c673050c7abf8e6e50ca41d1b998d378e3bfe3,4f256640874c5ae71d2856cd919b3461cae740b08a201eb9b9ae7240a6c4b78a,2861c49a7ff0517d351662beb03f83964a18ec2fef9ae9cf20346802ef26cfbc,0.6987915039,cpu,151676,,
151676,BANKSY,3,0.2470124164,0.4341896526,3460,7,2940f25093d0190213415a8789c673050c7abf8e6e50ca41d1b998d378e3bfe3,4f256640874c5ae71d2856cd919b3461cae740b08a201eb9b9ae7240a6c4b78a,2861c49a7ff0517d351662beb03f83964a18ec2fef9ae9cf20346802ef26cfbc,0.5501079559,cpu,151676,,
151676,BANKSY,4,0.1642679338,0.3538308421,3460,7,2940f25093d0190213415a8789c673050c7abf8e6e50ca41d1b998d378e3bfe3,4f256640874c5ae71d2856cd919b3461cae740b08a201eb9b9ae7240a6c4b78a,2861c49a7ff0517d351662beb03f83964a18ec2fef9ae9cf20346802ef26cfbc,0.4888348579,cpu,151676,,
151676,BANKSY,5,0.2476473699,0.4358913705,3460,7,2940f25093d0190213415a8789c673050c7abf8e6e50ca41d1b998d378e3bfe3,4f256640874c5ae71d2856cd919b3461cae740b08a201eb9b9ae7240a6c4b78a,2861c49a7ff0517d351662beb03f83964a18ec2fef9ae9cf20346802ef26cfbc,0.4516825676,cpu,151676,,
151676,BANKSY,6,0.2368991548,0.4349293916,3460,7,2940f25093d0190213415a8789c673050c7abf8e6e50ca41d1b998d378e3bfe3,4f256640874c5ae71d2856cd919b3461cae740b08a201eb9b9ae7240a6c4b78a,2861c49a7ff0517d351662beb03f83964a18ec2fef9ae9cf20346802ef26cfbc,0.4871661663,cpu,151676,,
151676,BANKSY,7,0.1813866034,0.383277048,3460,7,2940f25093d0190213415a8789c673050c7abf8e6e50ca41d1b998d378e3bfe3,4f256640874c5ae71d2856cd919b3461cae740b08a201eb9b9ae7240a6c4b78a,2861c49a7ff0517d351662beb03f83964a18ec2fef9ae9cf20346802ef26cfbc,0.4914987087,cpu,151676,,
151676,BANKSY,8,0.2344590678,0.4291956849,3460,7,2940f25093d0190213415a8789c673050c7abf8e6e50ca41d1b998d378e3bfe3,4f256640874c5ae71d2856cd919b3461cae740b08a201eb9b9ae7240a6c4b78a,2861c49a7ff0517d351662beb03f83964a18ec2fef9ae9cf20346802ef26cfbc,0.3907761574,cpu,151676,,
151676,BANKSY,9,0.1550417214,0.3396762206,3460,7,2940f25093d0190213415a8789c673050c7abf8e6e50ca41d1b998d378e3bfe3,4f256640874c5ae71d2856cd919b3461cae740b08a201eb9b9ae7240a6c4b78a,2861c49a7ff0517d351662beb03f83964a18ec2fef9ae9cf20346802ef26cfbc,0.3598165512,cpu,151676,,
151676,BANKSY,10,0.2376255791,0.4355761156,3460,7,2940f25093d0190213415a8789c673050c7abf8e6e50ca41d1b998d378e3bfe3,4f256640874c5ae71d2856cd919b3461cae740b08a201eb9b9ae7240a6c4b78a,2861c49a7ff0517d351662beb03f83964a18ec2fef9ae9cf20346802ef26cfbc,0.4057064056,cpu,151676,,
151676,BANKSY,11,0.2298281019,0.4159253158,3460,7,2940f25093d0190213415a8789c673050c7abf8e6e50ca41d1b998d378e3bfe3,4f256640874c5ae71d2856cd919b3461cae740b08a201eb9b9ae7240a6c4b78a,2861c49a7ff0517d351662beb03f83964a18ec2fef9ae9cf20346802ef26cfbc,0.4487154484,cpu,151676,,
151676,BANKSY,12,0.2466023826,0.4339838424,3460,7,2940f25093d0190213415a8789c673050c7abf8e6e50ca41d1b998d378e3bfe3,4f256640874c5ae71d2856cd919b3461cae740b08a201eb9b9ae7240a6c4b78a,2861c49a7ff0517d351662beb03f83964a18ec2fef9ae9cf20346802ef26cfbc,0.4428064823,cpu,151676,,
151676,BANKSY,13,0.2169605271,0.4280958022,3460,7,2940f25093d0190213415a8789c673050c7abf8e6e50ca41d1b998d378e3bfe3,4f256640874c5ae71d2856cd919b3461cae740b08a201eb9b9ae7240a6c4b78a,2861c49a7ff0517d351662beb03f83964a18ec2fef9ae9cf20346802ef26cfbc,0.489099741,cpu,151676,,
151676,BANKSY,14,0.1816036694,0.3865111004,3460,7,2940f25093d0190213415a8789c673050c7abf8e6e50ca41d1b998d378e3bfe3,4f256640874c5ae71d2856cd919b3461cae740b08a201eb9b9ae7240a6c4b78a,2861c49a7ff0517d351662beb03f83964a18ec2fef9ae9cf20346802ef26cfbc,0.3716871738,cpu,151676,,
151676,BANKSY,15,0.2395538739,0.4299829923,3460,7,2940f25093d0190213415a8789c673050c7abf8e6e50ca41d1b998d378e3bfe3,4f256640874c5ae71d2856cd919b3461cae740b08a201eb9b9ae7240a6c4b78a,2861c49a7ff0517d351662beb03f83964a18ec2fef9ae9cf20346802ef26cfbc,0.5081059933,cpu,151676,,
151676,BANKSY,16,0.2477130892,0.4346244265,3460,7,2940f25093d0190213415a8789c673050c7abf8e6e50ca41d1b998d378e3bfe3,4f256640874c5ae71d2856cd919b3461cae740b08a201eb9b9ae7240a6c4b78a,2861c49a7ff0517d351662beb03f83964a18ec2fef9ae9cf20346802ef26cfbc,0.5338630676,cpu,151676,,
151676,BANKSY,17,0.2470124164,0.4341896526,3460,7,2940f25093d0190213415a8789c673050c7abf8e6e50ca41d1b998d378e3bfe3,4f256640874c5ae71d2856cd919b3461cae740b08a201eb9b9ae7240a6c4b78a,2861c49a7ff0517d351662beb03f83964a18ec2fef9ae9cf20346802ef26cfbc,0.3982434273,cpu,151676,,
151676,BANKSY,18,0.1923653608,0.3865486051,3460,7,2940f25093d0190213415a8789c673050c7abf8e6e50ca41d1b998d378e3bfe3,4f256640874c5ae71d2856cd919b3461cae740b08a201eb9b9ae7240a6c4b78a,2861c49a7ff0517d351662beb03f83964a18ec2fef9ae9cf20346802ef26cfbc,0.4032845497,cpu,151676,,
151676,BANKSY,19,0.2470124164,0.4341896526,3460,7,2940f25093d0190213415a8789c673050c7abf8e6e50ca41d1b998d378e3bfe3,4f256640874c5ae71d2856cd919b3461cae740b08a201eb9b9ae7240a6c4b78a,2861c49a7ff0517d351662beb03f83964a18ec2fef9ae9cf20346802ef26cfbc,0.3124504089,cpu,151676,,
151676,BANKSY,20,0.2469068242,0.434296275,3460,7,2940f25093d0190213415a8789c673050c7abf8e6e50ca41d1b998d378e3bfe3,4f256640874c5ae71d2856cd919b3461cae740b08a201eb9b9ae7240a6c4b78a,2861c49a7ff0517d351662beb03f83964a18ec2fef9ae9cf20346802ef26cfbc,0.3716101646,cpu,151676,,
151676,SEDR,1,0.559743869901,0.69396461303599999,3460,7,,,,,,151676,3460,18674
151676,SEDR,2,0.541936574033,0.67280739570199999,3460,7,,,,,,151676,3460,18674
151676,SEDR,3,0.52984779104099999,0.68372731610199999,3460,7,,,,,,151676,3460,18674
151676,SEDR,4,0.53229891832599996,0.65011946962099998,3460,7,,,,,,151676,3460,18674
151676,SEDR,5,0.58701899846500005,0.69391278418900004,3460,7,,,,,,151676,3460,18674
151676,SEDR,6,0.56001949356699998,0.682065967893,3460,7,,,,,,151676,3460,18674
151676,SEDR,7,0.420494151298,0.63172951957400003,3460,7,,,,,,151676,3460,18674
151676,SEDR,8,0.54616375789799998,0.66647256252599996,3460,7,,,,,,151676,3460,18674
151676,SEDR,9,0.56277372168499995,0.68678450750200004,3460,7,,,,,,151676,3460,18674
151676,SEDR,10,0.50020419977899999,0.66283204654100003,3460,7,,,,,,151676,3460,18674
151676,SEDR,11,0.49348776721400001,0.63412697335400003,3460,7,,,,,,151676,3460,18674
151676,SEDR,12,0.47641885158199998,0.627881928591,3460,7,,,,,,151676,3460,18674
151676,SEDR,13,0.55100051412700002,0.68533454377699998,3460,7,,,,,,151676,3460,18674
151676,SEDR,14,0.45158897013999999,0.63680138500700001,3460,7,,,,,,151676,3460,18674
151676,SEDR,15,0.49330877935400003,0.64228212985300004,3460,7,,,,,,151676,3460,18674
151676,SEDR,16,0.55267114951999996,0.69566014603299997,3460,7,,,,,,151676,3460,18674
151676,SEDR,17,0.55148135655099995,0.69483311152399996,3460,7,,,,,,151676,3460,18674
151676,SEDR,18,0.52876484213300001,0.68283712597299995,3460,7,,,,,,151676,3460,18674
151676,SEDR,19,0.50959382442099999,0.67879149068900002,3460,7,,,,,,151676,3460,18674
151676,SEDR,20,0.50673904130000003,0.66739862280700002,3460,7,,,,,,151676,3460,18674
STARmap_20180505_BY3_1k,GraphST,1,0.3854984213,0.5204725874,1207,7,e4e0d157cf16666295728958d576cbbb476c0a4affb71d1a1fbb6a0c24d5f819,258b78c28557c5fcad03791f85dba6d898825b9804aa9c4c7d8b38ea25a1baa4,5c7e9e8f069bfd793463fae86afac916d960d3ea30d091f35caf80da2ad4c80c,5.597759724,cuda:0,STARmap,,
STARmap_20180505_BY3_1k,GraphST,2,0.3563668143,0.4688625323,1207,7,e4e0d157cf16666295728958d576cbbb476c0a4affb71d1a1fbb6a0c24d5f819,258b78c28557c5fcad03791f85dba6d898825b9804aa9c4c7d8b38ea25a1baa4,5c7e9e8f069bfd793463fae86afac916d960d3ea30d091f35caf80da2ad4c80c,1.828491926,cuda:0,STARmap,,
STARmap_20180505_BY3_1k,GraphST,3,0.4989031174,0.5562005881,1207,7,e4e0d157cf16666295728958d576cbbb476c0a4affb71d1a1fbb6a0c24d5f819,258b78c28557c5fcad03791f85dba6d898825b9804aa9c4c7d8b38ea25a1baa4,5c7e9e8f069bfd793463fae86afac916d960d3ea30d091f35caf80da2ad4c80c,1.944970608,cuda:0,STARmap,,
STARmap_20180505_BY3_1k,GraphST,4,0.4622579492,0.5756843715,1207,7,e4e0d157cf16666295728958d576cbbb476c0a4affb71d1a1fbb6a0c24d5f819,258b78c28557c5fcad03791f85dba6d898825b9804aa9c4c7d8b38ea25a1baa4,5c7e9e8f069bfd793463fae86afac916d960d3ea30d091f35caf80da2ad4c80c,2.073918104,cuda:0,STARmap,,
STARmap_20180505_BY3_1k,GraphST,5,0.4987604002,0.5664826643,1207,7,e4e0d157cf16666295728958d576cbbb476c0a4affb71d1a1fbb6a0c24d5f819,258b78c28557c5fcad03791f85dba6d898825b9804aa9c4c7d8b38ea25a1baa4,5c7e9e8f069bfd793463fae86afac916d960d3ea30d091f35caf80da2ad4c80c,2.004376411,cuda:0,STARmap,,
STARmap_20180505_BY3_1k,GraphST,6,0.4582776142,0.5527961883,1207,7,e4e0d157cf16666295728958d576cbbb476c0a4affb71d1a1fbb6a0c24d5f819,258b78c28557c5fcad03791f85dba6d898825b9804aa9c4c7d8b38ea25a1baa4,5c7e9e8f069bfd793463fae86afac916d960d3ea30d091f35caf80da2ad4c80c,2.038231611,cuda:0,STARmap,,
STARmap_20180505_BY3_1k,GraphST,7,0.4947996802,0.5755992399,1207,7,e4e0d157cf16666295728958d576cbbb476c0a4affb71d1a1fbb6a0c24d5f819,258b78c28557c5fcad03791f85dba6d898825b9804aa9c4c7d8b38ea25a1baa4,5c7e9e8f069bfd793463fae86afac916d960d3ea30d091f35caf80da2ad4c80c,1.929812908,cuda:0,STARmap,,
STARmap_20180505_BY3_1k,GraphST,8,0.466070299,0.5570006456,1207,7,e4e0d157cf16666295728958d576cbbb476c0a4affb71d1a1fbb6a0c24d5f819,258b78c28557c5fcad03791f85dba6d898825b9804aa9c4c7d8b38ea25a1baa4,5c7e9e8f069bfd793463fae86afac916d960d3ea30d091f35caf80da2ad4c80c,2.016608,cuda:0,STARmap,,
STARmap_20180505_BY3_1k,GraphST,9,0.4868506461,0.573332186,1207,7,e4e0d157cf16666295728958d576cbbb476c0a4affb71d1a1fbb6a0c24d5f819,258b78c28557c5fcad03791f85dba6d898825b9804aa9c4c7d8b38ea25a1baa4,5c7e9e8f069bfd793463fae86afac916d960d3ea30d091f35caf80da2ad4c80c,1.87204361,cuda:0,STARmap,,
STARmap_20180505_BY3_1k,GraphST,10,0.5050334028,0.5855397343,1207,7,e4e0d157cf16666295728958d576cbbb476c0a4affb71d1a1fbb6a0c24d5f819,258b78c28557c5fcad03791f85dba6d898825b9804aa9c4c7d8b38ea25a1baa4,5c7e9e8f069bfd793463fae86afac916d960d3ea30d091f35caf80da2ad4c80c,2.056411028,cuda:0,STARmap,,
STARmap_20180505_BY3_1k,GraphST,11,0.489676196,0.5820342704,1207,7,e4e0d157cf16666295728958d576cbbb476c0a4affb71d1a1fbb6a0c24d5f819,258b78c28557c5fcad03791f85dba6d898825b9804aa9c4c7d8b38ea25a1baa4,5c7e9e8f069bfd793463fae86afac916d960d3ea30d091f35caf80da2ad4c80c,1.944024801,cuda:0,STARmap,,
STARmap_20180505_BY3_1k,GraphST,12,0.4638474954,0.5595972778,1207,7,e4e0d157cf16666295728958d576cbbb476c0a4affb71d1a1fbb6a0c24d5f819,258b78c28557c5fcad03791f85dba6d898825b9804aa9c4c7d8b38ea25a1baa4,5c7e9e8f069bfd793463fae86afac916d960d3ea30d091f35caf80da2ad4c80c,2.03267622,cuda:0,STARmap,,
STARmap_20180505_BY3_1k,GraphST,13,0.489699403,0.576028159,1207,7,e4e0d157cf16666295728958d576cbbb476c0a4affb71d1a1fbb6a0c24d5f819,258b78c28557c5fcad03791f85dba6d898825b9804aa9c4c7d8b38ea25a1baa4,5c7e9e8f069bfd793463fae86afac916d960d3ea30d091f35caf80da2ad4c80c,2.322077036,cuda:0,STARmap,,
STARmap_20180505_BY3_1k,GraphST,14,0.4927615387,0.5634729087,1207,7,e4e0d157cf16666295728958d576cbbb476c0a4affb71d1a1fbb6a0c24d5f819,258b78c28557c5fcad03791f85dba6d898825b9804aa9c4c7d8b38ea25a1baa4,5c7e9e8f069bfd793463fae86afac916d960d3ea30d091f35caf80da2ad4c80c,2.1653409,cuda:0,STARmap,,
STARmap_20180505_BY3_1k,GraphST,15,0.4705746478,0.5635949459,1207,7,e4e0d157cf16666295728958d576cbbb476c0a4affb71d1a1fbb6a0c24d5f819,258b78c28557c5fcad03791f85dba6d898825b9804aa9c4c7d8b38ea25a1baa4,5c7e9e8f069bfd793463fae86afac916d960d3ea30d091f35caf80da2ad4c80c,2.05471921,cuda:0,STARmap,,
STARmap_20180505_BY3_1k,GraphST,16,0.5216490188,0.5873541348,1207,7,e4e0d157cf16666295728958d576cbbb476c0a4affb71d1a1fbb6a0c24d5f819,258b78c28557c5fcad03791f85dba6d898825b9804aa9c4c7d8b38ea25a1baa4,5c7e9e8f069bfd793463fae86afac916d960d3ea30d091f35caf80da2ad4c80c,1.858043432,cuda:0,STARmap,,
STARmap_20180505_BY3_1k,GraphST,17,0.405345,0.5389287422,1207,7,e4e0d157cf16666295728958d576cbbb476c0a4affb71d1a1fbb6a0c24d5f819,258b78c28557c5fcad03791f85dba6d898825b9804aa9c4c7d8b38ea25a1baa4,5c7e9e8f069bfd793463fae86afac916d960d3ea30d091f35caf80da2ad4c80c,1.974270821,cuda:0,STARmap,,
STARmap_20180505_BY3_1k,GraphST,18,0.4858932653,0.573876458,1207,7,e4e0d157cf16666295728958d576cbbb476c0a4affb71d1a1fbb6a0c24d5f819,258b78c28557c5fcad03791f85dba6d898825b9804aa9c4c7d8b38ea25a1baa4,5c7e9e8f069bfd793463fae86afac916d960d3ea30d091f35caf80da2ad4c80c,1.945621014,cuda:0,STARmap,,
STARmap_20180505_BY3_1k,GraphST,19,0.4671179468,0.5801966259,1207,7,e4e0d157cf16666295728958d576cbbb476c0a4affb71d1a1fbb6a0c24d5f819,258b78c28557c5fcad03791f85dba6d898825b9804aa9c4c7d8b38ea25a1baa4,5c7e9e8f069bfd793463fae86afac916d960d3ea30d091f35caf80da2ad4c80c,2.013068914,cuda:0,STARmap,,
STARmap_20180505_BY3_1k,GraphST,20,0.4800343822,0.575742734,1207,7,e4e0d157cf16666295728958d576cbbb476c0a4affb71d1a1fbb6a0c24d5f819,258b78c28557c5fcad03791f85dba6d898825b9804aa9c4c7d8b38ea25a1baa4,5c7e9e8f069bfd793463fae86afac916d960d3ea30d091f35caf80da2ad4c80c,1.973817348,cuda:0,STARmap,,
STARmap_20180505_BY3_1k,STAGATE,1,0.2779761805,0.3127701346,1207,7,e4e0d157cf16666295728958d576cbbb476c0a4affb71d1a1fbb6a0c24d5f819,258b78c28557c5fcad03791f85dba6d898825b9804aa9c4c7d8b38ea25a1baa4,5c5a039125214437d0d5911ae14908c239cec4541a5459bf09e7dbd48463ed50,5.861877441,cuda:0,STARmap,,
STARmap_20180505_BY3_1k,STAGATE,2,0.2759259562,0.309920654,1207,7,e4e0d157cf16666295728958d576cbbb476c0a4affb71d1a1fbb6a0c24d5f819,258b78c28557c5fcad03791f85dba6d898825b9804aa9c4c7d8b38ea25a1baa4,5c5a039125214437d0d5911ae14908c239cec4541a5459bf09e7dbd48463ed50,1.363516808,cuda:0,STARmap,,
STARmap_20180505_BY3_1k,STAGATE,3,0.2771488178,0.3056874113,1207,7,e4e0d157cf16666295728958d576cbbb476c0a4affb71d1a1fbb6a0c24d5f819,258b78c28557c5fcad03791f85dba6d898825b9804aa9c4c7d8b38ea25a1baa4,5c5a039125214437d0d5911ae14908c239cec4541a5459bf09e7dbd48463ed50,1.293201447,cuda:0,STARmap,,
STARmap_20180505_BY3_1k,STAGATE,4,0.3105723759,0.3297713431,1207,7,e4e0d157cf16666295728958d576cbbb476c0a4affb71d1a1fbb6a0c24d5f819,258b78c28557c5fcad03791f85dba6d898825b9804aa9c4c7d8b38ea25a1baa4,5c5a039125214437d0d5911ae14908c239cec4541a5459bf09e7dbd48463ed50,1.217402935,cuda:0,STARmap,,
STARmap_20180505_BY3_1k,STAGATE,5,0.2898262134,0.3183427059,1207,7,e4e0d157cf16666295728958d576cbbb476c0a4affb71d1a1fbb6a0c24d5f819,258b78c28557c5fcad03791f85dba6d898825b9804aa9c4c7d8b38ea25a1baa4,5c5a039125214437d0d5911ae14908c239cec4541a5459bf09e7dbd48463ed50,1.562336922,cuda:0,STARmap,,
STARmap_20180505_BY3_1k,STAGATE,6,0.3087520779,0.3268533102,1207,7,e4e0d157cf16666295728958d576cbbb476c0a4affb71d1a1fbb6a0c24d5f819,258b78c28557c5fcad03791f85dba6d898825b9804aa9c4c7d8b38ea25a1baa4,5c5a039125214437d0d5911ae14908c239cec4541a5459bf09e7dbd48463ed50,1.398477554,cuda:0,STARmap,,
STARmap_20180505_BY3_1k,STAGATE,7,0.2598801255,0.3044874054,1207,7,e4e0d157cf16666295728958d576cbbb476c0a4affb71d1a1fbb6a0c24d5f819,258b78c28557c5fcad03791f85dba6d898825b9804aa9c4c7d8b38ea25a1baa4,5c5a039125214437d0d5911ae14908c239cec4541a5459bf09e7dbd48463ed50,1.405620337,cuda:0,STARmap,,
STARmap_20180505_BY3_1k,STAGATE,8,0.2269493604,0.2878156655,1207,7,e4e0d157cf16666295728958d576cbbb476c0a4affb71d1a1fbb6a0c24d5f819,258b78c28557c5fcad03791f85dba6d898825b9804aa9c4c7d8b38ea25a1baa4,5c5a039125214437d0d5911ae14908c239cec4541a5459bf09e7dbd48463ed50,1.568193913,cuda:0,STARmap,,
STARmap_20180505_BY3_1k,STAGATE,9,0.2893035695,0.3136847865,1207,7,e4e0d157cf16666295728958d576cbbb476c0a4affb71d1a1fbb6a0c24d5f819,258b78c28557c5fcad03791f85dba6d898825b9804aa9c4c7d8b38ea25a1baa4,5c5a039125214437d0d5911ae14908c239cec4541a5459bf09e7dbd48463ed50,1.172024965,cuda:0,STARmap,,
STARmap_20180505_BY3_1k,STAGATE,10,0.3192875664,0.332349772,1207,7,e4e0d157cf16666295728958d576cbbb476c0a4affb71d1a1fbb6a0c24d5f819,258b78c28557c5fcad03791f85dba6d898825b9804aa9c4c7d8b38ea25a1baa4,5c5a039125214437d0d5911ae14908c239cec4541a5459bf09e7dbd48463ed50,1.235750198,cuda:0,STARmap,,
STARmap_20180505_BY3_1k,STAGATE,11,0.3093538368,0.3254810067,1207,7,e4e0d157cf16666295728958d576cbbb476c0a4affb71d1a1fbb6a0c24d5f819,258b78c28557c5fcad03791f85dba6d898825b9804aa9c4c7d8b38ea25a1baa4,5c5a039125214437d0d5911ae14908c239cec4541a5459bf09e7dbd48463ed50,1.267530918,cuda:0,STARmap,,
STARmap_20180505_BY3_1k,STAGATE,12,0.3063225968,0.3297416958,1207,7,e4e0d157cf16666295728958d576cbbb476c0a4affb71d1a1fbb6a0c24d5f819,258b78c28557c5fcad03791f85dba6d898825b9804aa9c4c7d8b38ea25a1baa4,5c5a039125214437d0d5911ae14908c239cec4541a5459bf09e7dbd48463ed50,1.199743271,cuda:0,STARmap,,
STARmap_20180505_BY3_1k,STAGATE,13,0.2819706238,0.3408776203,1207,7,e4e0d157cf16666295728958d576cbbb476c0a4affb71d1a1fbb6a0c24d5f819,258b78c28557c5fcad03791f85dba6d898825b9804aa9c4c7d8b38ea25a1baa4,5c5a039125214437d0d5911ae14908c239cec4541a5459bf09e7dbd48463ed50,1.348444939,cuda:0,STARmap,,
STARmap_20180505_BY3_1k,STAGATE,14,0.2945192902,0.3083460382,1207,7,e4e0d157cf16666295728958d576cbbb476c0a4affb71d1a1fbb6a0c24d5f819,258b78c28557c5fcad03791f85dba6d898825b9804aa9c4c7d8b38ea25a1baa4,5c5a039125214437d0d5911ae14908c239cec4541a5459bf09e7dbd48463ed50,1.291662216,cuda:0,STARmap,,
STARmap_20180505_BY3_1k,STAGATE,15,0.3015415642,0.3141786459,1207,7,e4e0d157cf16666295728958d576cbbb476c0a4affb71d1a1fbb6a0c24d5f819,258b78c28557c5fcad03791f85dba6d898825b9804aa9c4c7d8b38ea25a1baa4,5c5a039125214437d0d5911ae14908c239cec4541a5459bf09e7dbd48463ed50,1.282007933,cuda:0,STARmap,,
STARmap_20180505_BY3_1k,STAGATE,16,0.306561793,0.3215288705,1207,7,e4e0d157cf16666295728958d576cbbb476c0a4affb71d1a1fbb6a0c24d5f819,258b78c28557c5fcad03791f85dba6d898825b9804aa9c4c7d8b38ea25a1baa4,5c5a039125214437d0d5911ae14908c239cec4541a5459bf09e7dbd48463ed50,1.320855141,cuda:0,STARmap,,
STARmap_20180505_BY3_1k,STAGATE,17,0.3235788139,0.3390445797,1207,7,e4e0d157cf16666295728958d576cbbb476c0a4affb71d1a1fbb6a0c24d5f819,258b78c28557c5fcad03791f85dba6d898825b9804aa9c4c7d8b38ea25a1baa4,5c5a039125214437d0d5911ae14908c239cec4541a5459bf09e7dbd48463ed50,1.121554852,cuda:0,STARmap,,
STARmap_20180505_BY3_1k,STAGATE,18,0.3122400154,0.3534098124,1207,7,e4e0d157cf16666295728958d576cbbb476c0a4affb71d1a1fbb6a0c24d5f819,258b78c28557c5fcad03791f85dba6d898825b9804aa9c4c7d8b38ea25a1baa4,5c5a039125214437d0d5911ae14908c239cec4541a5459bf09e7dbd48463ed50,1.675770521,cuda:0,STARmap,,
STARmap_20180505_BY3_1k,STAGATE,19,0.2934527224,0.3189746845,1207,7,e4e0d157cf16666295728958d576cbbb476c0a4affb71d1a1fbb6a0c24d5f819,258b78c28557c5fcad03791f85dba6d898825b9804aa9c4c7d8b38ea25a1baa4,5c5a039125214437d0d5911ae14908c239cec4541a5459bf09e7dbd48463ed50,1.626139402,cuda:0,STARmap,,
STARmap_20180505_BY3_1k,STAGATE,20,0.313451798,0.3294962719,1207,7,e4e0d157cf16666295728958d576cbbb476c0a4affb71d1a1fbb6a0c24d5f819,258b78c28557c5fcad03791f85dba6d898825b9804aa9c4c7d8b38ea25a1baa4,5c5a039125214437d0d5911ae14908c239cec4541a5459bf09e7dbd48463ed50,1.67130971,cuda:0,STARmap,,
STARmap_20180505_BY3_1k,SpaGCN,1,0.3556026113,0.3898978742,1207,7,e4e0d157cf16666295728958d576cbbb476c0a4affb71d1a1fbb6a0c24d5f819,258b78c28557c5fcad03791f85dba6d898825b9804aa9c4c7d8b38ea25a1baa4,fd2d98a09e2a3cccb9b035365d04bd0d58b22af43e39f72b6b97784379274070,4.567399502,cpu,STARmap,,
STARmap_20180505_BY3_1k,SpaGCN,2,0.2749240341,0.3231152346,1207,7,e4e0d157cf16666295728958d576cbbb476c0a4affb71d1a1fbb6a0c24d5f819,258b78c28557c5fcad03791f85dba6d898825b9804aa9c4c7d8b38ea25a1baa4,fd2d98a09e2a3cccb9b035365d04bd0d58b22af43e39f72b6b97784379274070,1.537596226,cpu,STARmap,,
STARmap_20180505_BY3_1k,SpaGCN,3,0.256479988,0.3275260011,1207,7,e4e0d157cf16666295728958d576cbbb476c0a4affb71d1a1fbb6a0c24d5f819,258b78c28557c5fcad03791f85dba6d898825b9804aa9c4c7d8b38ea25a1baa4,fd2d98a09e2a3cccb9b035365d04bd0d58b22af43e39f72b6b97784379274070,0.9757680893,cpu,STARmap,,
STARmap_20180505_BY3_1k,SpaGCN,4,0.359271017,0.4240429362,1207,7,e4e0d157cf16666295728958d576cbbb476c0a4affb71d1a1fbb6a0c24d5f819,258b78c28557c5fcad03791f85dba6d898825b9804aa9c4c7d8b38ea25a1baa4,fd2d98a09e2a3cccb9b035365d04bd0d58b22af43e39f72b6b97784379274070,1.12917614,cpu,STARmap,,
STARmap_20180505_BY3_1k,SpaGCN,5,0.429458427,0.4500552464,1207,7,e4e0d157cf16666295728958d576cbbb476c0a4affb71d1a1fbb6a0c24d5f819,258b78c28557c5fcad03791f85dba6d898825b9804aa9c4c7d8b38ea25a1baa4,fd2d98a09e2a3cccb9b035365d04bd0d58b22af43e39f72b6b97784379274070,1.035472393,cpu,STARmap,,
STARmap_20180505_BY3_1k,SpaGCN,6,0.3980018753,0.4297126275,1207,7,e4e0d157cf16666295728958d576cbbb476c0a4affb71d1a1fbb6a0c24d5f819,258b78c28557c5fcad03791f85dba6d898825b9804aa9c4c7d8b38ea25a1baa4,fd2d98a09e2a3cccb9b035365d04bd0d58b22af43e39f72b6b97784379274070,1.212369442,cpu,STARmap,,
STARmap_20180505_BY3_1k,SpaGCN,7,0.4503633399,0.4717604468,1207,7,e4e0d157cf16666295728958d576cbbb476c0a4affb71d1a1fbb6a0c24d5f819,258b78c28557c5fcad03791f85dba6d898825b9804aa9c4c7d8b38ea25a1baa4,fd2d98a09e2a3cccb9b035365d04bd0d58b22af43e39f72b6b97784379274070,1.006208658,cpu,STARmap,,
STARmap_20180505_BY3_1k,SpaGCN,8,0.339884714,0.3848675304,1207,7,e4e0d157cf16666295728958d576cbbb476c0a4affb71d1a1fbb6a0c24d5f819,258b78c28557c5fcad03791f85dba6d898825b9804aa9c4c7d8b38ea25a1baa4,fd2d98a09e2a3cccb9b035365d04bd0d58b22af43e39f72b6b97784379274070,0.9445502758,cpu,STARmap,,
STARmap_20180505_BY3_1k,SpaGCN,9,0.4262529483,0.4356715889,1207,7,e4e0d157cf16666295728958d576cbbb476c0a4affb71d1a1fbb6a0c24d5f819,258b78c28557c5fcad03791f85dba6d898825b9804aa9c4c7d8b38ea25a1baa4,fd2d98a09e2a3cccb9b035365d04bd0d58b22af43e39f72b6b97784379274070,0.9829936028,cpu,STARmap,,
STARmap_20180505_BY3_1k,SpaGCN,10,0.3441096105,0.3874412486,1207,7,e4e0d157cf16666295728958d576cbbb476c0a4affb71d1a1fbb6a0c24d5f819,258b78c28557c5fcad03791f85dba6d898825b9804aa9c4c7d8b38ea25a1baa4,fd2d98a09e2a3cccb9b035365d04bd0d58b22af43e39f72b6b97784379274070,1.003727674,cpu,STARmap,,
STARmap_20180505_BY3_1k,SpaGCN,11,0.3128035886,0.3509615097,1207,7,e4e0d157cf16666295728958d576cbbb476c0a4affb71d1a1fbb6a0c24d5f819,258b78c28557c5fcad03791f85dba6d898825b9804aa9c4c7d8b38ea25a1baa4,fd2d98a09e2a3cccb9b035365d04bd0d58b22af43e39f72b6b97784379274070,0.9281673431,cpu,STARmap,,
STARmap_20180505_BY3_1k,SpaGCN,12,0.3478996977,0.3864483158,1207,7,e4e0d157cf16666295728958d576cbbb476c0a4affb71d1a1fbb6a0c24d5f819,258b78c28557c5fcad03791f85dba6d898825b9804aa9c4c7d8b38ea25a1baa4,fd2d98a09e2a3cccb9b035365d04bd0d58b22af43e39f72b6b97784379274070,0.937646389,cpu,STARmap,,
STARmap_20180505_BY3_1k,SpaGCN,13,0.4105685733,0.4151566136,1207,7,e4e0d157cf16666295728958d576cbbb476c0a4affb71d1a1fbb6a0c24d5f819,258b78c28557c5fcad03791f85dba6d898825b9804aa9c4c7d8b38ea25a1baa4,fd2d98a09e2a3cccb9b035365d04bd0d58b22af43e39f72b6b97784379274070,1.010264397,cpu,STARmap,,
STARmap_20180505_BY3_1k,SpaGCN,14,0.4174512852,0.452212956,1207,7,e4e0d157cf16666295728958d576cbbb476c0a4affb71d1a1fbb6a0c24d5f819,258b78c28557c5fcad03791f85dba6d898825b9804aa9c4c7d8b38ea25a1baa4,fd2d98a09e2a3cccb9b035365d04bd0d58b22af43e39f72b6b97784379274070,0.9747862816,cpu,STARmap,,
STARmap_20180505_BY3_1k,SpaGCN,15,0.3883045217,0.3994614176,1207,7,e4e0d157cf16666295728958d576cbbb476c0a4affb71d1a1fbb6a0c24d5f819,258b78c28557c5fcad03791f85dba6d898825b9804aa9c4c7d8b38ea25a1baa4,fd2d98a09e2a3cccb9b035365d04bd0d58b22af43e39f72b6b97784379274070,1.028481007,cpu,STARmap,,
STARmap_20180505_BY3_1k,SpaGCN,16,0.3129421427,0.3468112982,1207,7,e4e0d157cf16666295728958d576cbbb476c0a4affb71d1a1fbb6a0c24d5f819,258b78c28557c5fcad03791f85dba6d898825b9804aa9c4c7d8b38ea25a1baa4,fd2d98a09e2a3cccb9b035365d04bd0d58b22af43e39f72b6b97784379274070,0.9489154816,cpu,STARmap,,
STARmap_20180505_BY3_1k,SpaGCN,17,0.2883096872,0.3194325909,1207,7,e4e0d157cf16666295728958d576cbbb476c0a4affb71d1a1fbb6a0c24d5f819,258b78c28557c5fcad03791f85dba6d898825b9804aa9c4c7d8b38ea25a1baa4,fd2d98a09e2a3cccb9b035365d04bd0d58b22af43e39f72b6b97784379274070,0.9845917225,cpu,STARmap,,
STARmap_20180505_BY3_1k,SpaGCN,18,0.4703902817,0.4794320055,1207,7,e4e0d157cf16666295728958d576cbbb476c0a4affb71d1a1fbb6a0c24d5f819,258b78c28557c5fcad03791f85dba6d898825b9804aa9c4c7d8b38ea25a1baa4,fd2d98a09e2a3cccb9b035365d04bd0d58b22af43e39f72b6b97784379274070,1.28554821,cpu,STARmap,,
STARmap_20180505_BY3_1k,SpaGCN,19,0.38978618,0.4379992804,1207,7,e4e0d157cf16666295728958d576cbbb476c0a4affb71d1a1fbb6a0c24d5f819,258b78c28557c5fcad03791f85dba6d898825b9804aa9c4c7d8b38ea25a1baa4,fd2d98a09e2a3cccb9b035365d04bd0d58b22af43e39f72b6b97784379274070,0.981345892,cpu,STARmap,,
STARmap_20180505_BY3_1k,SpaGCN,20,0.4504832682,0.4679177485,1207,7,e4e0d157cf16666295728958d576cbbb476c0a4affb71d1a1fbb6a0c24d5f819,258b78c28557c5fcad03791f85dba6d898825b9804aa9c4c7d8b38ea25a1baa4,fd2d98a09e2a3cccb9b035365d04bd0d58b22af43e39f72b6b97784379274070,0.9072256088,cpu,STARmap,,
STARmap_20180505_BY3_1k,BANKSY,1,0.554571794,0.64329986,1207,7,e4e0d157cf16666295728958d576cbbb476c0a4affb71d1a1fbb6a0c24d5f819,258b78c28557c5fcad03791f85dba6d898825b9804aa9c4c7d8b38ea25a1baa4,165bc0142201a3162217139a5b888ef47663bad59c07b12e79c96d2911ce88c1,0.6428077221,cpu,STARmap,,
STARmap_20180505_BY3_1k,BANKSY,2,0.5623667717,0.6499869504,1207,7,e4e0d157cf16666295728958d576cbbb476c0a4affb71d1a1fbb6a0c24d5f819,258b78c28557c5fcad03791f85dba6d898825b9804aa9c4c7d8b38ea25a1baa4,165bc0142201a3162217139a5b888ef47663bad59c07b12e79c96d2911ce88c1,0.08594965935,cpu,STARmap,,
STARmap_20180505_BY3_1k,BANKSY,3,0.5659695197,0.6544170081,1207,7,e4e0d157cf16666295728958d576cbbb476c0a4affb71d1a1fbb6a0c24d5f819,258b78c28557c5fcad03791f85dba6d898825b9804aa9c4c7d8b38ea25a1baa4,165bc0142201a3162217139a5b888ef47663bad59c07b12e79c96d2911ce88c1,0.07866477966,cpu,STARmap,,
STARmap_20180505_BY3_1k,BANKSY,4,0.5623667717,0.6499869504,1207,7,e4e0d157cf16666295728958d576cbbb476c0a4affb71d1a1fbb6a0c24d5f819,258b78c28557c5fcad03791f85dba6d898825b9804aa9c4c7d8b38ea25a1baa4,165bc0142201a3162217139a5b888ef47663bad59c07b12e79c96d2911ce88c1,0.09604310989,cpu,STARmap,,
STARmap_20180505_BY3_1k,BANKSY,5,0.5656607096,0.6563541597,1207,7,e4e0d157cf16666295728958d576cbbb476c0a4affb71d1a1fbb6a0c24d5f819,258b78c28557c5fcad03791f85dba6d898825b9804aa9c4c7d8b38ea25a1baa4,165bc0142201a3162217139a5b888ef47663bad59c07b12e79c96d2911ce88c1,0.07924938202,cpu,STARmap,,
STARmap_20180505_BY3_1k,BANKSY,6,0.5651804564,0.6506383291,1207,7,e4e0d157cf16666295728958d576cbbb476c0a4affb71d1a1fbb6a0c24d5f819,258b78c28557c5fcad03791f85dba6d898825b9804aa9c4c7d8b38ea25a1baa4,165bc0142201a3162217139a5b888ef47663bad59c07b12e79c96d2911ce88c1,0.08420872688,cpu,STARmap,,
STARmap_20180505_BY3_1k,BANKSY,7,0.4559697612,0.6037219813,1207,7,e4e0d157cf16666295728958d576cbbb476c0a4affb71d1a1fbb6a0c24d5f819,258b78c28557c5fcad03791f85dba6d898825b9804aa9c4c7d8b38ea25a1baa4,165bc0142201a3162217139a5b888ef47663bad59c07b12e79c96d2911ce88c1,0.08462667465,cpu,STARmap,,
STARmap_20180505_BY3_1k,BANKSY,8,0.558772048,0.6445695041,1207,7,e4e0d157cf16666295728958d576cbbb476c0a4affb71d1a1fbb6a0c24d5f819,258b78c28557c5fcad03791f85dba6d898825b9804aa9c4c7d8b38ea25a1baa4,165bc0142201a3162217139a5b888ef47663bad59c07b12e79c96d2911ce88c1,0.09596586227,cpu,STARmap,,
STARmap_20180505_BY3_1k,BANKSY,9,0.5696118139,0.6527434586,1207,7,e4e0d157cf16666295728958d576cbbb476c0a4affb71d1a1fbb6a0c24d5f819,258b78c28557c5fcad03791f85dba6d898825b9804aa9c4c7d8b38ea25a1baa4,165bc0142201a3162217139a5b888ef47663bad59c07b12e79c96d2911ce88c1,0.09963560104,cpu,STARmap,,
STARmap_20180505_BY3_1k,BANKSY,10,0.5654839562,0.6537338503,1207,7,e4e0d157cf16666295728958d576cbbb476c0a4affb71d1a1fbb6a0c24d5f819,258b78c28557c5fcad03791f85dba6d898825b9804aa9c4c7d8b38ea25a1baa4,165bc0142201a3162217139a5b888ef47663bad59c07b12e79c96d2911ce88c1,0.1109540462,cpu,STARmap,,
STARmap_20180505_BY3_1k,BANKSY,11,0.458160485,0.6051767971,1207,7,e4e0d157cf16666295728958d576cbbb476c0a4affb71d1a1fbb6a0c24d5f819,258b78c28557c5fcad03791f85dba6d898825b9804aa9c4c7d8b38ea25a1baa4,165bc0142201a3162217139a5b888ef47663bad59c07b12e79c96d2911ce88c1,0.1231286526,cpu,STARmap,,
STARmap_20180505_BY3_1k,BANKSY,12,0.4587649734,0.6062962658,1207,7,e4e0d157cf16666295728958d576cbbb476c0a4affb71d1a1fbb6a0c24d5f819,258b78c28557c5fcad03791f85dba6d898825b9804aa9c4c7d8b38ea25a1baa4,165bc0142201a3162217139a5b888ef47663bad59c07b12e79c96d2911ce88c1,0.156181097,cpu,STARmap,,
STARmap_20180505_BY3_1k,BANKSY,13,0.5461141968,0.6501129932,1207,7,e4e0d157cf16666295728958d576cbbb476c0a4affb71d1a1fbb6a0c24d5f819,258b78c28557c5fcad03791f85dba6d898825b9804aa9c4c7d8b38ea25a1baa4,165bc0142201a3162217139a5b888ef47663bad59c07b12e79c96d2911ce88c1,0.1502411366,cpu,STARmap,,
STARmap_20180505_BY3_1k,BANKSY,14,0.5615833327,0.6492217135,1207,7,e4e0d157cf16666295728958d576cbbb476c0a4affb71d1a1fbb6a0c24d5f819,258b78c28557c5fcad03791f85dba6d898825b9804aa9c4c7d8b38ea25a1baa4,165bc0142201a3162217139a5b888ef47663bad59c07b12e79c96d2911ce88c1,0.08165001869,cpu,STARmap,,
STARmap_20180505_BY3_1k,BANKSY,15,0.562797191,0.6503601571,1207,7,e4e0d157cf16666295728958d576cbbb476c0a4affb71d1a1fbb6a0c24d5f819,258b78c28557c5fcad03791f85dba6d898825b9804aa9c4c7d8b38ea25a1baa4,165bc0142201a3162217139a5b888ef47663bad59c07b12e79c96d2911ce88c1,0.08025836945,cpu,STARmap,,
STARmap_20180505_BY3_1k,BANKSY,16,0.5696118139,0.6527434586,1207,7,e4e0d157cf16666295728958d576cbbb476c0a4affb71d1a1fbb6a0c24d5f819,258b78c28557c5fcad03791f85dba6d898825b9804aa9c4c7d8b38ea25a1baa4,165bc0142201a3162217139a5b888ef47663bad59c07b12e79c96d2911ce88c1,0.08358550072,cpu,STARmap,,
STARmap_20180505_BY3_1k,BANKSY,17,0.5454250929,0.6389526112,1207,7,e4e0d157cf16666295728958d576cbbb476c0a4affb71d1a1fbb6a0c24d5f819,258b78c28557c5fcad03791f85dba6d898825b9804aa9c4c7d8b38ea25a1baa4,165bc0142201a3162217139a5b888ef47663bad59c07b12e79c96d2911ce88c1,0.089864254,cpu,STARmap,,
STARmap_20180505_BY3_1k,BANKSY,18,0.6142206457,0.6830713503,1207,7,e4e0d157cf16666295728958d576cbbb476c0a4affb71d1a1fbb6a0c24d5f819,258b78c28557c5fcad03791f85dba6d898825b9804aa9c4c7d8b38ea25a1baa4,165bc0142201a3162217139a5b888ef47663bad59c07b12e79c96d2911ce88c1,0.08163356781,cpu,STARmap,,
STARmap_20180505_BY3_1k,BANKSY,19,0.6113893883,0.6779652023,1207,7,e4e0d157cf16666295728958d576cbbb476c0a4affb71d1a1fbb6a0c24d5f819,258b78c28557c5fcad03791f85dba6d898825b9804aa9c4c7d8b38ea25a1baa4,165bc0142201a3162217139a5b888ef47663bad59c07b12e79c96d2911ce88c1,0.08762669563,cpu,STARmap,,
STARmap_20180505_BY3_1k,BANKSY,20,0.5512290394,0.6513008729,1207,7,e4e0d157cf16666295728958d576cbbb476c0a4affb71d1a1fbb6a0c24d5f819,258b78c28557c5fcad03791f85dba6d898825b9804aa9c4c7d8b38ea25a1baa4,165bc0142201a3162217139a5b888ef47663bad59c07b12e79c96d2911ce88c1,0.08030653,cpu,STARmap,,
STARmap_20180505_BY3_1k,SEDR,1,0.59437781682199997,0.65043871305099998,1207,7,,,,,,STARmap,1207,1020
STARmap_20180505_BY3_1k,SEDR,2,0.61403469237099995,0.67346485810699996,1207,7,,,,,,STARmap,1207,1020
STARmap_20180505_BY3_1k,SEDR,3,0.422251159401,0.56503738263900005,1207,7,,,,,,STARmap,1207,1020
STARmap_20180505_BY3_1k,SEDR,4,0.53740738923300002,0.64881581872799998,1207,7,,,,,,STARmap,1207,1020
STARmap_20180505_BY3_1k,SEDR,5,0.54175814162799996,0.64558209234999997,1207,7,,,,,,STARmap,1207,1020
STARmap_20180505_BY3_1k,SEDR,6,0.60343741134899997,0.66855688419799997,1207,7,,,,,,STARmap,1207,1020
STARmap_20180505_BY3_1k,SEDR,7,0.53348832567000004,0.62408293269600001,1207,7,,,,,,STARmap,1207,1020
STARmap_20180505_BY3_1k,SEDR,8,0.53809643348400005,0.63584895664600005,1207,7,,,,,,STARmap,1207,1020
STARmap_20180505_BY3_1k,SEDR,9,0.55283032449699998,0.62903802073199999,1207,7,,,,,,STARmap,1207,1020
STARmap_20180505_BY3_1k,SEDR,10,0.55860792714499996,0.63631281699700004,1207,7,,,,,,STARmap,1207,1020
STARmap_20180505_BY3_1k,SEDR,11,0.59623550948000004,0.68625261135600002,1207,7,,,,,,STARmap,1207,1020
STARmap_20180505_BY3_1k,SEDR,12,0.61850481719999995,0.67337028236200003,1207,7,,,,,,STARmap,1207,1020
STARmap_20180505_BY3_1k,SEDR,13,0.53507130722200003,0.64317464115900003,1207,7,,,,,,STARmap,1207,1020
STARmap_20180505_BY3_1k,SEDR,14,0.57107079781100001,0.65031310090299999,1207,7,,,,,,STARmap,1207,1020
STARmap_20180505_BY3_1k,SEDR,15,0.46810850870600001,0.58354162332500004,1207,7,,,,,,STARmap,1207,1020
STARmap_20180505_BY3_1k,SEDR,16,0.561867644286,0.62975507254899998,1207,7,,,,,,STARmap,1207,1020
STARmap_20180505_BY3_1k,SEDR,17,0.600940783205,0.68396727969899995,1207,7,,,,,,STARmap,1207,1020
STARmap_20180505_BY3_1k,SEDR,18,0.56565717982499997,0.65638941159499997,1207,7,,,,,,STARmap,1207,1020
STARmap_20180505_BY3_1k,SEDR,19,0.53331719571000002,0.64437826868400006,1207,7,,,,,,STARmap,1207,1020
STARmap_20180505_BY3_1k,SEDR,20,0.53779352963299998,0.64567578270399995,1207,7,,,,,,STARmap,1207,1020
HBCA1,GraphST,1,0.5543584552,0.5939302531,3798,20,47815674bb63484752a1392540e34f7669861a2093de38f059fd10503868caae,0ab5ad00a945cfa064cb7ee421c547103fa19a8294782b50988674280cef1279,7346a538fb4edb9cd8c49c14b9c4d3041e651992b33137df488edfba8401745f,12.24277878,cuda:0,HBCA1,,
HBCA1,GraphST,2,0.509331063,0.5784171005,3798,20,47815674bb63484752a1392540e34f7669861a2093de38f059fd10503868caae,0ab5ad00a945cfa064cb7ee421c547103fa19a8294782b50988674280cef1279,7346a538fb4edb9cd8c49c14b9c4d3041e651992b33137df488edfba8401745f,9.522677183,cuda:0,HBCA1,,
HBCA1,GraphST,3,0.5743987348,0.6065673176,3798,20,47815674bb63484752a1392540e34f7669861a2093de38f059fd10503868caae,0ab5ad00a945cfa064cb7ee421c547103fa19a8294782b50988674280cef1279,7346a538fb4edb9cd8c49c14b9c4d3041e651992b33137df488edfba8401745f,9.149457455,cuda:0,HBCA1,,
HBCA1,GraphST,4,0.5283618267,0.5936872823,3798,20,47815674bb63484752a1392540e34f7669861a2093de38f059fd10503868caae,0ab5ad00a945cfa064cb7ee421c547103fa19a8294782b50988674280cef1279,7346a538fb4edb9cd8c49c14b9c4d3041e651992b33137df488edfba8401745f,9.673041105,cuda:0,HBCA1,,
HBCA1,GraphST,5,0.4969094149,0.5787700675,3798,20,47815674bb63484752a1392540e34f7669861a2093de38f059fd10503868caae,0ab5ad00a945cfa064cb7ee421c547103fa19a8294782b50988674280cef1279,7346a538fb4edb9cd8c49c14b9c4d3041e651992b33137df488edfba8401745f,9.947592258,cuda:0,HBCA1,,
HBCA1,GraphST,6,0.5332349109,0.5893685338,3798,20,47815674bb63484752a1392540e34f7669861a2093de38f059fd10503868caae,0ab5ad00a945cfa064cb7ee421c547103fa19a8294782b50988674280cef1279,7346a538fb4edb9cd8c49c14b9c4d3041e651992b33137df488edfba8401745f,9.697566748,cuda:0,HBCA1,,
HBCA1,GraphST,7,0.5101509164,0.5816628055,3798,20,47815674bb63484752a1392540e34f7669861a2093de38f059fd10503868caae,0ab5ad00a945cfa064cb7ee421c547103fa19a8294782b50988674280cef1279,7346a538fb4edb9cd8c49c14b9c4d3041e651992b33137df488edfba8401745f,9.948329687,cuda:0,HBCA1,,
HBCA1,GraphST,8,0.48990955,0.5622545312,3798,20,47815674bb63484752a1392540e34f7669861a2093de38f059fd10503868caae,0ab5ad00a945cfa064cb7ee421c547103fa19a8294782b50988674280cef1279,7346a538fb4edb9cd8c49c14b9c4d3041e651992b33137df488edfba8401745f,9.961647511,cuda:0,HBCA1,,
HBCA1,GraphST,9,0.5064034603,0.5654963603,3798,20,47815674bb63484752a1392540e34f7669861a2093de38f059fd10503868caae,0ab5ad00a945cfa064cb7ee421c547103fa19a8294782b50988674280cef1279,7346a538fb4edb9cd8c49c14b9c4d3041e651992b33137df488edfba8401745f,10.66771078,cuda:0,HBCA1,,
HBCA1,GraphST,10,0.5078087342,0.5710746628,3798,20,47815674bb63484752a1392540e34f7669861a2093de38f059fd10503868caae,0ab5ad00a945cfa064cb7ee421c547103fa19a8294782b50988674280cef1279,7346a538fb4edb9cd8c49c14b9c4d3041e651992b33137df488edfba8401745f,10.93715382,cuda:0,HBCA1,,
HBCA1,GraphST,11,0.5173169097,0.5792397351,3798,20,47815674bb63484752a1392540e34f7669861a2093de38f059fd10503868caae,0ab5ad00a945cfa064cb7ee421c547103fa19a8294782b50988674280cef1279,7346a538fb4edb9cd8c49c14b9c4d3041e651992b33137df488edfba8401745f,10.84003329,cuda:0,HBCA1,,
HBCA1,GraphST,12,0.5607957477,0.601451701,3798,20,47815674bb63484752a1392540e34f7669861a2093de38f059fd10503868caae,0ab5ad00a945cfa064cb7ee421c547103fa19a8294782b50988674280cef1279,7346a538fb4edb9cd8c49c14b9c4d3041e651992b33137df488edfba8401745f,10.38686347,cuda:0,HBCA1,,
HBCA1,GraphST,13,0.5257387151,0.5849155515,3798,20,47815674bb63484752a1392540e34f7669861a2093de38f059fd10503868caae,0ab5ad00a945cfa064cb7ee421c547103fa19a8294782b50988674280cef1279,7346a538fb4edb9cd8c49c14b9c4d3041e651992b33137df488edfba8401745f,10.21668077,cuda:0,HBCA1,,
HBCA1,GraphST,14,0.5733911297,0.5976558708,3798,20,47815674bb63484752a1392540e34f7669861a2093de38f059fd10503868caae,0ab5ad00a945cfa064cb7ee421c547103fa19a8294782b50988674280cef1279,7346a538fb4edb9cd8c49c14b9c4d3041e651992b33137df488edfba8401745f,10.7328527,cuda:0,HBCA1,,
HBCA1,GraphST,15,0.5735575335,0.6150316176,3798,20,47815674bb63484752a1392540e34f7669861a2093de38f059fd10503868caae,0ab5ad00a945cfa064cb7ee421c547103fa19a8294782b50988674280cef1279,7346a538fb4edb9cd8c49c14b9c4d3041e651992b33137df488edfba8401745f,9.847929716,cuda:0,HBCA1,,
HBCA1,GraphST,16,0.5567497134,0.5905026216,3798,20,47815674bb63484752a1392540e34f7669861a2093de38f059fd10503868caae,0ab5ad00a945cfa064cb7ee421c547103fa19a8294782b50988674280cef1279,7346a538fb4edb9cd8c49c14b9c4d3041e651992b33137df488edfba8401745f,10.96902871,cuda:0,HBCA1,,
HBCA1,GraphST,17,0.5216266464,0.5790244974,3798,20,47815674bb63484752a1392540e34f7669861a2093de38f059fd10503868caae,0ab5ad00a945cfa064cb7ee421c547103fa19a8294782b50988674280cef1279,7346a538fb4edb9cd8c49c14b9c4d3041e651992b33137df488edfba8401745f,10.45464253,cuda:0,HBCA1,,
HBCA1,GraphST,18,0.5480121392,0.5919023584,3798,20,47815674bb63484752a1392540e34f7669861a2093de38f059fd10503868caae,0ab5ad00a945cfa064cb7ee421c547103fa19a8294782b50988674280cef1279,7346a538fb4edb9cd8c49c14b9c4d3041e651992b33137df488edfba8401745f,9.525524378,cuda:0,HBCA1,,
HBCA1,GraphST,19,0.4957621687,0.5709593956,3798,20,47815674bb63484752a1392540e34f7669861a2093de38f059fd10503868caae,0ab5ad00a945cfa064cb7ee421c547103fa19a8294782b50988674280cef1279,7346a538fb4edb9cd8c49c14b9c4d3041e651992b33137df488edfba8401745f,10.71563244,cuda:0,HBCA1,,
HBCA1,GraphST,20,0.514295036,0.5790135766,3798,20,47815674bb63484752a1392540e34f7669861a2093de38f059fd10503868caae,0ab5ad00a945cfa064cb7ee421c547103fa19a8294782b50988674280cef1279,7346a538fb4edb9cd8c49c14b9c4d3041e651992b33137df488edfba8401745f,10.74174905,cuda:0,HBCA1,,
HBCA1,STAGATE,1,0.6303581724,0.663574233,3798,20,47815674bb63484752a1392540e34f7669861a2093de38f059fd10503868caae,0ab5ad00a945cfa064cb7ee421c547103fa19a8294782b50988674280cef1279,cb3a47233f2852ae0bef6ea58c6dbbe7fa14ac2e1373f1f0ec79c590d4294f04,8.427796602,cuda:0,HBCA1,,
HBCA1,STAGATE,2,0.6240111742,0.6697501511,3798,20,47815674bb63484752a1392540e34f7669861a2093de38f059fd10503868caae,0ab5ad00a945cfa064cb7ee421c547103fa19a8294782b50988674280cef1279,cb3a47233f2852ae0bef6ea58c6dbbe7fa14ac2e1373f1f0ec79c590d4294f04,4.680680752,cuda:0,HBCA1,,
HBCA1,STAGATE,3,0.5547580721,0.6388553791,3798,20,47815674bb63484752a1392540e34f7669861a2093de38f059fd10503868caae,0ab5ad00a945cfa064cb7ee421c547103fa19a8294782b50988674280cef1279,cb3a47233f2852ae0bef6ea58c6dbbe7fa14ac2e1373f1f0ec79c590d4294f04,4.489441395,cuda:0,HBCA1,,
HBCA1,STAGATE,4,0.6187021816,0.6611594825,3798,20,47815674bb63484752a1392540e34f7669861a2093de38f059fd10503868caae,0ab5ad00a945cfa064cb7ee421c547103fa19a8294782b50988674280cef1279,cb3a47233f2852ae0bef6ea58c6dbbe7fa14ac2e1373f1f0ec79c590d4294f04,4.541681767,cuda:0,HBCA1,,
HBCA1,STAGATE,5,0.6351390319,0.6648246117,3798,20,47815674bb63484752a1392540e34f7669861a2093de38f059fd10503868caae,0ab5ad00a945cfa064cb7ee421c547103fa19a8294782b50988674280cef1279,cb3a47233f2852ae0bef6ea58c6dbbe7fa14ac2e1373f1f0ec79c590d4294f04,5.118387699,cuda:0,HBCA1,,
HBCA1,STAGATE,6,0.6462814643,0.6735651953,3798,20,47815674bb63484752a1392540e34f7669861a2093de38f059fd10503868caae,0ab5ad00a945cfa064cb7ee421c547103fa19a8294782b50988674280cef1279,cb3a47233f2852ae0bef6ea58c6dbbe7fa14ac2e1373f1f0ec79c590d4294f04,5.387466669,cuda:0,HBCA1,,
HBCA1,STAGATE,7,0.6109527423,0.6688202869,3798,20,47815674bb63484752a1392540e34f7669861a2093de38f059fd10503868caae,0ab5ad00a945cfa064cb7ee421c547103fa19a8294782b50988674280cef1279,cb3a47233f2852ae0bef6ea58c6dbbe7fa14ac2e1373f1f0ec79c590d4294f04,5.663695335,cuda:0,HBCA1,,
HBCA1,STAGATE,8,0.5886723739,0.6428617759,3798,20,47815674bb63484752a1392540e34f7669861a2093de38f059fd10503868caae,0ab5ad00a945cfa064cb7ee421c547103fa19a8294782b50988674280cef1279,cb3a47233f2852ae0bef6ea58c6dbbe7fa14ac2e1373f1f0ec79c590d4294f04,4.944179296,cuda:0,HBCA1,,
HBCA1,STAGATE,9,0.583043535,0.6548836569,3798,20,47815674bb63484752a1392540e34f7669861a2093de38f059fd10503868caae,0ab5ad00a945cfa064cb7ee421c547103fa19a8294782b50988674280cef1279,cb3a47233f2852ae0bef6ea58c6dbbe7fa14ac2e1373f1f0ec79c590d4294f04,5.11537981,cuda:0,HBCA1,,
HBCA1,STAGATE,10,0.61870562,0.650604084,3798,20,47815674bb63484752a1392540e34f7669861a2093de38f059fd10503868caae,0ab5ad00a945cfa064cb7ee421c547103fa19a8294782b50988674280cef1279,cb3a47233f2852ae0bef6ea58c6dbbe7fa14ac2e1373f1f0ec79c590d4294f04,5.535979986,cuda:0,HBCA1,,
HBCA1,STAGATE,11,0.6422804447,0.6736632725,3798,20,47815674bb63484752a1392540e34f7669861a2093de38f059fd10503868caae,0ab5ad00a945cfa064cb7ee421c547103fa19a8294782b50988674280cef1279,cb3a47233f2852ae0bef6ea58c6dbbe7fa14ac2e1373f1f0ec79c590d4294f04,5.049906969,cuda:0,HBCA1,,
HBCA1,STAGATE,12,0.6279636729,0.666858602,3798,20,47815674bb63484752a1392540e34f7669861a2093de38f059fd10503868caae,0ab5ad00a945cfa064cb7ee421c547103fa19a8294782b50988674280cef1279,cb3a47233f2852ae0bef6ea58c6dbbe7fa14ac2e1373f1f0ec79c590d4294f04,6.199645996,cuda:0,HBCA1,,
HBCA1,STAGATE,13,0.6284513248,0.6628609732,3798,20,47815674bb63484752a1392540e34f7669861a2093de38f059fd10503868caae,0ab5ad00a945cfa064cb7ee421c547103fa19a8294782b50988674280cef1279,cb3a47233f2852ae0bef6ea58c6dbbe7fa14ac2e1373f1f0ec79c590d4294f04,6.053338051,cuda:0,HBCA1,,
HBCA1,STAGATE,14,0.6242570549,0.6591512564,3798,20,47815674bb63484752a1392540e34f7669861a2093de38f059fd10503868caae,0ab5ad00a945cfa064cb7ee421c547103fa19a8294782b50988674280cef1279,cb3a47233f2852ae0bef6ea58c6dbbe7fa14ac2e1373f1f0ec79c590d4294f04,5.522456408,cuda:0,HBCA1,,
HBCA1,STAGATE,15,0.645234319,0.6721740811,3798,20,47815674bb63484752a1392540e34f7669861a2093de38f059fd10503868caae,0ab5ad00a945cfa064cb7ee421c547103fa19a8294782b50988674280cef1279,cb3a47233f2852ae0bef6ea58c6dbbe7fa14ac2e1373f1f0ec79c590d4294f04,5.088122606,cuda:0,HBCA1,,
HBCA1,STAGATE,16,0.6311263631,0.6606122606,3798,20,47815674bb63484752a1392540e34f7669861a2093de38f059fd10503868caae,0ab5ad00a945cfa064cb7ee421c547103fa19a8294782b50988674280cef1279,cb3a47233f2852ae0bef6ea58c6dbbe7fa14ac2e1373f1f0ec79c590d4294f04,4.723018885,cuda:0,HBCA1,,
HBCA1,STAGATE,17,0.633781936,0.6676560431,3798,20,47815674bb63484752a1392540e34f7669861a2093de38f059fd10503868caae,0ab5ad00a945cfa064cb7ee421c547103fa19a8294782b50988674280cef1279,cb3a47233f2852ae0bef6ea58c6dbbe7fa14ac2e1373f1f0ec79c590d4294f04,5.093849659,cuda:0,HBCA1,,
HBCA1,STAGATE,18,0.5885072471,0.6564467838,3798,20,47815674bb63484752a1392540e34f7669861a2093de38f059fd10503868caae,0ab5ad00a945cfa064cb7ee421c547103fa19a8294782b50988674280cef1279,cb3a47233f2852ae0bef6ea58c6dbbe7fa14ac2e1373f1f0ec79c590d4294f04,4.537381649,cuda:0,HBCA1,,
HBCA1,STAGATE,19,0.6166342583,0.6575468187,3798,20,47815674bb63484752a1392540e34f7669861a2093de38f059fd10503868caae,0ab5ad00a945cfa064cb7ee421c547103fa19a8294782b50988674280cef1279,cb3a47233f2852ae0bef6ea58c6dbbe7fa14ac2e1373f1f0ec79c590d4294f04,6.502795935,cuda:0,HBCA1,,
HBCA1,STAGATE,20,0.5920508245,0.6581917916,3798,20,47815674bb63484752a1392540e34f7669861a2093de38f059fd10503868caae,0ab5ad00a945cfa064cb7ee421c547103fa19a8294782b50988674280cef1279,cb3a47233f2852ae0bef6ea58c6dbbe7fa14ac2e1373f1f0ec79c590d4294f04,4.775784254,cuda:0,HBCA1,,
HBCA1,SpaGCN,1,0.5078475123,0.6158399376,3798,19,47815674bb63484752a1392540e34f7669861a2093de38f059fd10503868caae,0ab5ad00a945cfa064cb7ee421c547103fa19a8294782b50988674280cef1279,3a7826e776f2c9f7085ee0287f5a7afc99337a9d731467fa81c657957aff4a9c,9.443049669,cpu,HBCA1,,
HBCA1,SpaGCN,2,0.5487247021,0.6505288904,3798,19,47815674bb63484752a1392540e34f7669861a2093de38f059fd10503868caae,0ab5ad00a945cfa064cb7ee421c547103fa19a8294782b50988674280cef1279,3a7826e776f2c9f7085ee0287f5a7afc99337a9d731467fa81c657957aff4a9c,5.354465008,cpu,HBCA1,,
HBCA1,SpaGCN,3,0.495439272,0.6199238185,3798,20,47815674bb63484752a1392540e34f7669861a2093de38f059fd10503868caae,0ab5ad00a945cfa064cb7ee421c547103fa19a8294782b50988674280cef1279,3a7826e776f2c9f7085ee0287f5a7afc99337a9d731467fa81c657957aff4a9c,4.653339863,cpu,HBCA1,,
HBCA1,SpaGCN,4,0.5381752829,0.6268989635,3798,20,47815674bb63484752a1392540e34f7669861a2093de38f059fd10503868caae,0ab5ad00a945cfa064cb7ee421c547103fa19a8294782b50988674280cef1279,3a7826e776f2c9f7085ee0287f5a7afc99337a9d731467fa81c657957aff4a9c,5.205857277,cpu,HBCA1,,
HBCA1,SpaGCN,5,0.5036791549,0.6233599073,3798,19,47815674bb63484752a1392540e34f7669861a2093de38f059fd10503868caae,0ab5ad00a945cfa064cb7ee421c547103fa19a8294782b50988674280cef1279,3a7826e776f2c9f7085ee0287f5a7afc99337a9d731467fa81c657957aff4a9c,5.014977455,cpu,HBCA1,,
HBCA1,SpaGCN,6,0.5605536969,0.6314211985,3798,19,47815674bb63484752a1392540e34f7669861a2093de38f059fd10503868caae,0ab5ad00a945cfa064cb7ee421c547103fa19a8294782b50988674280cef1279,3a7826e776f2c9f7085ee0287f5a7afc99337a9d731467fa81c657957aff4a9c,5.043843269,cpu,HBCA1,,
HBCA1,SpaGCN,7,0.5423494977,0.6378353691,3798,19,47815674bb63484752a1392540e34f7669861a2093de38f059fd10503868caae,0ab5ad00a945cfa064cb7ee421c547103fa19a8294782b50988674280cef1279,3a7826e776f2c9f7085ee0287f5a7afc99337a9d731467fa81c657957aff4a9c,4.772479057,cpu,HBCA1,,
HBCA1,SpaGCN,8,0.5199017472,0.6299288064,3798,19,47815674bb63484752a1392540e34f7669861a2093de38f059fd10503868caae,0ab5ad00a945cfa064cb7ee421c547103fa19a8294782b50988674280cef1279,3a7826e776f2c9f7085ee0287f5a7afc99337a9d731467fa81c657957aff4a9c,5.140986681,cpu,HBCA1,,
HBCA1,SpaGCN,9,0.5346225371,0.6317184815,3798,19,47815674bb63484752a1392540e34f7669861a2093de38f059fd10503868caae,0ab5ad00a945cfa064cb7ee421c547103fa19a8294782b50988674280cef1279,3a7826e776f2c9f7085ee0287f5a7afc99337a9d731467fa81c657957aff4a9c,5.280140638,cpu,HBCA1,,
HBCA1,SpaGCN,10,0.5126051694,0.6100353157,3798,20,47815674bb63484752a1392540e34f7669861a2093de38f059fd10503868caae,0ab5ad00a945cfa064cb7ee421c547103fa19a8294782b50988674280cef1279,3a7826e776f2c9f7085ee0287f5a7afc99337a9d731467fa81c657957aff4a9c,5.395153522,cpu,HBCA1,,
HBCA1,SpaGCN,11,0.4952148264,0.6146227143,3798,19,47815674bb63484752a1392540e34f7669861a2093de38f059fd10503868caae,0ab5ad00a945cfa064cb7ee421c547103fa19a8294782b50988674280cef1279,3a7826e776f2c9f7085ee0287f5a7afc99337a9d731467fa81c657957aff4a9c,10.57431245,cpu,HBCA1,,
HBCA1,SpaGCN,12,0.5491072344,0.6370494156,3798,20,47815674bb63484752a1392540e34f7669861a2093de38f059fd10503868caae,0ab5ad00a945cfa064cb7ee421c547103fa19a8294782b50988674280cef1279,3a7826e776f2c9f7085ee0287f5a7afc99337a9d731467fa81c657957aff4a9c,5.436486006,cpu,HBCA1,,
HBCA1,SpaGCN,13,0.5341545755,0.6241830913,3798,20,47815674bb63484752a1392540e34f7669861a2093de38f059fd10503868caae,0ab5ad00a945cfa064cb7ee421c547103fa19a8294782b50988674280cef1279,3a7826e776f2c9f7085ee0287f5a7afc99337a9d731467fa81c657957aff4a9c,6.560383081,cpu,HBCA1,,
HBCA1,SpaGCN,14,0.5385806209,0.6284545319,3798,20,47815674bb63484752a1392540e34f7669861a2093de38f059fd10503868caae,0ab5ad00a945cfa064cb7ee421c547103fa19a8294782b50988674280cef1279,3a7826e776f2c9f7085ee0287f5a7afc99337a9d731467fa81c657957aff4a9c,5.49607873,cpu,HBCA1,,
HBCA1,SpaGCN,15,0.539660821,0.637763877,3798,20,47815674bb63484752a1392540e34f7669861a2093de38f059fd10503868caae,0ab5ad00a945cfa064cb7ee421c547103fa19a8294782b50988674280cef1279,3a7826e776f2c9f7085ee0287f5a7afc99337a9d731467fa81c657957aff4a9c,6.324548006,cpu,HBCA1,,
HBCA1,SpaGCN,16,0.5378510532,0.6391198335,3798,20,47815674bb63484752a1392540e34f7669861a2093de38f059fd10503868caae,0ab5ad00a945cfa064cb7ee421c547103fa19a8294782b50988674280cef1279,3a7826e776f2c9f7085ee0287f5a7afc99337a9d731467fa81c657957aff4a9c,6.342467308,cpu,HBCA1,,
HBCA1,SpaGCN,17,0.5108484099,0.6066947489,3798,18,47815674bb63484752a1392540e34f7669861a2093de38f059fd10503868caae,0ab5ad00a945cfa064cb7ee421c547103fa19a8294782b50988674280cef1279,3a7826e776f2c9f7085ee0287f5a7afc99337a9d731467fa81c657957aff4a9c,6.683999062,cpu,HBCA1,,
HBCA1,SpaGCN,18,0.5499018237,0.6444089523,3798,19,47815674bb63484752a1392540e34f7669861a2093de38f059fd10503868caae,0ab5ad00a945cfa064cb7ee421c547103fa19a8294782b50988674280cef1279,3a7826e776f2c9f7085ee0287f5a7afc99337a9d731467fa81c657957aff4a9c,6.152979851,cpu,HBCA1,,
HBCA1,SpaGCN,19,0.5292751866,0.6340313068,3798,20,47815674bb63484752a1392540e34f7669861a2093de38f059fd10503868caae,0ab5ad00a945cfa064cb7ee421c547103fa19a8294782b50988674280cef1279,3a7826e776f2c9f7085ee0287f5a7afc99337a9d731467fa81c657957aff4a9c,7.012429953,cpu,HBCA1,,
HBCA1,SpaGCN,20,0.5290865129,0.623128116,3798,20,47815674bb63484752a1392540e34f7669861a2093de38f059fd10503868caae,0ab5ad00a945cfa064cb7ee421c547103fa19a8294782b50988674280cef1279,3a7826e776f2c9f7085ee0287f5a7afc99337a9d731467fa81c657957aff4a9c,6.754197836,cpu,HBCA1,,
HBCA1,BANKSY,1,0.6400617411,0.6763643342,3798,20,47815674bb63484752a1392540e34f7669861a2093de38f059fd10503868caae,0ab5ad00a945cfa064cb7ee421c547103fa19a8294782b50988674280cef1279,0c7ed4270b4ccae75c1a8523feff3174fb82e660ffb6224e1af823d23d1b41a0,3.485211372,cpu,HBCA1,,
HBCA1,BANKSY,2,0.6522080246,0.6892782444,3798,20,47815674bb63484752a1392540e34f7669861a2093de38f059fd10503868caae,0ab5ad00a945cfa064cb7ee421c547103fa19a8294782b50988674280cef1279,0c7ed4270b4ccae75c1a8523feff3174fb82e660ffb6224e1af823d23d1b41a0,1.206487656,cpu,HBCA1,,
HBCA1,BANKSY,3,0.6422349447,0.6883592197,3798,20,47815674bb63484752a1392540e34f7669861a2093de38f059fd10503868caae,0ab5ad00a945cfa064cb7ee421c547103fa19a8294782b50988674280cef1279,0c7ed4270b4ccae75c1a8523feff3174fb82e660ffb6224e1af823d23d1b41a0,0.697204113,cpu,HBCA1,,
HBCA1,BANKSY,4,0.6487234058,0.6913000207,3798,20,47815674bb63484752a1392540e34f7669861a2093de38f059fd10503868caae,0ab5ad00a945cfa064cb7ee421c547103fa19a8294782b50988674280cef1279,0c7ed4270b4ccae75c1a8523feff3174fb82e660ffb6224e1af823d23d1b41a0,0.701328516,cpu,HBCA1,,
HBCA1,BANKSY,5,0.6361370017,0.6829409595,3798,20,47815674bb63484752a1392540e34f7669861a2093de38f059fd10503868caae,0ab5ad00a945cfa064cb7ee421c547103fa19a8294782b50988674280cef1279,0c7ed4270b4ccae75c1a8523feff3174fb82e660ffb6224e1af823d23d1b41a0,0.5927739143,cpu,HBCA1,,
HBCA1,BANKSY,6,0.585165156,0.663891992,3798,20,47815674bb63484752a1392540e34f7669861a2093de38f059fd10503868caae,0ab5ad00a945cfa064cb7ee421c547103fa19a8294782b50988674280cef1279,0c7ed4270b4ccae75c1a8523feff3174fb82e660ffb6224e1af823d23d1b41a0,0.9351136684,cpu,HBCA1,,
HBCA1,BANKSY,7,0.6134227112,0.6783896002,3798,20,47815674bb63484752a1392540e34f7669861a2093de38f059fd10503868caae,0ab5ad00a945cfa064cb7ee421c547103fa19a8294782b50988674280cef1279,0c7ed4270b4ccae75c1a8523feff3174fb82e660ffb6224e1af823d23d1b41a0,0.9176421165,cpu,HBCA1,,
HBCA1,BANKSY,8,0.6355464212,0.6788527615,3798,20,47815674bb63484752a1392540e34f7669861a2093de38f059fd10503868caae,0ab5ad00a945cfa064cb7ee421c547103fa19a8294782b50988674280cef1279,0c7ed4270b4ccae75c1a8523feff3174fb82e660ffb6224e1af823d23d1b41a0,0.7523870468,cpu,HBCA1,,
HBCA1,BANKSY,9,0.6176558592,0.6847530125,3798,20,47815674bb63484752a1392540e34f7669861a2093de38f059fd10503868caae,0ab5ad00a945cfa064cb7ee421c547103fa19a8294782b50988674280cef1279,0c7ed4270b4ccae75c1a8523feff3174fb82e660ffb6224e1af823d23d1b41a0,0.7379009724,cpu,HBCA1,,
HBCA1,BANKSY,10,0.5717066569,0.6681247117,3798,20,47815674bb63484752a1392540e34f7669861a2093de38f059fd10503868caae,0ab5ad00a945cfa064cb7ee421c547103fa19a8294782b50988674280cef1279,0c7ed4270b4ccae75c1a8523feff3174fb82e660ffb6224e1af823d23d1b41a0,0.824618578,cpu,HBCA1,,
HBCA1,BANKSY,11,0.639787322,0.6806524465,3798,20,47815674bb63484752a1392540e34f7669861a2093de38f059fd10503868caae,0ab5ad00a945cfa064cb7ee421c547103fa19a8294782b50988674280cef1279,0c7ed4270b4ccae75c1a8523feff3174fb82e660ffb6224e1af823d23d1b41a0,0.8431601524,cpu,HBCA1,,
HBCA1,BANKSY,12,0.6043812509,0.6699725496,3798,20,47815674bb63484752a1392540e34f7669861a2093de38f059fd10503868caae,0ab5ad00a945cfa064cb7ee421c547103fa19a8294782b50988674280cef1279,0c7ed4270b4ccae75c1a8523feff3174fb82e660ffb6224e1af823d23d1b41a0,0.7787621021,cpu,HBCA1,,
HBCA1,BANKSY,13,0.5707870212,0.6753174924,3798,20,47815674bb63484752a1392540e34f7669861a2093de38f059fd10503868caae,0ab5ad00a945cfa064cb7ee421c547103fa19a8294782b50988674280cef1279,0c7ed4270b4ccae75c1a8523feff3174fb82e660ffb6224e1af823d23d1b41a0,0.9760415554,cpu,HBCA1,,
HBCA1,BANKSY,14,0.5997980314,0.6658412148,3798,20,47815674bb63484752a1392540e34f7669861a2093de38f059fd10503868caae,0ab5ad00a945cfa064cb7ee421c547103fa19a8294782b50988674280cef1279,0c7ed4270b4ccae75c1a8523feff3174fb82e660ffb6224e1af823d23d1b41a0,0.8534171581,cpu,HBCA1,,
HBCA1,BANKSY,15,0.6003708531,0.6613878929,3798,20,47815674bb63484752a1392540e34f7669861a2093de38f059fd10503868caae,0ab5ad00a945cfa064cb7ee421c547103fa19a8294782b50988674280cef1279,0c7ed4270b4ccae75c1a8523feff3174fb82e660ffb6224e1af823d23d1b41a0,1.002756357,cpu,HBCA1,,
HBCA1,BANKSY,16,0.6340745772,0.6697198219,3798,20,47815674bb63484752a1392540e34f7669861a2093de38f059fd10503868caae,0ab5ad00a945cfa064cb7ee421c547103fa19a8294782b50988674280cef1279,0c7ed4270b4ccae75c1a8523feff3174fb82e660ffb6224e1af823d23d1b41a0,0.9769937992,cpu,HBCA1,,
HBCA1,BANKSY,17,0.6423117958,0.6853551285,3798,20,47815674bb63484752a1392540e34f7669861a2093de38f059fd10503868caae,0ab5ad00a945cfa064cb7ee421c547103fa19a8294782b50988674280cef1279,0c7ed4270b4ccae75c1a8523feff3174fb82e660ffb6224e1af823d23d1b41a0,1.058915138,cpu,HBCA1,,
HBCA1,BANKSY,18,0.6392755672,0.68198009,3798,20,47815674bb63484752a1392540e34f7669861a2093de38f059fd10503868caae,0ab5ad00a945cfa064cb7ee421c547103fa19a8294782b50988674280cef1279,0c7ed4270b4ccae75c1a8523feff3174fb82e660ffb6224e1af823d23d1b41a0,0.9063537121,cpu,HBCA1,,
HBCA1,BANKSY,19,0.5706647925,0.6672994617,3798,20,47815674bb63484752a1392540e34f7669861a2093de38f059fd10503868caae,0ab5ad00a945cfa064cb7ee421c547103fa19a8294782b50988674280cef1279,0c7ed4270b4ccae75c1a8523feff3174fb82e660ffb6224e1af823d23d1b41a0,0.9526965618,cpu,HBCA1,,
HBCA1,BANKSY,20,0.643898887,0.6813658969,3798,20,47815674bb63484752a1392540e34f7669861a2093de38f059fd10503868caae,0ab5ad00a945cfa064cb7ee421c547103fa19a8294782b50988674280cef1279,0c7ed4270b4ccae75c1a8523feff3174fb82e660ffb6224e1af823d23d1b41a0,1.001786232,cpu,HBCA1,,
HBCA1,SEDR,1,0.446071138837,0.66357904240700005,3798,20,,,,,,HBCA1,3798,22240
HBCA1,SEDR,2,0.44552085667000002,0.66436498790999998,3798,20,,,,,,HBCA1,3798,22240
HBCA1,SEDR,3,0.392113072482,0.66188096507600003,3798,20,,,,,,HBCA1,3798,22240
HBCA1,SEDR,4,0.44673811834299998,0.66587049821300004,3798,20,,,,,,HBCA1,3798,22240
HBCA1,SEDR,5,0.41835384093599998,0.64695718494300003,3798,20,,,,,,HBCA1,3798,22240
HBCA1,SEDR,6,0.45389238852500002,0.66315659394799997,3798,20,,,,,,HBCA1,3798,22240
HBCA1,SEDR,7,0.37894028741300001,0.64959440673000002,3798,20,,,,,,HBCA1,3798,22240
HBCA1,SEDR,8,0.44161047612799997,0.64866499377599995,3798,20,,,,,,HBCA1,3798,22240
HBCA1,SEDR,9,0.434824402532,0.66400656017799997,3798,20,,,,,,HBCA1,3798,22240
HBCA1,SEDR,10,0.37760346389400001,0.65218355914299997,3798,20,,,,,,HBCA1,3798,22240
HBCA1,SEDR,11,0.39294849478799998,0.65165685697499998,3798,20,,,,,,HBCA1,3798,22240
HBCA1,SEDR,12,0.35782092835099999,0.64276540788100001,3798,20,,,,,,HBCA1,3798,22240
HBCA1,SEDR,13,0.39372542947900002,0.656600494501,3798,20,,,,,,HBCA1,3798,22240
HBCA1,SEDR,14,0.39269705836899998,0.66091447662299996,3798,20,,,,,,HBCA1,3798,22240
HBCA1,SEDR,15,0.39257121293399999,0.65239393994899997,3798,20,,,,,,HBCA1,3798,22240
HBCA1,SEDR,16,0.37092127636700001,0.64844072161599997,3798,20,,,,,,HBCA1,3798,22240
HBCA1,SEDR,17,0.41864676428300002,0.65797677105600005,3798,20,,,,,,HBCA1,3798,22240
HBCA1,SEDR,18,0.36921512215699998,0.64440005190399996,3798,20,,,,,,HBCA1,3798,22240
HBCA1,SEDR,19,0.38789950527400002,0.65764526843100002,3798,20,,,,,,HBCA1,3798,22240
HBCA1,SEDR,20,0.38512718643999999,0.65002979240100001,3798,20,,,,,,HBCA1,3798,22240
MERFISH_Bregma_m0.04,GraphST,1,0.2192129433,0.34725906,,8,c00255ab1b54155251b307c40608c90875a1ccb9fb3dafb083f8530ce0b3b84f,,2a9ccfda4e4fee1eed7bbe794e68eee28495d4770e7494c1aac054f9135d35b1,67.6552415,cpu,Bregma -0.04,5488,155
MERFISH_Bregma_m0.04,GraphST,2,0.2055608226,0.3600687865,,8,c00255ab1b54155251b307c40608c90875a1ccb9fb3dafb083f8530ce0b3b84f,,2a9ccfda4e4fee1eed7bbe794e68eee28495d4770e7494c1aac054f9135d35b1,41.2986422,cpu,Bregma -0.04,5488,155
MERFISH_Bregma_m0.04,GraphST,3,0.1493215115,0.3178332348,,8,c00255ab1b54155251b307c40608c90875a1ccb9fb3dafb083f8530ce0b3b84f,,2a9ccfda4e4fee1eed7bbe794e68eee28495d4770e7494c1aac054f9135d35b1,41.8989126,cpu,Bregma -0.04,5488,155
MERFISH_Bregma_m0.04,GraphST,4,0.293955731,0.4175033904,,8,c00255ab1b54155251b307c40608c90875a1ccb9fb3dafb083f8530ce0b3b84f,,2a9ccfda4e4fee1eed7bbe794e68eee28495d4770e7494c1aac054f9135d35b1,44.0161977,cpu,Bregma -0.04,5488,155
MERFISH_Bregma_m0.04,GraphST,5,0.2242042209,0.3976387675,,8,c00255ab1b54155251b307c40608c90875a1ccb9fb3dafb083f8530ce0b3b84f,,2a9ccfda4e4fee1eed7bbe794e68eee28495d4770e7494c1aac054f9135d35b1,45.7585717,cpu,Bregma -0.04,5488,155
MERFISH_Bregma_m0.04,GraphST,6,0.2374563438,0.4116886642,,8,c00255ab1b54155251b307c40608c90875a1ccb9fb3dafb083f8530ce0b3b84f,,2a9ccfda4e4fee1eed7bbe794e68eee28495d4770e7494c1aac054f9135d35b1,56.6277882,cpu,Bregma -0.04,5488,155
MERFISH_Bregma_m0.04,GraphST,7,0.2124846685,0.3315880844,,8,c00255ab1b54155251b307c40608c90875a1ccb9fb3dafb083f8530ce0b3b84f,,2a9ccfda4e4fee1eed7bbe794e68eee28495d4770e7494c1aac054f9135d35b1,56.8301601,cpu,Bregma -0.04,5488,155
MERFISH_Bregma_m0.04,GraphST,8,0.2261168203,0.4273520244,,8,c00255ab1b54155251b307c40608c90875a1ccb9fb3dafb083f8530ce0b3b84f,,2a9ccfda4e4fee1eed7bbe794e68eee28495d4770e7494c1aac054f9135d35b1,48.77795,cpu,Bregma -0.04,5488,155
MERFISH_Bregma_m0.04,GraphST,9,0.2226369066,0.3862671917,,8,c00255ab1b54155251b307c40608c90875a1ccb9fb3dafb083f8530ce0b3b84f,,2a9ccfda4e4fee1eed7bbe794e68eee28495d4770e7494c1aac054f9135d35b1,44.2578652,cpu,Bregma -0.04,5488,155
MERFISH_Bregma_m0.04,GraphST,10,0.2016433691,0.3683180554,,8,c00255ab1b54155251b307c40608c90875a1ccb9fb3dafb083f8530ce0b3b84f,,2a9ccfda4e4fee1eed7bbe794e68eee28495d4770e7494c1aac054f9135d35b1,54.1841196,cpu,Bregma -0.04,5488,155
MERFISH_Bregma_m0.04,GraphST,11,0.2325126292,0.3865390199,,8,c00255ab1b54155251b307c40608c90875a1ccb9fb3dafb083f8530ce0b3b84f,,2a9ccfda4e4fee1eed7bbe794e68eee28495d4770e7494c1aac054f9135d35b1,52.044334,cpu,Bregma -0.04,5488,155
MERFISH_Bregma_m0.04,GraphST,12,0.2400232505,0.4183406512,,8,c00255ab1b54155251b307c40608c90875a1ccb9fb3dafb083f8530ce0b3b84f,,2a9ccfda4e4fee1eed7bbe794e68eee28495d4770e7494c1aac054f9135d35b1,55.4256529,cpu,Bregma -0.04,5488,155
MERFISH_Bregma_m0.04,GraphST,13,0.2028392822,0.38799658,,8,c00255ab1b54155251b307c40608c90875a1ccb9fb3dafb083f8530ce0b3b84f,,2a9ccfda4e4fee1eed7bbe794e68eee28495d4770e7494c1aac054f9135d35b1,59.2418363,cpu,Bregma -0.04,5488,155
MERFISH_Bregma_m0.04,GraphST,14,0.2242168937,0.3976117713,,8,c00255ab1b54155251b307c40608c90875a1ccb9fb3dafb083f8530ce0b3b84f,,2a9ccfda4e4fee1eed7bbe794e68eee28495d4770e7494c1aac054f9135d35b1,59.536002,cpu,Bregma -0.04,5488,155
MERFISH_Bregma_m0.04,GraphST,15,0.2161747458,0.3609919448,,8,c00255ab1b54155251b307c40608c90875a1ccb9fb3dafb083f8530ce0b3b84f,,2a9ccfda4e4fee1eed7bbe794e68eee28495d4770e7494c1aac054f9135d35b1,59.8705093,cpu,Bregma -0.04,5488,155
MERFISH_Bregma_m0.04,GraphST,16,0.242649366,0.3858241204,,8,c00255ab1b54155251b307c40608c90875a1ccb9fb3dafb083f8530ce0b3b84f,,2a9ccfda4e4fee1eed7bbe794e68eee28495d4770e7494c1aac054f9135d35b1,57.9926229,cpu,Bregma -0.04,5488,155
MERFISH_Bregma_m0.04,GraphST,17,0.1699023482,0.327536114,,8,c00255ab1b54155251b307c40608c90875a1ccb9fb3dafb083f8530ce0b3b84f,,2a9ccfda4e4fee1eed7bbe794e68eee28495d4770e7494c1aac054f9135d35b1,57.891321,cpu,Bregma -0.04,5488,155
MERFISH_Bregma_m0.04,GraphST,18,0.2291615319,0.4212870263,,8,c00255ab1b54155251b307c40608c90875a1ccb9fb3dafb083f8530ce0b3b84f,,2a9ccfda4e4fee1eed7bbe794e68eee28495d4770e7494c1aac054f9135d35b1,62.6550601,cpu,Bregma -0.04,5488,155
MERFISH_Bregma_m0.04,GraphST,19,0.2511482803,0.3985290071,,8,c00255ab1b54155251b307c40608c90875a1ccb9fb3dafb083f8530ce0b3b84f,,2a9ccfda4e4fee1eed7bbe794e68eee28495d4770e7494c1aac054f9135d35b1,59.0726018,cpu,Bregma -0.04,5488,155
MERFISH_Bregma_m0.04,GraphST,20,0.2079969514,0.372312028,,8,c00255ab1b54155251b307c40608c90875a1ccb9fb3dafb083f8530ce0b3b84f,,2a9ccfda4e4fee1eed7bbe794e68eee28495d4770e7494c1aac054f9135d35b1,63.8437953,cpu,Bregma -0.04,5488,155
MERFISH_Bregma_m0.04,STAGATE,1,0.4503237256,0.5551361318,,8,c00255ab1b54155251b307c40608c90875a1ccb9fb3dafb083f8530ce0b3b84f,,67d884e3657347fc5eac8062056550787e0e01f211251009e1f723fbb69d7fca,855.7309609,cpu,Bregma -0.04,5488,155
MERFISH_Bregma_m0.04,STAGATE,2,0.3740555686,0.5186687813,,8,c00255ab1b54155251b307c40608c90875a1ccb9fb3dafb083f8530ce0b3b84f,,67d884e3657347fc5eac8062056550787e0e01f211251009e1f723fbb69d7fca,831.1311219,cpu,Bregma -0.04,5488,155
MERFISH_Bregma_m0.04,STAGATE,3,0.445594311,0.5601462059,,8,c00255ab1b54155251b307c40608c90875a1ccb9fb3dafb083f8530ce0b3b84f,,67d884e3657347fc5eac8062056550787e0e01f211251009e1f723fbb69d7fca,843.702151,cpu,Bregma -0.04,5488,155
MERFISH_Bregma_m0.04,STAGATE,4,0.3316768677,0.5212295946,,8,c00255ab1b54155251b307c40608c90875a1ccb9fb3dafb083f8530ce0b3b84f,,67d884e3657347fc5eac8062056550787e0e01f211251009e1f723fbb69d7fca,866.6389124,cpu,Bregma -0.04,5488,155
MERFISH_Bregma_m0.04,STAGATE,5,0.4399387845,0.540942004,,8,c00255ab1b54155251b307c40608c90875a1ccb9fb3dafb083f8530ce0b3b84f,,67d884e3657347fc5eac8062056550787e0e01f211251009e1f723fbb69d7fca,839.2334141,cpu,Bregma -0.04,5488,155
MERFISH_Bregma_m0.04,STAGATE,6,0.4172932015,0.5358155938,,8,c00255ab1b54155251b307c40608c90875a1ccb9fb3dafb083f8530ce0b3b84f,,67d884e3657347fc5eac8062056550787e0e01f211251009e1f723fbb69d7fca,816.5406688,cpu,Bregma -0.04,5488,155
MERFISH_Bregma_m0.04,STAGATE,7,0.3072862325,0.4934208331,,8,c00255ab1b54155251b307c40608c90875a1ccb9fb3dafb083f8530ce0b3b84f,,67d884e3657347fc5eac8062056550787e0e01f211251009e1f723fbb69d7fca,783.3502932,cpu,Bregma -0.04,5488,155
MERFISH_Bregma_m0.04,STAGATE,8,0.3244736954,0.5006966069,,8,c00255ab1b54155251b307c40608c90875a1ccb9fb3dafb083f8530ce0b3b84f,,67d884e3657347fc5eac8062056550787e0e01f211251009e1f723fbb69d7fca,846.2790214,cpu,Bregma -0.04,5488,155
MERFISH_Bregma_m0.04,STAGATE,9,0.4600163679,0.5628396823,,8,c00255ab1b54155251b307c40608c90875a1ccb9fb3dafb083f8530ce0b3b84f,,67d884e3657347fc5eac8062056550787e0e01f211251009e1f723fbb69d7fca,822.189804,cpu,Bregma -0.04,5488,155
MERFISH_Bregma_m0.04,STAGATE,10,0.3967777633,0.5111876816,,8,c00255ab1b54155251b307c40608c90875a1ccb9fb3dafb083f8530ce0b3b84f,,67d884e3657347fc5eac8062056550787e0e01f211251009e1f723fbb69d7fca,794.1473454,cpu,Bregma -0.04,5488,155
MERFISH_Bregma_m0.04,STAGATE,11,0.5548836671,0.6426158654,,8,c00255ab1b54155251b307c40608c90875a1ccb9fb3dafb083f8530ce0b3b84f,,67d884e3657347fc5eac8062056550787e0e01f211251009e1f723fbb69d7fca,819.5108835,cpu,Bregma -0.04,5488,155
MERFISH_Bregma_m0.04,STAGATE,12,0.3983364827,0.5206465572,,8,c00255ab1b54155251b307c40608c90875a1ccb9fb3dafb083f8530ce0b3b84f,,67d884e3657347fc5eac8062056550787e0e01f211251009e1f723fbb69d7fca,781.0324048,cpu,Bregma -0.04,5488,155
MERFISH_Bregma_m0.04,STAGATE,13,0.4071075293,0.5493993416,,8,c00255ab1b54155251b307c40608c90875a1ccb9fb3dafb083f8530ce0b3b84f,,67d884e3657347fc5eac8062056550787e0e01f211251009e1f723fbb69d7fca,767.93186,cpu,Bregma -0.04,5488,155
MERFISH_Bregma_m0.04,STAGATE,14,0.4876132244,0.5775051201,,8,c00255ab1b54155251b307c40608c90875a1ccb9fb3dafb083f8530ce0b3b84f,,67d884e3657347fc5eac8062056550787e0e01f211251009e1f723fbb69d7fca,745.2379155,cpu,Bregma -0.04,5488,155
MERFISH_Bregma_m0.04,STAGATE,15,0.5151475239,0.6193184914,,8,c00255ab1b54155251b307c40608c90875a1ccb9fb3dafb083f8530ce0b3b84f,,67d884e3657347fc5eac8062056550787e0e01f211251009e1f723fbb69d7fca,811.368999,cpu,Bregma -0.04,5488,155
MERFISH_Bregma_m0.04,STAGATE,16,0.3247128663,0.5021067889,,8,c00255ab1b54155251b307c40608c90875a1ccb9fb3dafb083f8530ce0b3b84f,,67d884e3657347fc5eac8062056550787e0e01f211251009e1f723fbb69d7fca,819.8843579,cpu,Bregma -0.04,5488,155
MERFISH_Bregma_m0.04,STAGATE,17,0.3411922626,0.5030421734,,8,c00255ab1b54155251b307c40608c90875a1ccb9fb3dafb083f8530ce0b3b84f,,67d884e3657347fc5eac8062056550787e0e01f211251009e1f723fbb69d7fca,798.0534321,cpu,Bregma -0.04,5488,155
MERFISH_Bregma_m0.04,STAGATE,18,0.3451809862,0.5258719144,,8,c00255ab1b54155251b307c40608c90875a1ccb9fb3dafb083f8530ce0b3b84f,,67d884e3657347fc5eac8062056550787e0e01f211251009e1f723fbb69d7fca,744.9270872,cpu,Bregma -0.04,5488,155
MERFISH_Bregma_m0.04,STAGATE,19,0.382289439,0.5346940288,,8,c00255ab1b54155251b307c40608c90875a1ccb9fb3dafb083f8530ce0b3b84f,,67d884e3657347fc5eac8062056550787e0e01f211251009e1f723fbb69d7fca,731.3114787,cpu,Bregma -0.04,5488,155
MERFISH_Bregma_m0.04,STAGATE,20,0.4533931716,0.5664368937,,8,c00255ab1b54155251b307c40608c90875a1ccb9fb3dafb083f8530ce0b3b84f,,67d884e3657347fc5eac8062056550787e0e01f211251009e1f723fbb69d7fca,812.81359,cpu,Bregma -0.04,5488,155
MERFISH_Bregma_m0.04,SpaGCN,1,0.1910755439,0.2760585564,,8,c00255ab1b54155251b307c40608c90875a1ccb9fb3dafb083f8530ce0b3b84f,,bebcc7be2cec4a39b9aa797f50f94a5f8b16ea15d04b707a8248f3b6b6a865e3,33.2977364,cpu,Bregma -0.04,5488,155
MERFISH_Bregma_m0.04,SpaGCN,2,0.1010318793,0.1865752562,,8,c00255ab1b54155251b307c40608c90875a1ccb9fb3dafb083f8530ce0b3b84f,,bebcc7be2cec4a39b9aa797f50f94a5f8b16ea15d04b707a8248f3b6b6a865e3,27.3795715,cpu,Bregma -0.04,5488,155
MERFISH_Bregma_m0.04,SpaGCN,3,0.08860925539,0.1839870407,,8,c00255ab1b54155251b307c40608c90875a1ccb9fb3dafb083f8530ce0b3b84f,,bebcc7be2cec4a39b9aa797f50f94a5f8b16ea15d04b707a8248f3b6b6a865e3,25.9295335,cpu,Bregma -0.04,5488,155
MERFISH_Bregma_m0.04,SpaGCN,4,0.1253429988,0.2195057552,,8,c00255ab1b54155251b307c40608c90875a1ccb9fb3dafb083f8530ce0b3b84f,,bebcc7be2cec4a39b9aa797f50f94a5f8b16ea15d04b707a8248f3b6b6a865e3,24.8243228,cpu,Bregma -0.04,5488,155
MERFISH_Bregma_m0.04,SpaGCN,5,0.08852945701,0.1835981541,,8,c00255ab1b54155251b307c40608c90875a1ccb9fb3dafb083f8530ce0b3b84f,,bebcc7be2cec4a39b9aa797f50f94a5f8b16ea15d04b707a8248f3b6b6a865e3,20.56532,cpu,Bregma -0.04,5488,155
MERFISH_Bregma_m0.04,SpaGCN,6,0.0979971429,0.1874543313,,8,c00255ab1b54155251b307c40608c90875a1ccb9fb3dafb083f8530ce0b3b84f,,bebcc7be2cec4a39b9aa797f50f94a5f8b16ea15d04b707a8248f3b6b6a865e3,25.6423056,cpu,Bregma -0.04,5488,155
MERFISH_Bregma_m0.04,SpaGCN,7,0.1535240438,0.2207207007,,8,c00255ab1b54155251b307c40608c90875a1ccb9fb3dafb083f8530ce0b3b84f,,bebcc7be2cec4a39b9aa797f50f94a5f8b16ea15d04b707a8248f3b6b6a865e3,27.6719172,cpu,Bregma -0.04,5488,155
MERFISH_Bregma_m0.04,SpaGCN,8,0.138866552,0.2328973964,,8,c00255ab1b54155251b307c40608c90875a1ccb9fb3dafb083f8530ce0b3b84f,,bebcc7be2cec4a39b9aa797f50f94a5f8b16ea15d04b707a8248f3b6b6a865e3,26.5426336,cpu,Bregma -0.04,5488,155
MERFISH_Bregma_m0.04,SpaGCN,9,0.1406814153,0.2378842224,,8,c00255ab1b54155251b307c40608c90875a1ccb9fb3dafb083f8530ce0b3b84f,,bebcc7be2cec4a39b9aa797f50f94a5f8b16ea15d04b707a8248f3b6b6a865e3,15.3004769,cpu,Bregma -0.04,5488,155
MERFISH_Bregma_m0.04,SpaGCN,10,0.1309157929,0.1972797462,,8,c00255ab1b54155251b307c40608c90875a1ccb9fb3dafb083f8530ce0b3b84f,,bebcc7be2cec4a39b9aa797f50f94a5f8b16ea15d04b707a8248f3b6b6a865e3,14.7538749,cpu,Bregma -0.04,5488,155
MERFISH_Bregma_m0.04,SpaGCN,11,0.1332018706,0.22029568,,8,c00255ab1b54155251b307c40608c90875a1ccb9fb3dafb083f8530ce0b3b84f,,bebcc7be2cec4a39b9aa797f50f94a5f8b16ea15d04b707a8248f3b6b6a865e3,25.4134929,cpu,Bregma -0.04,5488,155
MERFISH_Bregma_m0.04,SpaGCN,12,0.1378736563,0.2433234736,,8,c00255ab1b54155251b307c40608c90875a1ccb9fb3dafb083f8530ce0b3b84f,,bebcc7be2cec4a39b9aa797f50f94a5f8b16ea15d04b707a8248f3b6b6a865e3,27.070616,cpu,Bregma -0.04,5488,155
MERFISH_Bregma_m0.04,SpaGCN,13,0.1271440658,0.209395856,,8,c00255ab1b54155251b307c40608c90875a1ccb9fb3dafb083f8530ce0b3b84f,,bebcc7be2cec4a39b9aa797f50f94a5f8b16ea15d04b707a8248f3b6b6a865e3,13.5695246,cpu,Bregma -0.04,5488,155
MERFISH_Bregma_m0.04,SpaGCN,14,0.0808532446,0.1649490724,,8,c00255ab1b54155251b307c40608c90875a1ccb9fb3dafb083f8530ce0b3b84f,,bebcc7be2cec4a39b9aa797f50f94a5f8b16ea15d04b707a8248f3b6b6a865e3,22.3537052,cpu,Bregma -0.04,5488,155
MERFISH_Bregma_m0.04,SpaGCN,15,0.1375778448,0.2314353988,,8,c00255ab1b54155251b307c40608c90875a1ccb9fb3dafb083f8530ce0b3b84f,,bebcc7be2cec4a39b9aa797f50f94a5f8b16ea15d04b707a8248f3b6b6a865e3,23.612747,cpu,Bregma -0.04,5488,155
MERFISH_Bregma_m0.04,SpaGCN,16,0.08936271471,0.1735891151,,8,c00255ab1b54155251b307c40608c90875a1ccb9fb3dafb083f8530ce0b3b84f,,bebcc7be2cec4a39b9aa797f50f94a5f8b16ea15d04b707a8248f3b6b6a865e3,24.978146,cpu,Bregma -0.04,5488,155
MERFISH_Bregma_m0.04,SpaGCN,17,0.1129629985,0.1995755729,,8,c00255ab1b54155251b307c40608c90875a1ccb9fb3dafb083f8530ce0b3b84f,,bebcc7be2cec4a39b9aa797f50f94a5f8b16ea15d04b707a8248f3b6b6a865e3,24.439465,cpu,Bregma -0.04,5488,155
MERFISH_Bregma_m0.04,SpaGCN,18,0.0961119879,0.1871964716,,8,c00255ab1b54155251b307c40608c90875a1ccb9fb3dafb083f8530ce0b3b84f,,bebcc7be2cec4a39b9aa797f50f94a5f8b16ea15d04b707a8248f3b6b6a865e3,26.4370588,cpu,Bregma -0.04,5488,155
MERFISH_Bregma_m0.04,SpaGCN,19,0.09729102411,0.1986387226,,8,c00255ab1b54155251b307c40608c90875a1ccb9fb3dafb083f8530ce0b3b84f,,bebcc7be2cec4a39b9aa797f50f94a5f8b16ea15d04b707a8248f3b6b6a865e3,26.6084334,cpu,Bregma -0.04,5488,155
MERFISH_Bregma_m0.04,SpaGCN,20,0.1534019444,0.2453794976,,8,c00255ab1b54155251b307c40608c90875a1ccb9fb3dafb083f8530ce0b3b84f,,bebcc7be2cec4a39b9aa797f50f94a5f8b16ea15d04b707a8248f3b6b6a865e3,22.4960745,cpu,Bregma -0.04,5488,155
MERFISH_Bregma_m0.04,BANKSY,1,0.1574374652,0.2592911557,,8,c00255ab1b54155251b307c40608c90875a1ccb9fb3dafb083f8530ce0b3b84f,,3d92624dcd204db44c886edfd82d854388f0478cbcdf815bb84c8587a5c7e978,1.5389102,cpu,Bregma -0.04,5488,155
MERFISH_Bregma_m0.04,BANKSY,2,0.1555071865,0.2303314411,,8,c00255ab1b54155251b307c40608c90875a1ccb9fb3dafb083f8530ce0b3b84f,,3d92624dcd204db44c886edfd82d854388f0478cbcdf815bb84c8587a5c7e978,0.7698553,cpu,Bregma -0.04,5488,155
MERFISH_Bregma_m0.04,BANKSY,3,0.1585533888,0.2338737248,,8,c00255ab1b54155251b307c40608c90875a1ccb9fb3dafb083f8530ce0b3b84f,,3d92624dcd204db44c886edfd82d854388f0478cbcdf815bb84c8587a5c7e978,0.8375321,cpu,Bregma -0.04,5488,155
MERFISH_Bregma_m0.04,BANKSY,4,0.1571147022,0.2591085718,,8,c00255ab1b54155251b307c40608c90875a1ccb9fb3dafb083f8530ce0b3b84f,,3d92624dcd204db44c886edfd82d854388f0478cbcdf815bb84c8587a5c7e978,0.8129475,cpu,Bregma -0.04,5488,155
MERFISH_Bregma_m0.04,BANKSY,5,0.1561785556,0.2312643728,,8,c00255ab1b54155251b307c40608c90875a1ccb9fb3dafb083f8530ce0b3b84f,,3d92624dcd204db44c886edfd82d854388f0478cbcdf815bb84c8587a5c7e978,0.8795081,cpu,Bregma -0.04,5488,155
MERFISH_Bregma_m0.04,BANKSY,6,0.156965979,0.2590119395,,8,c00255ab1b54155251b307c40608c90875a1ccb9fb3dafb083f8530ce0b3b84f,,3d92624dcd204db44c886edfd82d854388f0478cbcdf815bb84c8587a5c7e978,0.7961136,cpu,Bregma -0.04,5488,155
MERFISH_Bregma_m0.04,BANKSY,7,0.1471411392,0.2226592428,,8,c00255ab1b54155251b307c40608c90875a1ccb9fb3dafb083f8530ce0b3b84f,,3d92624dcd204db44c886edfd82d854388f0478cbcdf815bb84c8587a5c7e978,0.7059784,cpu,Bregma -0.04,5488,155
MERFISH_Bregma_m0.04,BANKSY,8,0.1571147022,0.2591085718,,8,c00255ab1b54155251b307c40608c90875a1ccb9fb3dafb083f8530ce0b3b84f,,3d92624dcd204db44c886edfd82d854388f0478cbcdf815bb84c8587a5c7e978,0.7032231,cpu,Bregma -0.04,5488,155
MERFISH_Bregma_m0.04,BANKSY,9,0.1571147022,0.2591085718,,8,c00255ab1b54155251b307c40608c90875a1ccb9fb3dafb083f8530ce0b3b84f,,3d92624dcd204db44c886edfd82d854388f0478cbcdf815bb84c8587a5c7e978,0.7588696,cpu,Bregma -0.04,5488,155
MERFISH_Bregma_m0.04,BANKSY,10,0.156965979,0.2590119395,,8,c00255ab1b54155251b307c40608c90875a1ccb9fb3dafb083f8530ce0b3b84f,,3d92624dcd204db44c886edfd82d854388f0478cbcdf815bb84c8587a5c7e978,0.8225315,cpu,Bregma -0.04,5488,155
MERFISH_Bregma_m0.04,BANKSY,11,0.1571147022,0.2591085718,,8,c00255ab1b54155251b307c40608c90875a1ccb9fb3dafb083f8530ce0b3b84f,,3d92624dcd204db44c886edfd82d854388f0478cbcdf815bb84c8587a5c7e978,0.7681651,cpu,Bregma -0.04,5488,155
MERFISH_Bregma_m0.04,BANKSY,12,0.1574374652,0.2592911557,,8,c00255ab1b54155251b307c40608c90875a1ccb9fb3dafb083f8530ce0b3b84f,,3d92624dcd204db44c886edfd82d854388f0478cbcdf815bb84c8587a5c7e978,0.7929576,cpu,Bregma -0.04,5488,155
MERFISH_Bregma_m0.04,BANKSY,13,0.09383401461,0.1938373712,,8,c00255ab1b54155251b307c40608c90875a1ccb9fb3dafb083f8530ce0b3b84f,,3d92624dcd204db44c886edfd82d854388f0478cbcdf815bb84c8587a5c7e978,0.8825658,cpu,Bregma -0.04,5488,155
MERFISH_Bregma_m0.04,BANKSY,14,0.2015984856,0.2777228759,,8,c00255ab1b54155251b307c40608c90875a1ccb9fb3dafb083f8530ce0b3b84f,,3d92624dcd204db44c886edfd82d854388f0478cbcdf815bb84c8587a5c7e978,0.5350194,cpu,Bregma -0.04,5488,155
MERFISH_Bregma_m0.04,BANKSY,15,0.1571147022,0.2591085718,,8,c00255ab1b54155251b307c40608c90875a1ccb9fb3dafb083f8530ce0b3b84f,,3d92624dcd204db44c886edfd82d854388f0478cbcdf815bb84c8587a5c7e978,0.7879333,cpu,Bregma -0.04,5488,155
MERFISH_Bregma_m0.04,BANKSY,16,0.1574374652,0.2592911557,,8,c00255ab1b54155251b307c40608c90875a1ccb9fb3dafb083f8530ce0b3b84f,,3d92624dcd204db44c886edfd82d854388f0478cbcdf815bb84c8587a5c7e978,0.8691125,cpu,Bregma -0.04,5488,155
MERFISH_Bregma_m0.04,BANKSY,17,0.204640607,0.280200691,,8,c00255ab1b54155251b307c40608c90875a1ccb9fb3dafb083f8530ce0b3b84f,,3d92624dcd204db44c886edfd82d854388f0478cbcdf815bb84c8587a5c7e978,0.8075015,cpu,Bregma -0.04,5488,155
MERFISH_Bregma_m0.04,BANKSY,18,0.1566761785,0.2319381774,,8,c00255ab1b54155251b307c40608c90875a1ccb9fb3dafb083f8530ce0b3b84f,,3d92624dcd204db44c886edfd82d854388f0478cbcdf815bb84c8587a5c7e978,0.7306026,cpu,Bregma -0.04,5488,155
MERFISH_Bregma_m0.04,BANKSY,19,0.2058228474,0.2808939648,,8,c00255ab1b54155251b307c40608c90875a1ccb9fb3dafb083f8530ce0b3b84f,,3d92624dcd204db44c886edfd82d854388f0478cbcdf815bb84c8587a5c7e978,0.7332862,cpu,Bregma -0.04,5488,155
MERFISH_Bregma_m0.04,BANKSY,20,0.1554248361,0.2307266685,,8,c00255ab1b54155251b307c40608c90875a1ccb9fb3dafb083f8530ce0b3b84f,,3d92624dcd204db44c886edfd82d854388f0478cbcdf815bb84c8587a5c7e978,0.5899948,cpu,Bregma -0.04,5488,155
MERFISH_Bregma_m0.04,SEDR,1,0.18090431686,0.29973446220900002,5488,8,,,,,,Bregma -0.04,5488,155
MERFISH_Bregma_m0.04,SEDR,2,0.16919799733999999,0.29256978271799999,5488,8,,,,,,Bregma -0.04,5488,155
MERFISH_Bregma_m0.04,SEDR,3,0.206937157348,0.32194247622299998,5488,8,,,,,,Bregma -0.04,5488,155
MERFISH_Bregma_m0.04,SEDR,4,0.18925982637399999,0.29845080949399999,5488,8,,,,,,Bregma -0.04,5488,155
MERFISH_Bregma_m0.04,SEDR,5,0.14732154014099999,0.265653221381,5488,8,,,,,,Bregma -0.04,5488,155
MERFISH_Bregma_m0.04,SEDR,6,0.14255916576200001,0.25715761781099999,5488,8,,,,,,Bregma -0.04,5488,155
MERFISH_Bregma_m0.04,SEDR,7,0.17653691890699999,0.29639335214899998,5488,8,,,,,,Bregma -0.04,5488,155
MERFISH_Bregma_m0.04,SEDR,8,0.162501950546,0.30131845376999999,5488,8,,,,,,Bregma -0.04,5488,155
MERFISH_Bregma_m0.04,SEDR,9,0.15016860203499999,0.29326559883600001,5488,8,,,,,,Bregma -0.04,5488,155
MERFISH_Bregma_m0.04,SEDR,10,0.16920980786500001,0.28370065139200001,5488,8,,,,,,Bregma -0.04,5488,155
MERFISH_Bregma_m0.04,SEDR,11,0.154378474041,0.27779835548100001,5488,8,,,,,,Bregma -0.04,5488,155
MERFISH_Bregma_m0.04,SEDR,12,0.16848857631899999,0.28088965903699997,5488,8,,,,,,Bregma -0.04,5488,155
MERFISH_Bregma_m0.04,SEDR,13,0.18411887596900001,0.30851356804300001,5488,8,,,,,,Bregma -0.04,5488,155
MERFISH_Bregma_m0.04,SEDR,14,0.13453155793999999,0.26536110047200001,5488,8,,,,,,Bregma -0.04,5488,155
MERFISH_Bregma_m0.04,SEDR,15,0.18837838033599999,0.29732585680399998,5488,8,,,,,,Bregma -0.04,5488,155
MERFISH_Bregma_m0.04,SEDR,16,0.16001973920199999,0.30828465816299999,5488,8,,,,,,Bregma -0.04,5488,155
MERFISH_Bregma_m0.04,SEDR,17,0.16382441793800001,0.31841770354600002,5488,8,,,,,,Bregma -0.04,5488,155
MERFISH_Bregma_m0.04,SEDR,18,0.168750194125,0.29220858497699997,5488,8,,,,,,Bregma -0.04,5488,155
MERFISH_Bregma_m0.04,SEDR,19,0.167520769978,0.29435915187200001,5488,8,,,,,,Bregma -0.04,5488,155
MERFISH_Bregma_m0.04,SEDR,20,0.14572264823299999,0.26128096392900002,5488,8,,,,,,Bregma -0.04,5488,155
MERFISH_Bregma_m0.09,GraphST,1,0.2841382492,0.4428176831,,8,a9bfc073d7267f7e42e4a425ce686fb079956085399550e72c632835bf9a31a8,,a8e79449df7c34b7ff618823c88f26b59bda3d8c4b172b9f31a413e38b96a7de,75.7673962,cpu,Bregma -0.09,5557,155
MERFISH_Bregma_m0.09,GraphST,2,0.4278380458,0.5014996596,,8,a9bfc073d7267f7e42e4a425ce686fb079956085399550e72c632835bf9a31a8,,a8e79449df7c34b7ff618823c88f26b59bda3d8c4b172b9f31a413e38b96a7de,45.0662018,cpu,Bregma -0.09,5557,155
MERFISH_Bregma_m0.09,GraphST,3,0.2710451076,0.4242108167,,8,a9bfc073d7267f7e42e4a425ce686fb079956085399550e72c632835bf9a31a8,,a8e79449df7c34b7ff618823c88f26b59bda3d8c4b172b9f31a413e38b96a7de,45.2821458,cpu,Bregma -0.09,5557,155
MERFISH_Bregma_m0.09,GraphST,4,0.2731641737,0.452641896,,8,a9bfc073d7267f7e42e4a425ce686fb079956085399550e72c632835bf9a31a8,,a8e79449df7c34b7ff618823c88f26b59bda3d8c4b172b9f31a413e38b96a7de,47.3401832,cpu,Bregma -0.09,5557,155
MERFISH_Bregma_m0.09,GraphST,5,0.3739282394,0.4623017339,,8,a9bfc073d7267f7e42e4a425ce686fb079956085399550e72c632835bf9a31a8,,a8e79449df7c34b7ff618823c88f26b59bda3d8c4b172b9f31a413e38b96a7de,50.236666,cpu,Bregma -0.09,5557,155
MERFISH_Bregma_m0.09,GraphST,6,0.4211968101,0.4947784595,,8,a9bfc073d7267f7e42e4a425ce686fb079956085399550e72c632835bf9a31a8,,a8e79449df7c34b7ff618823c88f26b59bda3d8c4b172b9f31a413e38b96a7de,60.6712781,cpu,Bregma -0.09,5557,155
MERFISH_Bregma_m0.09,GraphST,7,0.3446496834,0.4448393313,,8,a9bfc073d7267f7e42e4a425ce686fb079956085399550e72c632835bf9a31a8,,a8e79449df7c34b7ff618823c88f26b59bda3d8c4b172b9f31a413e38b96a7de,57.7899771,cpu,Bregma -0.09,5557,155
MERFISH_Bregma_m0.09,GraphST,8,0.3828244179,0.4729566713,,8,a9bfc073d7267f7e42e4a425ce686fb079956085399550e72c632835bf9a31a8,,a8e79449df7c34b7ff618823c88f26b59bda3d8c4b172b9f31a413e38b96a7de,51.9226134,cpu,Bregma -0.09,5557,155
MERFISH_Bregma_m0.09,GraphST,9,0.4059136039,0.4917312833,,8,a9bfc073d7267f7e42e4a425ce686fb079956085399550e72c632835bf9a31a8,,a8e79449df7c34b7ff618823c88f26b59bda3d8c4b172b9f31a413e38b96a7de,48.6720491,cpu,Bregma -0.09,5557,155
MERFISH_Bregma_m0.09,GraphST,10,0.4004502878,0.4869783981,,8,a9bfc073d7267f7e42e4a425ce686fb079956085399550e72c632835bf9a31a8,,a8e79449df7c34b7ff618823c88f26b59bda3d8c4b172b9f31a413e38b96a7de,59.6820261,cpu,Bregma -0.09,5557,155
MERFISH_Bregma_m0.09,GraphST,11,0.3564163736,0.4586172188,,8,a9bfc073d7267f7e42e4a425ce686fb079956085399550e72c632835bf9a31a8,,a8e79449df7c34b7ff618823c88f26b59bda3d8c4b172b9f31a413e38b96a7de,59.0725153,cpu,Bregma -0.09,5557,155
MERFISH_Bregma_m0.09,GraphST,12,0.3457984712,0.4613757,,8,a9bfc073d7267f7e42e4a425ce686fb079956085399550e72c632835bf9a31a8,,a8e79449df7c34b7ff618823c88f26b59bda3d8c4b172b9f31a413e38b96a7de,61.6536278,cpu,Bregma -0.09,5557,155
MERFISH_Bregma_m0.09,GraphST,13,0.3492826351,0.4359056335,,8,a9bfc073d7267f7e42e4a425ce686fb079956085399550e72c632835bf9a31a8,,a8e79449df7c34b7ff618823c88f26b59bda3d8c4b172b9f31a413e38b96a7de,69.8853118,cpu,Bregma -0.09,5557,155
MERFISH_Bregma_m0.09,GraphST,14,0.3656303367,0.4550688844,,8,a9bfc073d7267f7e42e4a425ce686fb079956085399550e72c632835bf9a31a8,,a8e79449df7c34b7ff618823c88f26b59bda3d8c4b172b9f31a413e38b96a7de,63.7758471,cpu,Bregma -0.09,5557,155
MERFISH_Bregma_m0.09,GraphST,15,0.3321299451,0.4394469902,,8,a9bfc073d7267f7e42e4a425ce686fb079956085399550e72c632835bf9a31a8,,a8e79449df7c34b7ff618823c88f26b59bda3d8c4b172b9f31a413e38b96a7de,67.3921419,cpu,Bregma -0.09,5557,155
MERFISH_Bregma_m0.09,GraphST,16,0.3273483657,0.4402660458,,8,a9bfc073d7267f7e42e4a425ce686fb079956085399550e72c632835bf9a31a8,,a8e79449df7c34b7ff618823c88f26b59bda3d8c4b172b9f31a413e38b96a7de,67.670056,cpu,Bregma -0.09,5557,155
MERFISH_Bregma_m0.09,GraphST,17,0.3485243875,0.4394219521,,8,a9bfc073d7267f7e42e4a425ce686fb079956085399550e72c632835bf9a31a8,,a8e79449df7c34b7ff618823c88f26b59bda3d8c4b172b9f31a413e38b96a7de,67.1786552,cpu,Bregma -0.09,5557,155
MERFISH_Bregma_m0.09,GraphST,18,0.3665950787,0.4594712674,,8,a9bfc073d7267f7e42e4a425ce686fb079956085399550e72c632835bf9a31a8,,a8e79449df7c34b7ff618823c88f26b59bda3d8c4b172b9f31a413e38b96a7de,67.3513371,cpu,Bregma -0.09,5557,155
MERFISH_Bregma_m0.09,GraphST,19,0.3638413848,0.4588283253,,8,a9bfc073d7267f7e42e4a425ce686fb079956085399550e72c632835bf9a31a8,,a8e79449df7c34b7ff618823c88f26b59bda3d8c4b172b9f31a413e38b96a7de,69.9126153,cpu,Bregma -0.09,5557,155
MERFISH_Bregma_m0.09,GraphST,20,0.2998350559,0.4551621935,,8,a9bfc073d7267f7e42e4a425ce686fb079956085399550e72c632835bf9a31a8,,a8e79449df7c34b7ff618823c88f26b59bda3d8c4b172b9f31a413e38b96a7de,66.8027391,cpu,Bregma -0.09,5557,155
MERFISH_Bregma_m0.09,STAGATE,1,0.4096957272,0.5233259333,,8,a9bfc073d7267f7e42e4a425ce686fb079956085399550e72c632835bf9a31a8,,618dcd25bac99b5e84f2ccb5c95b4ffbe6814107f6dad01cdf5c7c4c08354269,893.9680815,cpu,Bregma -0.09,5557,155
MERFISH_Bregma_m0.09,STAGATE,2,0.4407730236,0.5290000697,,8,a9bfc073d7267f7e42e4a425ce686fb079956085399550e72c632835bf9a31a8,,618dcd25bac99b5e84f2ccb5c95b4ffbe6814107f6dad01cdf5c7c4c08354269,912.4638022,cpu,Bregma -0.09,5557,155
MERFISH_Bregma_m0.09,STAGATE,3,0.4019458998,0.5199045752,,8,a9bfc073d7267f7e42e4a425ce686fb079956085399550e72c632835bf9a31a8,,618dcd25bac99b5e84f2ccb5c95b4ffbe6814107f6dad01cdf5c7c4c08354269,891.4432472,cpu,Bregma -0.09,5557,155
MERFISH_Bregma_m0.09,STAGATE,4,0.5064043447,0.5862915194,,8,a9bfc073d7267f7e42e4a425ce686fb079956085399550e72c632835bf9a31a8,,618dcd25bac99b5e84f2ccb5c95b4ffbe6814107f6dad01cdf5c7c4c08354269,899.5128418,cpu,Bregma -0.09,5557,155
MERFISH_Bregma_m0.09,STAGATE,5,0.4097578893,0.5338055718,,8,a9bfc073d7267f7e42e4a425ce686fb079956085399550e72c632835bf9a31a8,,618dcd25bac99b5e84f2ccb5c95b4ffbe6814107f6dad01cdf5c7c4c08354269,884.701819,cpu,Bregma -0.09,5557,155
MERFISH_Bregma_m0.09,STAGATE,6,0.405353008,0.5241501292,,8,a9bfc073d7267f7e42e4a425ce686fb079956085399550e72c632835bf9a31a8,,618dcd25bac99b5e84f2ccb5c95b4ffbe6814107f6dad01cdf5c7c4c08354269,876.24616,cpu,Bregma -0.09,5557,155
MERFISH_Bregma_m0.09,STAGATE,7,0.4266377468,0.5258208151,,8,a9bfc073d7267f7e42e4a425ce686fb079956085399550e72c632835bf9a31a8,,618dcd25bac99b5e84f2ccb5c95b4ffbe6814107f6dad01cdf5c7c4c08354269,824.0117683,cpu,Bregma -0.09,5557,155
MERFISH_Bregma_m0.09,STAGATE,8,0.3564997419,0.5045432532,,8,a9bfc073d7267f7e42e4a425ce686fb079956085399550e72c632835bf9a31a8,,618dcd25bac99b5e84f2ccb5c95b4ffbe6814107f6dad01cdf5c7c4c08354269,904.6141518,cpu,Bregma -0.09,5557,155
MERFISH_Bregma_m0.09,STAGATE,9,0.4143067176,0.5275863782,,8,a9bfc073d7267f7e42e4a425ce686fb079956085399550e72c632835bf9a31a8,,618dcd25bac99b5e84f2ccb5c95b4ffbe6814107f6dad01cdf5c7c4c08354269,868.5918961,cpu,Bregma -0.09,5557,155
MERFISH_Bregma_m0.09,STAGATE,10,0.4113417813,0.5304873774,,8,a9bfc073d7267f7e42e4a425ce686fb079956085399550e72c632835bf9a31a8,,618dcd25bac99b5e84f2ccb5c95b4ffbe6814107f6dad01cdf5c7c4c08354269,861.9218739,cpu,Bregma -0.09,5557,155
MERFISH_Bregma_m0.09,STAGATE,11,0.4110741101,0.5249880572,,8,a9bfc073d7267f7e42e4a425ce686fb079956085399550e72c632835bf9a31a8,,618dcd25bac99b5e84f2ccb5c95b4ffbe6814107f6dad01cdf5c7c4c08354269,823.831872,cpu,Bregma -0.09,5557,155
MERFISH_Bregma_m0.09,STAGATE,12,0.4268454279,0.5376610167,,8,a9bfc073d7267f7e42e4a425ce686fb079956085399550e72c632835bf9a31a8,,618dcd25bac99b5e84f2ccb5c95b4ffbe6814107f6dad01cdf5c7c4c08354269,873.2794932,cpu,Bregma -0.09,5557,155
MERFISH_Bregma_m0.09,STAGATE,13,0.482521717,0.5673981244,,8,a9bfc073d7267f7e42e4a425ce686fb079956085399550e72c632835bf9a31a8,,618dcd25bac99b5e84f2ccb5c95b4ffbe6814107f6dad01cdf5c7c4c08354269,770.9971206,cpu,Bregma -0.09,5557,155
MERFISH_Bregma_m0.09,STAGATE,14,0.4168730787,0.5381934969,,8,a9bfc073d7267f7e42e4a425ce686fb079956085399550e72c632835bf9a31a8,,618dcd25bac99b5e84f2ccb5c95b4ffbe6814107f6dad01cdf5c7c4c08354269,781.6901769,cpu,Bregma -0.09,5557,155
MERFISH_Bregma_m0.09,STAGATE,15,0.5292855404,0.5959228631,,8,a9bfc073d7267f7e42e4a425ce686fb079956085399550e72c632835bf9a31a8,,618dcd25bac99b5e84f2ccb5c95b4ffbe6814107f6dad01cdf5c7c4c08354269,867.5771767,cpu,Bregma -0.09,5557,155
MERFISH_Bregma_m0.09,STAGATE,16,0.3998523851,0.5195048548,,8,a9bfc073d7267f7e42e4a425ce686fb079956085399550e72c632835bf9a31a8,,618dcd25bac99b5e84f2ccb5c95b4ffbe6814107f6dad01cdf5c7c4c08354269,857.3690051,cpu,Bregma -0.09,5557,155
MERFISH_Bregma_m0.09,STAGATE,17,0.4367878397,0.5408710189,,8,a9bfc073d7267f7e42e4a425ce686fb079956085399550e72c632835bf9a31a8,,618dcd25bac99b5e84f2ccb5c95b4ffbe6814107f6dad01cdf5c7c4c08354269,841.9841334,cpu,Bregma -0.09,5557,155
MERFISH_Bregma_m0.09,STAGATE,18,0.5348259865,0.6129261158,,8,a9bfc073d7267f7e42e4a425ce686fb079956085399550e72c632835bf9a31a8,,618dcd25bac99b5e84f2ccb5c95b4ffbe6814107f6dad01cdf5c7c4c08354269,781.0521361,cpu,Bregma -0.09,5557,155
MERFISH_Bregma_m0.09,STAGATE,19,0.3985918534,0.522597844,,8,a9bfc073d7267f7e42e4a425ce686fb079956085399550e72c632835bf9a31a8,,618dcd25bac99b5e84f2ccb5c95b4ffbe6814107f6dad01cdf5c7c4c08354269,776.4354965,cpu,Bregma -0.09,5557,155
MERFISH_Bregma_m0.09,STAGATE,20,0.4555029538,0.5570816151,,8,a9bfc073d7267f7e42e4a425ce686fb079956085399550e72c632835bf9a31a8,,618dcd25bac99b5e84f2ccb5c95b4ffbe6814107f6dad01cdf5c7c4c08354269,853.4087967,cpu,Bregma -0.09,5557,155
MERFISH_Bregma_m0.09,SpaGCN,1,0.2229488298,0.3103508868,,8,a9bfc073d7267f7e42e4a425ce686fb079956085399550e72c632835bf9a31a8,,622243f4674cd504dc511556b89ac07382255a6432791957d7307033a7cc9e54,35.053246,cpu,Bregma -0.09,5557,155
MERFISH_Bregma_m0.09,SpaGCN,2,0.1715252484,0.2753843731,,8,a9bfc073d7267f7e42e4a425ce686fb079956085399550e72c632835bf9a31a8,,622243f4674cd504dc511556b89ac07382255a6432791957d7307033a7cc9e54,30.0279924,cpu,Bregma -0.09,5557,155
MERFISH_Bregma_m0.09,SpaGCN,3,0.133978205,0.2135246867,,8,a9bfc073d7267f7e42e4a425ce686fb079956085399550e72c632835bf9a31a8,,622243f4674cd504dc511556b89ac07382255a6432791957d7307033a7cc9e54,29.5064333,cpu,Bregma -0.09,5557,155
MERFISH_Bregma_m0.09,SpaGCN,4,0.2069551207,0.2933958364,,8,a9bfc073d7267f7e42e4a425ce686fb079956085399550e72c632835bf9a31a8,,622243f4674cd504dc511556b89ac07382255a6432791957d7307033a7cc9e54,27.6618818,cpu,Bregma -0.09,5557,155
MERFISH_Bregma_m0.09,SpaGCN,5,0.2068062505,0.2948864954,,8,a9bfc073d7267f7e42e4a425ce686fb079956085399550e72c632835bf9a31a8,,622243f4674cd504dc511556b89ac07382255a6432791957d7307033a7cc9e54,25.2142535,cpu,Bregma -0.09,5557,155
MERFISH_Bregma_m0.09,SpaGCN,6,0.1699461276,0.2723660943,,8,a9bfc073d7267f7e42e4a425ce686fb079956085399550e72c632835bf9a31a8,,622243f4674cd504dc511556b89ac07382255a6432791957d7307033a7cc9e54,31.041097,cpu,Bregma -0.09,5557,155
MERFISH_Bregma_m0.09,SpaGCN,7,0.2804740788,0.3627785399,,8,a9bfc073d7267f7e42e4a425ce686fb079956085399550e72c632835bf9a31a8,,622243f4674cd504dc511556b89ac07382255a6432791957d7307033a7cc9e54,29.1315696,cpu,Bregma -0.09,5557,155
MERFISH_Bregma_m0.09,SpaGCN,8,0.1451549188,0.2535650822,,8,a9bfc073d7267f7e42e4a425ce686fb079956085399550e72c632835bf9a31a8,,622243f4674cd504dc511556b89ac07382255a6432791957d7307033a7cc9e54,29.9595753,cpu,Bregma -0.09,5557,155
MERFISH_Bregma_m0.09,SpaGCN,9,0.2847823469,0.3365081898,,8,a9bfc073d7267f7e42e4a425ce686fb079956085399550e72c632835bf9a31a8,,622243f4674cd504dc511556b89ac07382255a6432791957d7307033a7cc9e54,13.5848124,cpu,Bregma -0.09,5557,155
MERFISH_Bregma_m0.09,SpaGCN,10,0.1839056235,0.2847641607,,8,a9bfc073d7267f7e42e4a425ce686fb079956085399550e72c632835bf9a31a8,,622243f4674cd504dc511556b89ac07382255a6432791957d7307033a7cc9e54,29.6825952,cpu,Bregma -0.09,5557,155
MERFISH_Bregma_m0.09,SpaGCN,11,0.2838137019,0.345080786,,8,a9bfc073d7267f7e42e4a425ce686fb079956085399550e72c632835bf9a31a8,,622243f4674cd504dc511556b89ac07382255a6432791957d7307033a7cc9e54,28.7247135,cpu,Bregma -0.09,5557,155
MERFISH_Bregma_m0.09,SpaGCN,12,0.2662815521,0.3586309576,,8,a9bfc073d7267f7e42e4a425ce686fb079956085399550e72c632835bf9a31a8,,622243f4674cd504dc511556b89ac07382255a6432791957d7307033a7cc9e54,27.9013026,cpu,Bregma -0.09,5557,155
MERFISH_Bregma_m0.09,SpaGCN,13,0.2660793422,0.3308806294,,8,a9bfc073d7267f7e42e4a425ce686fb079956085399550e72c632835bf9a31a8,,622243f4674cd504dc511556b89ac07382255a6432791957d7307033a7cc9e54,25.5781239,cpu,Bregma -0.09,5557,155
MERFISH_Bregma_m0.09,SpaGCN,14,0.2877281957,0.3462774966,,8,a9bfc073d7267f7e42e4a425ce686fb079956085399550e72c632835bf9a31a8,,622243f4674cd504dc511556b89ac07382255a6432791957d7307033a7cc9e54,25.3292212,cpu,Bregma -0.09,5557,155
MERFISH_Bregma_m0.09,SpaGCN,15,0.2574201888,0.3308527124,,8,a9bfc073d7267f7e42e4a425ce686fb079956085399550e72c632835bf9a31a8,,622243f4674cd504dc511556b89ac07382255a6432791957d7307033a7cc9e54,25.6158251,cpu,Bregma -0.09,5557,155
MERFISH_Bregma_m0.09,SpaGCN,16,0.2051890326,0.3021898331,,8,a9bfc073d7267f7e42e4a425ce686fb079956085399550e72c632835bf9a31a8,,622243f4674cd504dc511556b89ac07382255a6432791957d7307033a7cc9e54,26.6682055,cpu,Bregma -0.09,5557,155
MERFISH_Bregma_m0.09,SpaGCN,17,0.1908868208,0.2736904789,,8,a9bfc073d7267f7e42e4a425ce686fb079956085399550e72c632835bf9a31a8,,622243f4674cd504dc511556b89ac07382255a6432791957d7307033a7cc9e54,28.6655357,cpu,Bregma -0.09,5557,155
MERFISH_Bregma_m0.09,SpaGCN,18,0.2537742983,0.3310414193,,8,a9bfc073d7267f7e42e4a425ce686fb079956085399550e72c632835bf9a31a8,,622243f4674cd504dc511556b89ac07382255a6432791957d7307033a7cc9e54,26.7425113,cpu,Bregma -0.09,5557,155
MERFISH_Bregma_m0.09,SpaGCN,19,0.3108125627,0.3542464592,,8,a9bfc073d7267f7e42e4a425ce686fb079956085399550e72c632835bf9a31a8,,622243f4674cd504dc511556b89ac07382255a6432791957d7307033a7cc9e54,29.0311008,cpu,Bregma -0.09,5557,155
MERFISH_Bregma_m0.09,SpaGCN,20,0.241396074,0.3119444936,,8,a9bfc073d7267f7e42e4a425ce686fb079956085399550e72c632835bf9a31a8,,622243f4674cd504dc511556b89ac07382255a6432791957d7307033a7cc9e54,28.0897033,cpu,Bregma -0.09,5557,155
MERFISH_Bregma_m0.09,BANKSY,1,0.2804328583,0.363361403,,8,a9bfc073d7267f7e42e4a425ce686fb079956085399550e72c632835bf9a31a8,,45dc25a8c32a7c23a4fe533e6802a334e98686e8da2435d7614ba291a9b0620a,1.4000155,cpu,Bregma -0.09,5557,155
MERFISH_Bregma_m0.09,BANKSY,2,0.2313515352,0.343031678,,8,a9bfc073d7267f7e42e4a425ce686fb079956085399550e72c632835bf9a31a8,,45dc25a8c32a7c23a4fe533e6802a334e98686e8da2435d7614ba291a9b0620a,0.521849,cpu,Bregma -0.09,5557,155
MERFISH_Bregma_m0.09,BANKSY,3,0.2306868096,0.3367522365,,8,a9bfc073d7267f7e42e4a425ce686fb079956085399550e72c632835bf9a31a8,,45dc25a8c32a7c23a4fe533e6802a334e98686e8da2435d7614ba291a9b0620a,0.7493566,cpu,Bregma -0.09,5557,155
MERFISH_Bregma_m0.09,BANKSY,4,0.2803969696,0.3633401853,,8,a9bfc073d7267f7e42e4a425ce686fb079956085399550e72c632835bf9a31a8,,45dc25a8c32a7c23a4fe533e6802a334e98686e8da2435d7614ba291a9b0620a,0.6661437,cpu,Bregma -0.09,5557,155
MERFISH_Bregma_m0.09,BANKSY,5,0.2305230571,0.3354597818,,8,a9bfc073d7267f7e42e4a425ce686fb079956085399550e72c632835bf9a31a8,,45dc25a8c32a7c23a4fe533e6802a334e98686e8da2435d7614ba291a9b0620a,0.7727891,cpu,Bregma -0.09,5557,155
MERFISH_Bregma_m0.09,BANKSY,6,0.2306868096,0.3367522365,,8,a9bfc073d7267f7e42e4a425ce686fb079956085399550e72c632835bf9a31a8,,45dc25a8c32a7c23a4fe533e6802a334e98686e8da2435d7614ba291a9b0620a,0.7787317,cpu,Bregma -0.09,5557,155
MERFISH_Bregma_m0.09,BANKSY,7,0.2306868096,0.3367522365,,8,a9bfc073d7267f7e42e4a425ce686fb079956085399550e72c632835bf9a31a8,,45dc25a8c32a7c23a4fe533e6802a334e98686e8da2435d7614ba291a9b0620a,0.7779101,cpu,Bregma -0.09,5557,155
MERFISH_Bregma_m0.09,BANKSY,8,0.2306607075,0.3354871872,,8,a9bfc073d7267f7e42e4a425ce686fb079956085399550e72c632835bf9a31a8,,45dc25a8c32a7c23a4fe533e6802a334e98686e8da2435d7614ba291a9b0620a,0.610484,cpu,Bregma -0.09,5557,155
MERFISH_Bregma_m0.09,BANKSY,9,0.2306868096,0.3367522365,,8,a9bfc073d7267f7e42e4a425ce686fb079956085399550e72c632835bf9a31a8,,45dc25a8c32a7c23a4fe533e6802a334e98686e8da2435d7614ba291a9b0620a,0.7874421,cpu,Bregma -0.09,5557,155
MERFISH_Bregma_m0.09,BANKSY,10,0.2809777002,0.3636711319,,8,a9bfc073d7267f7e42e4a425ce686fb079956085399550e72c632835bf9a31a8,,45dc25a8c32a7c23a4fe533e6802a334e98686e8da2435d7614ba291a9b0620a,0.5699623,cpu,Bregma -0.09,5557,155
MERFISH_Bregma_m0.09,BANKSY,11,0.2306868096,0.3367522365,,8,a9bfc073d7267f7e42e4a425ce686fb079956085399550e72c632835bf9a31a8,,45dc25a8c32a7c23a4fe533e6802a334e98686e8da2435d7614ba291a9b0620a,0.7470437,cpu,Bregma -0.09,5557,155
MERFISH_Bregma_m0.09,BANKSY,12,0.2809777002,0.3636711319,,8,a9bfc073d7267f7e42e4a425ce686fb079956085399550e72c632835bf9a31a8,,45dc25a8c32a7c23a4fe533e6802a334e98686e8da2435d7614ba291a9b0620a,0.5518527,cpu,Bregma -0.09,5557,155
MERFISH_Bregma_m0.09,BANKSY,13,0.2305230571,0.3354597818,,8,a9bfc073d7267f7e42e4a425ce686fb079956085399550e72c632835bf9a31a8,,45dc25a8c32a7c23a4fe533e6802a334e98686e8da2435d7614ba291a9b0620a,0.5778669,cpu,Bregma -0.09,5557,155
MERFISH_Bregma_m0.09,BANKSY,14,0.2306868096,0.3367522365,,8,a9bfc073d7267f7e42e4a425ce686fb079956085399550e72c632835bf9a31a8,,45dc25a8c32a7c23a4fe533e6802a334e98686e8da2435d7614ba291a9b0620a,0.5551302,cpu,Bregma -0.09,5557,155
MERFISH_Bregma_m0.09,BANKSY,15,0.2324675257,0.3358383935,,8,a9bfc073d7267f7e42e4a425ce686fb079956085399550e72c632835bf9a31a8,,45dc25a8c32a7c23a4fe533e6802a334e98686e8da2435d7614ba291a9b0620a,0.5774753,cpu,Bregma -0.09,5557,155
MERFISH_Bregma_m0.09,BANKSY,16,0.2306868096,0.3367522365,,8,a9bfc073d7267f7e42e4a425ce686fb079956085399550e72c632835bf9a31a8,,45dc25a8c32a7c23a4fe533e6802a334e98686e8da2435d7614ba291a9b0620a,0.7389566,cpu,Bregma -0.09,5557,155
MERFISH_Bregma_m0.09,BANKSY,17,0.2306868096,0.3367522365,,8,a9bfc073d7267f7e42e4a425ce686fb079956085399550e72c632835bf9a31a8,,45dc25a8c32a7c23a4fe533e6802a334e98686e8da2435d7614ba291a9b0620a,0.8342497,cpu,Bregma -0.09,5557,155
MERFISH_Bregma_m0.09,BANKSY,18,0.2309604122,0.3370221487,,8,a9bfc073d7267f7e42e4a425ce686fb079956085399550e72c632835bf9a31a8,,45dc25a8c32a7c23a4fe533e6802a334e98686e8da2435d7614ba291a9b0620a,0.7092122,cpu,Bregma -0.09,5557,155
MERFISH_Bregma_m0.09,BANKSY,19,0.2306868096,0.3367522365,,8,a9bfc073d7267f7e42e4a425ce686fb079956085399550e72c632835bf9a31a8,,45dc25a8c32a7c23a4fe533e6802a334e98686e8da2435d7614ba291a9b0620a,0.6141759,cpu,Bregma -0.09,5557,155
MERFISH_Bregma_m0.09,BANKSY,20,0.2306868096,0.3367522365,,8,a9bfc073d7267f7e42e4a425ce686fb079956085399550e72c632835bf9a31a8,,45dc25a8c32a7c23a4fe533e6802a334e98686e8da2435d7614ba291a9b0620a,0.5478527,cpu,Bregma -0.09,5557,155
MERFISH_Bregma_m0.09,SEDR,1,0.27464163271000003,0.35249487822199999,5557,8,,,,,,Bregma -0.09,5557,155
MERFISH_Bregma_m0.09,SEDR,2,0.24307814715600001,0.351495575999,5557,8,,,,,,Bregma -0.09,5557,155
MERFISH_Bregma_m0.09,SEDR,3,0.17774211531,0.32729227917800002,5557,8,,,,,,Bregma -0.09,5557,155
MERFISH_Bregma_m0.09,SEDR,4,0.27294765105899998,0.35831734980699997,5557,8,,,,,,Bregma -0.09,5557,155
MERFISH_Bregma_m0.09,SEDR,5,0.193027060114,0.31549724060200002,5557,8,,,,,,Bregma -0.09,5557,155
MERFISH_Bregma_m0.09,SEDR,6,0.18238872865200001,0.34622179208300002,5557,8,,,,,,Bregma -0.09,5557,155
MERFISH_Bregma_m0.09,SEDR,7,0.26997483121299998,0.36255931980299999,5557,8,,,,,,Bregma -0.09,5557,155
MERFISH_Bregma_m0.09,SEDR,8,0.20401756246,0.32008176076799999,5557,8,,,,,,Bregma -0.09,5557,155
MERFISH_Bregma_m0.09,SEDR,9,0.36027416634600001,0.44241803299600002,5557,8,,,,,,Bregma -0.09,5557,155
MERFISH_Bregma_m0.09,SEDR,10,0.30429762531999999,0.36047187786700002,5557,8,,,,,,Bregma -0.09,5557,155
MERFISH_Bregma_m0.09,SEDR,11,0.24202101798100001,0.37863741548699997,5557,8,,,,,,Bregma -0.09,5557,155
MERFISH_Bregma_m0.09,SEDR,12,0.31549625852300001,0.40954767797000002,5557,8,,,,,,Bregma -0.09,5557,155
MERFISH_Bregma_m0.09,SEDR,13,0.29066318622999998,0.39644313908599998,5557,8,,,,,,Bregma -0.09,5557,155
MERFISH_Bregma_m0.09,SEDR,14,0.22171480728500001,0.36437096028499999,5557,8,,,,,,Bregma -0.09,5557,155
MERFISH_Bregma_m0.09,SEDR,15,0.34863537271900003,0.43368112261199998,5557,8,,,,,,Bregma -0.09,5557,155
MERFISH_Bregma_m0.09,SEDR,16,0.41237167863599999,0.48939046069800002,5557,8,,,,,,Bregma -0.09,5557,155
MERFISH_Bregma_m0.09,SEDR,17,0.140616222845,0.33476057763900002,5557,8,,,,,,Bregma -0.09,5557,155
MERFISH_Bregma_m0.09,SEDR,18,0.22785905449800001,0.36284589693899999,5557,8,,,,,,Bregma -0.09,5557,155
MERFISH_Bregma_m0.09,SEDR,19,0.323499220521,0.41686027251199997,5557,8,,,,,,Bregma -0.09,5557,155
MERFISH_Bregma_m0.09,SEDR,20,0.23241442358799999,0.33939005485000001,5557,8,,,,,,Bregma -0.09,5557,155
MERFISH_Bregma_m0.14,GraphST,1,0.3261487481,0.4686059128,,8,0760e5019147cee8c8169b8602139b6934e2718931d8c001fb0b9498653727b6,,e1710a7f766ce04b0ffefd606b7d98907e3c591804d03412183fdecfe35efb03,91.4807855,cpu,Bregma -0.14,5926,155
MERFISH_Bregma_m0.14,GraphST,2,0.3738933897,0.4893777121,,8,0760e5019147cee8c8169b8602139b6934e2718931d8c001fb0b9498653727b6,,e1710a7f766ce04b0ffefd606b7d98907e3c591804d03412183fdecfe35efb03,50.619754,cpu,Bregma -0.14,5926,155
MERFISH_Bregma_m0.14,GraphST,3,0.3632198288,0.5009364198,,8,0760e5019147cee8c8169b8602139b6934e2718931d8c001fb0b9498653727b6,,e1710a7f766ce04b0ffefd606b7d98907e3c591804d03412183fdecfe35efb03,57.4065647,cpu,Bregma -0.14,5926,155
MERFISH_Bregma_m0.14,GraphST,4,0.3823678832,0.5051935783,,8,0760e5019147cee8c8169b8602139b6934e2718931d8c001fb0b9498653727b6,,e1710a7f766ce04b0ffefd606b7d98907e3c591804d03412183fdecfe35efb03,56.8407712,cpu,Bregma -0.14,5926,155
MERFISH_Bregma_m0.14,GraphST,5,0.3501606105,0.4839584839,,8,0760e5019147cee8c8169b8602139b6934e2718931d8c001fb0b9498653727b6,,e1710a7f766ce04b0ffefd606b7d98907e3c591804d03412183fdecfe35efb03,53.6604233,cpu,Bregma -0.14,5926,155
MERFISH_Bregma_m0.14,GraphST,6,0.376540182,0.4976830306,,8,0760e5019147cee8c8169b8602139b6934e2718931d8c001fb0b9498653727b6,,e1710a7f766ce04b0ffefd606b7d98907e3c591804d03412183fdecfe35efb03,61.7390352,cpu,Bregma -0.14,5926,155
MERFISH_Bregma_m0.14,GraphST,7,0.3308980006,0.4869892365,,8,0760e5019147cee8c8169b8602139b6934e2718931d8c001fb0b9498653727b6,,e1710a7f766ce04b0ffefd606b7d98907e3c591804d03412183fdecfe35efb03,64.6115301,cpu,Bregma -0.14,5926,155
MERFISH_Bregma_m0.14,GraphST,8,0.386132793,0.5029868038,,8,0760e5019147cee8c8169b8602139b6934e2718931d8c001fb0b9498653727b6,,e1710a7f766ce04b0ffefd606b7d98907e3c591804d03412183fdecfe35efb03,53.1043038,cpu,Bregma -0.14,5926,155
MERFISH_Bregma_m0.14,GraphST,9,0.3573714128,0.4942815867,,8,0760e5019147cee8c8169b8602139b6934e2718931d8c001fb0b9498653727b6,,e1710a7f766ce04b0ffefd606b7d98907e3c591804d03412183fdecfe35efb03,52.9329999,cpu,Bregma -0.14,5926,155
MERFISH_Bregma_m0.14,GraphST,10,0.3464569638,0.4776448125,,8,0760e5019147cee8c8169b8602139b6934e2718931d8c001fb0b9498653727b6,,e1710a7f766ce04b0ffefd606b7d98907e3c591804d03412183fdecfe35efb03,66.5019891,cpu,Bregma -0.14,5926,155
MERFISH_Bregma_m0.14,GraphST,11,0.3379844316,0.4830713501,,8,0760e5019147cee8c8169b8602139b6934e2718931d8c001fb0b9498653727b6,,e1710a7f766ce04b0ffefd606b7d98907e3c591804d03412183fdecfe35efb03,68.4941408,cpu,Bregma -0.14,5926,155
MERFISH_Bregma_m0.14,GraphST,12,0.3730612329,0.485535658,,8,0760e5019147cee8c8169b8602139b6934e2718931d8c001fb0b9498653727b6,,e1710a7f766ce04b0ffefd606b7d98907e3c591804d03412183fdecfe35efb03,75.3400611,cpu,Bregma -0.14,5926,155
MERFISH_Bregma_m0.14,GraphST,13,0.3818035029,0.499296581,,8,0760e5019147cee8c8169b8602139b6934e2718931d8c001fb0b9498653727b6,,e1710a7f766ce04b0ffefd606b7d98907e3c591804d03412183fdecfe35efb03,78.3918427,cpu,Bregma -0.14,5926,155
MERFISH_Bregma_m0.14,GraphST,14,0.3612165413,0.4743540546,,8,0760e5019147cee8c8169b8602139b6934e2718931d8c001fb0b9498653727b6,,e1710a7f766ce04b0ffefd606b7d98907e3c591804d03412183fdecfe35efb03,69.8106777,cpu,Bregma -0.14,5926,155
MERFISH_Bregma_m0.14,GraphST,15,0.3357689829,0.4793271971,,8,0760e5019147cee8c8169b8602139b6934e2718931d8c001fb0b9498653727b6,,e1710a7f766ce04b0ffefd606b7d98907e3c591804d03412183fdecfe35efb03,74.8913004,cpu,Bregma -0.14,5926,155
MERFISH_Bregma_m0.14,GraphST,16,0.3967108753,0.4916670022,,8,0760e5019147cee8c8169b8602139b6934e2718931d8c001fb0b9498653727b6,,e1710a7f766ce04b0ffefd606b7d98907e3c591804d03412183fdecfe35efb03,75.6526628,cpu,Bregma -0.14,5926,155
MERFISH_Bregma_m0.14,GraphST,17,0.3693527017,0.4634678089,,8,0760e5019147cee8c8169b8602139b6934e2718931d8c001fb0b9498653727b6,,e1710a7f766ce04b0ffefd606b7d98907e3c591804d03412183fdecfe35efb03,80.5511791,cpu,Bregma -0.14,5926,155
MERFISH_Bregma_m0.14,GraphST,18,0.3710811324,0.4939344142,,8,0760e5019147cee8c8169b8602139b6934e2718931d8c001fb0b9498653727b6,,e1710a7f766ce04b0ffefd606b7d98907e3c591804d03412183fdecfe35efb03,78.7320223,cpu,Bregma -0.14,5926,155
MERFISH_Bregma_m0.14,GraphST,19,0.3693846539,0.4773616405,,8,0760e5019147cee8c8169b8602139b6934e2718931d8c001fb0b9498653727b6,,e1710a7f766ce04b0ffefd606b7d98907e3c591804d03412183fdecfe35efb03,75.1944559,cpu,Bregma -0.14,5926,155
MERFISH_Bregma_m0.14,GraphST,20,0.3792041353,0.4915853906,,8,0760e5019147cee8c8169b8602139b6934e2718931d8c001fb0b9498653727b6,,e1710a7f766ce04b0ffefd606b7d98907e3c591804d03412183fdecfe35efb03,80.4026345,cpu,Bregma -0.14,5926,155
MERFISH_Bregma_m0.14,STAGATE,1,0.4814713887,0.594476068,,8,0760e5019147cee8c8169b8602139b6934e2718931d8c001fb0b9498653727b6,,57afb1f650e777e56f3a81e2308190d1a16c2eee67f42189b80432962f403eff,1005.441224,cpu,Bregma -0.14,5926,155
MERFISH_Bregma_m0.14,STAGATE,2,0.4505153089,0.5448637787,,8,0760e5019147cee8c8169b8602139b6934e2718931d8c001fb0b9498653727b6,,57afb1f650e777e56f3a81e2308190d1a16c2eee67f42189b80432962f403eff,921.9346623,cpu,Bregma -0.14,5926,155
MERFISH_Bregma_m0.14,STAGATE,3,0.3773472856,0.564746241,,8,0760e5019147cee8c8169b8602139b6934e2718931d8c001fb0b9498653727b6,,57afb1f650e777e56f3a81e2308190d1a16c2eee67f42189b80432962f403eff,995.9489972,cpu,Bregma -0.14,5926,155
MERFISH_Bregma_m0.14,STAGATE,4,0.5456666201,0.5944379075,,8,0760e5019147cee8c8169b8602139b6934e2718931d8c001fb0b9498653727b6,,57afb1f650e777e56f3a81e2308190d1a16c2eee67f42189b80432962f403eff,972.4804824,cpu,Bregma -0.14,5926,155
MERFISH_Bregma_m0.14,STAGATE,5,0.5415985064,0.6022767936,,8,0760e5019147cee8c8169b8602139b6934e2718931d8c001fb0b9498653727b6,,57afb1f650e777e56f3a81e2308190d1a16c2eee67f42189b80432962f403eff,978.1065301,cpu,Bregma -0.14,5926,155
MERFISH_Bregma_m0.14,STAGATE,6,0.3697540179,0.5548122161,,8,0760e5019147cee8c8169b8602139b6934e2718931d8c001fb0b9498653727b6,,57afb1f650e777e56f3a81e2308190d1a16c2eee67f42189b80432962f403eff,951.9022911,cpu,Bregma -0.14,5926,155
MERFISH_Bregma_m0.14,STAGATE,7,0.3792647297,0.5542045435,,8,0760e5019147cee8c8169b8602139b6934e2718931d8c001fb0b9498653727b6,,57afb1f650e777e56f3a81e2308190d1a16c2eee67f42189b80432962f403eff,946.0556358,cpu,Bregma -0.14,5926,155
MERFISH_Bregma_m0.14,STAGATE,8,0.3464850741,0.5314026846,,8,0760e5019147cee8c8169b8602139b6934e2718931d8c001fb0b9498653727b6,,57afb1f650e777e56f3a81e2308190d1a16c2eee67f42189b80432962f403eff,981.2834711,cpu,Bregma -0.14,5926,155
MERFISH_Bregma_m0.14,STAGATE,9,0.4408614086,0.5529997581,,8,0760e5019147cee8c8169b8602139b6934e2718931d8c001fb0b9498653727b6,,57afb1f650e777e56f3a81e2308190d1a16c2eee67f42189b80432962f403eff,965.2442403,cpu,Bregma -0.14,5926,155
MERFISH_Bregma_m0.14,STAGATE,10,0.3748600142,0.5575902747,,8,0760e5019147cee8c8169b8602139b6934e2718931d8c001fb0b9498653727b6,,57afb1f650e777e56f3a81e2308190d1a16c2eee67f42189b80432962f403eff,896.2753751,cpu,Bregma -0.14,5926,155
MERFISH_Bregma_m0.14,STAGATE,11,0.4673040068,0.567894255,,8,0760e5019147cee8c8169b8602139b6934e2718931d8c001fb0b9498653727b6,,57afb1f650e777e56f3a81e2308190d1a16c2eee67f42189b80432962f403eff,931.6656079,cpu,Bregma -0.14,5926,155
MERFISH_Bregma_m0.14,STAGATE,12,0.4290555777,0.5408599799,,8,0760e5019147cee8c8169b8602139b6934e2718931d8c001fb0b9498653727b6,,57afb1f650e777e56f3a81e2308190d1a16c2eee67f42189b80432962f403eff,897.1720746,cpu,Bregma -0.14,5926,155
MERFISH_Bregma_m0.14,STAGATE,13,0.3385720583,0.5224753144,,8,0760e5019147cee8c8169b8602139b6934e2718931d8c001fb0b9498653727b6,,57afb1f650e777e56f3a81e2308190d1a16c2eee67f42189b80432962f403eff,833.543488,cpu,Bregma -0.14,5926,155
MERFISH_Bregma_m0.14,STAGATE,14,0.3447105162,0.5364371143,,8,0760e5019147cee8c8169b8602139b6934e2718931d8c001fb0b9498653727b6,,57afb1f650e777e56f3a81e2308190d1a16c2eee67f42189b80432962f403eff,914.7844704,cpu,Bregma -0.14,5926,155
MERFISH_Bregma_m0.14,STAGATE,15,0.3687727105,0.55196543,,8,0760e5019147cee8c8169b8602139b6934e2718931d8c001fb0b9498653727b6,,57afb1f650e777e56f3a81e2308190d1a16c2eee67f42189b80432962f403eff,934.8912977,cpu,Bregma -0.14,5926,155
MERFISH_Bregma_m0.14,STAGATE,16,0.3734459926,0.5379662224,,8,0760e5019147cee8c8169b8602139b6934e2718931d8c001fb0b9498653727b6,,57afb1f650e777e56f3a81e2308190d1a16c2eee67f42189b80432962f403eff,948.2021679,cpu,Bregma -0.14,5926,155
MERFISH_Bregma_m0.14,STAGATE,17,0.3742479946,0.5538425373,,8,0760e5019147cee8c8169b8602139b6934e2718931d8c001fb0b9498653727b6,,57afb1f650e777e56f3a81e2308190d1a16c2eee67f42189b80432962f403eff,935.695249,cpu,Bregma -0.14,5926,155
MERFISH_Bregma_m0.14,STAGATE,18,0.3764906959,0.5620725634,,8,0760e5019147cee8c8169b8602139b6934e2718931d8c001fb0b9498653727b6,,57afb1f650e777e56f3a81e2308190d1a16c2eee67f42189b80432962f403eff,836.815844,cpu,Bregma -0.14,5926,155
MERFISH_Bregma_m0.14,STAGATE,19,0.3429985126,0.5334356476,,8,0760e5019147cee8c8169b8602139b6934e2718931d8c001fb0b9498653727b6,,57afb1f650e777e56f3a81e2308190d1a16c2eee67f42189b80432962f403eff,847.8502586,cpu,Bregma -0.14,5926,155
MERFISH_Bregma_m0.14,STAGATE,20,0.4624356839,0.5446272699,,8,0760e5019147cee8c8169b8602139b6934e2718931d8c001fb0b9498653727b6,,57afb1f650e777e56f3a81e2308190d1a16c2eee67f42189b80432962f403eff,876.0258496,cpu,Bregma -0.14,5926,155
MERFISH_Bregma_m0.14,SpaGCN,1,0.2469540625,0.3358733418,,8,0760e5019147cee8c8169b8602139b6934e2718931d8c001fb0b9498653727b6,,7df19c6ea066cc59da85b3e26fc941316cd8d0fc9801a5fd8317026667270ea6,37.4066907,cpu,Bregma -0.14,5926,155
MERFISH_Bregma_m0.14,SpaGCN,2,0.2409032234,0.3351518259,,8,0760e5019147cee8c8169b8602139b6934e2718931d8c001fb0b9498653727b6,,7df19c6ea066cc59da85b3e26fc941316cd8d0fc9801a5fd8317026667270ea6,18.2554009,cpu,Bregma -0.14,5926,155
MERFISH_Bregma_m0.14,SpaGCN,3,0.1179046105,0.2336344325,,8,0760e5019147cee8c8169b8602139b6934e2718931d8c001fb0b9498653727b6,,7df19c6ea066cc59da85b3e26fc941316cd8d0fc9801a5fd8317026667270ea6,31.8890805,cpu,Bregma -0.14,5926,155
MERFISH_Bregma_m0.14,SpaGCN,4,0.1939806109,0.289143823,,8,0760e5019147cee8c8169b8602139b6934e2718931d8c001fb0b9498653727b6,,7df19c6ea066cc59da85b3e26fc941316cd8d0fc9801a5fd8317026667270ea6,32.4127502,cpu,Bregma -0.14,5926,155
MERFISH_Bregma_m0.14,SpaGCN,5,0.1409941155,0.2445643533,,8,0760e5019147cee8c8169b8602139b6934e2718931d8c001fb0b9498653727b6,,7df19c6ea066cc59da85b3e26fc941316cd8d0fc9801a5fd8317026667270ea6,29.265837,cpu,Bregma -0.14,5926,155
MERFISH_Bregma_m0.14,SpaGCN,6,0.232105211,0.3002543172,,8,0760e5019147cee8c8169b8602139b6934e2718931d8c001fb0b9498653727b6,,7df19c6ea066cc59da85b3e26fc941316cd8d0fc9801a5fd8317026667270ea6,32.9017085,cpu,Bregma -0.14,5926,155
MERFISH_Bregma_m0.14,SpaGCN,7,0.2877287301,0.3557414293,,8,0760e5019147cee8c8169b8602139b6934e2718931d8c001fb0b9498653727b6,,7df19c6ea066cc59da85b3e26fc941316cd8d0fc9801a5fd8317026667270ea6,14.2622256,cpu,Bregma -0.14,5926,155
MERFISH_Bregma_m0.14,SpaGCN,8,0.2329123742,0.3130485273,,8,0760e5019147cee8c8169b8602139b6934e2718931d8c001fb0b9498653727b6,,7df19c6ea066cc59da85b3e26fc941316cd8d0fc9801a5fd8317026667270ea6,29.4065577,cpu,Bregma -0.14,5926,155
MERFISH_Bregma_m0.14,SpaGCN,9,0.2565896917,0.3369750695,,8,0760e5019147cee8c8169b8602139b6934e2718931d8c001fb0b9498653727b6,,7df19c6ea066cc59da85b3e26fc941316cd8d0fc9801a5fd8317026667270ea6,19.1216876,cpu,Bregma -0.14,5926,155
MERFISH_Bregma_m0.14,SpaGCN,10,0.2156572217,0.3003298833,,8,0760e5019147cee8c8169b8602139b6934e2718931d8c001fb0b9498653727b6,,7df19c6ea066cc59da85b3e26fc941316cd8d0fc9801a5fd8317026667270ea6,31.6093657,cpu,Bregma -0.14,5926,155
MERFISH_Bregma_m0.14,SpaGCN,11,0.22359094,0.3058289035,,8,0760e5019147cee8c8169b8602139b6934e2718931d8c001fb0b9498653727b6,,7df19c6ea066cc59da85b3e26fc941316cd8d0fc9801a5fd8317026667270ea6,32.6182529,cpu,Bregma -0.14,5926,155
MERFISH_Bregma_m0.14,SpaGCN,12,0.2640894858,0.3433975772,,8,0760e5019147cee8c8169b8602139b6934e2718931d8c001fb0b9498653727b6,,7df19c6ea066cc59da85b3e26fc941316cd8d0fc9801a5fd8317026667270ea6,32.9271982,cpu,Bregma -0.14,5926,155
MERFISH_Bregma_m0.14,SpaGCN,13,0.2196030952,0.297500896,,8,0760e5019147cee8c8169b8602139b6934e2718931d8c001fb0b9498653727b6,,7df19c6ea066cc59da85b3e26fc941316cd8d0fc9801a5fd8317026667270ea6,16.4827957,cpu,Bregma -0.14,5926,155
MERFISH_Bregma_m0.14,SpaGCN,14,0.2500535635,0.3279542153,,8,0760e5019147cee8c8169b8602139b6934e2718931d8c001fb0b9498653727b6,,7df19c6ea066cc59da85b3e26fc941316cd8d0fc9801a5fd8317026667270ea6,14.5039898,cpu,Bregma -0.14,5926,155
MERFISH_Bregma_m0.14,SpaGCN,15,0.2481602748,0.3279105131,,8,0760e5019147cee8c8169b8602139b6934e2718931d8c001fb0b9498653727b6,,7df19c6ea066cc59da85b3e26fc941316cd8d0fc9801a5fd8317026667270ea6,30.6099712,cpu,Bregma -0.14,5926,155
MERFISH_Bregma_m0.14,SpaGCN,16,0.1902989419,0.2874060126,,8,0760e5019147cee8c8169b8602139b6934e2718931d8c001fb0b9498653727b6,,7df19c6ea066cc59da85b3e26fc941316cd8d0fc9801a5fd8317026667270ea6,31.3738635,cpu,Bregma -0.14,5926,155
MERFISH_Bregma_m0.14,SpaGCN,17,0.1050537756,0.2207907324,,8,0760e5019147cee8c8169b8602139b6934e2718931d8c001fb0b9498653727b6,,7df19c6ea066cc59da85b3e26fc941316cd8d0fc9801a5fd8317026667270ea6,30.4666738,cpu,Bregma -0.14,5926,155
MERFISH_Bregma_m0.14,SpaGCN,18,0.2719171831,0.3415228049,,8,0760e5019147cee8c8169b8602139b6934e2718931d8c001fb0b9498653727b6,,7df19c6ea066cc59da85b3e26fc941316cd8d0fc9801a5fd8317026667270ea6,15.6180931,cpu,Bregma -0.14,5926,155
MERFISH_Bregma_m0.14,SpaGCN,19,0.2392235236,0.332779384,,8,0760e5019147cee8c8169b8602139b6934e2718931d8c001fb0b9498653727b6,,7df19c6ea066cc59da85b3e26fc941316cd8d0fc9801a5fd8317026667270ea6,28.4740941,cpu,Bregma -0.14,5926,155
MERFISH_Bregma_m0.14,SpaGCN,20,0.2538611961,0.3239098707,,8,0760e5019147cee8c8169b8602139b6934e2718931d8c001fb0b9498653727b6,,7df19c6ea066cc59da85b3e26fc941316cd8d0fc9801a5fd8317026667270ea6,31.2238925,cpu,Bregma -0.14,5926,155
MERFISH_Bregma_m0.14,BANKSY,1,0.2592350541,0.333953485,,8,0760e5019147cee8c8169b8602139b6934e2718931d8c001fb0b9498653727b6,,be8475664f89454d340a270cadedda7f7e34a4820e88f2e616c42d55c20820a8,1.1760243,cpu,Bregma -0.14,5926,155
MERFISH_Bregma_m0.14,BANKSY,2,0.2576634108,0.3330144048,,8,0760e5019147cee8c8169b8602139b6934e2718931d8c001fb0b9498653727b6,,be8475664f89454d340a270cadedda7f7e34a4820e88f2e616c42d55c20820a8,0.462176,cpu,Bregma -0.14,5926,155
MERFISH_Bregma_m0.14,BANKSY,3,0.2257027827,0.3055763725,,8,0760e5019147cee8c8169b8602139b6934e2718931d8c001fb0b9498653727b6,,be8475664f89454d340a270cadedda7f7e34a4820e88f2e616c42d55c20820a8,0.4409488,cpu,Bregma -0.14,5926,155
MERFISH_Bregma_m0.14,BANKSY,4,0.2597973819,0.3344912597,,8,0760e5019147cee8c8169b8602139b6934e2718931d8c001fb0b9498653727b6,,be8475664f89454d340a270cadedda7f7e34a4820e88f2e616c42d55c20820a8,0.5211734,cpu,Bregma -0.14,5926,155
MERFISH_Bregma_m0.14,BANKSY,5,0.2255405243,0.3051387718,,8,0760e5019147cee8c8169b8602139b6934e2718931d8c001fb0b9498653727b6,,be8475664f89454d340a270cadedda7f7e34a4820e88f2e616c42d55c20820a8,0.4879247,cpu,Bregma -0.14,5926,155
MERFISH_Bregma_m0.14,BANKSY,6,0.2253059407,0.305130847,,8,0760e5019147cee8c8169b8602139b6934e2718931d8c001fb0b9498653727b6,,be8475664f89454d340a270cadedda7f7e34a4820e88f2e616c42d55c20820a8,0.4675516,cpu,Bregma -0.14,5926,155
MERFISH_Bregma_m0.14,BANKSY,7,0.2517428614,0.3572780685,,8,0760e5019147cee8c8169b8602139b6934e2718931d8c001fb0b9498653727b6,,be8475664f89454d340a270cadedda7f7e34a4820e88f2e616c42d55c20820a8,0.5784845,cpu,Bregma -0.14,5926,155
MERFISH_Bregma_m0.14,BANKSY,8,0.2563295264,0.3608412948,,8,0760e5019147cee8c8169b8602139b6934e2718931d8c001fb0b9498653727b6,,be8475664f89454d340a270cadedda7f7e34a4820e88f2e616c42d55c20820a8,0.493401,cpu,Bregma -0.14,5926,155
MERFISH_Bregma_m0.14,BANKSY,9,0.2595770777,0.3344578042,,8,0760e5019147cee8c8169b8602139b6934e2718931d8c001fb0b9498653727b6,,be8475664f89454d340a270cadedda7f7e34a4820e88f2e616c42d55c20820a8,0.5268702,cpu,Bregma -0.14,5926,155
MERFISH_Bregma_m0.14,BANKSY,10,0.2253484202,0.3050437189,,8,0760e5019147cee8c8169b8602139b6934e2718931d8c001fb0b9498653727b6,,be8475664f89454d340a270cadedda7f7e34a4820e88f2e616c42d55c20820a8,0.4618882,cpu,Bregma -0.14,5926,155
MERFISH_Bregma_m0.14,BANKSY,11,0.2255405243,0.3051387718,,8,0760e5019147cee8c8169b8602139b6934e2718931d8c001fb0b9498653727b6,,be8475664f89454d340a270cadedda7f7e34a4820e88f2e616c42d55c20820a8,0.5037827,cpu,Bregma -0.14,5926,155
MERFISH_Bregma_m0.14,BANKSY,12,0.2597973819,0.3344912597,,8,0760e5019147cee8c8169b8602139b6934e2718931d8c001fb0b9498653727b6,,be8475664f89454d340a270cadedda7f7e34a4820e88f2e616c42d55c20820a8,0.4130492,cpu,Bregma -0.14,5926,155
MERFISH_Bregma_m0.14,BANKSY,13,0.2598754027,0.3345453711,,8,0760e5019147cee8c8169b8602139b6934e2718931d8c001fb0b9498653727b6,,be8475664f89454d340a270cadedda7f7e34a4820e88f2e616c42d55c20820a8,0.4935317,cpu,Bregma -0.14,5926,155
MERFISH_Bregma_m0.14,BANKSY,14,0.2256079199,0.305370411,,8,0760e5019147cee8c8169b8602139b6934e2718931d8c001fb0b9498653727b6,,be8475664f89454d340a270cadedda7f7e34a4820e88f2e616c42d55c20820a8,0.4870508,cpu,Bregma -0.14,5926,155
MERFISH_Bregma_m0.14,BANKSY,15,0.258992079,0.3342131659,,8,0760e5019147cee8c8169b8602139b6934e2718931d8c001fb0b9498653727b6,,be8475664f89454d340a270cadedda7f7e34a4820e88f2e616c42d55c20820a8,0.462809,cpu,Bregma -0.14,5926,155
MERFISH_Bregma_m0.14,BANKSY,16,0.2559929825,0.3605535658,,8,0760e5019147cee8c8169b8602139b6934e2718931d8c001fb0b9498653727b6,,be8475664f89454d340a270cadedda7f7e34a4820e88f2e616c42d55c20820a8,0.6369183,cpu,Bregma -0.14,5926,155
MERFISH_Bregma_m0.14,BANKSY,17,0.2257027827,0.3055763725,,8,0760e5019147cee8c8169b8602139b6934e2718931d8c001fb0b9498653727b6,,be8475664f89454d340a270cadedda7f7e34a4820e88f2e616c42d55c20820a8,0.4852506,cpu,Bregma -0.14,5926,155
MERFISH_Bregma_m0.14,BANKSY,18,0.2641240625,0.3598054814,,8,0760e5019147cee8c8169b8602139b6934e2718931d8c001fb0b9498653727b6,,be8475664f89454d340a270cadedda7f7e34a4820e88f2e616c42d55c20820a8,0.4889927,cpu,Bregma -0.14,5926,155
MERFISH_Bregma_m0.14,BANKSY,19,0.259802928,0.3345782122,,8,0760e5019147cee8c8169b8602139b6934e2718931d8c001fb0b9498653727b6,,be8475664f89454d340a270cadedda7f7e34a4820e88f2e616c42d55c20820a8,0.3824443,cpu,Bregma -0.14,5926,155
MERFISH_Bregma_m0.14,BANKSY,20,0.2598326195,0.3345120201,,8,0760e5019147cee8c8169b8602139b6934e2718931d8c001fb0b9498653727b6,,be8475664f89454d340a270cadedda7f7e34a4820e88f2e616c42d55c20820a8,0.4298074,cpu,Bregma -0.14,5926,155
MERFISH_Bregma_m0.14,SEDR,1,0.27904320025399998,0.38136682373899999,5926,8,,,,,,Bregma -0.14,5926,155
MERFISH_Bregma_m0.14,SEDR,2,0.29171966938499999,0.377605986043,5926,8,,,,,,Bregma -0.14,5926,155
MERFISH_Bregma_m0.14,SEDR,3,0.25758825123099999,0.36116604870800001,5926,8,,,,,,Bregma -0.14,5926,155
MERFISH_Bregma_m0.14,SEDR,4,0.220554450831,0.34009954993399999,5926,8,,,,,,Bregma -0.14,5926,155
MERFISH_Bregma_m0.14,SEDR,5,0.30596047487,0.37211583856399999,5926,8,,,,,,Bregma -0.14,5926,155
MERFISH_Bregma_m0.14,SEDR,6,0.29477865310099999,0.38491835677500003,5926,8,,,,,,Bregma -0.14,5926,155
MERFISH_Bregma_m0.14,SEDR,7,0.26116178705999998,0.35356750302099998,5926,8,,,,,,Bregma -0.14,5926,155
MERFISH_Bregma_m0.14,SEDR,8,0.23440014938199999,0.33350844540899999,5926,8,,,,,,Bregma -0.14,5926,155
MERFISH_Bregma_m0.14,SEDR,9,0.25137765710499999,0.32388095179300003,5926,8,,,,,,Bregma -0.14,5926,155
MERFISH_Bregma_m0.14,SEDR,10,0.22802284785599999,0.343608248954,5926,8,,,,,,Bregma -0.14,5926,155
MERFISH_Bregma_m0.14,SEDR,11,0.17958546571199999,0.31752533553599999,5926,8,,,,,,Bregma -0.14,5926,155
MERFISH_Bregma_m0.14,SEDR,12,0.26347180212799998,0.37432406003899998,5926,8,,,,,,Bregma -0.14,5926,155
MERFISH_Bregma_m0.14,SEDR,13,0.236995989159,0.35499050930300002,5926,8,,,,,,Bregma -0.14,5926,155
MERFISH_Bregma_m0.14,SEDR,14,0.242949344559,0.35002987131800001,5926,8,,,,,,Bregma -0.14,5926,155
MERFISH_Bregma_m0.14,SEDR,15,0.26794230048200002,0.37165904964800001,5926,8,,,,,,Bregma -0.14,5926,155
MERFISH_Bregma_m0.14,SEDR,16,0.26815572584800001,0.363148018904,5926,8,,,,,,Bregma -0.14,5926,155
MERFISH_Bregma_m0.14,SEDR,17,0.29034235624400001,0.36480656811500001,5926,8,,,,,,Bregma -0.14,5926,155
MERFISH_Bregma_m0.14,SEDR,18,0.24915045614199999,0.35756019147099999,5926,8,,,,,,Bregma -0.14,5926,155
MERFISH_Bregma_m0.14,SEDR,19,0.243986372935,0.363622329272,5926,8,,,,,,Bregma -0.14,5926,155
MERFISH_Bregma_m0.14,SEDR,20,0.23763783058900001,0.34522553861499999,5926,8,,,,,,Bregma -0.14,5926,155
MERFISH_Bregma_m0.19,GraphST,1,0.3490645313,0.517634029,,8,5b6f4a79d9d1cb332925d10c2a5cb0f6850886656f161bc9119630588cab3fcc,,5d4beebba3074c559c575a488d81e4deb085c8c6c8b6e5e76fa573059a129a10,79.134339,cpu,Bregma -0.19,5803,155
MERFISH_Bregma_m0.19,GraphST,2,0.3546248105,0.5427084414,,8,5b6f4a79d9d1cb332925d10c2a5cb0f6850886656f161bc9119630588cab3fcc,,5d4beebba3074c559c575a488d81e4deb085c8c6c8b6e5e76fa573059a129a10,46.4222584,cpu,Bregma -0.19,5803,155
MERFISH_Bregma_m0.19,GraphST,3,0.4334914591,0.5360013154,,8,5b6f4a79d9d1cb332925d10c2a5cb0f6850886656f161bc9119630588cab3fcc,,5d4beebba3074c559c575a488d81e4deb085c8c6c8b6e5e76fa573059a129a10,53.455247,cpu,Bregma -0.19,5803,155
MERFISH_Bregma_m0.19,GraphST,4,0.3168721346,0.5238423733,,8,5b6f4a79d9d1cb332925d10c2a5cb0f6850886656f161bc9119630588cab3fcc,,5d4beebba3074c559c575a488d81e4deb085c8c6c8b6e5e76fa573059a129a10,48.6244998,cpu,Bregma -0.19,5803,155
MERFISH_Bregma_m0.19,GraphST,5,0.4404798816,0.5462700752,,8,5b6f4a79d9d1cb332925d10c2a5cb0f6850886656f161bc9119630588cab3fcc,,5d4beebba3074c559c575a488d81e4deb085c8c6c8b6e5e76fa573059a129a10,48.1255142,cpu,Bregma -0.19,5803,155
MERFISH_Bregma_m0.19,GraphST,6,0.3762128787,0.5523553771,,8,5b6f4a79d9d1cb332925d10c2a5cb0f6850886656f161bc9119630588cab3fcc,,5d4beebba3074c559c575a488d81e4deb085c8c6c8b6e5e76fa573059a129a10,56.6882424,cpu,Bregma -0.19,5803,155
MERFISH_Bregma_m0.19,GraphST,7,0.3562009082,0.5308508212,,8,5b6f4a79d9d1cb332925d10c2a5cb0f6850886656f161bc9119630588cab3fcc,,5d4beebba3074c559c575a488d81e4deb085c8c6c8b6e5e76fa573059a129a10,60.5690751,cpu,Bregma -0.19,5803,155
MERFISH_Bregma_m0.19,GraphST,8,0.4305029164,0.5490770735,,8,5b6f4a79d9d1cb332925d10c2a5cb0f6850886656f161bc9119630588cab3fcc,,5d4beebba3074c559c575a488d81e4deb085c8c6c8b6e5e76fa573059a129a10,49.02885,cpu,Bregma -0.19,5803,155
MERFISH_Bregma_m0.19,GraphST,9,0.3999818054,0.536999962,,8,5b6f4a79d9d1cb332925d10c2a5cb0f6850886656f161bc9119630588cab3fcc,,5d4beebba3074c559c575a488d81e4deb085c8c6c8b6e5e76fa573059a129a10,56.8640795,cpu,Bregma -0.19,5803,155
MERFISH_Bregma_m0.19,GraphST,10,0.3132405768,0.4855602176,,8,5b6f4a79d9d1cb332925d10c2a5cb0f6850886656f161bc9119630588cab3fcc,,5d4beebba3074c559c575a488d81e4deb085c8c6c8b6e5e76fa573059a129a10,61.1091472,cpu,Bregma -0.19,5803,155
MERFISH_Bregma_m0.19,GraphST,11,0.4053242594,0.5338413453,,8,5b6f4a79d9d1cb332925d10c2a5cb0f6850886656f161bc9119630588cab3fcc,,5d4beebba3074c559c575a488d81e4deb085c8c6c8b6e5e76fa573059a129a10,62.9266702,cpu,Bregma -0.19,5803,155
MERFISH_Bregma_m0.19,GraphST,12,0.3877428304,0.5121643178,,8,5b6f4a79d9d1cb332925d10c2a5cb0f6850886656f161bc9119630588cab3fcc,,5d4beebba3074c559c575a488d81e4deb085c8c6c8b6e5e76fa573059a129a10,69.6916903,cpu,Bregma -0.19,5803,155
MERFISH_Bregma_m0.19,GraphST,13,0.4271110185,0.5286646423,,8,5b6f4a79d9d1cb332925d10c2a5cb0f6850886656f161bc9119630588cab3fcc,,5d4beebba3074c559c575a488d81e4deb085c8c6c8b6e5e76fa573059a129a10,69.6409899,cpu,Bregma -0.19,5803,155
MERFISH_Bregma_m0.19,GraphST,14,0.4219674654,0.537676168,,8,5b6f4a79d9d1cb332925d10c2a5cb0f6850886656f161bc9119630588cab3fcc,,5d4beebba3074c559c575a488d81e4deb085c8c6c8b6e5e76fa573059a129a10,70.6650669,cpu,Bregma -0.19,5803,155
MERFISH_Bregma_m0.19,GraphST,15,0.3808232327,0.5519486531,,8,5b6f4a79d9d1cb332925d10c2a5cb0f6850886656f161bc9119630588cab3fcc,,5d4beebba3074c559c575a488d81e4deb085c8c6c8b6e5e76fa573059a129a10,63.3257449,cpu,Bregma -0.19,5803,155
MERFISH_Bregma_m0.19,GraphST,16,0.3698521468,0.5341259844,,8,5b6f4a79d9d1cb332925d10c2a5cb0f6850886656f161bc9119630588cab3fcc,,5d4beebba3074c559c575a488d81e4deb085c8c6c8b6e5e76fa573059a129a10,70.8729352,cpu,Bregma -0.19,5803,155
MERFISH_Bregma_m0.19,GraphST,17,0.2568429803,0.4455716586,,8,5b6f4a79d9d1cb332925d10c2a5cb0f6850886656f161bc9119630588cab3fcc,,5d4beebba3074c559c575a488d81e4deb085c8c6c8b6e5e76fa573059a129a10,67.9780936,cpu,Bregma -0.19,5803,155
MERFISH_Bregma_m0.19,GraphST,18,0.418423598,0.5411645146,,8,5b6f4a79d9d1cb332925d10c2a5cb0f6850886656f161bc9119630588cab3fcc,,5d4beebba3074c559c575a488d81e4deb085c8c6c8b6e5e76fa573059a129a10,67.8462136,cpu,Bregma -0.19,5803,155
MERFISH_Bregma_m0.19,GraphST,19,0.4160996252,0.5247506765,,8,5b6f4a79d9d1cb332925d10c2a5cb0f6850886656f161bc9119630588cab3fcc,,5d4beebba3074c559c575a488d81e4deb085c8c6c8b6e5e76fa573059a129a10,68.3879538,cpu,Bregma -0.19,5803,155
MERFISH_Bregma_m0.19,GraphST,20,0.3783162248,0.5405376404,,8,5b6f4a79d9d1cb332925d10c2a5cb0f6850886656f161bc9119630588cab3fcc,,5d4beebba3074c559c575a488d81e4deb085c8c6c8b6e5e76fa573059a129a10,64.164749,cpu,Bregma -0.19,5803,155
MERFISH_Bregma_m0.19,STAGATE,1,0.5474634353,0.6395046199,,8,5b6f4a79d9d1cb332925d10c2a5cb0f6850886656f161bc9119630588cab3fcc,,4479e83530666e249e16e5c805722062ef7e8fc673fe407220f0d2425cf82cb7,970.4181403,cpu,Bregma -0.19,5803,155
MERFISH_Bregma_m0.19,STAGATE,2,0.5968534175,0.6628280919,,8,5b6f4a79d9d1cb332925d10c2a5cb0f6850886656f161bc9119630588cab3fcc,,4479e83530666e249e16e5c805722062ef7e8fc673fe407220f0d2425cf82cb7,923.2830466,cpu,Bregma -0.19,5803,155
MERFISH_Bregma_m0.19,STAGATE,3,0.4426440761,0.6104170207,,8,5b6f4a79d9d1cb332925d10c2a5cb0f6850886656f161bc9119630588cab3fcc,,4479e83530666e249e16e5c805722062ef7e8fc673fe407220f0d2425cf82cb7,912.1873617,cpu,Bregma -0.19,5803,155
MERFISH_Bregma_m0.19,STAGATE,4,0.4519076835,0.6078758791,,8,5b6f4a79d9d1cb332925d10c2a5cb0f6850886656f161bc9119630588cab3fcc,,4479e83530666e249e16e5c805722062ef7e8fc673fe407220f0d2425cf82cb7,882.2151535,cpu,Bregma -0.19,5803,155
MERFISH_Bregma_m0.19,STAGATE,5,0.5424596907,0.6097330936,,8,5b6f4a79d9d1cb332925d10c2a5cb0f6850886656f161bc9119630588cab3fcc,,4479e83530666e249e16e5c805722062ef7e8fc673fe407220f0d2425cf82cb7,944.1931903,cpu,Bregma -0.19,5803,155
MERFISH_Bregma_m0.19,STAGATE,6,0.5585750969,0.6387127955,,8,5b6f4a79d9d1cb332925d10c2a5cb0f6850886656f161bc9119630588cab3fcc,,4479e83530666e249e16e5c805722062ef7e8fc673fe407220f0d2425cf82cb7,923.0133242,cpu,Bregma -0.19,5803,155
MERFISH_Bregma_m0.19,STAGATE,7,0.5464993799,0.6378256082,,8,5b6f4a79d9d1cb332925d10c2a5cb0f6850886656f161bc9119630588cab3fcc,,4479e83530666e249e16e5c805722062ef7e8fc673fe407220f0d2425cf82cb7,909.771559,cpu,Bregma -0.19,5803,155
MERFISH_Bregma_m0.19,STAGATE,8,0.4690252783,0.6026018738,,8,5b6f4a79d9d1cb332925d10c2a5cb0f6850886656f161bc9119630588cab3fcc,,4479e83530666e249e16e5c805722062ef7e8fc673fe407220f0d2425cf82cb7,900.6703326,cpu,Bregma -0.19,5803,155
MERFISH_Bregma_m0.19,STAGATE,9,0.5300194915,0.6416613199,,8,5b6f4a79d9d1cb332925d10c2a5cb0f6850886656f161bc9119630588cab3fcc,,4479e83530666e249e16e5c805722062ef7e8fc673fe407220f0d2425cf82cb7,923.8739352,cpu,Bregma -0.19,5803,155
MERFISH_Bregma_m0.19,STAGATE,10,0.4747214627,0.6193042782,,8,5b6f4a79d9d1cb332925d10c2a5cb0f6850886656f161bc9119630588cab3fcc,,4479e83530666e249e16e5c805722062ef7e8fc673fe407220f0d2425cf82cb7,890.8264625,cpu,Bregma -0.19,5803,155
MERFISH_Bregma_m0.19,STAGATE,11,0.5885486668,0.6532011095,,8,5b6f4a79d9d1cb332925d10c2a5cb0f6850886656f161bc9119630588cab3fcc,,4479e83530666e249e16e5c805722062ef7e8fc673fe407220f0d2425cf82cb7,897.4907263,cpu,Bregma -0.19,5803,155
MERFISH_Bregma_m0.19,STAGATE,12,0.5502497466,0.6396760765,,8,5b6f4a79d9d1cb332925d10c2a5cb0f6850886656f161bc9119630588cab3fcc,,4479e83530666e249e16e5c805722062ef7e8fc673fe407220f0d2425cf82cb7,661.0842508,cpu,Bregma -0.19,5803,155
MERFISH_Bregma_m0.19,STAGATE,13,0.4868344236,0.6326047127,,8,5b6f4a79d9d1cb332925d10c2a5cb0f6850886656f161bc9119630588cab3fcc,,4479e83530666e249e16e5c805722062ef7e8fc673fe407220f0d2425cf82cb7,794.6222965,cpu,Bregma -0.19,5803,155
MERFISH_Bregma_m0.19,STAGATE,14,0.6254658838,0.6646936313,,8,5b6f4a79d9d1cb332925d10c2a5cb0f6850886656f161bc9119630588cab3fcc,,4479e83530666e249e16e5c805722062ef7e8fc673fe407220f0d2425cf82cb7,878.3259529,cpu,Bregma -0.19,5803,155
MERFISH_Bregma_m0.19,STAGATE,15,0.5821177526,0.6308157705,,8,5b6f4a79d9d1cb332925d10c2a5cb0f6850886656f161bc9119630588cab3fcc,,4479e83530666e249e16e5c805722062ef7e8fc673fe407220f0d2425cf82cb7,875.9738653,cpu,Bregma -0.19,5803,155
MERFISH_Bregma_m0.19,STAGATE,16,0.5572348312,0.6246833367,,8,5b6f4a79d9d1cb332925d10c2a5cb0f6850886656f161bc9119630588cab3fcc,,4479e83530666e249e16e5c805722062ef7e8fc673fe407220f0d2425cf82cb7,910.9024209,cpu,Bregma -0.19,5803,155
MERFISH_Bregma_m0.19,STAGATE,17,0.5618422303,0.6309485816,,8,5b6f4a79d9d1cb332925d10c2a5cb0f6850886656f161bc9119630588cab3fcc,,4479e83530666e249e16e5c805722062ef7e8fc673fe407220f0d2425cf82cb7,895.6224976,cpu,Bregma -0.19,5803,155
MERFISH_Bregma_m0.19,STAGATE,18,0.581336734,0.6501657176,,8,5b6f4a79d9d1cb332925d10c2a5cb0f6850886656f161bc9119630588cab3fcc,,4479e83530666e249e16e5c805722062ef7e8fc673fe407220f0d2425cf82cb7,804.8565702,cpu,Bregma -0.19,5803,155
MERFISH_Bregma_m0.19,STAGATE,19,0.565234049,0.6364472826,,8,5b6f4a79d9d1cb332925d10c2a5cb0f6850886656f161bc9119630588cab3fcc,,4479e83530666e249e16e5c805722062ef7e8fc673fe407220f0d2425cf82cb7,890.6784993,cpu,Bregma -0.19,5803,155
MERFISH_Bregma_m0.19,STAGATE,20,0.5002987738,0.610256496,,8,5b6f4a79d9d1cb332925d10c2a5cb0f6850886656f161bc9119630588cab3fcc,,4479e83530666e249e16e5c805722062ef7e8fc673fe407220f0d2425cf82cb7,852.6022576,cpu,Bregma -0.19,5803,155
MERFISH_Bregma_m0.19,SpaGCN,1,0.2975772851,0.3628008267,,8,5b6f4a79d9d1cb332925d10c2a5cb0f6850886656f161bc9119630588cab3fcc,,5b5624b962616184110700dd14c591b0337f83efa7a5fdf235110afc30c324e4,31.3505648,cpu,Bregma -0.19,5803,155
MERFISH_Bregma_m0.19,SpaGCN,2,0.2294925835,0.303933407,,8,5b6f4a79d9d1cb332925d10c2a5cb0f6850886656f161bc9119630588cab3fcc,,5b5624b962616184110700dd14c591b0337f83efa7a5fdf235110afc30c324e4,28.4995112,cpu,Bregma -0.19,5803,155
MERFISH_Bregma_m0.19,SpaGCN,3,0.1696109361,0.2737863061,,8,5b6f4a79d9d1cb332925d10c2a5cb0f6850886656f161bc9119630588cab3fcc,,5b5624b962616184110700dd14c591b0337f83efa7a5fdf235110afc30c324e4,29.1491252,cpu,Bregma -0.19,5803,155
MERFISH_Bregma_m0.19,SpaGCN,4,0.1205738637,0.236169726,,8,5b6f4a79d9d1cb332925d10c2a5cb0f6850886656f161bc9119630588cab3fcc,,5b5624b962616184110700dd14c591b0337f83efa7a5fdf235110afc30c324e4,25.5789328,cpu,Bregma -0.19,5803,155
MERFISH_Bregma_m0.19,SpaGCN,5,0.2960247458,0.350655536,,8,5b6f4a79d9d1cb332925d10c2a5cb0f6850886656f161bc9119630588cab3fcc,,5b5624b962616184110700dd14c591b0337f83efa7a5fdf235110afc30c324e4,23.1658518,cpu,Bregma -0.19,5803,155
MERFISH_Bregma_m0.19,SpaGCN,6,0.2004679975,0.3423282878,,8,5b6f4a79d9d1cb332925d10c2a5cb0f6850886656f161bc9119630588cab3fcc,,5b5624b962616184110700dd14c591b0337f83efa7a5fdf235110afc30c324e4,26.3494105,cpu,Bregma -0.19,5803,155
MERFISH_Bregma_m0.19,SpaGCN,7,0.3427964965,0.398354876,,8,5b6f4a79d9d1cb332925d10c2a5cb0f6850886656f161bc9119630588cab3fcc,,5b5624b962616184110700dd14c591b0337f83efa7a5fdf235110afc30c324e4,13.4333838,cpu,Bregma -0.19,5803,155
MERFISH_Bregma_m0.19,SpaGCN,8,0.1603451647,0.2757066638,,8,5b6f4a79d9d1cb332925d10c2a5cb0f6850886656f161bc9119630588cab3fcc,,5b5624b962616184110700dd14c591b0337f83efa7a5fdf235110afc30c324e4,29.6073592,cpu,Bregma -0.19,5803,155
MERFISH_Bregma_m0.19,SpaGCN,9,0.3370566207,0.4030565247,,8,5b6f4a79d9d1cb332925d10c2a5cb0f6850886656f161bc9119630588cab3fcc,,5b5624b962616184110700dd14c591b0337f83efa7a5fdf235110afc30c324e4,25.4509947,cpu,Bregma -0.19,5803,155
MERFISH_Bregma_m0.19,SpaGCN,10,0.2220311393,0.3045096028,,8,5b6f4a79d9d1cb332925d10c2a5cb0f6850886656f161bc9119630588cab3fcc,,5b5624b962616184110700dd14c591b0337f83efa7a5fdf235110afc30c324e4,28.5529091,cpu,Bregma -0.19,5803,155
MERFISH_Bregma_m0.19,SpaGCN,11,0.2359898607,0.307081173,,8,5b6f4a79d9d1cb332925d10c2a5cb0f6850886656f161bc9119630588cab3fcc,,5b5624b962616184110700dd14c591b0337f83efa7a5fdf235110afc30c324e4,28.7293615,cpu,Bregma -0.19,5803,155
MERFISH_Bregma_m0.19,SpaGCN,12,0.3274401133,0.3709059225,,8,5b6f4a79d9d1cb332925d10c2a5cb0f6850886656f161bc9119630588cab3fcc,,5b5624b962616184110700dd14c591b0337f83efa7a5fdf235110afc30c324e4,11.3209363,cpu,Bregma -0.19,5803,155
MERFISH_Bregma_m0.19,SpaGCN,13,0.1975853143,0.3259031009,,8,5b6f4a79d9d1cb332925d10c2a5cb0f6850886656f161bc9119630588cab3fcc,,5b5624b962616184110700dd14c591b0337f83efa7a5fdf235110afc30c324e4,27.851288,cpu,Bregma -0.19,5803,155
MERFISH_Bregma_m0.19,SpaGCN,14,0.1489306585,0.2559205182,,8,5b6f4a79d9d1cb332925d10c2a5cb0f6850886656f161bc9119630588cab3fcc,,5b5624b962616184110700dd14c591b0337f83efa7a5fdf235110afc30c324e4,28.1844893,cpu,Bregma -0.19,5803,155
MERFISH_Bregma_m0.19,SpaGCN,15,0.2572594657,0.3265612287,,8,5b6f4a79d9d1cb332925d10c2a5cb0f6850886656f161bc9119630588cab3fcc,,5b5624b962616184110700dd14c591b0337f83efa7a5fdf235110afc30c324e4,28.4476257,cpu,Bregma -0.19,5803,155
MERFISH_Bregma_m0.19,SpaGCN,16,0.1951405587,0.3062211986,,8,5b6f4a79d9d1cb332925d10c2a5cb0f6850886656f161bc9119630588cab3fcc,,5b5624b962616184110700dd14c591b0337f83efa7a5fdf235110afc30c324e4,20.8993923,cpu,Bregma -0.19,5803,155
MERFISH_Bregma_m0.19,SpaGCN,17,0.238135939,0.343564802,,8,5b6f4a79d9d1cb332925d10c2a5cb0f6850886656f161bc9119630588cab3fcc,,5b5624b962616184110700dd14c591b0337f83efa7a5fdf235110afc30c324e4,26.1944447,cpu,Bregma -0.19,5803,155
MERFISH_Bregma_m0.19,SpaGCN,18,0.3004750029,0.3737595053,,8,5b6f4a79d9d1cb332925d10c2a5cb0f6850886656f161bc9119630588cab3fcc,,5b5624b962616184110700dd14c591b0337f83efa7a5fdf235110afc30c324e4,20.1063264,cpu,Bregma -0.19,5803,155
MERFISH_Bregma_m0.19,SpaGCN,19,0.2683816194,0.3236865273,,7,5b6f4a79d9d1cb332925d10c2a5cb0f6850886656f161bc9119630588cab3fcc,,5b5624b962616184110700dd14c591b0337f83efa7a5fdf235110afc30c324e4,22.5968803,cpu,Bregma -0.19,5803,155
MERFISH_Bregma_m0.19,SpaGCN,20,0.2910229319,0.3567872524,,8,5b6f4a79d9d1cb332925d10c2a5cb0f6850886656f161bc9119630588cab3fcc,,5b5624b962616184110700dd14c591b0337f83efa7a5fdf235110afc30c324e4,25.1294764,cpu,Bregma -0.19,5803,155
MERFISH_Bregma_m0.19,BANKSY,1,0.2801616779,0.3915257563,,8,5b6f4a79d9d1cb332925d10c2a5cb0f6850886656f161bc9119630588cab3fcc,,965d131003c118659cc0845531d5061b9ee0ae80514a84403544f05195ee1f77,0.9804641,cpu,Bregma -0.19,5803,155
MERFISH_Bregma_m0.19,BANKSY,2,0.279731363,0.3911619943,,8,5b6f4a79d9d1cb332925d10c2a5cb0f6850886656f161bc9119630588cab3fcc,,965d131003c118659cc0845531d5061b9ee0ae80514a84403544f05195ee1f77,0.4105517,cpu,Bregma -0.19,5803,155
MERFISH_Bregma_m0.19,BANKSY,3,0.2308723482,0.3019848054,,8,5b6f4a79d9d1cb332925d10c2a5cb0f6850886656f161bc9119630588cab3fcc,,965d131003c118659cc0845531d5061b9ee0ae80514a84403544f05195ee1f77,0.4626941,cpu,Bregma -0.19,5803,155
MERFISH_Bregma_m0.19,BANKSY,4,0.279731363,0.3911619943,,8,5b6f4a79d9d1cb332925d10c2a5cb0f6850886656f161bc9119630588cab3fcc,,965d131003c118659cc0845531d5061b9ee0ae80514a84403544f05195ee1f77,0.4301195,cpu,Bregma -0.19,5803,155
MERFISH_Bregma_m0.19,BANKSY,5,0.2804186992,0.3915183081,,8,5b6f4a79d9d1cb332925d10c2a5cb0f6850886656f161bc9119630588cab3fcc,,965d131003c118659cc0845531d5061b9ee0ae80514a84403544f05195ee1f77,0.4483723,cpu,Bregma -0.19,5803,155
MERFISH_Bregma_m0.19,BANKSY,6,0.2802938057,0.3914843321,,8,5b6f4a79d9d1cb332925d10c2a5cb0f6850886656f161bc9119630588cab3fcc,,965d131003c118659cc0845531d5061b9ee0ae80514a84403544f05195ee1f77,0.3636928,cpu,Bregma -0.19,5803,155
MERFISH_Bregma_m0.19,BANKSY,7,0.280836665,0.3917539776,,8,5b6f4a79d9d1cb332925d10c2a5cb0f6850886656f161bc9119630588cab3fcc,,965d131003c118659cc0845531d5061b9ee0ae80514a84403544f05195ee1f77,0.3923865,cpu,Bregma -0.19,5803,155
MERFISH_Bregma_m0.19,BANKSY,8,0.28087815,0.3919626247,,8,5b6f4a79d9d1cb332925d10c2a5cb0f6850886656f161bc9119630588cab3fcc,,965d131003c118659cc0845531d5061b9ee0ae80514a84403544f05195ee1f77,0.4018647,cpu,Bregma -0.19,5803,155
MERFISH_Bregma_m0.19,BANKSY,9,0.2802938057,0.3914843321,,8,5b6f4a79d9d1cb332925d10c2a5cb0f6850886656f161bc9119630588cab3fcc,,965d131003c118659cc0845531d5061b9ee0ae80514a84403544f05195ee1f77,0.6572838,cpu,Bregma -0.19,5803,155
MERFISH_Bregma_m0.19,BANKSY,10,0.2802938057,0.3914843321,,8,5b6f4a79d9d1cb332925d10c2a5cb0f6850886656f161bc9119630588cab3fcc,,965d131003c118659cc0845531d5061b9ee0ae80514a84403544f05195ee1f77,0.4204518,cpu,Bregma -0.19,5803,155
MERFISH_Bregma_m0.19,BANKSY,11,0.2797926501,0.3914231398,,8,5b6f4a79d9d1cb332925d10c2a5cb0f6850886656f161bc9119630588cab3fcc,,965d131003c118659cc0845531d5061b9ee0ae80514a84403544f05195ee1f77,0.3973949,cpu,Bregma -0.19,5803,155
MERFISH_Bregma_m0.19,BANKSY,12,0.2805135938,0.3915230552,,8,5b6f4a79d9d1cb332925d10c2a5cb0f6850886656f161bc9119630588cab3fcc,,965d131003c118659cc0845531d5061b9ee0ae80514a84403544f05195ee1f77,0.5330849,cpu,Bregma -0.19,5803,155
MERFISH_Bregma_m0.19,BANKSY,13,0.1684607158,0.3057215991,,8,5b6f4a79d9d1cb332925d10c2a5cb0f6850886656f161bc9119630588cab3fcc,,965d131003c118659cc0845531d5061b9ee0ae80514a84403544f05195ee1f77,0.5328936,cpu,Bregma -0.19,5803,155
MERFISH_Bregma_m0.19,BANKSY,14,0.2808693124,0.391771166,,8,5b6f4a79d9d1cb332925d10c2a5cb0f6850886656f161bc9119630588cab3fcc,,965d131003c118659cc0845531d5061b9ee0ae80514a84403544f05195ee1f77,0.447885,cpu,Bregma -0.19,5803,155
MERFISH_Bregma_m0.19,BANKSY,15,0.1686785212,0.3058909846,,8,5b6f4a79d9d1cb332925d10c2a5cb0f6850886656f161bc9119630588cab3fcc,,965d131003c118659cc0845531d5061b9ee0ae80514a84403544f05195ee1f77,0.4727935,cpu,Bregma -0.19,5803,155
MERFISH_Bregma_m0.19,BANKSY,16,0.2807529498,0.3919284246,,8,5b6f4a79d9d1cb332925d10c2a5cb0f6850886656f161bc9119630588cab3fcc,,965d131003c118659cc0845531d5061b9ee0ae80514a84403544f05195ee1f77,0.5373318,cpu,Bregma -0.19,5803,155
MERFISH_Bregma_m0.19,BANKSY,17,0.280836665,0.3917539776,,8,5b6f4a79d9d1cb332925d10c2a5cb0f6850886656f161bc9119630588cab3fcc,,965d131003c118659cc0845531d5061b9ee0ae80514a84403544f05195ee1f77,0.473865,cpu,Bregma -0.19,5803,155
MERFISH_Bregma_m0.19,BANKSY,18,0.1693397266,0.3054234532,,8,5b6f4a79d9d1cb332925d10c2a5cb0f6850886656f161bc9119630588cab3fcc,,965d131003c118659cc0845531d5061b9ee0ae80514a84403544f05195ee1f77,0.4668092,cpu,Bregma -0.19,5803,155
MERFISH_Bregma_m0.19,BANKSY,19,0.279731363,0.3911619943,,8,5b6f4a79d9d1cb332925d10c2a5cb0f6850886656f161bc9119630588cab3fcc,,965d131003c118659cc0845531d5061b9ee0ae80514a84403544f05195ee1f77,0.4156247,cpu,Bregma -0.19,5803,155
MERFISH_Bregma_m0.19,BANKSY,20,0.2803293961,0.39144576,,8,5b6f4a79d9d1cb332925d10c2a5cb0f6850886656f161bc9119630588cab3fcc,,965d131003c118659cc0845531d5061b9ee0ae80514a84403544f05195ee1f77,0.3406733,cpu,Bregma -0.19,5803,155
MERFISH_Bregma_m0.19,SEDR,1,0.270768539187,0.41299452486900001,5803,8,,,,,,Bregma -0.19,5803,155
MERFISH_Bregma_m0.19,SEDR,2,0.29523925453200001,0.41183105015100002,5803,8,,,,,,Bregma -0.19,5803,155
MERFISH_Bregma_m0.19,SEDR,3,0.26253487391199998,0.41412411270499999,5803,8,,,,,,Bregma -0.19,5803,155
MERFISH_Bregma_m0.19,SEDR,4,0.283145084183,0.38095486950899998,5803,8,,,,,,Bregma -0.19,5803,155
MERFISH_Bregma_m0.19,SEDR,5,0.28920977390699998,0.40724603089200001,5803,8,,,,,,Bregma -0.19,5803,155
MERFISH_Bregma_m0.19,SEDR,6,0.28566220851899998,0.395240879336,5803,8,,,,,,Bregma -0.19,5803,155
MERFISH_Bregma_m0.19,SEDR,7,0.29206245166799999,0.42842814742800001,5803,8,,,,,,Bregma -0.19,5803,155
MERFISH_Bregma_m0.19,SEDR,8,0.26661775053300002,0.373917845749,5803,8,,,,,,Bregma -0.19,5803,155
MERFISH_Bregma_m0.19,SEDR,9,0.28398359165999998,0.375143842151,5803,8,,,,,,Bregma -0.19,5803,155
MERFISH_Bregma_m0.19,SEDR,10,0.28569482385700001,0.42072548182899999,5803,8,,,,,,Bregma -0.19,5803,155
MERFISH_Bregma_m0.19,SEDR,11,0.29042920227000002,0.422780852579,5803,8,,,,,,Bregma -0.19,5803,155
MERFISH_Bregma_m0.19,SEDR,12,0.275552557644,0.38650313875199999,5803,8,,,,,,Bregma -0.19,5803,155
MERFISH_Bregma_m0.19,SEDR,13,0.29498351878700002,0.39622310427000001,5803,8,,,,,,Bregma -0.19,5803,155
MERFISH_Bregma_m0.19,SEDR,14,0.18182619383900001,0.30777995350499998,5803,8,,,,,,Bregma -0.19,5803,155
MERFISH_Bregma_m0.19,SEDR,15,0.24360943306899999,0.38763970293099997,5803,8,,,,,,Bregma -0.19,5803,155
MERFISH_Bregma_m0.19,SEDR,16,0.28946331700099998,0.41613147544500001,5803,8,,,,,,Bregma -0.19,5803,155
MERFISH_Bregma_m0.19,SEDR,17,0.28179778649600001,0.38081582836599998,5803,8,,,,,,Bregma -0.19,5803,155
MERFISH_Bregma_m0.19,SEDR,18,0.27844247425399998,0.409124245148,5803,8,,,,,,Bregma -0.19,5803,155
MERFISH_Bregma_m0.19,SEDR,19,0.28115591277500002,0.38999205709700002,5803,8,,,,,,Bregma -0.19,5803,155
MERFISH_Bregma_m0.19,SEDR,20,0.27502753187399998,0.38389069818400001,5803,8,,,,,,Bregma -0.19,5803,155
MERFISH_Bregma_m0.24,GraphST,1,0.4451275131,0.5247650121,,8,eb9e4698fc62a24569065ba657547d2b168442becc208b05ef4c1f720bfe4c74,,b66587848a8bff60be63d10ca263fd3185196587082285b790b17727be5af38f,44.9002759,cpu,Bregma -0.24,5543,155
MERFISH_Bregma_m0.24,GraphST,2,0.4485837775,0.5397036202,,8,eb9e4698fc62a24569065ba657547d2b168442becc208b05ef4c1f720bfe4c74,,b66587848a8bff60be63d10ca263fd3185196587082285b790b17727be5af38f,45.1437022,cpu,Bregma -0.24,5543,155
MERFISH_Bregma_m0.24,GraphST,3,0.4154710726,0.5505475979,,8,eb9e4698fc62a24569065ba657547d2b168442becc208b05ef4c1f720bfe4c74,,b66587848a8bff60be63d10ca263fd3185196587082285b790b17727be5af38f,53.0092877,cpu,Bregma -0.24,5543,155
MERFISH_Bregma_m0.24,GraphST,4,0.4316410098,0.5474183854,,8,eb9e4698fc62a24569065ba657547d2b168442becc208b05ef4c1f720bfe4c74,,b66587848a8bff60be63d10ca263fd3185196587082285b790b17727be5af38f,47.2394194,cpu,Bregma -0.24,5543,155
MERFISH_Bregma_m0.24,GraphST,5,0.3869877659,0.5273199636,,8,eb9e4698fc62a24569065ba657547d2b168442becc208b05ef4c1f720bfe4c74,,b66587848a8bff60be63d10ca263fd3185196587082285b790b17727be5af38f,45.5751424,cpu,Bregma -0.24,5543,155
MERFISH_Bregma_m0.24,GraphST,6,0.3769078783,0.5310227202,,8,eb9e4698fc62a24569065ba657547d2b168442becc208b05ef4c1f720bfe4c74,,b66587848a8bff60be63d10ca263fd3185196587082285b790b17727be5af38f,60.1271525,cpu,Bregma -0.24,5543,155
MERFISH_Bregma_m0.24,GraphST,7,0.4120103388,0.5419726816,,8,eb9e4698fc62a24569065ba657547d2b168442becc208b05ef4c1f720bfe4c74,,b66587848a8bff60be63d10ca263fd3185196587082285b790b17727be5af38f,51.8580437,cpu,Bregma -0.24,5543,155
MERFISH_Bregma_m0.24,GraphST,8,0.3746810681,0.5259906962,,8,eb9e4698fc62a24569065ba657547d2b168442becc208b05ef4c1f720bfe4c74,,b66587848a8bff60be63d10ca263fd3185196587082285b790b17727be5af38f,48.2756587,cpu,Bregma -0.24,5543,155
MERFISH_Bregma_m0.24,GraphST,9,0.4125030138,0.5375913166,,8,eb9e4698fc62a24569065ba657547d2b168442becc208b05ef4c1f720bfe4c74,,b66587848a8bff60be63d10ca263fd3185196587082285b790b17727be5af38f,57.9176088,cpu,Bregma -0.24,5543,155
MERFISH_Bregma_m0.24,GraphST,10,0.4162883433,0.5319608058,,8,eb9e4698fc62a24569065ba657547d2b168442becc208b05ef4c1f720bfe4c74,,b66587848a8bff60be63d10ca263fd3185196587082285b790b17727be5af38f,54.657957,cpu,Bregma -0.24,5543,155
MERFISH_Bregma_m0.24,GraphST,11,0.3941383701,0.5323259946,,8,eb9e4698fc62a24569065ba657547d2b168442becc208b05ef4c1f720bfe4c74,,b66587848a8bff60be63d10ca263fd3185196587082285b790b17727be5af38f,62.266158,cpu,Bregma -0.24,5543,155
MERFISH_Bregma_m0.24,GraphST,12,0.4453160224,0.5276310236,,8,eb9e4698fc62a24569065ba657547d2b168442becc208b05ef4c1f720bfe4c74,,b66587848a8bff60be63d10ca263fd3185196587082285b790b17727be5af38f,64.8357264,cpu,Bregma -0.24,5543,155
MERFISH_Bregma_m0.24,GraphST,13,0.4070121292,0.5339178653,,8,eb9e4698fc62a24569065ba657547d2b168442becc208b05ef4c1f720bfe4c74,,b66587848a8bff60be63d10ca263fd3185196587082285b790b17727be5af38f,68.6324622,cpu,Bregma -0.24,5543,155
MERFISH_Bregma_m0.24,GraphST,14,0.438816055,0.5133375313,,8,eb9e4698fc62a24569065ba657547d2b168442becc208b05ef4c1f720bfe4c74,,b66587848a8bff60be63d10ca263fd3185196587082285b790b17727be5af38f,67.4069312,cpu,Bregma -0.24,5543,155
MERFISH_Bregma_m0.24,GraphST,15,0.3853360914,0.5278356317,,8,eb9e4698fc62a24569065ba657547d2b168442becc208b05ef4c1f720bfe4c74,,b66587848a8bff60be63d10ca263fd3185196587082285b790b17727be5af38f,68.1461986,cpu,Bregma -0.24,5543,155
MERFISH_Bregma_m0.24,GraphST,16,0.352910426,0.5266604604,,8,eb9e4698fc62a24569065ba657547d2b168442becc208b05ef4c1f720bfe4c74,,b66587848a8bff60be63d10ca263fd3185196587082285b790b17727be5af38f,66.0456908,cpu,Bregma -0.24,5543,155
MERFISH_Bregma_m0.24,GraphST,17,0.2913487123,0.4868839739,,8,eb9e4698fc62a24569065ba657547d2b168442becc208b05ef4c1f720bfe4c74,,b66587848a8bff60be63d10ca263fd3185196587082285b790b17727be5af38f,74.890842,cpu,Bregma -0.24,5543,155
MERFISH_Bregma_m0.24,GraphST,18,0.4128104845,0.5267848134,,8,eb9e4698fc62a24569065ba657547d2b168442becc208b05ef4c1f720bfe4c74,,b66587848a8bff60be63d10ca263fd3185196587082285b790b17727be5af38f,67.2197085,cpu,Bregma -0.24,5543,155
MERFISH_Bregma_m0.24,GraphST,19,0.4385174147,0.5302114677,,8,eb9e4698fc62a24569065ba657547d2b168442becc208b05ef4c1f720bfe4c74,,b66587848a8bff60be63d10ca263fd3185196587082285b790b17727be5af38f,63.3830404,cpu,Bregma -0.24,5543,155
MERFISH_Bregma_m0.24,GraphST,20,0.4188926175,0.5319151244,,8,eb9e4698fc62a24569065ba657547d2b168442becc208b05ef4c1f720bfe4c74,,b66587848a8bff60be63d10ca263fd3185196587082285b790b17727be5af38f,64.9699176,cpu,Bregma -0.24,5543,155
MERFISH_Bregma_m0.24,STAGATE,1,0.5190631509,0.6310606502,,8,eb9e4698fc62a24569065ba657547d2b168442becc208b05ef4c1f720bfe4c74,,8466c721bc10439efaf7d7198d36576dcd627f328eaf2e98d440f624cf12ab78,793.8789395,cpu,Bregma -0.24,5543,155
MERFISH_Bregma_m0.24,STAGATE,2,0.6401269895,0.6792940206,,8,eb9e4698fc62a24569065ba657547d2b168442becc208b05ef4c1f720bfe4c74,,8466c721bc10439efaf7d7198d36576dcd627f328eaf2e98d440f624cf12ab78,846.7667264,cpu,Bregma -0.24,5543,155
MERFISH_Bregma_m0.24,STAGATE,3,0.5490628805,0.6547513855,,8,eb9e4698fc62a24569065ba657547d2b168442becc208b05ef4c1f720bfe4c74,,8466c721bc10439efaf7d7198d36576dcd627f328eaf2e98d440f624cf12ab78,826.650158,cpu,Bregma -0.24,5543,155
MERFISH_Bregma_m0.24,STAGATE,4,0.4507645791,0.6316659963,,8,eb9e4698fc62a24569065ba657547d2b168442becc208b05ef4c1f720bfe4c74,,8466c721bc10439efaf7d7198d36576dcd627f328eaf2e98d440f624cf12ab78,797.61488,cpu,Bregma -0.24,5543,155
MERFISH_Bregma_m0.24,STAGATE,5,0.5789404663,0.6684450571,,8,eb9e4698fc62a24569065ba657547d2b168442becc208b05ef4c1f720bfe4c74,,8466c721bc10439efaf7d7198d36576dcd627f328eaf2e98d440f624cf12ab78,853.7753458,cpu,Bregma -0.24,5543,155
MERFISH_Bregma_m0.24,STAGATE,6,0.5693506538,0.6431429571,,8,eb9e4698fc62a24569065ba657547d2b168442becc208b05ef4c1f720bfe4c74,,8466c721bc10439efaf7d7198d36576dcd627f328eaf2e98d440f624cf12ab78,814.7676359,cpu,Bregma -0.24,5543,155
MERFISH_Bregma_m0.24,STAGATE,7,0.4723789558,0.6216668164,,8,eb9e4698fc62a24569065ba657547d2b168442becc208b05ef4c1f720bfe4c74,,8466c721bc10439efaf7d7198d36576dcd627f328eaf2e98d440f624cf12ab78,805.8386262,cpu,Bregma -0.24,5543,155
MERFISH_Bregma_m0.24,STAGATE,8,0.4397737932,0.6158468216,,8,eb9e4698fc62a24569065ba657547d2b168442becc208b05ef4c1f720bfe4c74,,8466c721bc10439efaf7d7198d36576dcd627f328eaf2e98d440f624cf12ab78,819.9220674,cpu,Bregma -0.24,5543,155
MERFISH_Bregma_m0.24,STAGATE,9,0.4795890119,0.6482939031,,8,eb9e4698fc62a24569065ba657547d2b168442becc208b05ef4c1f720bfe4c74,,8466c721bc10439efaf7d7198d36576dcd627f328eaf2e98d440f624cf12ab78,796.2769441,cpu,Bregma -0.24,5543,155
MERFISH_Bregma_m0.24,STAGATE,10,0.4910054852,0.6252747304,,8,eb9e4698fc62a24569065ba657547d2b168442becc208b05ef4c1f720bfe4c74,,8466c721bc10439efaf7d7198d36576dcd627f328eaf2e98d440f624cf12ab78,781.1846369,cpu,Bregma -0.24,5543,155
MERFISH_Bregma_m0.24,STAGATE,11,0.5151991394,0.6594279277,,8,eb9e4698fc62a24569065ba657547d2b168442becc208b05ef4c1f720bfe4c74,,8466c721bc10439efaf7d7198d36576dcd627f328eaf2e98d440f624cf12ab78,805.8372276,cpu,Bregma -0.24,5543,155
MERFISH_Bregma_m0.24,STAGATE,12,0.5564186641,0.6423764298,,8,eb9e4698fc62a24569065ba657547d2b168442becc208b05ef4c1f720bfe4c74,,8466c721bc10439efaf7d7198d36576dcd627f328eaf2e98d440f624cf12ab78,767.6130346,cpu,Bregma -0.24,5543,155
MERFISH_Bregma_m0.24,STAGATE,13,0.5305181295,0.6358666956,,8,eb9e4698fc62a24569065ba657547d2b168442becc208b05ef4c1f720bfe4c74,,8466c721bc10439efaf7d7198d36576dcd627f328eaf2e98d440f624cf12ab78,725.8712936,cpu,Bregma -0.24,5543,155
MERFISH_Bregma_m0.24,STAGATE,14,0.564270525,0.6544910374,,8,eb9e4698fc62a24569065ba657547d2b168442becc208b05ef4c1f720bfe4c74,,8466c721bc10439efaf7d7198d36576dcd627f328eaf2e98d440f624cf12ab78,816.6353126,cpu,Bregma -0.24,5543,155
MERFISH_Bregma_m0.24,STAGATE,15,0.5382446332,0.6529509571,,8,eb9e4698fc62a24569065ba657547d2b168442becc208b05ef4c1f720bfe4c74,,8466c721bc10439efaf7d7198d36576dcd627f328eaf2e98d440f624cf12ab78,814.7930279,cpu,Bregma -0.24,5543,155
MERFISH_Bregma_m0.24,STAGATE,16,0.4706391478,0.6273542875,,8,eb9e4698fc62a24569065ba657547d2b168442becc208b05ef4c1f720bfe4c74,,8466c721bc10439efaf7d7198d36576dcd627f328eaf2e98d440f624cf12ab78,808.1490932,cpu,Bregma -0.24,5543,155
MERFISH_Bregma_m0.24,STAGATE,17,0.5606369563,0.6501187301,,8,eb9e4698fc62a24569065ba657547d2b168442becc208b05ef4c1f720bfe4c74,,8466c721bc10439efaf7d7198d36576dcd627f328eaf2e98d440f624cf12ab78,812.1127046,cpu,Bregma -0.24,5543,155
MERFISH_Bregma_m0.24,STAGATE,18,0.5489690644,0.6411303056,,8,eb9e4698fc62a24569065ba657547d2b168442becc208b05ef4c1f720bfe4c74,,8466c721bc10439efaf7d7198d36576dcd627f328eaf2e98d440f624cf12ab78,732.0072844,cpu,Bregma -0.24,5543,155
MERFISH_Bregma_m0.24,STAGATE,19,0.5825220339,0.6620144898,,8,eb9e4698fc62a24569065ba657547d2b168442becc208b05ef4c1f720bfe4c74,,8466c721bc10439efaf7d7198d36576dcd627f328eaf2e98d440f624cf12ab78,783.2426598,cpu,Bregma -0.24,5543,155
MERFISH_Bregma_m0.24,STAGATE,20,0.598914334,0.6580196035,,8,eb9e4698fc62a24569065ba657547d2b168442becc208b05ef4c1f720bfe4c74,,8466c721bc10439efaf7d7198d36576dcd627f328eaf2e98d440f624cf12ab78,651.6881673,cpu,Bregma -0.24,5543,155
MERFISH_Bregma_m0.24,SpaGCN,1,0.2833852727,0.3286822977,,8,eb9e4698fc62a24569065ba657547d2b168442becc208b05ef4c1f720bfe4c74,,10f0be017c1a4253b8636f43a28eea439344a028a0e5a407680b8a409f07a274,14.7915093,cpu,Bregma -0.24,5543,155
MERFISH_Bregma_m0.24,SpaGCN,2,0.2998804604,0.3734693721,,8,eb9e4698fc62a24569065ba657547d2b168442becc208b05ef4c1f720bfe4c74,,10f0be017c1a4253b8636f43a28eea439344a028a0e5a407680b8a409f07a274,13.5721503,cpu,Bregma -0.24,5543,155
MERFISH_Bregma_m0.24,SpaGCN,3,0.2038826678,0.3173937218,,8,eb9e4698fc62a24569065ba657547d2b168442becc208b05ef4c1f720bfe4c74,,10f0be017c1a4253b8636f43a28eea439344a028a0e5a407680b8a409f07a274,11.6816453,cpu,Bregma -0.24,5543,155
MERFISH_Bregma_m0.24,SpaGCN,4,0.1859498764,0.2949100357,,8,eb9e4698fc62a24569065ba657547d2b168442becc208b05ef4c1f720bfe4c74,,10f0be017c1a4253b8636f43a28eea439344a028a0e5a407680b8a409f07a274,13.9078645,cpu,Bregma -0.24,5543,155
MERFISH_Bregma_m0.24,SpaGCN,5,0.2205631162,0.310898472,,8,eb9e4698fc62a24569065ba657547d2b168442becc208b05ef4c1f720bfe4c74,,10f0be017c1a4253b8636f43a28eea439344a028a0e5a407680b8a409f07a274,11.3948695,cpu,Bregma -0.24,5543,155
MERFISH_Bregma_m0.24,SpaGCN,6,0.2659855385,0.3370586553,,8,eb9e4698fc62a24569065ba657547d2b168442becc208b05ef4c1f720bfe4c74,,10f0be017c1a4253b8636f43a28eea439344a028a0e5a407680b8a409f07a274,30.0512753,cpu,Bregma -0.24,5543,155
MERFISH_Bregma_m0.24,SpaGCN,7,0.2780414189,0.3566712805,,8,eb9e4698fc62a24569065ba657547d2b168442becc208b05ef4c1f720bfe4c74,,10f0be017c1a4253b8636f43a28eea439344a028a0e5a407680b8a409f07a274,19.7399855,cpu,Bregma -0.24,5543,155
MERFISH_Bregma_m0.24,SpaGCN,8,0.2209321547,0.323836139,,8,eb9e4698fc62a24569065ba657547d2b168442becc208b05ef4c1f720bfe4c74,,10f0be017c1a4253b8636f43a28eea439344a028a0e5a407680b8a409f07a274,27.123276,cpu,Bregma -0.24,5543,155
MERFISH_Bregma_m0.24,SpaGCN,9,0.1359789045,0.2567627666,,8,eb9e4698fc62a24569065ba657547d2b168442becc208b05ef4c1f720bfe4c74,,10f0be017c1a4253b8636f43a28eea439344a028a0e5a407680b8a409f07a274,28.4299841,cpu,Bregma -0.24,5543,155
MERFISH_Bregma_m0.24,SpaGCN,10,0.1738427865,0.2761244096,,8,eb9e4698fc62a24569065ba657547d2b168442becc208b05ef4c1f720bfe4c74,,10f0be017c1a4253b8636f43a28eea439344a028a0e5a407680b8a409f07a274,28.2989876,cpu,Bregma -0.24,5543,155
MERFISH_Bregma_m0.24,SpaGCN,11,0.2580901149,0.3186690404,,8,eb9e4698fc62a24569065ba657547d2b168442becc208b05ef4c1f720bfe4c74,,10f0be017c1a4253b8636f43a28eea439344a028a0e5a407680b8a409f07a274,26.5529856,cpu,Bregma -0.24,5543,155
MERFISH_Bregma_m0.24,SpaGCN,12,0.2635914375,0.3193456978,,8,eb9e4698fc62a24569065ba657547d2b168442becc208b05ef4c1f720bfe4c74,,10f0be017c1a4253b8636f43a28eea439344a028a0e5a407680b8a409f07a274,10.6041181,cpu,Bregma -0.24,5543,155
MERFISH_Bregma_m0.24,SpaGCN,13,0.2341130448,0.3460310515,,8,eb9e4698fc62a24569065ba657547d2b168442becc208b05ef4c1f720bfe4c74,,10f0be017c1a4253b8636f43a28eea439344a028a0e5a407680b8a409f07a274,14.138617,cpu,Bregma -0.24,5543,155
MERFISH_Bregma_m0.24,SpaGCN,14,0.2398712465,0.3264523119,,8,eb9e4698fc62a24569065ba657547d2b168442becc208b05ef4c1f720bfe4c74,,10f0be017c1a4253b8636f43a28eea439344a028a0e5a407680b8a409f07a274,12.6389956,cpu,Bregma -0.24,5543,155
MERFISH_Bregma_m0.24,SpaGCN,15,0.1705961637,0.3055201308,,8,eb9e4698fc62a24569065ba657547d2b168442becc208b05ef4c1f720bfe4c74,,10f0be017c1a4253b8636f43a28eea439344a028a0e5a407680b8a409f07a274,24.5422204,cpu,Bregma -0.24,5543,155
MERFISH_Bregma_m0.24,SpaGCN,16,0.1750102254,0.2893640393,,8,eb9e4698fc62a24569065ba657547d2b168442becc208b05ef4c1f720bfe4c74,,10f0be017c1a4253b8636f43a28eea439344a028a0e5a407680b8a409f07a274,12.558332,cpu,Bregma -0.24,5543,155
MERFISH_Bregma_m0.24,SpaGCN,17,0.2461986131,0.3078859724,,8,eb9e4698fc62a24569065ba657547d2b168442becc208b05ef4c1f720bfe4c74,,10f0be017c1a4253b8636f43a28eea439344a028a0e5a407680b8a409f07a274,26.305098,cpu,Bregma -0.24,5543,155
MERFISH_Bregma_m0.24,SpaGCN,18,0.3046186943,0.3776237688,,8,eb9e4698fc62a24569065ba657547d2b168442becc208b05ef4c1f720bfe4c74,,10f0be017c1a4253b8636f43a28eea439344a028a0e5a407680b8a409f07a274,10.9317935,cpu,Bregma -0.24,5543,155
MERFISH_Bregma_m0.24,SpaGCN,19,0.2293023732,0.3180156043,,8,eb9e4698fc62a24569065ba657547d2b168442becc208b05ef4c1f720bfe4c74,,10f0be017c1a4253b8636f43a28eea439344a028a0e5a407680b8a409f07a274,26.938814,cpu,Bregma -0.24,5543,155
MERFISH_Bregma_m0.24,SpaGCN,20,0.2640585372,0.3263895443,,8,eb9e4698fc62a24569065ba657547d2b168442becc208b05ef4c1f720bfe4c74,,10f0be017c1a4253b8636f43a28eea439344a028a0e5a407680b8a409f07a274,11.3574219,cpu,Bregma -0.24,5543,155
MERFISH_Bregma_m0.24,BANKSY,1,0.2111867157,0.3063157369,,8,eb9e4698fc62a24569065ba657547d2b168442becc208b05ef4c1f720bfe4c74,,c608cdb33369e59f2b19fdf3e74a97702e4d852fb2cfa50dcd7eaed8bc99d491,1.1971321,cpu,Bregma -0.24,5543,155
MERFISH_Bregma_m0.24,BANKSY,2,0.2414227021,0.3630265091,,8,eb9e4698fc62a24569065ba657547d2b168442becc208b05ef4c1f720bfe4c74,,c608cdb33369e59f2b19fdf3e74a97702e4d852fb2cfa50dcd7eaed8bc99d491,0.6936116,cpu,Bregma -0.24,5543,155
MERFISH_Bregma_m0.24,BANKSY,3,0.2643334528,0.3448842074,,8,eb9e4698fc62a24569065ba657547d2b168442becc208b05ef4c1f720bfe4c74,,c608cdb33369e59f2b19fdf3e74a97702e4d852fb2cfa50dcd7eaed8bc99d491,0.4793203,cpu,Bregma -0.24,5543,155
MERFISH_Bregma_m0.24,BANKSY,4,0.262739599,0.3457958388,,8,eb9e4698fc62a24569065ba657547d2b168442becc208b05ef4c1f720bfe4c74,,c608cdb33369e59f2b19fdf3e74a97702e4d852fb2cfa50dcd7eaed8bc99d491,0.8310112,cpu,Bregma -0.24,5543,155
MERFISH_Bregma_m0.24,BANKSY,5,0.2415565415,0.3625425821,,8,eb9e4698fc62a24569065ba657547d2b168442becc208b05ef4c1f720bfe4c74,,c608cdb33369e59f2b19fdf3e74a97702e4d852fb2cfa50dcd7eaed8bc99d491,0.634815,cpu,Bregma -0.24,5543,155
MERFISH_Bregma_m0.24,BANKSY,6,0.2643135415,0.3447623598,,8,eb9e4698fc62a24569065ba657547d2b168442becc208b05ef4c1f720bfe4c74,,c608cdb33369e59f2b19fdf3e74a97702e4d852fb2cfa50dcd7eaed8bc99d491,0.4354618,cpu,Bregma -0.24,5543,155
MERFISH_Bregma_m0.24,BANKSY,7,0.2645156947,0.3450836425,,8,eb9e4698fc62a24569065ba657547d2b168442becc208b05ef4c1f720bfe4c74,,c608cdb33369e59f2b19fdf3e74a97702e4d852fb2cfa50dcd7eaed8bc99d491,0.3772702,cpu,Bregma -0.24,5543,155
MERFISH_Bregma_m0.24,BANKSY,8,0.2603577028,0.3664101333,,8,eb9e4698fc62a24569065ba657547d2b168442becc208b05ef4c1f720bfe4c74,,c608cdb33369e59f2b19fdf3e74a97702e4d852fb2cfa50dcd7eaed8bc99d491,0.4984826,cpu,Bregma -0.24,5543,155
MERFISH_Bregma_m0.24,BANKSY,9,0.2636400641,0.3441107102,,8,eb9e4698fc62a24569065ba657547d2b168442becc208b05ef4c1f720bfe4c74,,c608cdb33369e59f2b19fdf3e74a97702e4d852fb2cfa50dcd7eaed8bc99d491,0.6715773,cpu,Bregma -0.24,5543,155
MERFISH_Bregma_m0.24,BANKSY,10,0.262739599,0.3457958388,,8,eb9e4698fc62a24569065ba657547d2b168442becc208b05ef4c1f720bfe4c74,,c608cdb33369e59f2b19fdf3e74a97702e4d852fb2cfa50dcd7eaed8bc99d491,0.740675,cpu,Bregma -0.24,5543,155
MERFISH_Bregma_m0.24,BANKSY,11,0.2637132069,0.3436896793,,8,eb9e4698fc62a24569065ba657547d2b168442becc208b05ef4c1f720bfe4c74,,c608cdb33369e59f2b19fdf3e74a97702e4d852fb2cfa50dcd7eaed8bc99d491,0.6789781,cpu,Bregma -0.24,5543,155
MERFISH_Bregma_m0.24,BANKSY,12,0.2111867157,0.3063157369,,8,eb9e4698fc62a24569065ba657547d2b168442becc208b05ef4c1f720bfe4c74,,c608cdb33369e59f2b19fdf3e74a97702e4d852fb2cfa50dcd7eaed8bc99d491,0.6578179,cpu,Bregma -0.24,5543,155
MERFISH_Bregma_m0.24,BANKSY,13,0.2111867157,0.3063157369,,8,eb9e4698fc62a24569065ba657547d2b168442becc208b05ef4c1f720bfe4c74,,c608cdb33369e59f2b19fdf3e74a97702e4d852fb2cfa50dcd7eaed8bc99d491,0.5568259,cpu,Bregma -0.24,5543,155
MERFISH_Bregma_m0.24,BANKSY,14,0.2655985325,0.3661714267,,8,eb9e4698fc62a24569065ba657547d2b168442becc208b05ef4c1f720bfe4c74,,c608cdb33369e59f2b19fdf3e74a97702e4d852fb2cfa50dcd7eaed8bc99d491,0.67954,cpu,Bregma -0.24,5543,155
MERFISH_Bregma_m0.24,BANKSY,15,0.2398352781,0.3258871673,,8,eb9e4698fc62a24569065ba657547d2b168442becc208b05ef4c1f720bfe4c74,,c608cdb33369e59f2b19fdf3e74a97702e4d852fb2cfa50dcd7eaed8bc99d491,0.8162278,cpu,Bregma -0.24,5543,155
MERFISH_Bregma_m0.24,BANKSY,16,0.2555428732,0.3341307922,,8,eb9e4698fc62a24569065ba657547d2b168442becc208b05ef4c1f720bfe4c74,,c608cdb33369e59f2b19fdf3e74a97702e4d852fb2cfa50dcd7eaed8bc99d491,0.5887621,cpu,Bregma -0.24,5543,155
MERFISH_Bregma_m0.24,BANKSY,17,0.2502786904,0.3654750648,,8,eb9e4698fc62a24569065ba657547d2b168442becc208b05ef4c1f720bfe4c74,,c608cdb33369e59f2b19fdf3e74a97702e4d852fb2cfa50dcd7eaed8bc99d491,0.7265235,cpu,Bregma -0.24,5543,155
MERFISH_Bregma_m0.24,BANKSY,18,0.2643135415,0.3447623598,,8,eb9e4698fc62a24569065ba657547d2b168442becc208b05ef4c1f720bfe4c74,,c608cdb33369e59f2b19fdf3e74a97702e4d852fb2cfa50dcd7eaed8bc99d491,0.6211443,cpu,Bregma -0.24,5543,155
MERFISH_Bregma_m0.24,BANKSY,19,0.2488516475,0.3273257877,,8,eb9e4698fc62a24569065ba657547d2b168442becc208b05ef4c1f720bfe4c74,,c608cdb33369e59f2b19fdf3e74a97702e4d852fb2cfa50dcd7eaed8bc99d491,0.5528548,cpu,Bregma -0.24,5543,155
MERFISH_Bregma_m0.24,BANKSY,20,0.2595383389,0.3661772804,,8,eb9e4698fc62a24569065ba657547d2b168442becc208b05ef4c1f720bfe4c74,,c608cdb33369e59f2b19fdf3e74a97702e4d852fb2cfa50dcd7eaed8bc99d491,0.4647369,cpu,Bregma -0.24,5543,155
MERFISH_Bregma_m0.24,SEDR,1,0.176344837373,0.330590549279,5543,8,,,,,,Bregma -0.24,5543,155
MERFISH_Bregma_m0.24,SEDR,2,0.195185745227,0.33643577945199998,5543,8,,,,,,Bregma -0.24,5543,155
MERFISH_Bregma_m0.24,SEDR,3,0.17965347073900001,0.316297253808,5543,8,,,,,,Bregma -0.24,5543,155
MERFISH_Bregma_m0.24,SEDR,4,0.236904653065,0.39641522791200001,5543,8,,,,,,Bregma -0.24,5543,155
MERFISH_Bregma_m0.24,SEDR,5,0.20658937927099999,0.395350456849,5543,8,,,,,,Bregma -0.24,5543,155
MERFISH_Bregma_m0.24,SEDR,6,0.23133945138199999,0.35631584699000002,5543,8,,,,,,Bregma -0.24,5543,155
MERFISH_Bregma_m0.24,SEDR,7,0.181995293778,0.35979990994700001,5543,8,,,,,,Bregma -0.24,5543,155
MERFISH_Bregma_m0.24,SEDR,8,0.31684711464999998,0.42191866795600003,5543,8,,,,,,Bregma -0.24,5543,155
MERFISH_Bregma_m0.24,SEDR,9,0.23389742093499999,0.32290751611899998,5543,8,,,,,,Bregma -0.24,5543,155
MERFISH_Bregma_m0.24,SEDR,10,0.19948763732300001,0.32890675331000002,5543,8,,,,,,Bregma -0.24,5543,155
MERFISH_Bregma_m0.24,SEDR,11,0.20354374771600001,0.349912186796,5543,8,,,,,,Bregma -0.24,5543,155
MERFISH_Bregma_m0.24,SEDR,12,0.19032233903699999,0.359298646,5543,8,,,,,,Bregma -0.24,5543,155
MERFISH_Bregma_m0.24,SEDR,13,0.26417908257900002,0.41324723699100002,5543,8,,,,,,Bregma -0.24,5543,155
MERFISH_Bregma_m0.24,SEDR,14,0.19306859023600001,0.36200596790900003,5543,8,,,,,,Bregma -0.24,5543,155
MERFISH_Bregma_m0.24,SEDR,15,0.140505096282,0.29232299646999998,5543,8,,,,,,Bregma -0.24,5543,155
MERFISH_Bregma_m0.24,SEDR,16,0.23588056972099999,0.38368597602100002,5543,8,,,,,,Bregma -0.24,5543,155
MERFISH_Bregma_m0.24,SEDR,17,0.176884219018,0.36117632089500001,5543,8,,,,,,Bregma -0.24,5543,155
MERFISH_Bregma_m0.24,SEDR,18,0.223585595942,0.319123396625,5543,8,,,,,,Bregma -0.24,5543,155
MERFISH_Bregma_m0.24,SEDR,19,0.1666135037,0.34444246791799998,5543,8,,,,,,Bregma -0.24,5543,155
MERFISH_Bregma_m0.24,SEDR,20,0.21448344111600001,0.41757005399899999,5543,8,,,,,,Bregma -0.24,5543,155
